Time,Temperature(C),Humidity(%),Light(lux),Occupancy,Power(W),ENERGY
2026-05-22 00:00:00,30.2,64.1,4.0,3,68.8,5.7
2026-05-22 00:05:00,30.4,59.9,4.0,2,95.5,8.0
2026-05-22 00:10:00,32.2,60.1,5.0,3,43.1,3.6
2026-05-22 00:15:00,31.8,58.5,6.0,3,68.6,5.7
2026-05-22 00:20:00,32.4,58.8,6.0,3,123.9,10.3
2026-05-22 00:25:00,31.0,61.1,4.0,3,207.6,17.3
2026-05-22 00:30:00,31.8,59.6,5.0,3,137.3,11.4
2026-05-22 00:35:00,32.4,57.9,4.0,3,79.8,6.6
2026-05-22 00:40:00,31.2,58.9,4.0,3,10.0,0.8
2026-05-22 00:45:00,32.1,57.4,4.0,3,35.8,3.0
2026-05-22 00:50:00,30.8,61.7,4.0,3,123.9,10.3
2026-05-22 00:55:00,31.1,61.6,4.0,3,154.0,12.8
2026-05-22 01:00:00,30.6,62.4,4.0,3,188.1,15.7
2026-05-22 01:05:00,29.8,60.9,5.0,3,188.0,15.7
2026-05-22 01:10:00,31.4,62.1,5.0,2,208.8,17.3
2026-05-22 01:15:00,30.5,62.7,4.0,3,16.0,1.3
2026-05-22 01:20:00,30.9,61.0,4.0,3,43.7,3.6
2026-05-22 01:25:00,31.3,60.2,5.0,2,104.6,8.7
2026-05-22 01:30:00,31.3,59.4,4.0,3,180.0,15.0
2026-05-22 01:35:00,31.5,60.6,4.0,2,130.6,10.9
2026-05-22 01:40:00,30.8,63.9,4.0,3,196.5,16.4
2026-05-22 01:45:00,30.5,63.5,5.0,3,104.1,8.7
2026-05-22 01:50:00,30.8,60.7,4.0,3,245.8,20.5
2026-05-22 01:55:00,29.4,63.9,4.0,3,205.8,17.2
2026-05-22 02:00:00,28.8,61.5,4.0,3,164.4,13.7
2026-05-22 02:05:00,29.0,65.6,5.0,3,135.5,11.4
2026-05-22 02:10:00,29.3,61.4,4.0,3,10.0,0.8
2026-05-22 02:15:00,30.9,62.7,4.0,3,22.9,1.8
2026-05-22 02:20:00,29.4,70.4,5.0,3,96.7,8.1
2026-05-22 02:25:00,30.0,61.0,5.0,3,247.2,20.6
2026-05-22 02:30:00,31.9,66.5,5.0,3,221.7,18.5
2026-05-22 02:35:00,30.0,63.5,4.0,3,43.1,3.6
2026-05-22 02:40:00,31.3,58.6,5.0,3,190.6,15.9
2026-05-22 02:45:00,29.4,61.4,4.0,3,26.4,2.2
2026-05-22 02:50:00,30.2,67.7,5.0,3,10.0,0.8
2026-05-22 02:55:00,29.4,64.5,4.0,2,208.2,17.3
2026-05-22 03:00:00,29.6,61.5,5.0,3,274.8,22.9
2026-05-22 03:05:00,30.8,60.4,5.0,3,10.0,0.8
2026-05-22 03:10:00,28.2,66.1,4.0,3,10.0,0.8
2026-05-22 03:15:00,30.4,61.5,4.0,3,126.6,10.5
2026-05-22 03:20:00,30.2,62.7,4.0,3,77.0,6.5
2026-05-22 03:25:00,29.3,67.6,4.0,3,135.7,11.3
2026-05-22 03:30:00,28.4,62.0,5.0,3,268.3,22.4
2026-05-22 03:35:00,30.0,63.7,4.0,3,190.3,15.8
2026-05-22 03:40:00,29.4,63.0,4.0,3,153.5,12.9
2026-05-22 03:45:00,30.2,60.6,5.0,2,140.5,11.7
2026-05-22 03:50:00,30.0,64.7,5.0,3,28.1,2.4
2026-05-22 03:55:00,31.6,56.1,4.0,3,60.9,5.1
2026-05-22 04:00:00,29.5,57.1,4.0,3,155.9,13.0
2026-05-22 04:05:00,28.7,65.2,4.0,2,98.9,8.2
2026-05-22 04:10:00,30.0,62.0,4.0,3,66.9,5.6
2026-05-22 04:15:00,30.0,58.8,5.0,3,175.4,14.6
2026-05-22 04:20:00,31.2,55.8,4.0,3,124.6,10.4
2026-05-22 04:25:00,30.6,66.3,5.0,3,87.7,7.3
2026-05-22 04:30:00,30.1,63.4,5.0,3,203.8,17.0
2026-05-22 04:35:00,31.3,60.2,5.0,3,83.5,7.0
2026-05-22 04:40:00,28.5,70.7,5.0,3,10.0,0.8
2026-05-22 04:45:00,29.1,66.6,4.0,3,214.2,17.8
2026-05-22 04:50:00,28.8,69.0,4.0,3,105.6,8.8
2026-05-22 04:55:00,29.4,60.3,4.0,3,85.2,7.1
2026-05-22 05:00:00,28.4,62.6,6.0,3,94.0,7.8
2026-05-22 05:05:00,30.2,63.6,5.0,3,54.8,4.6
2026-05-22 05:10:00,29.4,64.4,5.0,3,335.2,27.9
2026-05-22 05:15:00,28.3,67.9,5.0,3,10.0,0.8
2026-05-22 05:20:00,28.7,61.2,5.0,3,136.7,11.4
2026-05-22 05:25:00,29.9,64.2,4.0,3,123.2,10.3
2026-05-22 05:30:00,30.4,64.0,6.0,3,175.7,14.6
2026-05-22 05:35:00,31.5,62.2,4.0,2,66.6,5.5
2026-05-22 05:40:00,32.3,58.1,4.0,3,73.7,6.1
2026-05-22 05:45:00,30.0,63.7,7.0,3,214.1,17.8
2026-05-22 05:50:00,28.7,63.0,5.0,3,75.7,6.3
2026-05-22 05:55:00,27.7,65.6,5.0,3,61.6,5.1
2026-05-22 06:00:00,29.6,61.2,4.0,3,112.5,9.4
2026-05-22 06:05:00,28.6,63.3,6.0,3,135.6,11.3
2026-05-22 06:10:00,29.0,63.7,6.0,2,88.3,7.4
2026-05-22 06:15:00,28.8,63.5,5.0,3,201.3,16.8
2026-05-22 06:20:00,29.3,62.2,6.0,3,10.0,0.8
2026-05-22 06:25:00,30.3,59.6,6.0,0,3.5,0.3
2026-05-22 06:30:00,29.5,67.4,6.0,1,120.4,10.0
2026-05-22 06:35:00,29.2,62.9,4.0,3,186.0,15.5
2026-05-22 06:40:00,28.4,65.8,4.0,2,127.0,10.6
2026-05-22 06:45:00,27.9,62.4,7.0,3,191.9,16.0
2026-05-22 06:50:00,28.9,67.1,5.0,3,169.7,14.1
2026-05-22 06:55:00,29.3,64.1,5.0,3,99.4,8.3
2026-05-22 07:00:00,30.9,60.1,4.0,0,3.5,0.3
2026-05-22 07:05:00,29.1,62.9,5.0,0,3.5,0.3
2026-05-22 07:10:00,30.1,64.5,7.0,1,10.0,0.8
2026-05-22 07:15:00,28.4,57.9,7.0,0,3.5,0.3
2026-05-22 07:20:00,27.7,64.1,6.0,3,62.4,5.2
2026-05-22 07:25:00,27.9,65.5,6.0,1,150.3,12.6
2026-05-22 07:30:00,28.2,65.0,6.0,0,4.5,0.4
2026-05-22 07:35:00,31.3,66.6,5.0,0,3.5,0.3
2026-05-22 07:40:00,28.1,64.7,4.0,1,46.9,3.9
2026-05-22 07:45:00,29.9,65.1,4.0,0,5.7,0.5
2026-05-22 07:50:00,28.0,70.0,7.0,0,5.3,0.4
2026-05-22 07:55:00,30.0,64.2,5.0,0,3.7,0.3
2026-05-22 08:00:00,29.3,61.9,7.0,1,10.0,0.8
2026-05-22 08:05:00,28.7,61.4,7.0,1,156.7,13.1
2026-05-22 08:10:00,28.8,66.1,7.0,0,6.5,0.5
2026-05-22 08:15:00,28.1,69.3,7.0,1,45.9,3.8
2026-05-22 08:20:00,29.4,64.7,8.0,0,5.8,0.5
2026-05-22 08:25:00,28.4,67.9,5.0,3,149.0,12.4
2026-05-22 08:30:00,27.5,71.0,9.0,0,8.2,0.7
2026-05-22 08:35:00,27.4,68.4,5.0,0,9.2,0.8
2026-05-22 08:40:00,29.1,61.2,7.0,3,125.6,10.5
2026-05-22 08:45:00,30.6,61.7,4.0,0,5.8,0.5
2026-05-22 08:50:00,29.0,67.3,6.0,3,10.0,0.8
2026-05-22 08:55:00,28.7,63.9,5.0,1,19.1,1.6
2026-05-22 09:00:00,29.8,66.5,6.0,0,6.4,0.5
2026-05-22 09:05:00,30.9,61.1,8.0,0,6.7,0.6
2026-05-22 09:10:00,29.7,63.8,6.0,0,9.4,0.8
2026-05-22 09:15:00,29.0,63.3,10.0,1,39.4,3.3
2026-05-22 09:20:00,30.7,61.9,8.0,0,3.5,0.3
2026-05-22 09:25:00,29.9,63.2,6.0,3,185.3,15.4
2026-05-22 09:30:00,31.1,57.1,6.0,1,49.6,4.1
2026-05-22 09:35:00,29.6,62.1,7.0,0,4.4,0.4
2026-05-22 09:40:00,28.1,62.5,8.0,0,3.5,0.3
2026-05-22 09:45:00,27.9,64.8,4.0,3,45.6,3.9
2026-05-22 09:50:00,31.3,58.7,7.0,3,48.7,4.1
2026-05-22 09:55:00,31.4,62.9,4.0,3,199.5,16.6
2026-05-22 10:00:00,30.2,64.7,7.0,3,120.3,10.0
2026-05-22 10:05:00,30.0,63.9,8.0,0,4.2,0.4
2026-05-22 10:10:00,32.1,57.0,7.0,0,4.7,0.4
2026-05-22 10:15:00,29.2,63.6,4.0,0,3.7,0.3
2026-05-22 10:20:00,29.4,60.5,4.0,3,91.1,7.5
2026-05-22 10:25:00,31.2,60.7,7.0,3,72.9,6.2
2026-05-22 10:30:00,30.0,64.1,4.0,0,6.3,0.5
2026-05-22 10:35:00,30.4,64.3,7.0,0,6.5,0.5
2026-05-22 10:40:00,30.2,63.5,7.0,1,94.5,7.8
2026-05-22 10:45:00,30.8,64.4,8.0,0,5.5,0.5
2026-05-22 10:50:00,32.0,60.5,6.0,0,6.1,0.5
2026-05-22 10:55:00,30.5,61.5,7.0,3,84.3,7.0
2026-05-22 11:00:00,32.6,60.8,6.0,0,9.0,0.9
2026-05-22 11:05:00,29.6,65.5,4.0,0,6.2,0.4
2026-05-22 11:10:00,31.8,58.7,7.0,1,75.3,6.3
2026-05-22 11:15:00,31.0,62.1,8.0,0,3.5,0.3
2026-05-22 11:20:00,30.5,61.2,7.0,0,3.9,0.3
2026-05-22 11:25:00,30.9,56.5,5.0,1,34.2,2.8
2026-05-22 11:30:00,31.5,61.5,7.0,3,102.9,8.6
2026-05-22 11:35:00,32.9,55.2,8.0,3,250.5,20.9
2026-05-22 11:40:00,30.4,62.9,8.0,1,10.0,0.8
2026-05-22 11:45:00,31.9,56.1,8.0,0,3.8,0.3
2026-05-22 11:50:00,31.3,59.0,4.0,3,10.0,0.8
2026-05-22 11:55:00,31.5,59.4,7.0,1,27.6,2.2
2026-05-22 12:00:00,34.0,59.5,7.0,0,8.3,0.7
2026-05-22 12:05:00,33.5,56.0,8.0,1,77.1,6.4
2026-05-22 12:10:00,34.4,53.2,7.0,0,4.5,0.4
2026-05-22 12:15:00,32.7,59.5,9.0,3,326.6,27.2
2026-05-22 12:20:00,32.1,59.0,4.0,0,3.5,0.3
2026-05-22 12:25:00,32.7,60.5,7.0,0,3.5,0.3
2026-05-22 12:30:00,33.2,55.3,7.0,3,311.4,25.9
2026-05-22 12:35:00,33.1,58.5,8.0,0,4.3,0.4
2026-05-22 12:40:00,31.7,66.3,9.0,0,4.3,0.4
2026-05-22 12:45:00,33.0,57.5,5.0,0,4.0,0.3
2026-05-22 12:50:00,33.2,58.3,9.0,0,7.2,0.6
2026-05-22 12:55:00,35.7,49.7,8.0,0,4.9,0.4
2026-05-22 13:00:00,35.7,51.3,6.0,0,5.3,0.4
2026-05-22 13:05:00,32.6,59.6,5.0,1,30.1,2.5
2026-05-22 13:10:00,33.2,56.6,6.0,1,72.1,6.0
2026-05-22 13:15:00,31.9,61.1,6.0,3,73.4,6.1
2026-05-22 13:20:00,32.9,59.1,6.0,0,7.0,0.6
2026-05-22 13:25:00,33.9,53.0,6.0,0,7.1,0.6
2026-05-22 13:30:00,34.9,57.4,7.0,0,4.3,0.4
2026-05-22 13:35:00,32.7,55.1,6.0,0,7.9,0.7
2026-05-22 13:40:00,32.8,56.1,7.0,0,5.5,0.5
2026-05-22 13:45:00,31.1,61.4,8.0,1,65.4,5.4
2026-05-22 13:50:00,33.4,61.2,5.0,0,4.3,0.4
2026-05-22 13:55:00,32.3,56.3,6.0,0,7.3,0.6
2026-05-22 14:00:00,33.6,56.8,7.0,3,121.7,10.1
2026-05-22 14:05:00,33.1,57.4,7.0,2,40.0,3.3
2026-05-22 14:10:00,34.2,57.3,5.0,1,120.1,10.0
2026-05-22 14:15:00,31.8,61.4,7.0,1,78.8,6.6
2026-05-22 14:20:00,32.2,57.1,6.0,3,121.5,10.1
2026-05-22 14:25:00,37.4,54.4,6.0,1,107.1,8.9
2026-05-22 14:30:00,32.5,60.9,6.0,2,202.9,16.9
2026-05-22 14:35:00,32.7,61.7,7.0,1,54.4,4.5
2026-05-22 14:40:00,36.9,53.7,6.0,2,279.8,23.3
2026-05-22 14:45:00,38.5,51.0,7.0,1,143.9,12.0
2026-05-22 14:50:00,32.6,56.4,6.0,1,43.3,3.6
2026-05-22 14:55:00,33.8,52.7,6.0,2,101.0,8.4
2026-05-22 15:00:00,35.6,53.3,7.0,3,199.3,16.6
2026-05-22 15:05:00,37.5,52.1,6.0,2,5.0,0.4
2026-05-22 15:10:00,33.8,55.7,8.0,2,160.8,13.4
2026-05-22 15:15:00,34.8,56.2,7.0,6,160.7,13.4
2026-05-22 15:20:00,36.2,50.1,6.0,2,108.6,9.0
2026-05-22 15:25:00,35.7,53.4,7.0,2,152.3,12.7
2026-05-22 15:30:00,34.6,59.5,7.0,2,97.7,8.1
2026-05-22 15:35:00,35.0,56.8,8.0,2,174.4,14.5
2026-05-22 15:40:00,33.3,57.9,6.0,2,44.3,3.7
2026-05-22 15:45:00,34.8,55.7,7.0,3,117.4,9.9
2026-05-22 15:50:00,34.8,54.1,7.0,2,132.9,11.1
2026-05-22 15:55:00,35.5,50.2,8.0,2,125.3,10.4
2026-05-22 16:00:00,34.9,55.6,9.0,6,143.1,11.9
2026-05-22 16:05:00,36.4,48.0,10.0,2,131.8,11.0
2026-05-22 16:10:00,37.2,51.3,8.0,2,161.5,13.5
2026-05-22 16:15:00,35.9,53.4,10.0,3,139.0,11.6
2026-05-22 16:20:00,36.2,52.1,10.0,2,172.2,14.3
2026-05-22 16:25:00,35.8,58.5,9.0,3,209.4,17.4
2026-05-22 16:30:00,35.7,57.8,9.0,2,11.9,0.9
2026-05-22 16:35:00,34.6,57.2,7.0,2,162.6,13.6
2026-05-22 16:40:00,36.2,51.0,10.0,2,114.7,9.6
2026-05-22 16:45:00,35.5,58.3,7.0,2,85.2,7.1
2026-05-22 16:50:00,38.8,51.8,9.0,3,10.0,0.8
2026-05-22 16:55:00,38.1,48.9,9.0,2,122.4,10.2
2026-05-22 17:00:00,36.5,52.8,5.0,2,119.0,9.9
2026-05-22 17:05:00,34.4,57.7,8.0,3,91.5,7.6
2026-05-22 17:10:00,33.8,54.0,9.0,2,107.9,8.9
2026-05-22 17:15:00,37.9,51.5,8.0,2,5.0,0.4
2026-05-22 17:20:00,36.2,53.9,8.0,2,111.1,9.3
2026-05-22 17:25:00,36.6,49.5,12.0,2,84.6,7.0
2026-05-22 17:30:00,32.7,56.1,6.0,2,127.1,10.6
2026-05-22 17:35:00,37.4,48.8,5.0,3,125.6,10.5
2026-05-22 17:40:00,36.6,55.0,7.0,3,76.8,6.4
2026-05-22 17:45:00,33.8,53.1,10.0,3,10.0,0.8
2026-05-22 17:50:00,34.9,55.2,11.0,2,96.0,8.0
2026-05-22 17:55:00,36.2,49.1,10.0,2,266.0,22.2
2026-05-22 18:00:00,34.9,51.4,7.0,3,109.2,9.1
2026-05-22 18:05:00,34.3,51.9,6.0,3,57.4,4.8
2026-05-22 18:10:00,34.6,54.0,5.0,3,67.7,5.6
2026-05-22 18:15:00,34.3,55.6,5.0,2,84.6,7.0
2026-05-22 18:20:00,35.0,55.3,4.0,3,104.5,8.7
2026-05-22 18:25:00,37.3,48.0,6.0,3,10.0,0.7
2026-05-22 18:30:00,30.3,59.0,7.0,3,79.8,6.6
2026-05-22 18:35:00,34.4,53.0,6.0,3,45.5,3.8
2026-05-22 18:40:00,35.1,55.7,6.0,3,10.0,0.8
2026-05-22 18:45:00,35.3,53.3,4.0,3,149.5,12.5
2026-05-22 18:50:00,34.1,55.1,10.0,3,10.0,0.8
2026-05-22 18:55:00,31.7,55.9,5.0,3,153.7,12.8
2026-05-22 19:00:00,34.6,59.1,5.0,2,5.0,0.4
2026-05-22 19:05:00,36.5,50.0,6.0,3,182.7,15.2
2026-05-22 19:10:00,32.1,57.2,5.0,3,95.4,8.0
2026-05-22 19:15:00,35.3,54.6,5.0,3,201.7,16.8
2026-05-22 19:20:00,33.7,55.6,6.0,3,309.2,25.8
2026-05-22 19:25:00,34.1,54.0,5.0,3,155.6,13.0
2026-05-22 19:30:00,32.7,53.2,6.0,2,92.4,7.7
2026-05-22 19:35:00,33.7,54.6,5.0,3,78.2,6.5
2026-05-22 19:40:00,35.9,51.4,5.0,3,209.2,17.4
2026-05-22 19:45:00,35.0,58.6,5.0,3,10.0,0.8
2026-05-22 19:50:00,36.5,58.1,5.0,3,311.3,26.0
2026-05-22 19:55:00,35.8,53.6,5.0,3,113.9,9.5
2026-05-22 20:00:00,34.2,53.3,6.0,3,130.1,10.8
2026-05-22 20:05:00,36.0,56.0,5.0,3,10.0,0.8
2026-05-22 20:10:00,34.2,54.2,5.0,3,185.6,15.5
2026-05-22 20:15:00,34.7,54.6,5.0,3,115.9,9.7
2026-05-22 20:20:00,33.1,56.1,7.0,3,93.3,7.8
2026-05-22 20:25:00,33.7,55.8,5.0,3,50.3,4.2
2026-05-22 20:30:00,32.6,57.2,6.0,3,27.1,2.3
2026-05-22 20:35:00,35.0,52.7,5.0,3,40.2,3.4
2026-05-22 20:40:00,31.9,57.2,5.0,3,10.0,0.8
2026-05-22 20:45:00,34.7,57.9,5.0,3,122.8,10.2
2026-05-22 20:50:00,33.3,57.1,5.0,3,244.6,20.4
2026-05-22 20:55:00,35.2,55.5,6.0,3,139.8,11.6
2026-05-22 21:00:00,34.1,52.7,4.0,3,32.8,2.6
2026-05-22 21:05:00,35.7,57.3,5.0,3,133.8,11.2
2026-05-22 21:10:00,34.1,55.6,4.0,3,10.0,0.8
2026-05-22 21:15:00,30.6,62.2,4.0,3,255.0,21.2
2026-05-22 21:20:00,32.9,58.3,4.0,3,55.8,4.7
2026-05-22 21:25:00,31.2,58.5,4.0,3,150.2,12.5
2026-05-22 21:30:00,32.2,55.4,4.0,3,100.1,8.3
2026-05-22 21:35:00,35.2,60.1,4.0,3,156.2,13.0
2026-05-22 21:40:00,33.9,58.6,4.0,3,310.1,25.7
2026-05-22 21:45:00,31.9,60.5,5.0,3,10.0,0.8
2026-05-22 21:50:00,31.5,62.7,4.0,3,127.7,10.6
2026-05-22 21:55:00,33.0,58.3,4.0,3,130.1,10.8
2026-05-22 22:00:00,30.5,63.0,4.0,3,71.7,6.0
2026-05-22 22:05:00,31.3,58.8,4.0,3,39.8,3.3
2026-05-22 22:10:00,32.7,59.9,4.0,3,189.1,15.8
2026-05-22 22:15:00,34.0,56.1,4.0,3,101.9,8.5
2026-05-22 22:20:00,33.2,57.0,4.0,3,105.0,8.8
2026-05-22 22:25:00,28.9,62.1,4.0,2,65.3,5.4
2026-05-22 22:30:00,32.7,56.1,4.0,3,78.5,6.5
2026-05-22 22:35:00,32.4,59.4,5.0,3,91.0,7.6
2026-05-22 22:40:00,32.9,57.7,5.0,3,158.7,13.2
2026-05-22 22:45:00,34.7,52.9,5.0,3,155.0,12.9
2026-05-22 22:50:00,29.3,60.7,4.0,3,36.6,3.0
2026-05-22 22:55:00,31.4,59.0,5.0,3,78.3,6.5
2026-05-22 23:00:00,33.1,60.9,5.0,3,194.6,16.2
2026-05-22 23:05:00,29.1,62.3,4.0,3,253.0,21.1
2026-05-22 23:10:00,34.8,60.8,4.0,3,253.1,21.1
2026-05-22 23:15:00,32.7,60.6,4.0,3,246.3,20.5
2026-05-22 23:20:00,33.6,58.5,4.0,3,122.5,10.2
2026-05-22 23:25:00,31.0,60.7,5.0,3,196.1,16.3
2026-05-22 23:30:00,33.6,58.8,4.0,3,137.3,11.4
2026-05-22 23:35:00,34.0,59.8,4.0,3,40.0,3.3
2026-05-22 23:40:00,32.5,60.0,5.0,3,94.2,7.8
2026-05-22 23:45:00,32.5,59.0,4.0,3,86.9,7.2
2026-05-22 23:50:00,32.5,59.9,4.0,2,116.2,9.7
2026-05-22 23:55:00,30.4,61.8,4.0,3,186.4,15.6
2026-05-23 00:00:00,31.2,59.3,4.0,3,175.1,14.6
2026-05-23 00:05:00,31.2,61.2,4.0,3,95.9,8.0
2026-05-23 00:10:00,31.9,58.0,4.0,3,85.0,7.1
2026-05-23 00:15:00,32.7,61.1,6.0,3,45.1,3.8
2026-05-23 00:20:00,30.1,62.3,4.0,3,76.1,6.3
2026-05-23 00:25:00,31.3,62.9,5.0,3,95.7,8.0
2026-05-23 00:30:00,33.3,57.5,5.0,3,133.9,11.2
2026-05-23 00:35:00,30.5,62.8,5.0,2,65.0,5.5
2026-05-23 00:40:00,30.4,62.7,5.0,3,115.0,9.6
2026-05-23 00:45:00,31.7,60.1,6.0,3,34.3,2.9
2026-05-23 00:50:00,32.5,59.2,5.0,3,62.2,5.2
2026-05-23 00:55:00,31.4,59.0,5.0,3,95.4,8.0
2026-05-23 01:00:00,32.0,57.3,5.0,3,149.6,12.5
2026-05-23 01:05:00,31.5,58.9,5.0,3,61.2,5.1
2026-05-23 01:10:00,31.5,58.1,4.0,3,10.0,0.8
2026-05-23 01:15:00,31.3,63.2,5.0,3,10.0,0.8
2026-05-23 01:20:00,32.9,55.9,4.0,3,133.1,11.1
2026-05-23 01:25:00,30.6,61.6,4.0,2,149.5,12.5
2026-05-23 01:30:00,28.9,64.3,4.0,2,99.0,8.2
2026-05-23 01:35:00,32.2,59.9,4.0,3,145.9,12.2
2026-05-23 01:40:00,30.3,62.5,4.0,3,53.4,4.4
2026-05-23 01:45:00,30.9,62.6,5.0,3,17.9,1.5
2026-05-23 01:50:00,32.0,58.8,4.0,3,10.0,0.7
2026-05-23 01:55:00,29.3,63.2,4.0,3,10.0,0.8
2026-05-23 02:00:00,28.9,63.3,5.0,3,71.0,5.9
2026-05-23 02:05:00,28.5,67.7,5.0,3,10.0,0.8
2026-05-23 02:10:00,29.4,68.3,4.0,3,119.2,9.9
2026-05-23 02:15:00,30.8,58.3,4.0,3,150.0,12.5
2026-05-23 02:20:00,30.9,56.1,4.0,3,10.0,0.8
2026-05-23 02:25:00,30.6,62.8,5.0,3,14.0,1.2
2026-05-23 02:30:00,28.7,66.9,4.0,3,96.8,8.1
2026-05-23 02:35:00,27.7,70.5,4.0,3,33.6,2.8
2026-05-23 02:40:00,30.3,63.7,5.0,3,121.8,10.1
2026-05-23 02:45:00,29.7,66.2,4.0,3,191.6,16.0
2026-05-23 02:50:00,30.8,65.2,4.0,3,86.9,7.2
2026-05-23 02:55:00,31.1,64.2,4.0,3,10.0,0.8
2026-05-23 03:00:00,29.9,64.4,5.0,3,119.7,10.0
2026-05-23 03:05:00,30.6,58.1,4.0,3,75.1,6.3
2026-05-23 03:10:00,30.0,62.1,4.0,3,151.8,12.6
2026-05-23 03:15:00,30.4,62.2,4.0,3,309.6,25.8
2026-05-23 03:20:00,29.1,63.4,5.0,3,20.6,1.7
2026-05-23 03:25:00,29.6,62.7,4.0,3,40.5,3.4
2026-05-23 03:30:00,30.0,65.9,4.0,2,127.6,10.6
2026-05-23 03:35:00,30.7,59.2,4.0,2,214.9,17.9
2026-05-23 03:40:00,29.4,65.1,4.0,3,130.3,10.9
2026-05-23 03:45:00,30.3,62.4,4.0,3,181.1,15.1
2026-05-23 03:50:00,29.5,60.9,5.0,3,284.5,23.7
2026-05-23 03:55:00,29.7,60.1,4.0,3,67.9,5.7
2026-05-23 04:00:00,30.5,57.1,4.0,3,28.4,2.4
2026-05-23 04:05:00,27.5,68.0,4.0,3,35.2,2.9
2026-05-23 04:10:00,28.3,65.1,4.0,2,105.3,8.8
2026-05-23 04:15:00,28.1,63.5,6.0,3,66.4,5.5
2026-05-23 04:20:00,27.2,62.3,4.0,3,83.2,6.9
2026-05-23 04:25:00,28.9,65.4,4.0,3,119.9,10.0
2026-05-23 04:30:00,30.4,61.2,5.0,3,107.8,9.0
2026-05-23 04:35:00,29.3,61.7,4.0,3,10.0,0.8
2026-05-23 04:40:00,29.8,60.2,5.0,3,10.0,0.8
2026-05-23 04:45:00,30.8,60.4,4.0,3,95.5,8.0
2026-05-23 04:50:00,31.0,61.8,5.0,3,37.9,3.2
2026-05-23 04:55:00,29.5,62.4,4.0,3,52.6,4.4
2026-05-23 05:00:00,30.7,59.0,5.0,3,182.5,15.1
2026-05-23 05:05:00,29.6,63.1,5.0,3,162.7,13.6
2026-05-23 05:10:00,28.7,66.8,5.0,3,72.8,6.1
2026-05-23 05:15:00,28.9,64.4,4.0,3,194.5,16.2
2026-05-23 05:20:00,28.1,65.7,5.0,3,200.4,16.7
2026-05-23 05:25:00,28.7,64.0,6.0,3,225.3,18.8
2026-05-23 05:30:00,29.2,62.0,5.0,3,242.1,20.2
2026-05-23 05:35:00,30.2,60.3,5.0,3,86.9,7.2
2026-05-23 05:40:00,31.1,57.3,6.0,3,202.6,16.9
2026-05-23 05:45:00,28.2,67.9,6.0,3,78.1,6.5
2026-05-23 05:50:00,29.9,63.7,6.0,3,211.8,17.6
2026-05-23 05:55:00,28.5,65.1,5.0,3,84.1,7.0
2026-05-23 06:00:00,29.7,63.7,5.0,0,6.3,0.5
2026-05-23 06:05:00,29.1,64.7,5.0,3,106.7,8.9
2026-05-23 06:10:00,27.6,64.9,4.0,0,6.1,0.4
2026-05-23 06:15:00,30.1,61.9,5.0,1,24.7,2.2
2026-05-23 06:20:00,28.7,63.7,6.0,3,16.7,1.4
2026-05-23 06:25:00,28.7,69.7,5.0,3,15.8,1.3
2026-05-23 06:30:00,28.3,67.3,5.0,0,4.8,0.4
2026-05-23 06:35:00,28.6,65.2,5.0,3,140.8,11.7
2026-05-23 06:40:00,29.6,66.0,5.0,0,5.5,0.5
2026-05-23 06:45:00,29.1,66.5,4.0,0,4.0,0.3
2026-05-23 06:50:00,29.5,60.7,5.0,3,190.3,15.9
2026-05-23 06:55:00,29.6,62.8,7.0,3,14.0,1.2
2026-05-23 07:00:00,30.3,62.1,4.0,0,5.1,0.4
2026-05-23 07:05:00,28.4,66.5,5.0,0,4.7,0.4
2026-05-23 07:10:00,27.2,66.3,6.0,3,221.7,18.5
2026-05-23 07:15:00,30.0,62.3,5.0,0,6.0,0.5
2026-05-23 07:20:00,28.5,63.7,6.0,0,8.6,0.7
2026-05-23 07:25:00,30.0,65.1,7.0,1,129.4,10.8
2026-05-23 07:30:00,29.2,60.3,4.0,3,211.8,17.6
2026-05-23 07:35:00,28.7,63.5,6.0,2,5.0,0.4
2026-05-23 07:40:00,29.2,59.4,5.0,0,5.1,0.4
2026-05-23 07:45:00,31.0,58.6,5.0,2,62.6,5.2
2026-05-23 07:50:00,31.1,61.6,8.0,1,34.9,2.9
2026-05-23 07:55:00,28.9,65.0,4.0,2,5.0,0.4
2026-05-23 08:00:00,28.9,63.4,7.0,0,7.1,0.6
2026-05-23 08:05:00,29.9,65.4,9.0,3,140.0,11.7
2026-05-23 08:10:00,27.8,69.1,5.0,3,188.6,15.7
2026-05-23 08:15:00,29.1,63.7,5.0,3,58.8,4.9
2026-05-23 08:20:00,28.7,65.1,6.0,3,10.0,0.8
2026-05-23 08:25:00,29.1,62.8,5.0,0,5.8,0.5
2026-05-23 08:30:00,27.8,67.3,6.0,3,59.0,4.9
2026-05-23 08:35:00,26.9,64.3,8.0,1,12.8,1.2
2026-05-23 08:40:00,26.4,71.0,6.0,1,11.4,1.0
2026-05-23 08:45:00,27.5,69.0,8.0,0,7.8,0.6
2026-05-23 08:50:00,28.2,62.3,9.0,0,8.9,0.7
2026-05-23 08:55:00,28.4,63.0,7.0,0,4.5,0.4
2026-05-23 09:00:00,31.4,61.5,7.0,0,3.5,0.3
2026-05-23 09:05:00,30.5,61.0,5.0,3,209.6,17.5
2026-05-23 09:10:00,28.2,66.6,4.0,0,3.5,0.3
2026-05-23 09:15:00,29.7,62.2,7.0,0,7.5,0.6
2026-05-23 09:20:00,28.8,68.1,8.0,0,6.1,0.5
2026-05-23 09:25:00,29.0,64.1,7.0,0,3.5,0.3
2026-05-23 09:30:00,29.5,69.2,8.0,0,8.7,0.7
2026-05-23 09:35:00,30.0,64.0,5.0,0,4.9,0.4
2026-05-23 09:40:00,28.9,61.0,7.0,0,4.8,0.3
2026-05-23 09:45:00,30.5,66.8,9.0,1,41.1,3.4
2026-05-23 09:50:00,28.0,68.3,7.0,3,216.2,18.0
2026-05-23 09:55:00,29.3,64.6,9.0,1,52.3,4.4
2026-05-23 10:00:00,33.2,59.8,8.0,0,4.9,0.4
2026-05-23 10:05:00,30.5,59.4,5.0,0,8.0,0.6
2026-05-23 10:10:00,31.9,56.1,7.0,3,10.0,0.8
2026-05-23 10:15:00,30.4,62.1,5.0,0,4.0,0.3
2026-05-23 10:20:00,30.9,64.5,5.0,1,85.0,7.0
2026-05-23 10:25:00,30.2,63.3,6.0,1,102.1,8.5
2026-05-23 10:30:00,30.1,66.3,8.0,0,8.1,0.7
2026-05-23 10:35:00,29.4,66.4,5.0,1,66.5,5.5
2026-05-23 10:40:00,30.8,61.6,4.0,3,10.0,0.8
2026-05-23 10:45:00,29.3,66.2,4.0,1,110.6,9.2
2026-05-23 10:50:00,31.0,64.7,7.0,0,6.6,0.5
2026-05-23 10:55:00,31.5,60.5,5.0,0,8.2,0.7
2026-05-23 11:00:00,32.1,59.0,4.0,0,7.0,0.7
2026-05-23 11:05:00,31.4,60.9,4.0,0,6.2,0.5
2026-05-23 11:10:00,32.2,53.5,6.0,3,26.6,2.2
2026-05-23 11:15:00,31.4,61.2,7.0,0,6.9,0.6
2026-05-23 11:20:00,32.7,60.3,5.0,0,5.7,0.5
2026-05-23 11:25:00,29.7,63.5,7.0,0,4.1,0.3
2026-05-23 11:30:00,31.4,61.4,7.0,0,6.8,0.6
2026-05-23 11:35:00,29.5,63.4,5.0,0,5.4,0.4
2026-05-23 11:40:00,30.1,57.8,6.0,0,8.0,0.7
2026-05-23 11:45:00,33.2,61.8,5.0,0,8.0,0.6
2026-05-23 11:50:00,32.7,57.7,7.0,3,10.0,0.8
2026-05-23 11:55:00,30.9,59.8,5.0,0,6.7,0.6
2026-05-23 12:00:00,31.1,64.5,4.0,0,7.5,0.6
2026-05-23 12:05:00,29.4,66.2,6.0,1,104.2,8.7
2026-05-23 12:10:00,32.1,60.2,8.0,0,6.5,0.5
2026-05-23 12:15:00,35.5,56.1,7.0,3,51.3,4.4
2026-05-23 12:20:00,33.2,54.9,8.0,0,6.5,0.5
2026-05-23 12:25:00,32.1,59.3,8.0,0,4.2,0.4
2026-05-23 12:30:00,33.3,60.9,6.0,0,6.0,0.5
2026-05-23 12:35:00,31.0,59.5,5.0,0,6.4,0.5
2026-05-23 12:40:00,32.4,56.5,5.0,3,147.4,12.3
2026-05-23 12:45:00,32.9,58.4,4.0,0,6.2,0.5
2026-05-23 12:50:00,32.7,58.8,8.0,0,6.0,0.5
2026-05-23 12:55:00,33.6,58.8,6.0,0,5.9,0.5
2026-05-23 13:00:00,33.8,53.0,5.0,0,9.7,0.8
2026-05-23 13:05:00,34.2,49.3,7.0,2,54.0,4.5
2026-05-23 13:10:00,32.6,60.8,6.0,1,20.7,1.6
2026-05-23 13:15:00,34.4,52.8,7.0,3,10.0,0.8
2026-05-23 13:20:00,35.3,52.6,6.0,0,5.8,0.5
2026-05-23 13:25:00,32.3,53.2,5.0,0,7.0,0.6
2026-05-23 13:30:00,32.4,61.4,7.0,0,5.6,0.5
2026-05-23 13:35:00,34.9,55.7,7.0,0,6.2,0.5
2026-05-23 13:40:00,33.2,58.3,6.0,3,98.3,8.2
2026-05-23 13:45:00,35.0,55.4,7.0,1,18.2,1.5
2026-05-23 13:50:00,32.9,52.6,7.0,0,3.8,0.3
2026-05-23 13:55:00,35.1,51.9,7.0,0,4.4,0.4
2026-05-23 14:00:00,34.3,54.5,6.0,2,5.0,0.4
2026-05-23 14:05:00,34.5,53.6,6.0,1,43.7,3.7
2026-05-23 14:10:00,36.4,52.5,7.0,0,4.6,0.4
2026-05-23 14:15:00,33.6,57.0,5.0,2,165.4,13.8
2026-05-23 14:20:00,32.8,59.8,6.0,2,5.0,0.4
2026-05-23 14:25:00,33.5,53.0,6.0,0,3.5,0.3
2026-05-23 14:30:00,34.8,55.0,6.0,2,156.3,13.0
2026-05-23 14:35:00,31.9,60.1,6.0,2,50.0,4.2
2026-05-23 14:40:00,35.1,52.4,7.0,2,78.9,6.6
2026-05-23 14:45:00,33.4,56.2,6.0,0,5.8,0.5
2026-05-23 14:50:00,35.8,54.9,7.0,3,229.7,19.1
2026-05-23 14:55:00,30.7,59.8,7.0,2,226.9,18.9
2026-05-23 15:00:00,33.9,57.4,7.0,2,75.6,6.3
2026-05-23 15:05:00,32.7,57.4,6.0,2,24.1,2.0
2026-05-23 15:10:00,33.9,55.2,7.0,2,60.9,5.1
2026-05-23 15:15:00,35.3,51.7,9.0,3,185.2,15.4
2026-05-23 15:20:00,34.7,55.5,6.0,3,140.0,11.7
2026-05-23 15:25:00,34.6,55.3,8.0,2,5.0,0.4
2026-05-23 15:30:00,34.8,52.7,5.0,1,10.0,0.8
2026-05-23 15:35:00,35.3,55.6,6.0,2,166.3,13.9
2026-05-23 15:40:00,33.6,59.0,6.0,2,142.9,11.9
2026-05-23 15:45:00,36.0,52.1,8.0,2,76.6,6.4
2026-05-23 15:50:00,35.9,52.0,7.0,2,159.9,13.3
2026-05-23 15:55:00,35.5,52.4,8.0,2,146.6,12.3
2026-05-23 16:00:00,36.4,49.0,7.0,3,114.5,9.5
2026-05-23 16:05:00,36.0,57.9,8.0,6,197.0,16.4
2026-05-23 16:10:00,38.6,49.5,7.0,2,78.5,6.5
2026-05-23 16:15:00,35.4,52.0,11.0,2,119.0,9.9
2026-05-23 16:20:00,35.1,51.7,6.0,2,81.4,6.8
2026-05-23 16:25:00,34.4,54.1,7.0,3,204.7,17.1
2026-05-23 16:30:00,34.0,53.9,6.0,2,48.5,4.0
2026-05-23 16:35:00,33.7,59.1,9.0,2,5.0,0.4
2026-05-23 16:40:00,34.2,52.4,6.0,2,77.5,6.5
2026-05-23 16:45:00,35.4,50.4,10.0,2,98.7,8.2
2026-05-23 16:50:00,36.0,54.6,8.0,2,5.0,0.4
2026-05-23 16:55:00,35.6,53.5,8.0,2,164.7,13.8
2026-05-23 17:00:00,34.3,54.5,10.0,2,81.4,6.8
2026-05-23 17:05:00,37.2,53.5,8.0,2,131.6,11.0
2026-05-23 17:10:00,36.9,52.6,9.0,3,149.4,12.4
2026-05-23 17:15:00,35.3,53.9,9.0,3,80.9,6.7
2026-05-23 17:20:00,34.5,50.9,10.0,3,187.3,15.6
2026-05-23 17:25:00,36.6,48.0,6.0,2,120.1,10.0
2026-05-23 17:30:00,36.0,51.3,6.0,2,90.1,7.5
2026-05-23 17:35:00,33.1,53.4,11.0,2,53.7,4.5
2026-05-23 17:40:00,35.5,54.5,8.0,2,42.8,3.7
2026-05-23 17:45:00,36.1,48.1,4.0,2,5.0,0.4
2026-05-23 17:50:00,34.0,54.2,7.0,6,128.4,10.7
2026-05-23 17:55:00,36.0,52.7,12.0,2,212.4,17.8
2026-05-23 18:00:00,32.1,57.4,6.0,2,123.6,10.3
2026-05-23 18:05:00,36.9,53.3,5.0,3,10.0,0.8
2026-05-23 18:10:00,36.8,51.5,4.0,3,174.8,14.7
2026-05-23 18:15:00,34.2,53.4,5.0,4,69.3,5.8
2026-05-23 18:20:00,35.3,57.4,4.0,3,153.2,12.8
2026-05-23 18:25:00,30.5,58.4,7.0,2,22.4,1.9
2026-05-23 18:30:00,32.6,60.8,6.0,3,122.6,10.2
2026-05-23 18:35:00,34.1,54.4,5.0,3,113.3,9.4
2026-05-23 18:40:00,32.8,56.7,5.0,3,253.0,21.1
2026-05-23 18:45:00,35.9,53.0,8.0,3,200.3,16.6
2026-05-23 18:50:00,38.1,51.6,5.0,3,225.8,18.8
2026-05-23 18:55:00,32.6,55.8,5.0,3,147.9,12.3
2026-05-23 19:00:00,32.9,57.4,5.0,3,206.1,17.2
2026-05-23 19:05:00,34.3,59.0,5.0,2,142.1,11.8
2026-05-23 19:10:00,36.2,55.7,5.0,3,144.6,12.0
2026-05-23 19:15:00,32.3,60.3,6.0,3,92.5,7.7
2026-05-23 19:20:00,34.4,52.3,6.0,3,174.5,14.5
2026-05-23 19:25:00,36.5,50.2,6.0,3,81.7,6.8
2026-05-23 19:30:00,31.7,59.1,4.0,3,208.9,17.4
2026-05-23 19:35:00,32.3,59.6,5.0,3,10.0,0.8
2026-05-23 19:40:00,33.4,55.4,5.0,3,83.4,7.0
2026-05-23 19:45:00,33.3,55.1,6.0,3,45.5,3.9
2026-05-23 19:50:00,35.1,57.8,5.0,3,310.9,25.9
2026-05-23 19:55:00,34.3,57.1,4.0,3,48.0,4.0
2026-05-23 20:00:00,30.9,61.9,5.0,3,100.5,8.4
2026-05-23 20:05:00,34.1,55.5,5.0,3,10.0,0.8
2026-05-23 20:10:00,32.6,56.9,6.0,3,256.2,21.3
2026-05-23 20:15:00,35.2,57.2,5.0,3,34.1,2.8
2026-05-23 20:20:00,32.5,57.5,5.0,3,237.7,19.8
2026-05-23 20:25:00,32.5,56.8,5.0,3,13.7,1.1
2026-05-23 20:30:00,34.2,54.4,5.0,3,19.8,1.6
2026-05-23 20:35:00,34.5,54.9,5.0,3,178.6,14.9
2026-05-23 20:40:00,34.0,58.3,5.0,3,10.0,0.8
2026-05-23 20:45:00,31.0,56.4,6.0,3,143.3,11.9
2026-05-23 20:50:00,34.2,57.6,5.0,2,7.6,0.6
2026-05-23 20:55:00,31.9,57.2,6.0,3,38.4,3.2
2026-05-23 21:00:00,33.2,57.3,4.0,3,295.4,24.6
2026-05-23 21:05:00,30.7,59.7,6.0,3,264.3,22.0
2026-05-23 21:10:00,33.5,57.0,4.0,3,217.1,18.1
2026-05-23 21:15:00,31.6,58.6,5.0,3,310.7,25.9
2026-05-23 21:20:00,30.9,59.0,5.0,3,51.1,4.2
2026-05-23 21:25:00,33.9,56.0,5.0,3,174.4,14.5
2026-05-23 21:30:00,33.2,60.2,5.0,3,22.5,1.9
2026-05-23 21:35:00,31.9,58.9,4.0,3,182.7,15.2
2026-05-23 21:40:00,35.0,55.9,4.0,3,135.7,11.3
2026-05-23 21:45:00,32.2,57.4,5.0,3,10.0,0.8
2026-05-23 21:50:00,32.9,57.2,6.0,3,100.6,8.4
2026-05-23 21:55:00,33.2,56.5,5.0,3,114.2,9.5
2026-05-23 22:00:00,31.2,61.3,4.0,3,111.4,9.3
2026-05-23 22:05:00,32.8,56.9,4.0,3,263.3,21.9
2026-05-23 22:10:00,31.4,55.4,4.0,3,11.6,1.0
2026-05-23 22:15:00,31.5,59.7,5.0,3,45.9,3.8
2026-05-23 22:20:00,34.1,56.7,4.0,3,10.0,0.8
2026-05-23 22:25:00,30.6,59.3,4.0,3,164.5,13.7
2026-05-23 22:30:00,28.6,63.9,5.0,3,177.2,14.8
2026-05-23 22:35:00,34.5,51.6,5.0,3,182.7,15.2
2026-05-23 22:40:00,35.9,58.5,4.0,3,101.7,8.5
2026-05-23 22:45:00,31.5,61.6,5.0,3,40.1,3.3
2026-05-23 22:50:00,29.3,60.4,4.0,3,10.0,0.8
2026-05-23 22:55:00,31.7,58.5,4.0,3,154.7,12.9
2026-05-23 23:00:00,31.4,61.3,4.0,3,32.5,2.7
2026-05-23 23:05:00,31.5,61.3,4.0,3,10.0,0.8
2026-05-23 23:10:00,29.8,60.5,5.0,3,196.3,16.4
2026-05-23 23:15:00,33.0,57.2,4.0,3,72.9,6.1
2026-05-23 23:20:00,32.9,62.9,5.0,3,119.9,9.9
2026-05-23 23:25:00,29.1,63.3,4.0,3,10.0,0.8
2026-05-23 23:30:00,33.2,59.8,4.0,3,101.3,8.3
2026-05-23 23:35:00,35.7,58.4,4.0,3,84.3,7.0
2026-05-23 23:40:00,32.2,61.0,4.0,3,268.6,22.4
2026-05-23 23:45:00,31.3,61.7,4.0,3,83.2,6.9
2026-05-23 23:50:00,31.6,57.3,4.0,3,10.0,0.9
2026-05-23 23:55:00,33.0,59.1,4.0,3,83.9,7.1
2026-05-24 00:00:00,29.4,61.5,4.0,3,105.6,8.8
2026-05-24 00:05:00,31.7,60.1,4.0,2,145.0,12.1
2026-05-24 00:10:00,31.0,61.9,5.0,3,220.8,18.4
2026-05-24 00:15:00,33.8,56.2,4.0,3,100.7,8.4
2026-05-24 00:20:00,31.3,58.7,4.0,3,66.0,5.5
2026-05-24 00:25:00,33.6,57.9,5.0,3,91.7,7.6
2026-05-24 00:30:00,30.2,61.7,5.0,3,364.3,30.4
2026-05-24 00:35:00,32.3,61.0,4.0,3,151.1,12.6
2026-05-24 00:40:00,31.9,62.4,4.0,3,78.4,6.5
2026-05-24 00:45:00,30.4,60.9,4.0,3,197.7,16.5
2026-05-24 00:50:00,31.8,61.4,6.0,3,10.0,0.8
2026-05-24 00:55:00,33.0,60.3,5.0,2,131.7,11.0
2026-05-24 01:00:00,30.6,62.3,5.0,3,35.5,3.0
2026-05-24 01:05:00,29.3,63.0,6.0,3,54.3,4.5
2026-05-24 01:10:00,30.8,60.5,4.0,3,10.0,0.8
2026-05-24 01:15:00,30.0,60.4,5.0,3,196.3,16.4
2026-05-24 01:20:00,30.6,59.5,5.0,3,31.4,2.6
2026-05-24 01:25:00,30.8,61.7,5.0,3,116.5,9.7
2026-05-24 01:30:00,29.3,63.0,4.0,2,47.3,3.9
2026-05-24 01:35:00,29.4,62.2,4.0,3,51.7,4.3
2026-05-24 01:40:00,31.3,61.6,4.0,3,135.3,11.3
2026-05-24 01:45:00,30.4,61.3,5.0,3,282.9,23.6
2026-05-24 01:50:00,28.5,62.6,5.0,3,71.5,6.0
2026-05-24 01:55:00,31.6,59.6,5.0,3,59.8,5.0
2026-05-24 02:00:00,30.7,63.3,4.0,3,10.0,0.8
2026-05-24 02:05:00,29.6,60.5,5.0,3,77.7,6.5
2026-05-24 02:10:00,28.9,64.5,5.0,3,10.0,0.8
2026-05-24 02:15:00,31.3,60.3,4.0,3,241.1,20.0
2026-05-24 02:20:00,30.8,59.3,4.0,3,43.2,3.6
2026-05-24 02:25:00,33.1,57.0,4.0,3,15.5,1.3
2026-05-24 02:30:00,30.9,57.2,4.0,3,87.2,7.3
2026-05-24 02:35:00,30.8,61.4,4.0,3,165.2,13.8
2026-05-24 02:40:00,30.2,58.8,5.0,3,80.8,6.7
2026-05-24 02:45:00,31.3,63.0,5.0,3,209.4,17.4
2026-05-24 02:50:00,31.1,60.5,4.0,3,61.7,5.1
2026-05-24 02:55:00,31.8,58.3,5.0,2,5.0,0.4
2026-05-24 03:00:00,29.4,65.9,4.0,3,30.2,2.5
2026-05-24 03:05:00,29.5,60.5,5.0,3,98.8,8.2
2026-05-24 03:10:00,29.4,61.3,4.0,2,58.9,4.9
2026-05-24 03:15:00,30.7,56.7,4.0,3,89.2,7.4
2026-05-24 03:20:00,31.5,62.9,4.0,3,191.5,16.1
2026-05-24 03:25:00,29.4,67.6,5.0,3,181.3,15.1
2026-05-24 03:30:00,29.5,59.0,4.0,3,59.9,5.0
2026-05-24 03:35:00,30.2,59.9,4.0,3,10.0,0.8
2026-05-24 03:40:00,29.7,62.8,4.0,3,160.2,13.3
2026-05-24 03:45:00,30.9,59.5,4.0,3,10.0,0.8
2026-05-24 03:50:00,27.6,66.0,5.0,3,94.6,7.9
2026-05-24 03:55:00,29.1,63.3,5.0,3,151.8,12.5
2026-05-24 04:00:00,28.9,65.3,5.0,3,277.0,23.1
2026-05-24 04:05:00,27.3,64.5,5.0,3,311.6,26.0
2026-05-24 04:10:00,28.7,65.1,5.0,3,143.9,12.0
2026-05-24 04:15:00,28.8,61.5,5.0,3,10.0,0.8
2026-05-24 04:20:00,29.5,62.2,4.0,3,10.0,0.8
2026-05-24 04:25:00,30.9,56.3,4.0,3,89.4,7.4
2026-05-24 04:30:00,29.5,62.2,5.0,3,71.2,5.9
2026-05-24 04:35:00,28.6,63.3,5.0,3,115.5,9.6
2026-05-24 04:40:00,29.7,65.3,4.0,3,117.1,9.8
2026-05-24 04:45:00,30.8,60.8,4.0,3,10.0,0.8
2026-05-24 04:50:00,28.7,64.9,4.0,3,161.5,13.5
2026-05-24 04:55:00,28.8,64.4,5.0,3,18.4,1.5
2026-05-24 05:00:00,30.1,57.9,5.0,3,119.9,10.0
2026-05-24 05:05:00,29.4,59.3,5.0,3,275.9,23.0
2026-05-24 05:10:00,30.2,61.6,5.0,3,11.2,0.9
2026-05-24 05:15:00,29.6,63.8,6.0,3,118.9,9.8
2026-05-24 05:20:00,30.3,61.6,6.0,3,67.3,5.6
2026-05-24 05:25:00,28.6,63.0,5.0,3,10.1,0.8
2026-05-24 05:30:00,29.6,62.7,6.0,3,116.3,9.7
2026-05-24 05:35:00,29.4,62.8,6.0,3,32.6,2.7
2026-05-24 05:40:00,28.5,66.6,4.0,3,178.9,14.9
2026-05-24 05:45:00,28.2,67.0,5.0,3,164.9,13.7
2026-05-24 05:50:00,30.2,61.1,5.0,3,262.6,21.9
2026-05-24 05:55:00,29.3,63.6,4.0,3,177.5,14.8
2026-05-24 06:00:00,28.4,65.7,5.0,3,166.3,13.9
2026-05-24 06:05:00,29.3,64.6,6.0,2,105.8,8.8
2026-05-24 06:10:00,30.4,65.4,6.0,3,10.0,0.8
2026-05-24 06:15:00,27.3,66.8,4.0,3,189.4,15.8
2026-05-24 06:20:00,28.0,68.1,6.0,3,176.7,14.7
2026-05-24 06:25:00,28.5,62.7,7.0,1,68.9,5.8
2026-05-24 06:30:00,30.7,60.3,7.0,3,36.9,3.1
2026-05-24 06:35:00,29.6,59.0,4.0,2,5.0,0.4
2026-05-24 06:40:00,30.0,63.0,7.0,3,270.1,22.5
2026-05-24 06:45:00,28.3,66.6,6.0,2,43.6,3.6
2026-05-24 06:50:00,28.3,60.2,4.0,3,190.9,15.9
2026-05-24 06:55:00,29.7,63.5,5.0,3,125.2,10.4
2026-05-24 07:00:00,29.0,65.5,7.0,0,3.8,0.3
2026-05-24 07:05:00,29.5,64.6,6.0,2,199.6,16.6
2026-05-24 07:10:00,28.7,61.7,5.0,3,174.4,14.5
2026-05-24 07:15:00,29.2,65.6,6.0,2,92.2,7.7
2026-05-24 07:20:00,29.1,64.0,6.0,2,304.1,25.3
2026-05-24 07:25:00,29.8,64.3,5.0,2,131.9,11.0
2026-05-24 07:30:00,29.8,62.6,5.0,0,3.5,0.2
2026-05-24 07:35:00,27.1,67.9,7.0,3,148.6,12.4
2026-05-24 07:40:00,26.5,70.6,5.0,0,9.8,0.8
2026-05-24 07:45:00,30.0,62.1,4.0,0,7.9,0.7
2026-05-24 07:50:00,30.2,62.9,5.0,0,9.7,0.8
2026-05-24 07:55:00,27.8,68.9,4.0,0,5.4,0.4
2026-05-24 08:00:00,26.7,67.1,5.0,1,54.2,4.5
2026-05-24 08:05:00,28.9,61.5,4.0,0,5.0,0.4
2026-05-24 08:10:00,29.9,64.3,7.0,3,123.0,10.1
2026-05-24 08:15:00,30.8,64.8,8.0,1,143.3,11.9
2026-05-24 08:20:00,29.4,66.5,5.0,3,87.7,7.3
2026-05-24 08:25:00,28.4,66.6,5.0,0,6.4,0.5
2026-05-24 08:30:00,27.8,60.2,6.0,0,6.4,0.5
2026-05-24 08:35:00,28.8,62.8,4.0,3,218.4,18.2
2026-05-24 08:40:00,28.5,63.4,8.0,3,10.0,0.8
2026-05-24 08:45:00,27.7,66.1,4.0,1,117.8,9.9
2026-05-24 08:50:00,31.1,64.9,5.0,0,4.9,0.4
2026-05-24 08:55:00,30.8,58.7,5.0,0,4.1,0.3
2026-05-24 09:00:00,30.7,66.9,8.0,0,6.8,0.6
2026-05-24 09:05:00,28.4,64.1,6.0,0,3.5,0.3
2026-05-24 09:10:00,30.3,60.3,10.0,0,6.8,0.6
2026-05-24 09:15:00,30.1,64.5,7.0,0,5.0,0.4
2026-05-24 09:20:00,29.9,65.0,8.0,1,50.7,4.2
2026-05-24 09:25:00,30.8,62.9,6.0,3,123.7,10.3
2026-05-24 09:30:00,30.1,60.6,5.0,0,7.2,0.6
2026-05-24 09:35:00,30.2,63.5,6.0,3,240.0,20.0
2026-05-24 09:40:00,30.1,60.0,5.0,3,116.2,9.7
2026-05-24 09:45:00,29.8,61.0,4.0,1,112.0,9.2
2026-05-24 09:50:00,27.4,66.3,8.0,3,177.1,14.8
2026-05-24 09:55:00,29.5,61.4,6.0,3,105.5,8.8
2026-05-24 10:00:00,29.8,65.3,5.0,0,7.8,0.6
2026-05-24 10:05:00,28.9,62.9,7.0,0,6.8,0.6
2026-05-24 10:10:00,32.3,59.1,6.0,0,3.5,0.3
2026-05-24 10:15:00,32.3,57.6,8.0,0,3.5,0.3
2026-05-24 10:20:00,31.9,62.4,7.0,3,14.2,1.2
2026-05-24 10:25:00,30.7,60.3,6.0,0,3.5,0.3
2026-05-24 10:30:00,31.9,62.6,7.0,0,4.6,0.4
2026-05-24 10:35:00,30.4,64.5,6.0,3,187.9,15.7
2026-05-24 10:40:00,30.6,60.9,6.0,3,238.4,19.9
2026-05-24 10:45:00,29.1,64.0,8.0,0,3.5,0.3
2026-05-24 10:50:00,30.8,60.6,5.0,1,57.3,4.8
2026-05-24 10:55:00,30.5,63.2,5.0,0,5.5,0.5
2026-05-24 11:00:00,30.4,61.6,6.0,0,3.8,0.3
2026-05-24 11:05:00,31.8,58.9,6.0,3,54.8,4.6
2026-05-24 11:10:00,31.7,60.2,8.0,0,4.4,0.4
2026-05-24 11:15:00,33.8,53.1,4.0,3,155.2,12.9
2026-05-24 11:20:00,32.8,58.2,6.0,0,5.5,0.5
2026-05-24 11:25:00,31.8,61.5,5.0,0,6.3,0.5
2026-05-24 11:30:00,32.1,59.8,9.0,1,87.7,7.3
2026-05-24 11:35:00,31.9,62.1,7.0,0,3.9,0.3
2026-05-24 11:40:00,31.6,59.3,6.0,3,131.4,11.0
2026-05-24 11:45:00,30.6,60.7,7.0,0,4.7,0.4
2026-05-24 11:50:00,31.7,57.4,4.0,3,71.6,6.0
2026-05-24 11:55:00,31.0,60.2,9.0,0,6.2,0.5
2026-05-24 12:00:00,31.5,65.4,5.0,3,209.5,17.5
2026-05-24 12:05:00,33.4,58.2,8.0,3,83.3,7.0
2026-05-24 12:10:00,33.3,56.2,7.0,3,11.9,1.0
2026-05-24 12:15:00,30.9,58.9,7.0,1,10.0,0.8
2026-05-24 12:20:00,32.7,54.6,8.0,0,5.3,0.4
2026-05-24 12:25:00,34.0,54.5,8.0,0,5.2,0.4
2026-05-24 12:30:00,34.1,58.3,6.0,0,6.9,0.6
2026-05-24 12:35:00,34.0,55.5,6.0,0,3.7,0.3
2026-05-24 12:40:00,32.9,55.9,6.0,0,7.2,0.6
2026-05-24 12:45:00,31.9,57.7,6.0,0,10.1,0.7
2026-05-24 12:50:00,31.7,61.8,7.0,0,6.1,0.6
2026-05-24 12:55:00,33.3,57.4,8.0,3,71.9,6.0
2026-05-24 13:00:00,33.9,54.7,7.0,2,82.8,6.9
2026-05-24 13:05:00,35.0,53.8,6.0,1,38.3,3.2
2026-05-24 13:10:00,34.8,60.7,6.0,1,73.0,6.1
2026-05-24 13:15:00,33.4,60.3,6.0,3,90.4,7.5
2026-05-24 13:20:00,32.1,63.1,5.0,0,4.6,0.4
2026-05-24 13:25:00,33.1,53.1,5.0,1,52.3,4.4
2026-05-24 13:30:00,33.8,56.1,7.0,0,3.5,0.3
2026-05-24 13:35:00,33.3,55.7,7.0,0,4.5,0.4
2026-05-24 13:40:00,32.8,59.5,6.0,0,6.2,0.5
2026-05-24 13:45:00,33.8,59.3,6.0,0,5.3,0.4
2026-05-24 13:50:00,32.9,58.8,6.0,2,27.7,2.3
2026-05-24 13:55:00,32.8,55.9,7.0,3,44.4,3.7
2026-05-24 14:00:00,34.7,53.5,6.0,3,55.4,4.6
2026-05-24 14:05:00,33.7,57.8,6.0,2,8.6,0.7
2026-05-24 14:10:00,34.6,57.0,7.0,0,5.4,0.4
2026-05-24 14:15:00,34.7,55.5,8.0,0,5.3,0.4
2026-05-24 14:20:00,32.6,57.9,6.0,1,127.2,10.6
2026-05-24 14:25:00,33.6,56.5,6.0,1,82.3,6.9
2026-05-24 14:30:00,36.3,53.9,6.0,2,109.7,9.1
2026-05-24 14:35:00,32.6,59.3,8.0,2,60.3,4.9
2026-05-24 14:40:00,31.2,60.7,6.0,1,94.5,7.9
2026-05-24 14:45:00,31.6,58.8,6.0,1,75.4,6.3
2026-05-24 14:50:00,34.3,55.5,6.0,0,4.5,0.3
2026-05-24 14:55:00,34.3,55.4,6.0,0,5.4,0.3
2026-05-24 15:00:00,34.9,53.0,6.0,1,66.0,5.4
2026-05-24 15:05:00,36.8,50.9,7.0,1,109.3,9.1
2026-05-24 15:10:00,31.4,59.9,8.0,2,72.8,6.2
2026-05-24 15:15:00,35.6,52.4,6.0,3,10.0,0.8
2026-05-24 15:20:00,37.2,53.9,8.0,2,112.5,9.4
2026-05-24 15:25:00,33.6,56.1,5.0,2,44.8,3.7
2026-05-24 15:30:00,34.6,56.9,6.0,2,165.2,13.8
2026-05-24 15:35:00,34.1,57.0,6.0,2,119.8,10.0
2026-05-24 15:40:00,33.9,57.7,7.0,3,76.8,6.4
2026-05-24 15:45:00,34.7,53.9,7.0,2,52.2,4.4
2026-05-24 15:50:00,37.1,53.2,7.0,6,128.2,10.8
2026-05-24 15:55:00,37.6,53.3,7.0,2,116.4,9.7
2026-05-24 16:00:00,35.1,50.7,10.0,6,182.6,15.2
2026-05-24 16:05:00,38.5,54.6,9.0,2,5.0,0.4
2026-05-24 16:10:00,35.7,58.9,8.0,2,128.8,10.7
2026-05-24 16:15:00,38.3,53.0,8.0,2,127.5,10.6
2026-05-24 16:20:00,35.5,55.7,9.0,2,5.0,0.4
2026-05-24 16:25:00,35.8,54.9,11.0,2,5.0,0.4
2026-05-24 16:30:00,36.2,52.4,9.0,6,158.7,13.2
2026-05-24 16:35:00,40.4,48.4,7.0,3,120.1,10.0
2026-05-24 16:40:00,36.9,54.6,8.0,6,197.0,16.4
2026-05-24 16:45:00,34.6,52.6,9.0,2,74.6,6.2
2026-05-24 16:50:00,37.1,49.7,7.0,2,49.5,4.2
2026-05-24 16:55:00,35.1,53.4,9.0,3,23.0,1.9
2026-05-24 17:00:00,34.9,56.3,9.0,2,94.7,7.9
2026-05-24 17:05:00,37.3,49.4,11.0,2,103.4,8.6
2026-05-24 17:10:00,35.8,52.8,6.0,2,218.7,18.2
2026-05-24 17:15:00,36.2,52.7,4.0,2,71.3,5.9
2026-05-24 17:20:00,35.8,50.6,7.0,3,10.0,0.8
2026-05-24 17:25:00,36.3,48.0,8.0,2,146.7,12.2
2026-05-24 17:30:00,36.5,49.8,4.0,2,62.5,5.2
2026-05-24 17:35:00,32.3,58.0,7.0,2,129.6,10.8
2026-05-24 17:40:00,36.9,53.6,12.0,3,13.2,1.1
2026-05-24 17:45:00,34.0,56.8,10.0,2,66.9,5.6
2026-05-24 17:50:00,33.2,58.0,9.0,3,90.8,7.6
2026-05-24 17:55:00,35.6,51.9,6.0,2,5.0,0.4
2026-05-24 18:00:00,34.9,52.2,8.0,3,57.6,4.8
2026-05-24 18:05:00,33.5,57.0,5.0,3,10.0,0.8
2026-05-24 18:10:00,36.2,52.4,6.0,3,10.0,0.8
2026-05-24 18:15:00,32.4,59.6,7.0,3,94.4,7.9
2026-05-24 18:20:00,34.0,56.4,6.0,3,68.6,5.7
2026-05-24 18:25:00,33.7,59.2,8.0,3,94.3,7.9
2026-05-24 18:30:00,34.7,53.4,7.0,3,240.9,20.1
2026-05-24 18:35:00,35.2,57.0,6.0,3,125.2,10.4
2026-05-24 18:40:00,33.0,62.0,6.0,3,10.0,0.8
2026-05-24 18:45:00,36.0,53.4,7.0,3,46.2,3.8
2026-05-24 18:50:00,34.8,55.9,6.0,3,132.8,11.1
2026-05-24 18:55:00,31.5,55.6,6.0,3,42.5,3.5
2026-05-24 19:00:00,31.4,61.0,5.0,3,14.6,1.2
2026-05-24 19:05:00,34.1,58.3,5.0,3,181.9,15.2
2026-05-24 19:10:00,33.8,55.0,5.0,3,65.2,5.4
2026-05-24 19:15:00,34.0,57.2,5.0,3,25.3,2.1
2026-05-24 19:20:00,34.1,56.4,5.0,3,26.4,2.2
2026-05-24 19:25:00,34.4,56.3,6.0,3,250.1,20.8
2026-05-24 19:30:00,35.4,56.1,6.0,3,10.0,0.8
2026-05-24 19:35:00,32.6,58.7,5.0,3,84.1,7.0
2026-05-24 19:40:00,32.5,57.3,5.0,3,89.3,7.4
2026-05-24 19:45:00,32.6,59.4,6.0,3,162.5,13.5
2026-05-24 19:50:00,34.5,57.8,6.0,3,30.5,2.5
2026-05-24 19:55:00,35.8,52.5,6.0,3,27.9,2.3
2026-05-24 20:00:00,32.9,57.6,4.0,3,173.1,14.4
2026-05-24 20:05:00,30.0,56.9,6.0,3,320.3,26.7
2026-05-24 20:10:00,31.1,60.7,6.0,3,52.1,4.3
2026-05-24 20:15:00,32.3,60.8,6.0,3,46.2,3.8
2026-05-24 20:20:00,32.7,57.3,5.0,3,320.8,26.7
2026-05-24 20:25:00,32.9,57.9,5.0,3,70.4,5.9
2026-05-24 20:30:00,33.6,56.4,5.0,2,51.3,4.3
2026-05-24 20:35:00,33.1,56.6,5.0,3,73.9,6.2
2026-05-24 20:40:00,35.0,55.9,5.0,3,120.8,10.1
2026-05-24 20:45:00,32.6,56.3,5.0,3,140.8,11.7
2026-05-24 20:50:00,32.3,57.8,4.0,3,126.7,10.6
2026-05-24 20:55:00,34.2,54.4,5.0,3,189.6,15.8
2026-05-24 21:00:00,30.7,61.1,5.0,3,10.0,0.8
2026-05-24 21:05:00,33.5,57.9,5.0,3,84.9,7.1
2026-05-24 21:10:00,33.1,57.0,6.0,3,200.7,16.7
2026-05-24 21:15:00,32.7,58.2,5.0,3,10.0,0.8
2026-05-24 21:20:00,35.3,55.4,5.0,3,10.0,0.8
2026-05-24 21:25:00,32.0,61.0,6.0,3,167.2,13.9
2026-05-24 21:30:00,36.0,54.4,4.0,3,112.3,9.4
2026-05-24 21:35:00,32.6,59.5,4.0,3,48.1,4.0
2026-05-24 21:40:00,31.0,58.4,5.0,3,132.7,11.1
2026-05-24 21:45:00,33.0,59.5,5.0,3,143.6,12.0
2026-05-24 21:50:00,31.3,61.4,5.0,3,26.8,2.2
2026-05-24 21:55:00,31.8,61.0,4.0,3,98.3,8.2
2026-05-24 22:00:00,32.8,61.2,4.0,3,10.0,0.8
2026-05-24 22:05:00,33.1,58.7,4.0,3,206.5,17.2
2026-05-24 22:10:00,31.3,62.1,4.0,3,10.0,0.8
2026-05-24 22:15:00,33.7,60.6,4.0,3,93.6,7.8
2026-05-24 22:20:00,33.9,55.2,5.0,3,174.8,14.6
2026-05-24 22:25:00,34.3,55.9,4.0,3,281.1,23.4
2026-05-24 22:30:00,33.0,55.3,5.0,3,88.1,7.3
2026-05-24 22:35:00,34.2,59.1,6.0,2,128.8,10.7
2026-05-24 22:40:00,29.5,58.5,4.0,3,347.0,28.9
2026-05-24 22:45:00,31.8,55.9,4.0,2,8.8,0.7
2026-05-24 22:50:00,31.0,57.9,4.0,3,10.0,0.9
2026-05-24 22:55:00,32.4,55.4,4.0,3,156.8,13.1
2026-05-24 23:00:00,30.9,61.2,4.0,3,43.5,3.6
2026-05-24 23:05:00,31.7,58.8,6.0,3,249.3,20.8
2026-05-24 23:10:00,35.5,55.7,5.0,3,97.2,8.1
2026-05-24 23:15:00,31.7,60.3,4.0,3,14.3,1.2
2026-05-24 23:20:00,32.8,59.8,4.0,3,214.1,17.8
2026-05-24 23:25:00,31.6,57.6,4.0,3,66.4,5.5
2026-05-24 23:30:00,32.1,59.1,4.0,3,10.0,0.8
2026-05-24 23:35:00,32.0,60.1,5.0,3,76.7,6.4
2026-05-24 23:40:00,32.8,59.2,4.0,3,193.8,16.2
2026-05-24 23:45:00,34.2,58.5,5.0,3,91.9,7.7
2026-05-24 23:50:00,35.0,60.3,5.0,2,105.3,8.8
2026-05-24 23:55:00,32.6,63.1,5.0,3,70.4,5.9
2026-05-25 00:00:00,32.4,59.3,5.0,3,104.7,8.7
2026-05-25 00:05:00,30.2,59.6,5.0,3,10.0,0.8
2026-05-25 00:10:00,31.6,60.1,5.0,3,356.7,29.7
2026-05-25 00:15:00,32.8,59.7,4.0,3,100.1,8.3
2026-05-25 00:20:00,32.8,59.4,6.0,3,189.8,15.8
2026-05-25 00:25:00,31.9,61.0,5.0,3,236.5,19.7
2026-05-25 00:30:00,32.8,62.6,4.0,3,10.2,0.9
2026-05-25 00:35:00,32.3,57.4,4.0,3,10.0,0.8
2026-05-25 00:40:00,33.2,58.4,4.0,3,245.0,20.4
2026-05-25 00:45:00,32.0,62.2,5.0,3,32.7,2.7
2026-05-25 00:50:00,31.2,60.0,4.0,3,70.2,5.8
2026-05-25 00:55:00,32.1,61.1,6.0,3,37.7,3.1
2026-05-25 01:00:00,28.3,65.4,4.0,3,10.0,0.8
2026-05-25 01:05:00,31.4,62.5,5.0,3,84.6,7.0
2026-05-25 01:10:00,27.7,68.4,4.0,3,98.0,8.1
2026-05-25 01:15:00,29.4,63.5,6.0,3,198.7,16.6
2026-05-25 01:20:00,31.4,57.4,4.0,3,64.5,5.4
2026-05-25 01:25:00,31.4,59.2,6.0,3,50.3,4.2
2026-05-25 01:30:00,29.9,66.0,4.0,3,151.7,12.6
2026-05-25 01:35:00,30.4,59.2,4.0,3,183.1,15.3
2026-05-25 01:40:00,32.3,60.0,5.0,2,124.2,10.4
2026-05-25 01:45:00,30.6,57.1,4.0,3,10.0,0.8
2026-05-25 01:50:00,33.1,55.9,4.0,3,10.0,0.8
2026-05-25 01:55:00,31.0,62.4,5.0,3,300.5,25.0
2026-05-25 02:00:00,31.0,61.0,5.0,3,241.6,20.1
2026-05-25 02:05:00,32.3,58.0,4.0,3,44.8,3.7
2026-05-25 02:10:00,30.7,59.4,5.0,3,74.7,6.2
2026-05-25 02:15:00,29.4,58.5,4.0,3,100.0,8.3
2026-05-25 02:20:00,30.4,63.4,5.0,3,27.7,2.3
2026-05-25 02:25:00,30.5,60.9,4.0,3,51.4,4.3
2026-05-25 02:30:00,29.0,60.2,5.0,3,92.5,7.7
2026-05-25 02:35:00,30.2,62.1,4.0,3,10.0,0.8
2026-05-25 02:40:00,29.7,64.2,4.0,3,309.1,25.7
2026-05-25 02:45:00,31.6,59.5,4.0,3,10.0,0.8
2026-05-25 02:50:00,30.6,61.7,4.0,3,10.0,0.8
2026-05-25 02:55:00,30.2,62.2,5.0,3,182.7,15.2
2026-05-25 03:00:00,29.9,60.6,4.0,3,68.1,5.7
2026-05-25 03:05:00,30.3,61.8,5.0,3,140.5,11.7
2026-05-25 03:10:00,30.7,62.8,4.0,3,103.1,8.6
2026-05-25 03:15:00,29.0,66.3,4.0,3,69.5,5.8
2026-05-25 03:20:00,29.0,65.7,4.0,3,94.5,7.8
2026-05-25 03:25:00,31.2,58.6,4.0,3,138.7,11.6
2026-05-25 03:30:00,29.6,64.3,4.0,3,203.3,16.9
2026-05-25 03:35:00,28.6,65.5,4.0,3,36.6,3.0
2026-05-25 03:40:00,30.5,59.7,4.0,2,125.5,10.5
2026-05-25 03:45:00,30.5,60.3,4.0,3,144.6,12.1
2026-05-25 03:50:00,28.5,66.2,4.0,3,62.3,5.2
2026-05-25 03:55:00,30.3,65.0,4.0,3,71.0,5.9
2026-05-25 04:00:00,30.6,56.6,5.0,3,25.9,2.2
2026-05-25 04:05:00,30.3,66.1,5.0,3,77.5,6.5
2026-05-25 04:10:00,30.5,64.5,4.0,3,10.0,0.8
2026-05-25 04:15:00,28.4,65.7,4.0,3,10.0,0.8
2026-05-25 04:20:00,30.2,61.4,6.0,3,23.0,1.9
2026-05-25 04:25:00,29.6,64.1,5.0,3,10.0,0.8
2026-05-25 04:30:00,29.4,61.7,4.0,3,19.6,1.6
2026-05-25 04:35:00,30.8,60.5,4.0,3,58.9,4.9
2026-05-25 04:40:00,31.4,56.1,5.0,3,134.6,11.2
2026-05-25 04:45:00,31.8,54.7,6.0,3,10.0,0.8
2026-05-25 04:50:00,31.3,66.2,4.0,3,99.3,8.3
2026-05-25 04:55:00,29.8,62.9,4.0,3,135.5,11.3
2026-05-25 05:00:00,30.1,62.8,5.0,3,78.5,6.5
2026-05-25 05:05:00,30.5,61.7,5.0,3,118.6,9.9
2026-05-25 05:10:00,29.9,61.0,5.0,3,120.8,10.1
2026-05-25 05:15:00,29.9,62.1,6.0,3,69.7,5.8
2026-05-25 05:20:00,30.5,62.0,4.0,3,42.9,3.6
2026-05-25 05:25:00,29.7,62.6,5.0,3,116.3,9.7
2026-05-25 05:30:00,29.1,62.4,6.0,3,10.0,0.8
2026-05-25 05:35:00,29.4,64.5,6.0,3,10.0,0.8
2026-05-25 05:40:00,30.3,62.5,5.0,3,37.0,3.1
2026-05-25 05:45:00,29.7,63.9,5.0,3,50.9,4.2
2026-05-25 05:50:00,30.1,63.9,5.0,3,113.8,9.6
2026-05-25 05:55:00,30.4,61.6,6.0,3,109.9,9.3
2026-05-25 06:00:00,29.1,63.7,5.0,0,3.9,0.3
2026-05-25 06:05:00,30.2,65.3,5.0,3,43.9,3.7
2026-05-25 06:10:00,29.8,61.1,6.0,3,108.0,9.0
2026-05-25 06:15:00,28.4,61.4,4.0,1,150.9,12.6
2026-05-25 06:20:00,30.8,62.6,6.0,3,179.9,15.0
2026-05-25 06:25:00,29.0,63.0,4.0,0,5.7,0.5
2026-05-25 06:30:00,28.0,63.6,5.0,3,84.4,7.0
2026-05-25 06:35:00,28.5,66.8,5.0,3,18.7,1.6
2026-05-25 06:40:00,28.6,64.5,5.0,2,156.9,13.1
2026-05-25 06:45:00,29.5,60.9,5.0,3,64.8,5.4
2026-05-25 06:50:00,29.2,67.8,6.0,1,10.0,0.8
2026-05-25 06:55:00,29.2,60.7,5.0,3,163.2,13.6
2026-05-25 07:00:00,29.8,62.7,7.0,0,5.8,0.5
2026-05-25 07:05:00,29.4,58.9,6.0,3,10.0,0.7
2026-05-25 07:10:00,29.4,64.1,4.0,3,158.4,13.2
2026-05-25 07:15:00,29.5,61.8,4.0,3,51.4,4.3
2026-05-25 07:20:00,29.8,64.8,5.0,1,16.6,1.3
2026-05-25 07:25:00,26.8,67.4,6.0,0,8.3,0.7
2026-05-25 07:30:00,28.7,67.8,5.0,0,4.0,0.3
2026-05-25 07:35:00,26.7,66.6,5.0,1,67.9,5.7
2026-05-25 07:40:00,29.1,60.1,9.0,1,129.7,10.8
2026-05-25 07:45:00,29.1,64.5,5.0,1,102.8,8.6
2026-05-25 07:50:00,30.2,61.7,7.0,0,7.0,0.6
2026-05-25 07:55:00,30.4,57.6,5.0,1,25.9,2.2
2026-05-25 08:00:00,29.2,61.2,4.0,0,7.2,0.6
2026-05-25 08:05:00,28.4,63.1,7.0,0,5.0,0.4
2026-05-25 08:10:00,29.5,67.0,9.0,0,4.2,0.4
2026-05-25 08:15:00,28.4,66.6,8.0,0,8.2,0.7
2026-05-25 08:20:00,29.0,63.2,7.0,0,3.5,0.3
2026-05-25 08:25:00,30.1,63.5,6.0,0,3.9,0.3
2026-05-25 08:30:00,28.3,60.2,5.0,3,195.7,16.3
2026-05-25 08:35:00,29.9,61.3,8.0,3,123.8,10.3
2026-05-25 08:40:00,29.7,63.9,5.0,0,3.5,0.3
2026-05-25 08:45:00,27.9,66.1,5.0,3,152.3,12.7
2026-05-25 08:50:00,30.0,61.2,7.0,3,179.6,15.0
2026-05-25 08:55:00,29.7,62.9,6.0,3,195.1,16.3
2026-05-25 09:00:00,29.7,63.9,9.0,3,173.5,14.5
2026-05-25 09:05:00,28.7,64.5,7.0,1,46.3,3.9
2026-05-25 09:10:00,28.6,66.8,5.0,0,4.1,0.3
2026-05-25 09:15:00,28.9,65.0,4.0,0,5.0,0.4
2026-05-25 09:20:00,30.1,63.7,5.0,0,8.5,0.7
2026-05-25 09:25:00,28.5,69.0,10.0,0,4.7,0.4
2026-05-25 09:30:00,30.0,64.6,6.0,0,9.7,0.8
2026-05-25 09:35:00,28.2,69.5,8.0,0,7.3,0.6
2026-05-25 09:40:00,29.3,62.0,4.0,0,4.5,0.4
2026-05-25 09:45:00,29.7,59.2,4.0,0,4.5,0.4
2026-05-25 09:50:00,32.2,58.9,6.0,0,5.9,0.6
2026-05-25 09:55:00,28.0,65.1,9.0,1,101.2,8.4
2026-05-25 10:00:00,32.2,62.9,5.0,0,5.7,0.5
2026-05-25 10:05:00,30.7,59.2,5.0,0,3.5,0.3
2026-05-25 10:10:00,31.0,61.2,7.0,0,4.0,0.3
2026-05-25 10:15:00,30.7,62.6,8.0,1,36.3,3.0
2026-05-25 10:20:00,31.0,61.5,7.0,0,3.5,0.3
2026-05-25 10:25:00,30.4,61.8,7.0,0,9.0,0.8
2026-05-25 10:30:00,32.2,60.5,5.0,0,5.8,0.5
2026-05-25 10:35:00,30.0,65.1,4.0,3,16.5,1.4
2026-05-25 10:40:00,31.8,63.6,5.0,0,4.9,0.4
2026-05-25 10:45:00,29.8,63.0,5.0,3,164.8,13.7
2026-05-25 10:50:00,30.5,60.2,6.0,0,4.2,0.4
2026-05-25 10:55:00,29.3,67.0,5.0,0,4.4,0.4
2026-05-25 11:00:00,32.5,56.3,6.0,0,3.5,0.3
2026-05-25 11:05:00,33.6,61.5,6.0,0,5.8,0.5
2026-05-25 11:10:00,31.9,63.0,5.0,3,10.0,0.8
2026-05-25 11:15:00,31.8,63.5,7.0,1,78.6,6.5
2026-05-25 11:20:00,30.8,63.1,5.0,1,32.4,2.7
2026-05-25 11:25:00,31.7,55.0,8.0,3,10.0,0.8
2026-05-25 11:30:00,30.2,59.9,7.0,0,7.1,0.6
2026-05-25 11:35:00,31.0,61.9,5.0,0,8.6,0.7
2026-05-25 11:40:00,32.2,57.7,8.0,0,7.1,0.6
2026-05-25 11:45:00,33.4,56.7,5.0,1,88.5,7.4
2026-05-25 11:50:00,35.1,56.4,8.0,3,91.6,7.6
2026-05-25 11:55:00,31.3,60.3,7.0,0,7.0,0.7
2026-05-25 12:00:00,34.6,52.5,4.0,0,7.8,0.6
2026-05-25 12:05:00,33.3,59.8,4.0,1,95.6,8.0
2026-05-25 12:10:00,32.8,59.7,6.0,3,208.9,17.4
2026-05-25 12:15:00,33.5,56.7,8.0,0,5.2,0.4
2026-05-25 12:20:00,33.1,59.7,6.0,0,3.5,0.3
2026-05-25 12:25:00,33.1,58.2,6.0,0,7.1,0.6
2026-05-25 12:30:00,32.6,62.1,6.0,0,4.1,0.3
2026-05-25 12:35:00,31.4,61.0,4.0,0,5.3,0.4
2026-05-25 12:40:00,31.3,64.1,8.0,1,10.0,0.8
2026-05-25 12:45:00,33.7,52.3,8.0,0,3.5,0.3
2026-05-25 12:50:00,32.7,59.7,7.0,3,89.6,7.5
2026-05-25 12:55:00,32.3,58.2,6.0,0,7.8,0.7
2026-05-25 13:00:00,33.7,54.5,5.0,2,257.8,21.5
2026-05-25 13:05:00,34.6,58.3,5.0,0,7.2,0.6
2026-05-25 13:10:00,33.9,58.7,5.0,0,3.5,0.4
2026-05-25 13:15:00,32.9,52.7,8.0,0,5.7,0.5
2026-05-25 13:20:00,35.1,56.3,6.0,1,151.3,12.6
2026-05-25 13:25:00,35.5,55.4,7.0,1,156.6,13.0
2026-05-25 13:30:00,34.2,54.0,7.0,1,10.0,0.8
2026-05-25 13:35:00,34.8,52.8,6.0,0,7.6,0.7
2026-05-25 13:40:00,35.1,50.3,5.0,1,54.0,4.5
2026-05-25 13:45:00,34.9,53.9,7.0,3,29.2,2.4
2026-05-25 13:50:00,34.4,55.1,5.0,0,5.2,0.4
2026-05-25 13:55:00,34.3,57.8,7.0,0,5.5,0.5
2026-05-25 14:00:00,35.2,55.2,6.0,2,5.0,0.4
2026-05-25 14:05:00,32.8,54.8,6.0,3,153.9,12.8
2026-05-25 14:10:00,35.4,54.9,6.0,3,58.5,4.9
2026-05-25 14:15:00,32.5,57.1,7.0,3,139.7,11.6
2026-05-25 14:20:00,33.3,54.5,5.0,1,10.0,0.8
2026-05-25 14:25:00,36.3,49.4,8.0,3,111.1,9.3
2026-05-25 14:30:00,35.6,55.6,6.0,1,10.0,0.8
2026-05-25 14:35:00,36.5,54.1,6.0,0,7.4,0.6
2026-05-25 14:40:00,34.0,57.3,7.0,1,103.9,8.7
2026-05-25 14:45:00,32.8,55.6,7.0,4,72.2,6.0
2026-05-25 14:50:00,34.1,56.2,7.0,3,15.3,1.2
2026-05-25 14:55:00,34.6,51.9,7.0,1,152.0,12.7
2026-05-25 15:00:00,35.4,52.0,9.0,2,69.5,5.8
2026-05-25 15:05:00,36.8,52.7,8.0,3,199.7,16.6
2026-05-25 15:10:00,34.8,55.4,7.0,3,10.0,0.8
2026-05-25 15:15:00,35.7,50.3,6.0,2,94.6,7.9
2026-05-25 15:20:00,33.9,53.5,6.0,6,197.0,16.4
2026-05-25 15:25:00,35.9,52.8,8.0,2,59.8,5.0
2026-05-25 15:30:00,35.3,56.4,8.0,2,190.3,15.9
2026-05-25 15:35:00,34.2,53.7,8.0,2,196.2,16.3
2026-05-25 15:40:00,34.9,55.1,4.0,3,21.0,1.8
2026-05-25 15:45:00,35.0,55.2,5.0,2,273.8,22.8
2026-05-25 15:50:00,34.9,54.2,7.0,1,63.9,5.3
2026-05-25 15:55:00,37.7,52.2,7.0,2,88.2,7.4
2026-05-25 16:00:00,35.6,50.7,8.0,2,9.6,0.8
2026-05-25 16:05:00,35.4,52.5,10.0,3,156.4,13.1
2026-05-25 16:10:00,32.6,60.3,10.0,3,352.6,29.4
2026-05-25 16:15:00,34.4,58.5,8.0,2,81.3,6.8
2026-05-25 16:20:00,35.4,55.9,6.0,2,23.8,2.0
2026-05-25 16:25:00,34.8,57.1,6.0,2,164.0,13.7
2026-05-25 16:30:00,37.9,48.0,8.0,2,158.2,13.2
2026-05-25 16:35:00,35.5,51.7,8.0,2,159.5,13.3
2026-05-25 16:40:00,37.7,50.8,6.0,2,262.4,21.9
2026-05-25 16:45:00,35.9,59.0,9.0,2,100.6,8.4
2026-05-25 16:50:00,35.8,52.8,5.0,3,10.0,0.8
2026-05-25 16:55:00,35.7,55.4,4.0,2,49.4,4.1
2026-05-25 17:00:00,35.9,54.4,6.0,3,89.0,7.4
2026-05-25 17:05:00,38.9,51.0,12.0,3,10.0,0.8
2026-05-25 17:10:00,31.8,57.8,12.0,3,87.3,7.3
2026-05-25 17:15:00,32.3,53.9,4.0,2,96.0,8.0
2026-05-25 17:20:00,34.9,48.0,5.0,3,42.7,3.5
2026-05-25 17:25:00,35.9,56.9,10.0,3,103.6,8.6
2026-05-25 17:30:00,37.1,50.3,7.0,2,23.8,2.0
2026-05-25 17:35:00,36.7,48.0,12.0,3,224.6,18.7
2026-05-25 17:40:00,35.2,55.3,10.0,3,176.4,14.6
2026-05-25 17:45:00,37.7,52.5,11.0,2,45.7,3.8
2026-05-25 17:50:00,37.7,53.5,6.0,2,100.6,8.4
2026-05-25 17:55:00,36.2,56.1,10.0,2,138.1,11.5
2026-05-25 18:00:00,36.5,50.2,9.0,3,69.4,5.8
2026-05-25 18:05:00,35.4,51.5,6.0,3,162.7,13.6
2026-05-25 18:10:00,33.9,54.7,6.0,2,34.6,2.9
2026-05-25 18:15:00,36.1,55.3,5.0,3,107.5,9.0
2026-05-25 18:20:00,35.1,48.5,4.0,3,10.0,0.8
2026-05-25 18:25:00,34.9,54.8,4.0,2,5.0,0.4
2026-05-25 18:30:00,37.4,54.2,5.0,3,96.3,8.0
2026-05-25 18:35:00,30.6,61.5,4.0,3,142.9,11.9
2026-05-25 18:40:00,32.4,59.1,4.0,3,428.3,35.7
2026-05-25 18:45:00,32.8,59.6,4.0,3,217.7,18.1
2026-05-25 18:50:00,34.3,48.0,5.0,3,165.3,13.8
2026-05-25 18:55:00,34.4,59.3,7.0,3,10.0,0.8
2026-05-25 19:00:00,32.2,58.7,5.0,3,119.4,10.0
2026-05-25 19:05:00,32.9,60.2,5.0,3,228.8,19.1
2026-05-25 19:10:00,33.1,54.2,6.0,3,151.5,12.6
2026-05-25 19:15:00,37.6,48.0,6.0,3,204.7,17.1
2026-05-25 19:20:00,36.7,56.8,6.0,3,148.6,12.4
2026-05-25 19:25:00,33.7,54.1,5.0,3,194.3,16.2
2026-05-25 19:30:00,33.8,55.4,5.0,3,10.0,0.8
2026-05-25 19:35:00,32.7,58.6,5.0,3,249.1,20.8
2026-05-25 19:40:00,31.7,60.4,6.0,2,155.2,12.9
2026-05-25 19:45:00,34.1,58.2,5.0,3,175.7,14.6
2026-05-25 19:50:00,32.9,57.7,5.0,3,208.3,17.4
2026-05-25 19:55:00,34.1,53.3,5.0,3,116.4,9.6
2026-05-25 20:00:00,31.4,60.7,5.0,3,151.9,12.7
2026-05-25 20:05:00,32.6,59.5,4.0,3,169.3,14.2
2026-05-25 20:10:00,33.9,52.8,5.0,3,89.5,7.5
2026-05-25 20:15:00,34.2,59.3,6.0,3,34.9,3.0
2026-05-25 20:20:00,34.2,51.1,6.0,3,10.0,0.8
2026-05-25 20:25:00,31.8,60.9,6.0,3,93.5,7.8
2026-05-25 20:30:00,34.9,54.2,5.0,3,28.5,2.5
2026-05-25 20:35:00,32.5,59.5,5.0,3,41.1,3.4
2026-05-25 20:40:00,34.6,56.9,6.0,3,234.3,19.5
2026-05-25 20:45:00,33.6,56.8,5.0,3,247.7,20.6
2026-05-25 20:50:00,31.7,59.8,5.0,3,73.8,6.2
2026-05-25 20:55:00,33.2,57.1,6.0,3,219.5,18.3
2026-05-25 21:00:00,33.6,58.7,5.0,3,88.4,7.4
2026-05-25 21:05:00,34.0,61.2,4.0,3,71.8,6.0
2026-05-25 21:10:00,32.9,55.4,5.0,3,137.4,11.4
2026-05-25 21:15:00,35.3,49.8,5.0,3,39.3,3.3
2026-05-25 21:20:00,34.6,55.7,5.0,2,31.2,2.6
2026-05-25 21:25:00,32.7,57.3,6.0,3,75.3,6.3
2026-05-25 21:30:00,34.2,56.1,4.0,3,223.0,18.6
2026-05-25 21:35:00,35.9,53.5,5.0,3,134.2,11.2
2026-05-25 21:40:00,36.0,56.9,4.0,3,138.4,11.5
2026-05-25 21:45:00,31.3,56.8,5.0,3,84.9,7.1
2026-05-25 21:50:00,31.7,59.9,5.0,3,77.0,6.4
2026-05-25 21:55:00,35.3,57.1,4.0,3,115.0,9.6
2026-05-25 22:00:00,30.8,60.8,5.0,3,173.3,14.4
2026-05-25 22:05:00,30.5,61.4,5.0,3,135.1,11.3
2026-05-25 22:10:00,31.7,61.2,5.0,3,158.5,13.2
2026-05-25 22:15:00,33.0,58.3,4.0,3,10.0,0.8
2026-05-25 22:20:00,32.2,58.3,4.0,3,16.6,1.4
2026-05-25 22:25:00,31.4,60.6,4.0,2,111.2,9.3
2026-05-25 22:30:00,31.4,60.8,4.0,3,51.0,4.2
2026-05-25 22:35:00,31.3,61.4,4.0,3,143.2,11.9
2026-05-25 22:40:00,31.1,56.7,5.0,3,137.1,11.4
2026-05-25 22:45:00,35.7,55.4,4.0,3,162.1,13.5
2026-05-25 22:50:00,32.8,56.3,4.0,3,74.6,6.2
2026-05-25 22:55:00,33.7,58.6,5.0,3,114.4,9.5
2026-05-25 23:00:00,31.2,61.8,4.0,3,260.9,21.7
2026-05-25 23:05:00,31.8,59.9,5.0,3,107.9,9.0
2026-05-25 23:10:00,30.8,59.8,5.0,3,10.0,0.8
2026-05-25 23:15:00,27.2,63.8,4.0,3,147.7,12.3
2026-05-25 23:20:00,29.6,61.4,5.0,3,209.1,17.4
2026-05-25 23:25:00,28.8,64.2,5.0,3,205.5,17.1
2026-05-25 23:30:00,28.0,65.1,4.0,3,76.2,6.4
2026-05-25 23:35:00,29.9,62.9,5.0,3,82.1,6.8
2026-05-25 23:40:00,34.6,59.1,4.0,3,171.6,14.3
2026-05-25 23:45:00,32.1,62.9,4.0,3,117.5,9.8
2026-05-25 23:50:00,34.5,59.2,5.0,3,153.2,12.8
2026-05-25 23:55:00,32.9,59.0,5.0,3,54.5,4.5
2026-05-26 00:00:00,32.4,58.8,5.0,3,137.1,11.4
2026-05-26 00:05:00,30.3,60.4,5.0,3,57.6,4.8
2026-05-26 00:10:00,32.0,60.1,4.0,3,86.2,7.2
2026-05-26 00:15:00,32.3,60.5,4.0,3,10.0,0.8
2026-05-26 00:20:00,30.7,59.1,5.0,3,33.5,2.8
2026-05-26 00:25:00,32.1,59.4,4.0,3,10.0,0.8
2026-05-26 00:30:00,32.1,60.3,4.0,3,10.0,0.8
2026-05-26 00:35:00,30.7,62.0,5.0,3,22.2,1.8
2026-05-26 00:40:00,30.0,61.6,5.0,3,142.2,11.7
2026-05-26 00:45:00,29.9,62.1,4.0,3,125.8,10.4
2026-05-26 00:50:00,31.5,58.7,4.0,3,178.3,14.9
2026-05-26 00:55:00,31.8,59.0,4.0,3,64.5,5.4
2026-05-26 01:00:00,30.0,62.1,4.0,2,188.8,15.7
2026-05-26 01:05:00,30.7,62.1,5.0,3,10.0,0.8
2026-05-26 01:10:00,31.2,61.0,4.0,2,162.8,13.6
2026-05-26 01:15:00,31.3,59.0,4.0,3,135.8,11.3
2026-05-26 01:20:00,32.1,59.0,4.0,3,103.1,8.6
2026-05-26 01:25:00,31.9,62.3,6.0,3,92.7,7.7
2026-05-26 01:30:00,29.8,63.4,4.0,3,10.0,0.8
2026-05-26 01:35:00,32.3,58.9,4.0,3,72.4,6.0
2026-05-26 01:40:00,30.2,60.2,4.0,3,164.3,13.7
2026-05-26 01:45:00,31.7,58.8,4.0,3,10.0,0.8
2026-05-26 01:50:00,30.8,61.1,5.0,3,10.0,0.8
2026-05-26 01:55:00,30.3,62.3,4.0,3,117.5,9.8
2026-05-26 02:00:00,28.2,66.4,5.0,3,33.5,2.8
2026-05-26 02:05:00,30.0,63.3,5.0,3,170.0,14.2
2026-05-26 02:10:00,28.5,63.7,4.0,3,75.2,6.3
2026-05-26 02:15:00,31.3,59.2,4.0,2,145.8,12.2
2026-05-26 02:20:00,31.9,64.4,4.0,3,12.6,1.0
2026-05-26 02:25:00,29.3,62.1,4.0,3,117.3,9.8
2026-05-26 02:30:00,30.6,58.4,4.0,3,101.5,8.5
2026-05-26 02:35:00,29.4,59.3,4.0,3,101.6,8.5
2026-05-26 02:40:00,29.5,62.3,5.0,3,10.0,0.8
2026-05-26 02:45:00,31.1,63.0,4.0,3,210.9,17.5
2026-05-26 02:50:00,30.2,60.7,4.0,3,52.2,4.4
2026-05-26 02:55:00,32.2,62.6,5.0,3,231.0,19.2
2026-05-26 03:00:00,29.3,63.3,4.0,3,10.0,0.8
2026-05-26 03:05:00,30.8,63.5,4.0,3,180.9,15.1
2026-05-26 03:10:00,29.9,60.5,4.0,2,184.5,15.5
2026-05-26 03:15:00,30.6,59.4,5.0,3,148.8,12.4
2026-05-26 03:20:00,29.3,63.5,4.0,3,78.3,6.5
2026-05-26 03:25:00,29.7,63.8,5.0,3,10.0,0.8
2026-05-26 03:30:00,29.6,62.4,4.0,3,109.7,9.1
2026-05-26 03:35:00,28.9,64.6,4.0,3,10.0,0.8
2026-05-26 03:40:00,30.5,62.8,5.0,3,64.3,5.4
2026-05-26 03:45:00,30.4,58.1,4.0,3,173.7,14.5
2026-05-26 03:50:00,30.4,60.7,4.0,3,87.0,7.2
2026-05-26 03:55:00,31.4,58.7,5.0,3,86.8,7.2
2026-05-26 04:00:00,31.1,59.2,5.0,3,225.7,18.8
2026-05-26 04:05:00,29.2,64.8,4.0,3,116.0,9.7
2026-05-26 04:10:00,30.0,61.0,5.0,3,255.2,21.3
2026-05-26 04:15:00,28.9,59.1,6.0,3,75.2,6.3
2026-05-26 04:20:00,29.6,62.4,5.0,3,193.9,16.2
2026-05-26 04:25:00,28.9,61.5,4.0,3,91.0,7.6
2026-05-26 04:30:00,31.3,61.4,4.0,3,134.7,11.2
2026-05-26 04:35:00,30.0,64.5,6.0,3,31.6,2.6
2026-05-26 04:40:00,29.3,57.9,4.0,3,126.3,10.5
2026-05-26 04:45:00,30.8,59.0,4.0,3,132.1,11.0
2026-05-26 04:50:00,27.3,68.0,5.0,3,115.3,9.6
2026-05-26 04:55:00,27.5,63.0,5.0,2,118.2,9.9
2026-05-26 05:00:00,30.2,63.9,6.0,3,10.0,0.9
2026-05-26 05:05:00,29.5,65.6,5.0,3,194.7,16.2
2026-05-26 05:10:00,29.7,62.7,5.0,3,131.5,11.0
2026-05-26 05:15:00,28.2,63.8,5.0,3,143.2,11.9
2026-05-26 05:20:00,29.4,58.7,6.0,3,237.5,19.8
2026-05-26 05:25:00,31.3,62.2,5.0,2,13.3,1.1
2026-05-26 05:30:00,30.2,66.5,5.0,3,97.8,8.1
2026-05-26 05:35:00,29.6,67.0,6.0,3,164.2,13.7
2026-05-26 05:40:00,29.0,63.8,4.0,3,172.3,14.4
2026-05-26 05:45:00,29.1,61.7,5.0,3,80.2,6.7
2026-05-26 05:50:00,27.5,68.3,5.0,2,291.5,24.3
2026-05-26 05:55:00,29.7,62.8,5.0,3,105.0,8.8
2026-05-26 06:00:00,30.0,63.6,5.0,3,35.0,2.9
2026-05-26 06:05:00,27.8,66.7,5.0,1,140.0,11.8
2026-05-26 06:10:00,28.6,65.0,5.0,2,134.2,11.2
2026-05-26 06:15:00,28.1,67.7,8.0,3,10.0,0.8
2026-05-26 06:20:00,28.3,67.4,6.0,0,5.0,0.4
2026-05-26 06:25:00,29.2,62.9,6.0,2,136.7,11.4
2026-05-26 06:30:00,27.3,65.0,5.0,3,38.5,3.2
2026-05-26 06:35:00,29.7,58.1,5.0,3,10.0,0.8
2026-05-26 06:40:00,29.9,62.1,5.0,3,10.0,0.8
2026-05-26 06:45:00,29.0,62.0,5.0,3,42.4,3.5
2026-05-26 06:50:00,26.9,68.3,4.0,1,33.2,2.8
2026-05-26 06:55:00,28.3,64.6,6.0,3,312.7,26.1
2026-05-26 07:00:00,30.1,61.9,7.0,0,5.3,0.4
2026-05-26 07:05:00,26.0,70.6,4.0,0,7.1,0.6
2026-05-26 07:10:00,28.4,66.0,4.0,0,3.5,0.3
2026-05-26 07:15:00,27.5,66.1,7.0,0,4.1,0.3
2026-05-26 07:20:00,29.7,67.1,6.0,0,3.5,0.3
2026-05-26 07:25:00,28.0,67.4,4.0,0,9.5,0.8
2026-05-26 07:30:00,29.2,62.8,6.0,3,10.0,0.7
2026-05-26 07:35:00,29.4,62.6,5.0,0,5.7,0.5
2026-05-26 07:40:00,30.8,63.2,5.0,1,10.0,0.8
2026-05-26 07:45:00,28.6,65.2,4.0,1,46.3,3.9
2026-05-26 07:50:00,29.2,61.1,6.0,3,149.6,12.5
2026-05-26 07:55:00,27.1,69.1,7.0,0,7.6,0.6
2026-05-26 08:00:00,30.0,65.5,5.0,3,10.0,0.8
2026-05-26 08:05:00,27.8,68.6,8.0,0,3.5,0.3
2026-05-26 08:10:00,28.0,69.2,6.0,0,8.0,0.7
2026-05-26 08:15:00,28.6,69.6,8.0,0,4.9,0.4
2026-05-26 08:20:00,26.9,71.0,5.0,1,27.4,2.2
2026-05-26 08:25:00,28.9,65.0,9.0,0,8.3,0.7
2026-05-26 08:30:00,29.7,62.5,8.0,0,5.1,0.4
2026-05-26 08:35:00,29.0,59.6,7.0,0,3.5,0.3
2026-05-26 08:40:00,26.9,67.2,7.0,0,7.7,0.6
2026-05-26 08:45:00,28.5,66.0,5.0,0,5.6,0.5
2026-05-26 08:50:00,29.5,63.4,5.0,1,85.6,7.1
2026-05-26 08:55:00,26.6,63.1,7.0,0,3.5,0.3
2026-05-26 09:00:00,28.1,64.8,4.0,3,130.6,10.9
2026-05-26 09:05:00,30.2,63.8,5.0,3,164.0,13.7
2026-05-26 09:10:00,29.6,60.7,5.0,0,3.5,0.3
2026-05-26 09:15:00,29.7,63.4,7.0,0,6.3,0.5
2026-05-26 09:20:00,31.3,61.6,7.0,0,5.4,0.4
2026-05-26 09:25:00,29.8,65.6,9.0,3,10.0,0.8
2026-05-26 09:30:00,30.0,66.7,6.0,0,5.9,0.5
2026-05-26 09:35:00,32.2,58.3,5.0,0,6.0,0.5
2026-05-26 09:40:00,29.0,64.5,4.0,0,5.2,0.4
2026-05-26 09:45:00,28.4,65.5,7.0,0,6.3,0.5
2026-05-26 09:50:00,29.7,64.6,9.0,0,6.9,0.6
2026-05-26 09:55:00,29.7,64.3,6.0,1,117.2,9.8
2026-05-26 10:00:00,29.6,66.4,6.0,0,5.2,0.4
2026-05-26 10:05:00,29.1,58.8,6.0,3,47.3,3.9
2026-05-26 10:10:00,32.9,59.7,6.0,3,22.4,1.9
2026-05-26 10:15:00,30.6,62.9,7.0,3,148.3,12.4
2026-05-26 10:20:00,29.4,63.0,9.0,0,6.5,0.5
2026-05-26 10:25:00,31.3,55.9,7.0,0,6.6,0.6
2026-05-26 10:30:00,30.1,62.4,7.0,0,7.6,0.6
2026-05-26 10:35:00,29.9,61.3,6.0,1,10.0,0.8
2026-05-26 10:40:00,30.9,65.2,6.0,0,3.5,0.3
2026-05-26 10:45:00,28.8,65.1,6.0,0,4.6,0.4
2026-05-26 10:50:00,30.6,60.1,6.0,0,6.6,0.5
2026-05-26 10:55:00,32.4,54.9,6.0,0,9.7,0.8
2026-05-26 11:00:00,32.2,60.7,7.0,0,7.9,0.7
2026-05-26 11:05:00,31.3,62.4,6.0,0,7.9,0.7
2026-05-26 11:10:00,31.1,60.5,6.0,0,10.8,0.9
2026-05-26 11:15:00,31.2,62.3,6.0,3,129.8,10.8
2026-05-26 11:20:00,31.4,59.7,5.0,0,5.3,0.4
2026-05-26 11:25:00,31.3,63.3,7.0,0,9.6,0.8
2026-05-26 11:30:00,32.7,60.9,6.0,3,174.7,14.6
2026-05-26 11:35:00,29.8,59.1,4.0,0,6.9,0.6
2026-05-26 11:40:00,32.6,55.4,7.0,0,3.5,0.3
2026-05-26 11:45:00,31.3,65.6,7.0,1,10.0,0.8
2026-05-26 11:50:00,32.1,61.7,5.0,0,3.5,0.3
2026-05-26 11:55:00,30.4,59.1,7.0,3,90.6,7.5
2026-05-26 12:00:00,34.2,52.3,7.0,0,5.0,0.4
2026-05-26 12:05:00,34.1,56.9,9.0,0,6.8,0.7
2026-05-26 12:10:00,33.8,54.0,6.0,0,5.0,0.4
2026-05-26 12:15:00,31.0,60.4,6.0,3,10.0,0.8
2026-05-26 12:20:00,33.6,57.0,5.0,1,107.2,8.9
2026-05-26 12:25:00,33.2,57.6,7.0,3,10.0,0.8
2026-05-26 12:30:00,30.9,64.2,6.0,0,5.7,0.5
2026-05-26 12:35:00,32.7,63.2,8.0,3,10.0,0.8
2026-05-26 12:40:00,33.1,56.7,6.0,0,9.3,0.9
2026-05-26 12:45:00,33.3,54.8,7.0,0,5.6,0.5
2026-05-26 12:50:00,32.9,59.2,6.0,0,9.4,0.8
2026-05-26 12:55:00,33.0,62.2,4.0,0,7.0,0.6
2026-05-26 13:00:00,35.0,53.6,7.0,0,7.6,0.6
2026-05-26 13:05:00,34.8,57.2,5.0,1,48.2,4.1
2026-05-26 13:10:00,30.1,60.2,6.0,0,5.0,0.5
2026-05-26 13:15:00,33.0,57.9,6.0,3,28.5,2.4
2026-05-26 13:20:00,33.2,54.5,6.0,3,52.7,4.4
2026-05-26 13:25:00,31.3,60.5,6.0,3,62.9,5.2
2026-05-26 13:30:00,33.5,56.7,6.0,1,102.4,8.5
2026-05-26 13:35:00,34.8,56.5,6.0,0,5.4,0.4
2026-05-26 13:40:00,32.1,63.9,6.0,3,91.0,7.6
2026-05-26 13:45:00,33.7,55.7,8.0,0,5.5,0.5
2026-05-26 13:50:00,32.3,53.7,6.0,0,5.3,0.3
2026-05-26 13:55:00,32.6,57.9,5.0,1,25.5,2.1
2026-05-26 14:00:00,36.2,54.1,5.0,2,113.3,9.4
2026-05-26 14:05:00,33.3,57.2,7.0,1,33.4,2.8
2026-05-26 14:10:00,34.8,54.6,5.0,1,114.2,9.5
2026-05-26 14:15:00,31.4,62.6,6.0,0,6.8,0.6
2026-05-26 14:20:00,36.8,53.0,5.0,1,104.4,8.7
2026-05-26 14:25:00,35.0,54.5,7.0,2,5.0,0.4
2026-05-26 14:30:00,33.9,54.2,7.0,3,10.0,0.8
2026-05-26 14:35:00,34.9,50.7,6.0,3,175.7,14.6
2026-05-26 14:40:00,32.1,59.0,7.0,1,131.8,11.0
2026-05-26 14:45:00,35.8,54.4,5.0,1,55.0,4.6
2026-05-26 14:50:00,33.7,53.7,6.0,5,126.7,10.7
2026-05-26 14:55:00,33.8,56.1,7.0,3,128.8,10.7
2026-05-26 15:00:00,34.3,55.1,7.0,2,31.7,2.6
2026-05-26 15:05:00,34.2,54.2,8.0,6,184.8,15.4
2026-05-26 15:10:00,35.9,51.9,5.0,6,196.5,16.4
2026-05-26 15:15:00,35.3,55.2,6.0,2,227.6,19.0
2026-05-26 15:20:00,35.8,53.2,7.0,2,5.0,0.4
2026-05-26 15:25:00,34.9,53.4,7.0,3,70.6,5.9
2026-05-26 15:30:00,35.7,52.0,7.0,3,55.5,4.6
2026-05-26 15:35:00,34.4,55.0,7.0,2,90.5,7.6
2026-05-26 15:40:00,38.0,53.3,6.0,3,58.0,4.8
2026-05-26 15:45:00,32.8,57.6,6.0,2,120.8,10.1
2026-05-26 15:50:00,36.7,52.2,9.0,2,72.4,6.1
2026-05-26 15:55:00,36.8,53.3,6.0,2,257.5,21.5
2026-05-26 16:00:00,34.2,58.4,6.0,2,5.0,0.4
2026-05-26 16:05:00,38.9,51.4,9.0,3,71.6,6.0
2026-05-26 16:10:00,37.0,52.9,6.0,2,43.0,3.6
2026-05-26 16:15:00,37.0,53.7,10.0,3,143.1,11.9
2026-05-26 16:20:00,35.5,53.5,12.0,3,90.0,7.5
2026-05-26 16:25:00,35.2,54.6,7.0,2,124.9,10.4
2026-05-26 16:30:00,35.2,53.1,8.0,3,128.7,10.7
2026-05-26 16:35:00,36.1,49.7,5.0,3,111.1,9.3
2026-05-26 16:40:00,37.6,52.4,9.0,2,130.7,10.9
2026-05-26 16:45:00,35.8,54.3,5.0,3,51.1,4.3
2026-05-26 16:50:00,34.1,54.7,6.0,3,10.0,0.8
2026-05-26 16:55:00,36.7,55.0,8.0,2,107.6,9.0
2026-05-26 17:00:00,37.2,49.9,10.0,3,225.0,18.8
2026-05-26 17:05:00,36.7,48.0,5.0,2,120.9,10.1
2026-05-26 17:10:00,36.9,50.3,7.0,2,50.0,4.2
2026-05-26 17:15:00,35.1,49.9,4.0,3,158.4,13.1
2026-05-26 17:20:00,33.9,56.5,8.0,2,73.3,6.1
2026-05-26 17:25:00,34.0,53.3,6.0,2,17.9,1.5
2026-05-26 17:30:00,32.7,59.6,7.0,2,130.9,11.0
2026-05-26 17:35:00,36.0,55.9,10.0,3,217.2,18.1
2026-05-26 17:40:00,35.4,51.3,9.0,2,5.0,0.4
2026-05-26 17:45:00,34.8,52.3,10.0,3,60.2,5.0
2026-05-26 17:50:00,30.3,61.0,8.0,3,134.0,11.2
2026-05-26 17:55:00,33.4,58.8,10.0,3,50.5,4.2
2026-05-26 18:00:00,36.5,48.0,6.0,3,162.4,13.5
2026-05-26 18:05:00,33.4,56.8,5.0,3,242.8,20.2
2026-05-26 18:10:00,35.2,48.2,7.0,2,5.0,0.4
2026-05-26 18:15:00,32.2,55.9,5.0,3,238.3,19.9
2026-05-26 18:20:00,37.1,55.0,5.0,3,108.0,9.0
2026-05-26 18:25:00,34.3,63.2,7.0,3,169.6,14.1
2026-05-26 18:30:00,35.1,53.6,7.0,3,150.3,12.6
2026-05-26 18:35:00,38.6,48.0,6.0,3,117.1,9.8
2026-05-26 18:40:00,37.2,50.5,7.0,3,142.7,11.9
2026-05-26 18:45:00,34.1,55.5,4.0,3,37.0,3.1
2026-05-26 18:50:00,33.6,54.0,6.0,2,168.3,14.0
2026-05-26 18:55:00,34.0,52.9,5.0,3,10.0,0.8
2026-05-26 19:00:00,34.7,54.1,5.0,3,142.9,11.9
2026-05-26 19:05:00,33.8,57.0,6.0,3,10.0,0.8
2026-05-26 19:10:00,33.4,56.2,6.0,3,30.4,2.5
2026-05-26 19:15:00,36.0,51.5,5.0,3,66.2,5.5
2026-05-26 19:20:00,33.8,54.6,5.0,3,237.3,19.8
2026-05-26 19:25:00,37.1,51.3,5.0,3,99.0,8.2
2026-05-26 19:30:00,34.1,53.5,6.0,3,27.3,2.3
2026-05-26 19:35:00,36.4,51.4,4.0,2,53.7,4.5
2026-05-26 19:40:00,34.5,56.8,5.0,3,10.0,0.8
2026-05-26 19:45:00,35.3,53.8,5.0,3,89.3,7.4
2026-05-26 19:50:00,33.0,53.0,6.0,3,86.0,7.2
2026-05-26 19:55:00,32.8,59.6,5.0,3,10.0,0.8
2026-05-26 20:00:00,34.0,57.4,5.0,3,116.7,9.7
2026-05-26 20:05:00,34.8,52.8,5.0,3,10.0,0.8
2026-05-26 20:10:00,33.4,56.3,5.0,3,10.1,0.8
2026-05-26 20:15:00,31.5,57.4,6.0,3,224.8,18.7
2026-05-26 20:20:00,31.4,60.6,6.0,3,10.0,0.8
2026-05-26 20:25:00,31.3,58.5,5.0,3,93.0,7.8
2026-05-26 20:30:00,30.9,59.5,5.0,3,138.6,11.5
2026-05-26 20:35:00,33.5,56.6,5.0,3,264.9,22.1
2026-05-26 20:40:00,35.0,52.4,4.0,3,238.8,19.9
2026-05-26 20:45:00,33.3,60.2,6.0,2,287.9,23.9
2026-05-26 20:50:00,30.2,61.8,5.0,3,162.0,13.5
2026-05-26 20:55:00,33.1,55.9,5.0,2,63.6,5.2
2026-05-26 21:00:00,32.5,58.7,5.0,3,10.0,0.8
2026-05-26 21:05:00,35.9,57.2,5.0,3,20.5,1.7
2026-05-26 21:10:00,30.6,60.2,5.0,3,62.6,5.2
2026-05-26 21:15:00,32.2,61.6,5.0,3,319.1,26.6
2026-05-26 21:20:00,35.3,61.4,5.0,3,148.4,12.4
2026-05-26 21:25:00,33.4,57.3,5.0,3,99.8,8.3
2026-05-26 21:30:00,33.6,56.3,6.0,3,121.2,10.1
2026-05-26 21:35:00,32.9,56.1,4.0,3,224.6,18.7
2026-05-26 21:40:00,33.3,53.4,4.0,3,51.1,4.3
2026-05-26 21:45:00,33.9,59.5,4.0,3,111.1,9.3
2026-05-26 21:50:00,31.6,58.5,4.0,3,84.5,7.0
2026-05-26 21:55:00,34.1,58.6,4.0,3,40.9,3.5
2026-05-26 22:00:00,30.1,62.9,4.0,3,82.5,6.9
2026-05-26 22:05:00,32.6,56.5,4.0,3,135.4,11.3
2026-05-26 22:10:00,32.4,57.0,5.0,3,130.3,10.9
2026-05-26 22:15:00,31.2,63.1,5.0,3,227.4,19.0
2026-05-26 22:20:00,32.1,58.9,4.0,3,49.6,4.1
2026-05-26 22:25:00,31.2,58.6,4.0,3,125.2,10.4
2026-05-26 22:30:00,30.5,58.5,6.0,3,10.0,0.8
2026-05-26 22:35:00,31.6,59.2,5.0,3,97.8,8.1
2026-05-26 22:40:00,30.5,63.3,5.0,3,10.0,0.8
2026-05-26 22:45:00,32.6,59.9,5.0,3,146.3,12.2
2026-05-26 22:50:00,30.4,60.9,4.0,3,264.1,22.0
2026-05-26 22:55:00,33.1,61.1,6.0,3,195.3,16.3
2026-05-26 23:00:00,29.7,63.6,4.0,3,70.2,5.7
2026-05-26 23:05:00,30.8,61.4,4.0,3,190.2,15.8
2026-05-26 23:10:00,30.7,65.1,4.0,3,10.0,0.8
2026-05-26 23:15:00,34.3,58.5,4.0,3,143.0,11.9
2026-05-26 23:20:00,32.5,61.6,4.0,2,64.1,5.3
2026-05-26 23:25:00,31.5,59.9,5.0,3,328.1,27.3
2026-05-26 23:30:00,32.8,61.1,4.0,3,142.2,11.8
2026-05-26 23:35:00,28.0,62.1,4.0,3,80.9,6.7
2026-05-26 23:40:00,31.8,61.0,4.0,3,74.9,6.2
2026-05-26 23:45:00,35.5,61.8,4.0,3,128.6,10.7
2026-05-26 23:50:00,32.1,61.6,4.0,3,100.1,8.3
2026-05-26 23:55:00,32.0,60.9,4.0,3,62.0,5.2
2026-05-27 00:00:00,31.9,59.1,4.0,3,90.3,7.5
2026-05-27 00:05:00,32.3,60.1,4.0,3,10.0,0.8
2026-05-27 00:10:00,28.7,61.3,4.0,3,168.3,14.0
2026-05-27 00:15:00,29.1,63.6,4.0,3,198.3,16.5
2026-05-27 00:20:00,31.4,61.8,4.0,3,164.7,13.7
2026-05-27 00:25:00,30.3,61.2,4.0,3,72.7,6.1
2026-05-27 00:30:00,32.8,61.8,4.0,3,135.3,11.3
2026-05-27 00:35:00,30.8,63.2,6.0,3,139.6,11.6
2026-05-27 00:40:00,28.8,62.8,4.0,3,77.1,6.4
2026-05-27 00:45:00,29.6,62.8,4.0,3,204.8,17.1
2026-05-27 00:50:00,27.8,62.6,5.0,3,177.3,14.8
2026-05-27 00:55:00,30.9,60.6,5.0,3,191.8,16.0
2026-05-27 01:00:00,30.3,59.9,5.0,3,132.5,11.0
2026-05-27 01:05:00,30.1,61.2,4.0,3,10.0,0.8
2026-05-27 01:10:00,31.5,60.0,4.0,3,10.0,0.8
2026-05-27 01:15:00,31.6,57.3,4.0,3,60.4,5.0
2026-05-27 01:20:00,30.4,62.6,5.0,3,29.2,2.4
2026-05-27 01:25:00,28.6,65.7,5.0,3,97.8,8.1
2026-05-27 01:30:00,31.1,60.7,4.0,2,202.6,16.9
2026-05-27 01:35:00,31.0,56.3,4.0,3,10.0,0.8
2026-05-27 01:40:00,30.8,60.7,4.0,2,176.2,14.7
2026-05-27 01:45:00,31.4,58.0,4.0,3,10.0,0.9
2026-05-27 01:50:00,29.4,61.9,4.0,3,10.0,0.8
2026-05-27 01:55:00,32.4,61.5,4.0,3,10.0,0.8
2026-05-27 02:00:00,29.0,58.0,4.0,3,64.0,5.3
2026-05-27 02:05:00,30.9,59.1,4.0,3,51.1,4.3
2026-05-27 02:10:00,28.2,67.1,4.0,3,194.7,16.2
2026-05-27 02:15:00,29.0,62.2,4.0,3,74.7,6.2
2026-05-27 02:20:00,31.7,58.0,4.0,2,84.7,7.1
2026-05-27 02:25:00,29.8,67.5,5.0,3,10.0,0.8
2026-05-27 02:30:00,31.0,61.8,4.0,3,78.1,6.5
2026-05-27 02:35:00,30.3,64.2,4.0,3,145.0,12.1
2026-05-27 02:40:00,29.9,63.7,4.0,3,10.0,0.8
2026-05-27 02:45:00,31.6,60.4,4.0,3,210.3,17.5
2026-05-27 02:50:00,29.8,65.7,4.0,3,140.5,11.7
2026-05-27 02:55:00,28.0,69.9,5.0,3,226.5,19.0
2026-05-27 03:00:00,28.7,60.2,4.0,3,145.2,12.1
2026-05-27 03:05:00,30.1,61.9,4.0,2,92.7,7.7
2026-05-27 03:10:00,30.0,62.1,4.0,3,65.6,5.5
2026-05-27 03:15:00,27.9,64.5,4.0,3,97.9,8.2
2026-05-27 03:20:00,28.8,66.5,4.0,3,60.9,5.1
2026-05-27 03:25:00,29.0,64.4,4.0,3,176.4,14.7
2026-05-27 03:30:00,29.2,68.1,4.0,3,34.8,2.9
2026-05-27 03:35:00,28.1,67.9,4.0,3,133.2,11.1
2026-05-27 03:40:00,28.9,67.2,4.0,3,204.5,17.0
2026-05-27 03:45:00,28.8,61.2,4.0,3,123.6,10.3
2026-05-27 03:50:00,30.4,59.6,4.0,3,110.5,9.3
2026-05-27 03:55:00,30.4,59.8,4.0,3,140.6,11.7
2026-05-27 04:00:00,29.2,67.2,6.0,3,43.5,3.6
2026-05-27 04:05:00,29.0,61.6,4.0,3,10.0,0.8
2026-05-27 04:10:00,29.5,60.8,5.0,3,16.8,1.4
2026-05-27 04:15:00,28.5,62.0,4.0,3,35.2,3.0
2026-05-27 04:20:00,28.2,71.0,5.0,3,133.8,11.2
2026-05-27 04:25:00,28.4,64.8,5.0,3,24.7,2.1
2026-05-27 04:30:00,28.7,66.0,4.0,3,36.1,3.0
2026-05-27 04:35:00,28.2,62.5,5.0,3,170.6,14.2
2026-05-27 04:40:00,29.6,65.5,5.0,3,138.8,11.6
2026-05-27 04:45:00,30.1,57.6,5.0,3,210.3,17.5
2026-05-27 04:50:00,27.7,63.8,4.0,3,95.2,7.9
2026-05-27 04:55:00,29.4,61.5,5.0,3,10.0,0.8
2026-05-27 05:00:00,29.1,64.5,5.0,3,292.3,24.4
2026-05-27 05:05:00,29.6,61.5,5.0,3,158.1,13.2
2026-05-27 05:10:00,29.2,67.0,5.0,3,52.7,4.4
2026-05-27 05:15:00,27.9,67.0,5.0,3,180.7,15.1
2026-05-27 05:20:00,28.1,64.1,4.0,3,122.0,10.1
2026-05-27 05:25:00,29.3,65.8,4.0,3,212.1,17.7
2026-05-27 05:30:00,30.2,61.4,5.0,3,125.2,10.4
2026-05-27 05:35:00,27.2,65.8,5.0,3,67.7,5.6
2026-05-27 05:40:00,29.6,65.1,4.0,3,129.0,10.8
2026-05-27 05:45:00,30.4,56.8,4.0,3,190.2,15.8
2026-05-27 05:50:00,29.1,65.5,6.0,3,35.2,2.9
2026-05-27 05:55:00,29.8,61.4,6.0,3,109.5,9.1
2026-05-27 06:00:00,28.4,63.7,4.0,2,178.3,14.9
2026-05-27 06:05:00,28.9,68.3,5.0,3,10.0,0.8
2026-05-27 06:10:00,27.5,65.5,6.0,1,127.1,10.6
2026-05-27 06:15:00,26.9,69.4,6.0,2,115.7,9.6
2026-05-27 06:20:00,29.8,63.5,6.0,0,8.1,0.7
2026-05-27 06:25:00,28.1,66.4,6.0,2,73.9,6.2
2026-05-27 06:30:00,28.6,64.3,5.0,3,147.3,12.3
2026-05-27 06:35:00,27.7,65.6,5.0,3,109.5,9.1
2026-05-27 06:40:00,27.7,69.3,6.0,3,160.6,13.4
2026-05-27 06:45:00,28.8,66.4,5.0,3,193.4,16.1
2026-05-27 06:50:00,28.3,64.3,5.0,0,10.4,0.9
2026-05-27 06:55:00,29.3,61.7,5.0,3,46.4,3.9
2026-05-27 07:00:00,29.1,62.5,4.0,0,4.1,0.3
2026-05-27 07:05:00,28.9,66.6,6.0,0,5.5,0.5
2026-05-27 07:10:00,28.8,67.2,4.0,0,7.5,0.6
2026-05-27 07:15:00,30.3,63.4,5.0,0,5.6,0.5
2026-05-27 07:20:00,27.4,62.6,6.0,0,3.5,0.3
2026-05-27 07:25:00,28.5,66.7,6.0,0,7.1,0.6
2026-05-27 07:30:00,29.8,66.0,5.0,3,121.4,10.1
2026-05-27 07:35:00,30.0,63.0,4.0,2,85.6,7.1
2026-05-27 07:40:00,27.0,71.0,5.0,0,3.9,0.3
2026-05-27 07:45:00,28.2,62.1,5.0,3,125.1,10.4
2026-05-27 07:50:00,30.1,64.1,6.0,0,5.9,0.5
2026-05-27 07:55:00,29.1,61.5,5.0,0,8.9,0.7
2026-05-27 08:00:00,28.7,67.0,4.0,1,86.4,7.2
2026-05-27 08:05:00,28.2,66.7,4.0,0,6.9,0.6
2026-05-27 08:10:00,28.0,69.8,5.0,0,6.8,0.6
2026-05-27 08:15:00,28.8,65.5,6.0,0,8.5,0.8
2026-05-27 08:20:00,28.2,64.2,4.0,0,5.3,0.4
2026-05-27 08:25:00,28.4,63.7,5.0,0,6.2,0.5
2026-05-27 08:30:00,28.6,64.0,8.0,1,84.4,7.0
2026-05-27 08:35:00,27.7,64.7,9.0,0,5.1,0.4
2026-05-27 08:40:00,29.1,67.1,7.0,0,7.1,0.6
2026-05-27 08:45:00,31.7,63.0,6.0,0,3.5,0.3
2026-05-27 08:50:00,26.5,64.2,5.0,3,48.1,4.0
2026-05-27 08:55:00,28.8,64.4,7.0,1,24.0,2.0
2026-05-27 09:00:00,28.2,65.5,6.0,0,3.7,0.3
2026-05-27 09:05:00,29.7,61.2,8.0,0,5.6,0.5
2026-05-27 09:10:00,29.1,65.0,8.0,0,6.7,0.7
2026-05-27 09:15:00,29.9,66.2,7.0,3,17.2,1.4
2026-05-27 09:20:00,30.4,64.1,5.0,3,239.4,20.0
2026-05-27 09:25:00,29.3,66.9,6.0,0,9.3,0.9
2026-05-27 09:30:00,30.3,60.4,4.0,0,3.7,0.3
2026-05-27 09:35:00,26.5,68.0,6.0,0,5.4,0.4
2026-05-27 09:40:00,30.8,59.5,6.0,0,6.0,0.5
2026-05-27 09:45:00,29.5,63.9,4.0,0,3.5,0.3
2026-05-27 09:50:00,30.2,63.1,10.0,1,96.7,8.1
2026-05-27 09:55:00,27.7,68.4,7.0,0,4.0,0.3
2026-05-27 10:00:00,29.1,66.8,5.0,0,3.5,0.3
2026-05-27 10:05:00,30.2,63.9,9.0,1,52.8,4.4
2026-05-27 10:10:00,30.0,60.8,6.0,0,6.6,0.5
2026-05-27 10:15:00,30.4,59.2,7.0,1,154.3,12.9
2026-05-27 10:20:00,31.3,62.1,6.0,0,3.9,0.3
2026-05-27 10:25:00,28.0,68.7,6.0,0,8.0,0.8
2026-05-27 10:30:00,31.1,61.1,6.0,0,6.3,0.5
2026-05-27 10:35:00,30.1,59.2,8.0,3,68.1,5.7
2026-05-27 10:40:00,29.8,67.5,7.0,0,5.1,0.4
2026-05-27 10:45:00,28.4,65.9,6.0,1,64.9,5.4
2026-05-27 10:50:00,30.6,62.2,4.0,0,4.0,0.3
2026-05-27 10:55:00,27.3,63.8,7.0,1,56.3,4.7
2026-05-27 11:00:00,32.2,59.4,4.0,0,6.3,0.5
2026-05-27 11:05:00,29.9,64.5,7.0,0,5.0,0.4
2026-05-27 11:10:00,31.5,61.6,5.0,0,6.6,0.5
2026-05-27 11:15:00,31.4,58.9,5.0,0,7.8,0.7
2026-05-27 11:20:00,32.8,58.3,5.0,0,4.0,0.3
2026-05-27 11:25:00,31.3,59.2,8.0,0,4.6,0.4
2026-05-27 11:30:00,30.7,65.6,4.0,0,8.1,0.7
2026-05-27 11:35:00,30.9,63.5,7.0,3,67.7,5.6
2026-05-27 11:40:00,32.9,57.0,7.0,1,126.3,10.5
2026-05-27 11:45:00,32.1,56.7,6.0,0,8.3,0.7
2026-05-27 11:50:00,31.1,61.7,5.0,0,3.6,0.3
2026-05-27 11:55:00,31.2,59.7,7.0,0,3.8,0.2
2026-05-27 12:00:00,30.8,60.5,6.0,1,69.0,5.8
2026-05-27 12:05:00,33.0,55.3,6.0,0,3.8,0.3
2026-05-27 12:10:00,30.6,59.3,6.0,0,6.0,0.5
2026-05-27 12:15:00,33.4,57.9,9.0,0,3.5,0.3
2026-05-27 12:20:00,32.7,57.9,4.0,0,5.6,0.5
2026-05-27 12:25:00,35.2,60.9,7.0,0,5.4,0.4
2026-05-27 12:30:00,31.3,62.2,6.0,0,4.3,0.4
2026-05-27 12:35:00,32.4,56.2,6.0,3,82.6,6.9
2026-05-27 12:40:00,34.5,51.9,4.0,3,149.5,12.5
2026-05-27 12:45:00,33.9,57.7,4.0,1,24.1,2.0
2026-05-27 12:50:00,31.7,59.1,7.0,0,5.7,0.5
2026-05-27 12:55:00,32.8,61.7,4.0,3,63.1,5.3
2026-05-27 13:00:00,33.2,58.2,7.0,0,5.7,0.5
2026-05-27 13:05:00,33.5,51.9,5.0,0,4.8,0.4
2026-05-27 13:10:00,32.4,56.1,7.0,3,36.1,3.0
2026-05-27 13:15:00,33.1,55.9,6.0,0,8.9,0.7
2026-05-27 13:20:00,31.3,61.7,6.0,0,4.7,0.4
2026-05-27 13:25:00,33.3,54.6,5.0,3,118.4,10.0
2026-05-27 13:30:00,33.7,57.1,6.0,0,5.6,0.5
2026-05-27 13:35:00,32.9,54.5,7.0,0,4.3,0.4
2026-05-27 13:40:00,31.3,60.5,6.0,1,10.0,0.8
2026-05-27 13:45:00,34.3,56.7,7.0,3,167.1,13.9
2026-05-27 13:50:00,33.6,60.7,6.0,0,7.4,0.7
2026-05-27 13:55:00,32.3,59.6,5.0,0,3.5,0.3
2026-05-27 14:00:00,33.5,54.6,7.0,2,253.8,21.2
2026-05-27 14:05:00,31.8,62.1,6.0,2,75.6,6.3
2026-05-27 14:10:00,32.5,57.3,5.0,2,75.4,6.3
2026-05-27 14:15:00,33.2,58.7,6.0,3,145.2,12.1
2026-05-27 14:20:00,35.7,52.5,5.0,3,50.2,4.2
2026-05-27 14:25:00,33.0,57.3,6.0,3,10.0,0.8
2026-05-27 14:30:00,34.8,53.1,6.0,2,96.8,8.2
2026-05-27 14:35:00,33.2,57.7,6.0,3,19.9,1.7
2026-05-27 14:40:00,34.3,57.5,6.0,4,84.3,7.0
2026-05-27 14:45:00,33.7,55.1,7.0,0,5.8,0.5
2026-05-27 14:50:00,35.2,53.2,6.0,2,104.7,8.7
2026-05-27 14:55:00,33.2,57.7,6.0,2,42.2,3.5
2026-05-27 15:00:00,32.6,55.5,7.0,2,224.5,18.6
2026-05-27 15:05:00,32.9,53.7,8.0,2,71.5,6.0
2026-05-27 15:10:00,34.0,56.5,5.0,3,134.0,11.2
2026-05-27 15:15:00,33.0,56.6,8.0,2,139.2,11.6
2026-05-27 15:20:00,35.3,54.0,6.0,6,189.1,15.8
2026-05-27 15:25:00,34.1,56.8,6.0,3,151.6,12.6
2026-05-27 15:30:00,38.0,52.7,7.0,2,228.4,19.0
2026-05-27 15:35:00,32.4,57.2,6.0,1,22.0,1.9
2026-05-27 15:40:00,35.0,52.2,6.0,3,62.4,5.2
2026-05-27 15:45:00,33.2,55.3,8.0,1,10.0,0.8
2026-05-27 15:50:00,34.1,56.9,7.0,2,74.3,6.2
2026-05-27 15:55:00,35.0,54.9,5.0,2,131.7,11.0
2026-05-27 16:00:00,31.8,56.5,9.0,6,197.0,16.4
2026-05-27 16:05:00,35.7,51.8,9.0,2,5.0,0.4
2026-05-27 16:10:00,38.2,52.4,6.0,3,56.9,4.7
2026-05-27 16:15:00,34.6,54.3,8.0,6,181.4,15.1
2026-05-27 16:20:00,35.7,55.4,9.0,2,40.2,3.4
2026-05-27 16:25:00,36.8,54.5,5.0,2,111.9,9.3
2026-05-27 16:30:00,35.1,53.6,8.0,2,70.0,5.9
2026-05-27 16:35:00,34.4,57.2,7.0,2,160.0,13.3
2026-05-27 16:40:00,31.9,58.0,9.0,2,61.3,5.1
2026-05-27 16:45:00,36.3,53.6,6.0,2,81.1,6.8
2026-05-27 16:50:00,35.1,49.3,9.0,2,52.8,4.4
2026-05-27 16:55:00,33.8,53.4,7.0,2,188.2,15.7
2026-05-27 17:00:00,35.6,51.1,7.0,2,86.1,7.2
2026-05-27 17:05:00,34.4,54.1,7.0,2,51.1,4.3
2026-05-27 17:10:00,34.4,55.3,11.0,3,10.0,0.8
2026-05-27 17:15:00,36.5,53.1,7.0,3,99.0,8.2
2026-05-27 17:20:00,33.0,57.3,11.0,3,165.3,13.8
2026-05-27 17:25:00,37.2,50.0,9.0,2,33.6,2.8
2026-05-27 17:30:00,32.9,58.6,5.0,2,16.5,1.4
2026-05-27 17:35:00,34.2,60.3,8.0,3,45.5,3.9
2026-05-27 17:40:00,38.8,49.1,9.0,3,197.2,16.5
2026-05-27 17:45:00,37.4,49.8,5.0,3,12.6,1.0
2026-05-27 17:50:00,35.6,51.7,8.0,2,155.1,12.9
2026-05-27 17:55:00,33.7,56.0,10.0,2,95.0,7.9
2026-05-27 18:00:00,33.5,54.5,8.0,3,35.1,2.9
2026-05-27 18:05:00,34.5,50.2,7.0,3,91.1,7.6
2026-05-27 18:10:00,34.5,50.9,9.0,3,118.6,9.9
2026-05-27 18:15:00,34.2,58.0,6.0,3,83.0,6.9
2026-05-27 18:20:00,34.3,58.5,7.0,2,330.7,27.6
2026-05-27 18:25:00,34.0,59.7,5.0,2,58.7,4.9
2026-05-27 18:30:00,31.9,58.3,9.0,3,128.1,10.7
2026-05-27 18:35:00,33.5,53.3,5.0,3,124.6,10.4
2026-05-27 18:40:00,36.0,52.1,8.0,3,209.3,17.4
2026-05-27 18:45:00,32.0,53.6,8.0,3,111.2,9.3
2026-05-27 18:50:00,34.1,51.2,5.0,3,75.7,6.3
2026-05-27 18:55:00,33.0,57.2,7.0,3,140.2,11.7
2026-05-27 19:00:00,33.9,57.2,5.0,3,10.0,0.8
2026-05-27 19:05:00,33.2,61.3,5.0,3,10.0,0.8
2026-05-27 19:10:00,35.8,53.6,5.0,3,183.9,15.3
2026-05-27 19:15:00,34.5,52.2,5.0,3,57.5,4.8
2026-05-27 19:20:00,32.0,57.9,5.0,3,34.6,2.9
2026-05-27 19:25:00,34.7,54.4,6.0,3,143.5,12.1
2026-05-27 19:30:00,32.7,56.3,6.0,3,93.5,7.8
2026-05-27 19:35:00,33.0,57.8,5.0,3,188.8,15.7
2026-05-27 19:40:00,34.2,52.8,6.0,3,68.2,5.7
2026-05-27 19:45:00,33.1,57.2,4.0,3,216.8,18.2
2026-05-27 19:50:00,35.0,56.2,5.0,3,74.1,6.2
2026-05-27 19:55:00,32.7,60.7,5.0,3,186.6,15.6
2026-05-27 20:00:00,32.3,58.9,6.0,3,112.6,9.4
2026-05-27 20:05:00,32.2,60.5,6.0,3,32.9,2.7
2026-05-27 20:10:00,32.4,57.2,5.0,3,98.5,8.2
2026-05-27 20:15:00,34.7,55.1,5.0,3,114.5,9.5
2026-05-27 20:20:00,34.1,59.2,5.0,3,96.5,8.0
2026-05-27 20:25:00,35.6,52.0,6.0,3,36.1,3.0
2026-05-27 20:30:00,36.4,53.2,5.0,3,231.1,19.3
2026-05-27 20:35:00,31.7,61.2,5.0,3,126.4,10.5
2026-05-27 20:40:00,33.3,56.8,6.0,3,10.0,0.8
2026-05-27 20:45:00,31.5,58.5,6.0,3,123.0,10.2
2026-05-27 20:50:00,32.1,57.9,5.0,3,149.6,12.5
2026-05-27 20:55:00,32.3,58.5,4.0,3,10.0,0.8
2026-05-27 21:00:00,31.0,61.8,5.0,3,42.4,3.5
2026-05-27 21:05:00,31.0,61.5,4.0,3,186.4,15.5
2026-05-27 21:10:00,32.4,58.5,4.0,3,119.1,9.9
2026-05-27 21:15:00,30.8,62.0,4.0,3,119.3,9.9
2026-05-27 21:20:00,33.8,57.8,5.0,3,10.0,0.8
2026-05-27 21:25:00,31.2,61.2,5.0,3,29.7,2.5
2026-05-27 21:30:00,36.7,52.6,6.0,3,10.0,0.8
2026-05-27 21:35:00,31.9,62.2,4.0,3,10.0,0.8
2026-05-27 21:40:00,32.7,58.6,6.0,3,10.0,0.8
2026-05-27 21:45:00,30.7,54.8,5.0,3,288.3,24.0
2026-05-27 21:50:00,35.1,59.2,4.0,3,40.9,3.4
2026-05-27 21:55:00,34.2,56.8,5.0,3,129.9,10.8
2026-05-27 22:00:00,32.3,58.1,4.0,3,204.1,16.9
2026-05-27 22:05:00,29.9,59.9,5.0,2,5.0,0.4
2026-05-27 22:10:00,32.2,59.8,5.0,3,118.2,9.8
2026-05-27 22:15:00,30.3,59.0,4.0,3,96.5,8.1
2026-05-27 22:20:00,34.0,56.2,5.0,2,84.5,7.0
2026-05-27 22:25:00,33.1,57.0,5.0,3,136.5,11.4
2026-05-27 22:30:00,32.0,58.5,6.0,3,285.2,23.8
2026-05-27 22:35:00,28.3,61.5,4.0,2,277.5,23.1
2026-05-27 22:40:00,30.5,62.1,4.0,3,109.9,9.2
2026-05-27 22:45:00,32.9,58.8,5.0,3,10.0,0.8
2026-05-27 22:50:00,33.7,58.3,4.0,3,10.0,0.8
2026-05-27 22:55:00,33.5,58.9,4.0,3,21.5,1.8
2026-05-27 23:00:00,28.7,61.9,4.0,3,87.3,7.3
2026-05-27 23:05:00,32.2,58.6,4.0,3,10.0,0.8
2026-05-27 23:10:00,33.5,62.1,4.0,3,52.3,4.4
2026-05-27 23:15:00,28.6,63.5,4.0,3,90.0,7.5
2026-05-27 23:20:00,31.6,62.9,6.0,3,191.3,15.9
2026-05-27 23:25:00,32.2,61.6,4.0,3,25.5,2.1
2026-05-27 23:30:00,31.1,60.0,5.0,3,156.3,13.1
2026-05-27 23:35:00,28.2,58.8,5.0,3,125.5,10.5
2026-05-27 23:40:00,31.1,58.9,4.0,3,165.0,13.8
2026-05-27 23:45:00,31.0,61.7,5.0,3,10.0,0.8
2026-05-27 23:50:00,31.4,60.4,5.0,3,10.0,0.8
2026-05-27 23:55:00,30.6,60.4,4.0,3,10.0,0.8
2026-05-28 00:00:00,30.7,57.6,5.0,3,222.8,18.6
2026-05-28 00:05:00,31.2,60.7,4.0,3,35.5,3.0
2026-05-28 00:10:00,31.8,58.7,5.0,3,10.0,0.8
2026-05-28 00:15:00,30.8,60.0,4.0,3,93.6,7.8
2026-05-28 00:20:00,30.7,62.3,5.0,3,285.5,23.8
2026-05-28 00:25:00,31.3,59.2,4.0,3,44.1,3.7
2026-05-28 00:30:00,28.8,61.3,5.0,3,45.6,3.8
2026-05-28 00:35:00,31.8,60.5,4.0,3,188.5,15.7
2026-05-28 00:40:00,31.2,61.9,4.0,2,128.4,10.7
2026-05-28 00:45:00,31.3,60.1,4.0,3,125.4,10.4
2026-05-28 00:50:00,32.4,61.8,4.0,3,103.8,8.6
2026-05-28 00:55:00,28.8,60.8,5.0,3,62.6,5.2
2026-05-28 01:00:00,28.7,61.4,5.0,3,129.6,10.9
2026-05-28 01:05:00,30.8,58.5,4.0,3,10.0,0.8
2026-05-28 01:10:00,30.5,58.7,5.0,2,94.6,7.9
2026-05-28 01:15:00,30.7,61.8,4.0,3,127.8,10.6
2026-05-28 01:20:00,30.1,60.4,4.0,3,10.0,0.9
2026-05-28 01:25:00,31.1,58.3,4.0,3,232.2,19.3
2026-05-28 01:30:00,31.4,61.0,4.0,3,195.8,16.4
2026-05-28 01:35:00,31.0,62.3,4.0,3,171.0,14.2
2026-05-28 01:40:00,30.3,63.6,4.0,3,278.2,23.2
2026-05-28 01:45:00,28.6,65.5,5.0,3,337.6,28.0
2026-05-28 01:50:00,31.2,59.1,4.0,2,59.4,4.9
2026-05-28 01:55:00,31.7,60.4,5.0,3,103.2,8.6
2026-05-28 02:00:00,30.8,62.4,5.0,3,107.2,8.9
2026-05-28 02:05:00,29.1,62.6,4.0,3,167.0,13.9
2026-05-28 02:10:00,30.8,61.6,5.0,3,158.0,13.2
2026-05-28 02:15:00,31.0,57.9,4.0,3,10.0,0.8
2026-05-28 02:20:00,31.8,58.2,5.0,3,79.0,6.6
2026-05-28 02:25:00,29.1,64.6,4.0,3,23.8,2.0
2026-05-28 02:30:00,29.8,66.3,5.0,3,139.3,11.6
2026-05-28 02:35:00,30.9,63.8,4.0,3,142.6,11.9
2026-05-28 02:40:00,30.1,63.8,4.0,3,104.3,8.7
2026-05-28 02:45:00,28.8,64.4,4.0,3,41.3,3.4
2026-05-28 02:50:00,30.5,61.4,4.0,3,55.1,4.6
2026-05-28 02:55:00,30.7,57.8,4.0,3,265.0,22.1
2026-05-28 03:00:00,29.7,60.6,4.0,3,10.0,0.8
2026-05-28 03:05:00,29.8,60.6,5.0,3,370.8,30.9
2026-05-28 03:10:00,29.3,64.7,5.0,3,267.8,22.3
2026-05-28 03:15:00,31.1,62.7,5.0,3,88.9,7.4
2026-05-28 03:20:00,28.6,66.2,4.0,3,160.2,13.3
2026-05-28 03:25:00,29.0,66.6,4.0,3,93.5,7.8
2026-05-28 03:30:00,29.6,63.0,4.0,3,88.7,7.4
2026-05-28 03:35:00,30.5,59.0,5.0,3,63.5,5.3
2026-05-28 03:40:00,28.0,65.3,4.0,3,44.5,3.7
2026-05-28 03:45:00,28.2,63.3,4.0,2,75.4,6.3
2026-05-28 03:50:00,27.5,67.8,4.0,3,166.0,13.8
2026-05-28 03:55:00,29.6,62.0,4.0,3,27.2,2.3
2026-05-28 04:00:00,28.2,65.2,5.0,3,108.9,9.1
2026-05-28 04:05:00,29.0,65.9,4.0,3,68.0,5.7
2026-05-28 04:10:00,30.1,60.3,4.0,3,275.7,23.0
2026-05-28 04:15:00,28.7,67.1,5.0,3,199.2,16.6
2026-05-28 04:20:00,29.6,59.6,4.0,2,194.1,16.2
2026-05-28 04:25:00,29.1,64.7,5.0,3,38.5,3.2
2026-05-28 04:30:00,30.1,62.0,5.0,2,35.2,2.9
2026-05-28 04:35:00,29.9,64.7,5.0,3,218.3,18.2
2026-05-28 04:40:00,28.7,61.0,5.0,3,138.4,11.5
2026-05-28 04:45:00,29.2,59.8,5.0,3,201.8,16.8
2026-05-28 04:50:00,30.5,63.4,4.0,3,187.5,15.6
2026-05-28 04:55:00,29.8,61.7,4.0,3,10.0,0.8
2026-05-28 05:00:00,28.0,65.6,6.0,3,154.1,12.8
2026-05-28 05:05:00,29.9,61.3,4.0,3,98.7,8.2
2026-05-28 05:10:00,28.3,67.2,6.0,2,102.7,8.6
2026-05-28 05:15:00,30.6,62.3,6.0,3,275.0,22.9
2026-05-28 05:20:00,30.2,62.8,5.0,3,22.2,1.8
2026-05-28 05:25:00,29.5,60.9,5.0,3,167.3,13.9
2026-05-28 05:30:00,29.4,64.6,5.0,3,10.0,0.8
2026-05-28 05:35:00,29.1,61.9,5.0,3,295.3,24.6
2026-05-28 05:40:00,29.9,61.4,6.0,3,155.1,12.9
2026-05-28 05:45:00,28.9,61.5,4.0,3,58.2,4.8
2026-05-28 05:50:00,29.5,63.0,5.0,2,111.8,9.3
2026-05-28 05:55:00,30.1,64.7,4.0,3,231.6,19.3
2026-05-28 06:00:00,28.5,65.4,4.0,3,260.1,21.7
2026-05-28 06:05:00,28.5,64.1,5.0,0,3.7,0.3
2026-05-28 06:10:00,27.9,66.1,4.0,2,101.1,8.4
2026-05-28 06:15:00,28.0,66.0,5.0,3,140.4,11.7
2026-05-28 06:20:00,27.4,66.8,5.0,0,3.5,0.3
2026-05-28 06:25:00,29.7,63.5,6.0,3,87.0,7.2
2026-05-28 06:30:00,30.7,59.5,5.0,3,10.0,0.8
2026-05-28 06:35:00,30.3,62.4,4.0,3,15.5,1.3
2026-05-28 06:40:00,27.5,63.0,6.0,3,10.0,0.7
2026-05-28 06:45:00,29.7,64.3,7.0,3,204.3,17.0
2026-05-28 06:50:00,30.3,60.0,6.0,3,208.6,17.4
2026-05-28 06:55:00,28.6,67.2,6.0,3,10.0,0.8
2026-05-28 07:00:00,28.7,58.7,5.0,0,4.2,0.4
2026-05-28 07:05:00,26.4,71.0,5.0,0,4.2,0.4
2026-05-28 07:10:00,28.9,60.3,5.0,3,212.1,17.7
2026-05-28 07:15:00,27.4,63.6,6.0,0,6.6,0.5
2026-05-28 07:20:00,28.8,65.1,4.0,0,3.8,0.3
2026-05-28 07:25:00,26.9,68.8,6.0,0,3.5,0.3
2026-05-28 07:30:00,29.2,63.1,5.0,0,3.5,0.3
2026-05-28 07:35:00,29.7,65.2,4.0,3,76.2,6.4
2026-05-28 07:40:00,27.7,64.2,5.0,3,51.5,4.3
2026-05-28 07:45:00,27.4,65.6,7.0,0,5.8,0.5
2026-05-28 07:50:00,26.2,67.6,6.0,0,6.4,0.5
2026-05-28 07:55:00,28.3,63.9,4.0,2,76.2,6.4
2026-05-28 08:00:00,27.8,61.2,5.0,0,5.9,0.5
2026-05-28 08:05:00,26.8,67.3,8.0,0,4.6,0.4
2026-05-28 08:10:00,29.0,63.7,6.0,0,6.1,0.5
2026-05-28 08:15:00,28.0,68.1,7.0,0,3.5,0.4
2026-05-28 08:20:00,27.3,63.5,5.0,1,60.5,5.0
2026-05-28 08:25:00,27.9,64.1,7.0,0,3.5,0.3
2026-05-28 08:30:00,29.7,65.9,6.0,0,3.5,0.3
2026-05-28 08:35:00,29.2,64.4,5.0,1,106.3,8.9
2026-05-28 08:40:00,28.3,66.4,7.0,0,5.1,0.4
2026-05-28 08:45:00,29.2,64.8,9.0,0,7.1,0.6
2026-05-28 08:50:00,27.2,67.8,7.0,0,3.5,0.3
2026-05-28 08:55:00,28.5,69.1,6.0,1,37.7,3.1
2026-05-28 09:00:00,29.2,64.0,5.0,0,3.7,0.4
2026-05-28 09:05:00,28.6,62.3,8.0,3,144.3,12.0
2026-05-28 09:10:00,29.6,64.7,5.0,3,96.1,8.0
2026-05-28 09:15:00,28.2,64.0,7.0,0,6.8,0.6
2026-05-28 09:20:00,29.6,62.9,8.0,3,10.0,0.8
2026-05-28 09:25:00,29.7,63.9,8.0,0,4.7,0.4
2026-05-28 09:30:00,26.0,66.7,8.0,0,5.9,0.5
2026-05-28 09:35:00,30.4,60.8,8.0,0,5.7,0.5
2026-05-28 09:40:00,26.0,69.8,4.0,1,186.5,15.5
2026-05-28 09:45:00,28.4,63.7,5.0,0,3.5,0.3
2026-05-28 09:50:00,30.2,64.6,4.0,3,70.9,5.9
2026-05-28 09:55:00,28.7,62.2,4.0,3,10.0,0.8
2026-05-28 10:00:00,28.4,62.7,8.0,0,9.1,0.8
2026-05-28 10:05:00,28.8,68.5,5.0,0,3.7,0.3
2026-05-28 10:10:00,31.2,57.7,5.0,0,9.3,0.8
2026-05-28 10:15:00,27.9,65.5,6.0,0,6.6,0.5
2026-05-28 10:20:00,31.3,65.0,5.0,0,6.0,0.5
2026-05-28 10:25:00,30.0,62.6,9.0,0,3.5,0.3
2026-05-28 10:30:00,28.7,67.4,6.0,0,6.2,0.4
2026-05-28 10:35:00,29.4,64.9,7.0,3,10.0,0.8
2026-05-28 10:40:00,28.9,64.2,5.0,3,46.5,4.0
2026-05-28 10:45:00,31.0,61.0,4.0,0,5.3,0.4
2026-05-28 10:50:00,30.9,56.8,5.0,1,10.0,0.8
2026-05-28 10:55:00,28.1,64.6,5.0,0,5.0,0.4
2026-05-28 11:00:00,31.1,61.6,5.0,0,3.5,0.3
2026-05-28 11:05:00,30.6,62.3,4.0,3,94.3,7.9
2026-05-28 11:10:00,32.9,64.2,6.0,0,7.3,0.7
2026-05-28 11:15:00,30.0,63.4,6.0,1,90.4,7.5
2026-05-28 11:20:00,33.3,59.2,4.0,0,7.3,0.6
2026-05-28 11:25:00,31.5,63.2,6.0,0,3.5,0.3
2026-05-28 11:30:00,30.2,63.7,7.0,3,10.0,0.8
2026-05-28 11:35:00,30.8,61.3,8.0,3,108.3,9.0
2026-05-28 11:40:00,30.6,61.6,4.0,0,4.3,0.4
2026-05-28 11:45:00,30.1,61.7,5.0,0,4.9,0.4
2026-05-28 11:50:00,31.6,61.3,4.0,0,6.2,0.5
2026-05-28 11:55:00,30.2,62.0,5.0,0,5.8,0.5
2026-05-28 12:00:00,30.1,64.2,8.0,1,85.9,7.2
2026-05-28 12:05:00,32.1,57.0,5.0,0,5.4,0.4
2026-05-28 12:10:00,30.5,62.4,6.0,3,110.3,9.2
2026-05-28 12:15:00,31.7,64.0,5.0,3,164.8,13.7
2026-05-28 12:20:00,31.5,59.9,9.0,3,85.5,7.1
2026-05-28 12:25:00,31.6,64.9,4.0,3,166.7,13.9
2026-05-28 12:30:00,34.8,55.7,5.0,0,6.5,0.5
2026-05-28 12:35:00,32.6,58.6,5.0,0,9.2,0.8
2026-05-28 12:40:00,32.8,58.7,4.0,1,44.7,3.7
2026-05-28 12:45:00,30.6,61.1,8.0,0,4.9,0.4
2026-05-28 12:50:00,31.8,55.0,4.0,3,174.4,14.5
2026-05-28 12:55:00,32.8,60.6,6.0,0,7.6,0.5
2026-05-28 13:00:00,32.0,65.1,6.0,0,9.0,0.8
2026-05-28 13:05:00,34.2,57.2,5.0,1,57.5,4.8
2026-05-28 13:10:00,31.8,61.1,5.0,0,8.6,0.8
2026-05-28 13:15:00,32.9,57.5,6.0,0,6.8,0.7
2026-05-28 13:20:00,32.5,61.6,5.0,1,144.8,12.1
2026-05-28 13:25:00,33.4,57.1,7.0,3,10.0,0.8
2026-05-28 13:30:00,32.4,59.5,7.0,0,6.8,0.6
2026-05-28 13:35:00,32.9,53.9,8.0,0,6.4,0.6
2026-05-28 13:40:00,32.9,56.6,6.0,3,258.1,21.5
2026-05-28 13:45:00,32.3,59.9,7.0,2,5.0,0.4
2026-05-28 13:50:00,33.7,59.1,6.0,1,116.5,9.7
2026-05-28 13:55:00,33.5,59.4,8.0,1,109.9,9.2
2026-05-28 14:00:00,33.8,52.4,6.0,2,117.1,9.8
2026-05-28 14:05:00,33.3,53.2,6.0,1,20.1,1.7
2026-05-28 14:10:00,35.1,56.0,7.0,3,212.3,17.7
2026-05-28 14:15:00,33.6,54.6,6.0,2,78.8,6.6
2026-05-28 14:20:00,33.5,58.7,6.0,5,154.5,12.8
2026-05-28 14:25:00,34.1,51.9,7.0,4,59.4,4.9
2026-05-28 14:30:00,36.4,52.9,7.0,2,196.3,16.4
2026-05-28 14:35:00,32.0,58.2,7.0,1,88.8,7.4
2026-05-28 14:40:00,35.0,55.9,6.0,3,77.6,6.5
2026-05-28 14:45:00,31.2,56.8,7.0,3,18.4,1.4
2026-05-28 14:50:00,34.2,51.0,7.0,0,8.9,0.7
2026-05-28 14:55:00,36.2,53.8,6.0,2,86.9,7.2
2026-05-28 15:00:00,35.4,55.3,7.0,2,96.1,8.0
2026-05-28 15:05:00,35.0,56.9,4.0,1,104.2,8.7
2026-05-28 15:10:00,34.0,55.0,8.0,2,112.4,9.4
2026-05-28 15:15:00,34.8,56.6,6.0,2,137.1,11.4
2026-05-28 15:20:00,34.4,56.4,6.0,2,5.0,0.4
2026-05-28 15:25:00,33.7,59.0,7.0,2,124.4,10.4
2026-05-28 15:30:00,34.4,55.2,7.0,2,5.0,0.4
2026-05-28 15:35:00,35.0,50.8,9.0,2,71.3,5.9
2026-05-28 15:40:00,33.7,55.9,6.0,3,179.1,14.9
2026-05-28 15:45:00,33.7,56.3,6.0,3,42.7,3.6
2026-05-28 15:50:00,32.9,58.1,7.0,2,150.1,12.5
2026-05-28 15:55:00,35.3,50.9,6.0,2,261.4,21.8
2026-05-28 16:00:00,36.1,52.5,9.0,2,22.6,1.9
2026-05-28 16:05:00,35.7,55.6,8.0,3,10.0,0.8
2026-05-28 16:10:00,36.8,52.2,9.0,2,35.2,2.9
2026-05-28 16:15:00,35.5,53.2,7.0,2,5.0,0.4
2026-05-28 16:20:00,35.9,57.8,9.0,2,43.6,3.6
2026-05-28 16:25:00,35.8,51.1,6.0,2,278.7,23.2
2026-05-28 16:30:00,35.2,57.0,11.0,2,5.0,0.4
2026-05-28 16:35:00,34.5,57.3,5.0,6,124.7,10.4
2026-05-28 16:40:00,38.7,49.9,7.0,2,5.0,0.4
2026-05-28 16:45:00,34.6,54.7,6.0,2,168.8,14.1
2026-05-28 16:50:00,34.3,55.1,9.0,3,73.2,6.1
2026-05-28 16:55:00,36.0,53.7,9.0,2,167.0,13.9
2026-05-28 17:00:00,35.9,51.7,5.0,3,210.2,17.5
2026-05-28 17:05:00,32.9,55.4,11.0,2,103.8,8.6
2026-05-28 17:10:00,37.4,50.7,7.0,3,233.6,19.5
2026-05-28 17:15:00,35.2,53.2,9.0,2,110.0,9.1
2026-05-28 17:20:00,33.4,55.2,10.0,4,92.3,7.7
2026-05-28 17:25:00,37.5,48.0,8.0,2,161.3,13.4
2026-05-28 17:30:00,36.5,52.9,11.0,3,268.7,22.4
2026-05-28 17:35:00,33.2,54.8,8.0,2,162.9,13.6
2026-05-28 17:40:00,38.6,48.0,9.0,2,20.3,1.7
2026-05-28 17:45:00,36.6,51.6,8.0,3,82.9,6.9
2026-05-28 17:50:00,35.4,52.8,4.0,3,90.3,7.5
2026-05-28 17:55:00,38.2,54.4,8.0,2,5.0,0.4
2026-05-28 18:00:00,34.7,53.2,5.0,3,90.9,7.6
2026-05-28 18:05:00,34.4,56.8,8.0,3,48.1,4.0
2026-05-28 18:10:00,33.3,59.9,4.0,3,45.2,3.7
2026-05-28 18:15:00,35.4,52.2,8.0,2,21.6,1.8
2026-05-28 18:20:00,35.2,54.0,6.0,3,66.5,5.5
2026-05-28 18:25:00,34.4,59.6,7.0,3,270.0,22.5
2026-05-28 18:30:00,33.0,57.1,4.0,2,39.9,3.3
2026-05-28 18:35:00,34.6,55.8,6.0,3,29.3,2.4
2026-05-28 18:40:00,34.3,54.0,5.0,3,124.2,10.4
2026-05-28 18:45:00,32.1,59.3,9.0,3,158.1,13.2
2026-05-28 18:50:00,31.9,57.6,5.0,3,291.4,24.3
2026-05-28 18:55:00,35.4,48.9,8.0,3,131.4,11.0
2026-05-28 19:00:00,30.2,59.5,6.0,3,80.5,6.8
2026-05-28 19:05:00,34.1,53.0,6.0,3,18.5,1.5
2026-05-28 19:10:00,33.1,57.2,5.0,2,156.5,12.9
2026-05-28 19:15:00,35.6,51.9,6.0,2,182.3,15.2
2026-05-28 19:20:00,33.1,58.0,6.0,3,26.3,2.1
2026-05-28 19:25:00,34.7,55.1,5.0,3,104.0,8.7
2026-05-28 19:30:00,33.3,53.8,5.0,3,77.9,6.5
2026-05-28 19:35:00,33.9,54.9,5.0,3,99.8,8.3
2026-05-28 19:40:00,34.8,56.4,5.0,3,156.1,13.1
2026-05-28 19:45:00,33.2,59.4,5.0,3,47.5,3.9
2026-05-28 19:50:00,35.2,52.4,5.0,3,138.0,11.5
2026-05-28 19:55:00,32.4,55.2,5.0,3,196.5,16.4
2026-05-28 20:00:00,33.6,61.0,5.0,3,10.0,0.8
2026-05-28 20:05:00,34.5,56.0,6.0,3,120.5,10.0
2026-05-28 20:10:00,34.1,56.6,6.0,3,231.4,19.3
2026-05-28 20:15:00,35.9,53.0,5.0,3,142.1,11.8
2026-05-28 20:20:00,32.1,58.9,5.0,2,73.3,6.1
2026-05-28 20:25:00,31.2,63.0,4.0,3,49.9,4.2
2026-05-28 20:30:00,31.8,59.3,5.0,3,159.2,13.3
2026-05-28 20:35:00,34.1,58.6,5.0,3,58.9,4.9
2026-05-28 20:40:00,33.9,56.7,6.0,3,182.8,15.2
2026-05-28 20:45:00,33.3,55.1,5.0,3,146.5,12.2
2026-05-28 20:50:00,31.6,57.5,5.0,3,273.0,22.8
2026-05-28 20:55:00,34.3,53.8,6.0,3,95.9,7.9
2026-05-28 21:00:00,30.8,60.3,4.0,3,144.2,12.0
2026-05-28 21:05:00,34.3,59.1,4.0,3,75.2,6.3
2026-05-28 21:10:00,36.8,54.8,5.0,3,114.5,9.6
2026-05-28 21:15:00,33.1,57.2,5.0,3,30.1,2.5
2026-05-28 21:20:00,33.5,56.0,5.0,3,221.5,18.4
2026-05-28 21:25:00,31.9,59.6,4.0,3,125.9,10.5
2026-05-28 21:30:00,29.9,58.3,5.0,3,108.0,9.0
2026-05-28 21:35:00,31.7,56.9,5.0,3,185.2,15.3
2026-05-28 21:40:00,31.0,61.4,5.0,3,240.0,19.9
2026-05-28 21:45:00,30.5,59.6,5.0,3,305.1,25.4
2026-05-28 21:50:00,35.2,55.4,4.0,3,30.8,2.6
2026-05-28 21:55:00,33.0,57.6,4.0,3,166.5,13.9
2026-05-28 22:00:00,32.5,60.0,4.0,3,189.3,15.8
2026-05-28 22:05:00,31.5,59.9,4.0,3,97.5,8.1
2026-05-28 22:10:00,31.7,58.0,4.0,3,48.9,4.1
2026-05-28 22:15:00,33.3,56.6,4.0,3,208.5,17.4
2026-05-28 22:20:00,31.9,58.8,5.0,3,24.9,2.1
2026-05-28 22:25:00,32.7,59.0,4.0,3,141.3,11.8
2026-05-28 22:30:00,31.6,59.4,4.0,3,43.9,3.7
2026-05-28 22:35:00,31.4,59.4,5.0,2,122.0,10.2
2026-05-28 22:40:00,29.9,61.1,5.0,3,109.4,9.1
2026-05-28 22:45:00,29.0,61.8,6.0,3,10.0,0.8
2026-05-28 22:50:00,31.5,58.1,4.0,3,14.1,1.2
2026-05-28 22:55:00,32.0,61.2,6.0,3,10.0,0.8
2026-05-28 23:00:00,29.3,61.0,5.0,3,339.9,28.3
2026-05-28 23:05:00,31.6,60.6,5.0,3,10.0,0.8
2026-05-28 23:10:00,31.8,57.2,4.0,3,182.8,15.2
2026-05-28 23:15:00,27.7,62.3,5.0,3,38.4,3.2
2026-05-28 23:20:00,30.0,59.7,5.0,3,10.0,0.8
2026-05-28 23:25:00,32.4,58.5,4.0,3,128.3,10.7
2026-05-28 23:30:00,32.4,63.6,4.0,3,332.1,27.7
2026-05-28 23:35:00,29.5,62.0,4.0,3,36.4,3.0
2026-05-28 23:40:00,32.0,62.0,4.0,3,267.3,22.4
2026-05-28 23:45:00,33.6,60.6,5.0,3,278.3,23.2
2026-05-28 23:50:00,33.1,61.1,4.0,3,10.4,0.9
2026-05-28 23:55:00,31.5,60.2,4.0,3,10.0,0.8
2026-05-29 00:00:00,30.6,63.4,4.0,3,36.0,3.0
2026-05-29 00:05:00,30.4,62.5,4.0,2,92.8,7.7
2026-05-29 00:10:00,31.7,60.4,6.0,3,200.9,16.7
2026-05-29 00:15:00,31.4,60.9,4.0,3,10.0,0.8
2026-05-29 00:20:00,31.9,60.0,4.0,3,148.5,12.4
2026-05-29 00:25:00,31.3,60.7,4.0,3,113.5,9.5
2026-05-29 00:30:00,32.2,59.9,6.0,3,47.1,3.9
2026-05-29 00:35:00,31.3,61.2,5.0,3,61.6,5.0
2026-05-29 00:40:00,32.1,62.4,6.0,3,89.0,7.5
2026-05-29 00:45:00,32.2,58.2,4.0,3,112.9,9.4
2026-05-29 00:50:00,30.2,63.1,4.0,3,249.4,20.8
2026-05-29 00:55:00,28.9,62.0,4.0,3,68.4,5.7
2026-05-29 01:00:00,31.9,61.9,4.0,3,96.5,8.0
2026-05-29 01:05:00,30.7,60.7,4.0,3,159.5,13.3
2026-05-29 01:10:00,28.9,64.3,4.0,3,17.9,1.5
2026-05-29 01:15:00,29.8,62.2,5.0,3,246.3,20.5
2026-05-29 01:20:00,31.2,57.7,4.0,3,31.7,2.6
2026-05-29 01:25:00,30.2,64.9,4.0,3,146.5,12.2
2026-05-29 01:30:00,30.0,60.6,4.0,3,81.7,6.8
2026-05-29 01:35:00,31.8,60.0,4.0,3,105.4,8.8
2026-05-29 01:40:00,29.5,61.0,4.0,3,281.0,23.4
2026-05-29 01:45:00,29.8,60.2,5.0,3,128.0,10.7
2026-05-29 01:50:00,30.7,60.9,5.0,2,34.9,2.9
2026-05-29 01:55:00,30.8,60.1,4.0,3,43.4,3.6
2026-05-29 02:00:00,30.6,58.7,4.0,3,23.2,1.9
2026-05-29 02:05:00,31.0,60.8,4.0,3,216.2,18.0
2026-05-29 02:10:00,30.2,58.5,4.0,3,144.3,12.0
2026-05-29 02:15:00,30.6,61.8,4.0,3,60.3,5.0
2026-05-29 02:20:00,29.7,62.5,5.0,3,201.9,16.8
2026-05-29 02:25:00,30.1,56.3,4.0,3,32.6,2.7
2026-05-29 02:30:00,30.1,61.0,4.0,3,27.7,2.2
2026-05-29 02:35:00,30.3,63.0,4.0,3,92.1,7.7
2026-05-29 02:40:00,30.9,58.5,5.0,3,78.4,6.5
2026-05-29 02:45:00,30.6,62.7,4.0,2,31.3,2.6
2026-05-29 02:50:00,30.1,63.3,4.0,3,10.0,0.8
2026-05-29 02:55:00,29.1,61.3,4.0,3,59.5,5.0
2026-05-29 03:00:00,29.6,62.8,4.0,3,154.2,12.8
2026-05-29 03:05:00,29.5,65.0,4.0,3,71.0,5.9
2026-05-29 03:10:00,29.7,60.5,5.0,3,101.5,8.5
2026-05-29 03:15:00,31.8,58.8,4.0,3,14.8,1.2
2026-05-29 03:20:00,29.0,66.5,4.0,3,129.7,10.8
2026-05-29 03:25:00,30.0,60.1,5.0,3,148.0,12.3
2026-05-29 03:30:00,30.7,62.1,4.0,3,228.5,19.0
2026-05-29 03:35:00,29.6,60.2,4.0,3,76.5,6.4
2026-05-29 03:40:00,32.0,58.6,4.0,3,82.0,6.8
2026-05-29 03:45:00,29.1,64.7,4.0,3,160.7,13.4
2026-05-29 03:50:00,29.9,56.6,5.0,3,91.4,7.6
2026-05-29 03:55:00,28.7,63.0,4.0,3,160.4,13.5
2026-05-29 04:00:00,29.0,65.2,5.0,3,169.2,14.1
2026-05-29 04:05:00,29.6,63.6,5.0,3,10.8,0.8
2026-05-29 04:10:00,30.2,60.7,5.0,3,10.0,0.8
2026-05-29 04:15:00,29.7,60.0,4.0,3,53.8,4.5
2026-05-29 04:20:00,30.7,62.8,5.0,3,10.0,0.8
2026-05-29 04:25:00,29.3,62.7,5.0,3,268.3,22.4
2026-05-29 04:30:00,29.0,65.5,5.0,3,10.0,0.8
2026-05-29 04:35:00,32.2,59.5,5.0,3,206.6,17.2
2026-05-29 04:40:00,29.8,61.5,5.0,3,14.3,1.2
2026-05-29 04:45:00,28.6,67.6,5.0,3,199.8,16.6
2026-05-29 04:50:00,28.6,63.2,4.0,3,209.2,17.4
2026-05-29 04:55:00,28.4,68.2,5.0,3,10.0,0.8
2026-05-29 05:00:00,30.1,65.2,5.0,3,95.2,7.9
2026-05-29 05:05:00,28.9,66.5,6.0,3,255.4,21.3
2026-05-29 05:10:00,29.3,63.3,4.0,3,114.0,9.5
2026-05-29 05:15:00,29.2,69.2,5.0,3,184.5,15.4
2026-05-29 05:20:00,29.9,63.1,5.0,3,128.0,10.7
2026-05-29 05:25:00,28.4,65.6,5.0,3,183.2,15.3
2026-05-29 05:30:00,28.2,65.4,4.0,3,216.4,18.1
2026-05-29 05:35:00,29.4,61.2,5.0,3,88.8,7.4
2026-05-29 05:40:00,29.8,65.6,5.0,3,105.4,8.8
2026-05-29 05:45:00,29.5,62.2,4.0,3,77.5,6.5
2026-05-29 05:50:00,28.5,66.9,6.0,3,10.0,0.8
2026-05-29 05:55:00,29.9,65.2,4.0,3,166.8,13.9
2026-05-29 06:00:00,28.3,66.5,6.0,3,112.1,9.2
2026-05-29 06:05:00,28.5,63.6,4.0,3,215.9,18.0
2026-05-29 06:10:00,28.1,64.9,5.0,3,276.3,23.0
2026-05-29 06:15:00,30.1,57.2,6.0,3,57.7,4.8
2026-05-29 06:20:00,29.5,63.2,6.0,3,68.7,5.6
2026-05-29 06:25:00,29.5,65.1,5.0,1,106.5,8.9
2026-05-29 06:30:00,30.1,62.0,5.0,2,105.1,8.8
2026-05-29 06:35:00,31.5,59.2,6.0,3,50.5,4.2
2026-05-29 06:40:00,27.4,66.1,6.0,3,232.6,19.4
2026-05-29 06:45:00,28.3,67.7,6.0,3,10.0,0.8
2026-05-29 06:50:00,28.4,65.0,4.0,3,135.2,11.3
2026-05-29 06:55:00,28.2,69.2,5.0,1,10.0,0.8
2026-05-29 07:00:00,27.4,65.2,4.0,0,4.7,0.4
2026-05-29 07:05:00,28.2,65.8,4.0,2,159.0,13.2
2026-05-29 07:10:00,27.2,65.8,5.0,3,10.0,0.8
2026-05-29 07:15:00,28.9,69.2,7.0,0,4.8,0.4
2026-05-29 07:20:00,28.6,65.1,5.0,0,4.2,0.4
2026-05-29 07:25:00,29.1,69.0,5.0,3,234.6,19.5
2026-05-29 07:30:00,29.1,62.9,6.0,0,10.4,0.9
2026-05-29 07:35:00,29.2,67.5,5.0,0,8.6,0.7
2026-05-29 07:40:00,28.1,65.7,4.0,0,4.3,0.4
2026-05-29 07:45:00,30.9,63.2,5.0,3,169.1,14.1
2026-05-29 07:50:00,28.8,61.5,5.0,0,3.5,0.3
2026-05-29 07:55:00,26.5,68.7,6.0,1,81.4,6.8
2026-05-29 08:00:00,27.3,64.0,6.0,0,5.1,0.4
2026-05-29 08:05:00,26.5,68.4,7.0,0,5.6,0.5
2026-05-29 08:10:00,28.5,61.1,8.0,0,6.0,0.5
2026-05-29 08:15:00,28.3,64.8,9.0,0,3.5,0.3
2026-05-29 08:20:00,27.9,68.3,7.0,3,49.4,4.1
2026-05-29 08:25:00,30.7,62.8,4.0,1,80.9,6.7
2026-05-29 08:30:00,29.1,60.9,4.0,3,263.5,22.0
2026-05-29 08:35:00,29.3,59.0,4.0,3,34.8,2.9
2026-05-29 08:40:00,27.4,67.6,4.0,0,4.0,0.3
2026-05-29 08:45:00,27.3,70.4,6.0,0,7.9,0.7
2026-05-29 08:50:00,28.5,62.4,10.0,0,6.7,0.6
2026-05-29 08:55:00,28.6,69.6,7.0,0,4.1,0.3
2026-05-29 09:00:00,27.0,67.1,6.0,0,7.4,0.6
2026-05-29 09:05:00,28.8,59.7,8.0,0,7.5,0.6
2026-05-29 09:10:00,29.0,60.4,5.0,0,9.9,0.8
2026-05-29 09:15:00,28.8,66.3,8.0,0,5.1,0.4
2026-05-29 09:20:00,28.1,65.8,8.0,0,4.2,0.4
2026-05-29 09:25:00,28.4,68.6,6.0,0,5.2,0.4
2026-05-29 09:30:00,28.8,61.5,10.0,0,7.4,0.6
2026-05-29 09:35:00,29.1,64.2,8.0,0,3.5,0.3
2026-05-29 09:40:00,29.7,63.1,6.0,0,5.5,0.5
2026-05-29 09:45:00,30.2,61.9,6.0,1,118.7,9.9
2026-05-29 09:50:00,28.7,63.6,5.0,3,115.8,9.6
2026-05-29 09:55:00,28.5,64.0,6.0,0,5.6,0.4
2026-05-29 10:00:00,30.5,62.4,6.0,0,8.2,0.7
2026-05-29 10:05:00,30.7,62.4,6.0,0,4.4,0.4
2026-05-29 10:10:00,29.5,63.9,6.0,0,5.2,0.4
2026-05-29 10:15:00,30.9,64.1,5.0,0,6.5,0.5
2026-05-29 10:20:00,31.1,58.5,5.0,0,4.3,0.4
2026-05-29 10:25:00,31.5,56.7,4.0,0,3.9,0.3
2026-05-29 10:30:00,32.0,62.2,7.0,0,9.2,0.8
2026-05-29 10:35:00,29.0,62.0,6.0,3,10.0,0.8
2026-05-29 10:40:00,30.0,61.9,6.0,0,6.6,0.5
2026-05-29 10:45:00,30.0,61.3,7.0,0,7.9,0.7
2026-05-29 10:50:00,29.9,61.4,5.0,1,52.3,4.4
2026-05-29 10:55:00,29.3,60.4,5.0,0,7.0,0.6
2026-05-29 11:00:00,29.8,61.6,4.0,0,5.3,0.4
2026-05-29 11:05:00,31.6,61.8,8.0,0,4.3,0.4
2026-05-29 11:10:00,30.6,61.8,7.0,3,160.2,13.3
2026-05-29 11:15:00,31.6,61.5,8.0,3,73.8,6.1
2026-05-29 11:20:00,30.6,60.6,8.0,1,10.0,0.8
2026-05-29 11:25:00,30.3,64.4,6.0,3,85.3,7.2
2026-05-29 11:30:00,31.7,58.9,5.0,0,4.4,0.4
2026-05-29 11:35:00,31.6,55.2,4.0,0,4.0,0.3
2026-05-29 11:40:00,32.1,60.2,5.0,0,4.0,0.3
2026-05-29 11:45:00,33.9,58.6,6.0,1,19.5,1.6
2026-05-29 11:50:00,31.8,58.6,4.0,0,3.9,0.3
2026-05-29 11:55:00,32.0,62.5,5.0,0,7.1,0.6
2026-05-29 12:00:00,31.3,58.6,6.0,0,3.6,0.3
2026-05-29 12:05:00,31.1,62.7,8.0,0,8.3,0.7
2026-05-29 12:10:00,34.3,60.4,5.0,0,7.0,0.6
2026-05-29 12:15:00,31.5,60.5,6.0,1,82.4,6.9
2026-05-29 12:20:00,31.3,60.2,9.0,0,6.8,0.6
2026-05-29 12:25:00,32.5,58.6,4.0,0,6.0,0.6
2026-05-29 12:30:00,32.4,63.1,8.0,0,6.3,0.5
2026-05-29 12:35:00,31.5,61.4,7.0,0,4.7,0.4
2026-05-29 12:40:00,32.2,64.7,8.0,0,3.8,0.2
2026-05-29 12:45:00,33.9,57.4,8.0,1,120.8,10.1
2026-05-29 12:50:00,31.6,58.6,5.0,0,4.6,0.3
2026-05-29 12:55:00,30.9,59.9,6.0,0,3.5,0.3
2026-05-29 13:00:00,34.2,56.1,5.0,0,6.4,0.5
2026-05-29 13:05:00,33.7,51.4,6.0,3,20.1,1.7
2026-05-29 13:10:00,32.4,57.5,6.0,3,10.0,0.8
2026-05-29 13:15:00,31.3,59.3,6.0,3,56.9,4.7
2026-05-29 13:20:00,32.3,59.5,7.0,0,3.5,0.3
2026-05-29 13:25:00,33.1,62.7,8.0,0,6.8,0.6
2026-05-29 13:30:00,34.5,55.6,6.0,0,6.9,0.6
2026-05-29 13:35:00,31.9,54.6,7.0,0,6.0,0.5
2026-05-29 13:40:00,33.0,55.4,6.0,0,4.5,0.4
2026-05-29 13:45:00,33.9,57.1,5.0,2,131.9,11.0
2026-05-29 13:50:00,30.4,62.2,6.0,3,218.4,18.2
2026-05-29 13:55:00,34.3,60.0,6.0,1,47.4,4.0
2026-05-29 14:00:00,32.2,60.4,6.0,0,3.8,0.3
2026-05-29 14:05:00,34.4,57.7,6.0,0,4.0,0.4
2026-05-29 14:10:00,34.2,55.2,6.0,1,79.1,6.6
2026-05-29 14:15:00,35.4,56.9,6.0,0,3.7,0.4
2026-05-29 14:20:00,34.7,53.0,6.0,1,10.0,0.8
2026-05-29 14:25:00,30.5,62.4,7.0,0,5.5,0.5
2026-05-29 14:30:00,32.8,56.7,5.0,1,10.0,0.8
2026-05-29 14:35:00,34.1,52.3,6.0,0,5.3,0.4
2026-05-29 14:40:00,33.6,57.8,7.0,3,141.0,11.8
2026-05-29 14:45:00,34.6,58.6,6.0,2,84.3,7.0
2026-05-29 14:50:00,35.0,53.8,6.0,3,28.6,2.4
2026-05-29 14:55:00,34.8,58.7,6.0,2,208.7,17.4
2026-05-29 15:00:00,34.4,51.7,7.0,2,221.9,18.5
2026-05-29 15:05:00,32.2,55.2,7.0,2,5.0,0.4
2026-05-29 15:10:00,34.1,55.3,7.0,3,10.0,0.8
2026-05-29 15:15:00,35.3,53.5,6.0,2,7.5,0.6
2026-05-29 15:20:00,33.2,55.2,6.0,2,5.0,0.4
2026-05-29 15:25:00,35.6,54.3,7.0,2,170.3,14.2
2026-05-29 15:30:00,36.0,52.3,6.0,3,277.6,23.1
2026-05-29 15:35:00,34.9,54.0,6.0,2,78.1,6.6
2026-05-29 15:40:00,30.5,60.3,7.0,2,104.6,8.7
2026-05-29 15:45:00,33.0,55.4,7.0,3,10.0,0.8
2026-05-29 15:50:00,37.3,51.8,7.0,2,147.0,12.2
2026-05-29 15:55:00,34.0,54.3,9.0,6,131.6,11.0
2026-05-29 16:00:00,32.3,54.5,9.0,3,204.6,17.0
2026-05-29 16:05:00,37.1,53.9,10.0,3,148.5,12.4
2026-05-29 16:10:00,35.3,58.0,9.0,2,99.1,8.3
2026-05-29 16:15:00,36.9,54.8,8.0,2,49.8,4.1
2026-05-29 16:20:00,35.7,54.4,9.0,2,14.4,1.2
2026-05-29 16:25:00,36.0,51.9,8.0,2,81.6,6.8
2026-05-29 16:30:00,35.8,52.9,9.0,3,87.5,7.3
2026-05-29 16:35:00,36.3,55.4,8.0,2,162.5,13.5
2026-05-29 16:40:00,38.7,48.0,6.0,3,54.5,4.5
2026-05-29 16:45:00,36.7,51.7,6.0,2,5.0,0.3
2026-05-29 16:50:00,32.9,58.3,8.0,3,172.4,14.4
2026-05-29 16:55:00,35.9,50.8,6.0,2,61.9,5.2
2026-05-29 17:00:00,37.4,52.9,10.0,2,5.0,0.3
2026-05-29 17:05:00,37.5,52.6,12.0,3,201.3,16.8
2026-05-29 17:10:00,34.6,50.7,8.0,3,202.1,16.8
2026-05-29 17:15:00,37.4,51.9,11.0,2,171.9,14.3
2026-05-29 17:20:00,37.0,50.4,9.0,2,5.0,0.4
2026-05-29 17:25:00,39.9,50.1,8.0,2,5.0,0.4
2026-05-29 17:30:00,34.0,57.3,9.0,2,165.1,13.8
2026-05-29 17:35:00,34.5,56.0,6.0,3,203.1,16.9
2026-05-29 17:40:00,34.8,54.7,6.0,3,10.0,0.8
2026-05-29 17:45:00,34.5,55.7,4.0,2,49.7,4.1
2026-05-29 17:50:00,33.8,52.4,7.0,2,5.0,0.4
2026-05-29 17:55:00,30.5,59.2,14.0,2,141.2,11.8
2026-05-29 18:00:00,33.6,53.7,4.0,3,45.1,3.8
2026-05-29 18:05:00,35.0,57.1,4.0,3,49.3,4.2
2026-05-29 18:10:00,33.5,57.8,5.0,3,110.1,9.2
2026-05-29 18:15:00,37.7,53.2,5.0,3,130.1,10.8
2026-05-29 18:20:00,34.4,59.6,6.0,3,199.3,16.6
2026-05-29 18:25:00,36.6,51.7,5.0,3,102.6,8.5
2026-05-29 18:30:00,34.8,53.1,6.0,3,173.9,14.5
2026-05-29 18:35:00,35.8,52.5,5.0,2,108.8,9.1
2026-05-29 18:40:00,34.8,50.2,5.0,3,74.0,6.2
2026-05-29 18:45:00,36.7,48.4,6.0,3,286.2,23.8
2026-05-29 18:50:00,34.5,56.5,6.0,3,49.1,4.1
2026-05-29 18:55:00,35.2,50.3,9.0,3,47.6,4.0
2026-05-29 19:00:00,34.2,53.2,5.0,3,128.6,10.7
2026-05-29 19:05:00,33.4,56.3,5.0,3,207.1,17.3
2026-05-29 19:10:00,34.3,54.6,4.0,3,37.1,3.1
2026-05-29 19:15:00,36.8,54.6,5.0,3,79.4,6.5
2026-05-29 19:20:00,33.4,56.7,4.0,3,73.4,6.2
2026-05-29 19:25:00,34.3,53.7,6.0,3,14.7,1.2
2026-05-29 19:30:00,35.5,56.3,5.0,3,56.8,4.7
2026-05-29 19:35:00,35.3,56.0,6.0,3,45.1,3.8
2026-05-29 19:40:00,33.8,52.9,5.0,3,222.4,18.5
2026-05-29 19:45:00,30.5,60.6,5.0,3,119.8,10.0
2026-05-29 19:50:00,34.5,53.6,6.0,3,61.1,5.1
2026-05-29 19:55:00,30.7,58.0,5.0,3,269.9,22.5
2026-05-29 20:00:00,35.2,59.2,6.0,3,265.1,22.1
2026-05-29 20:05:00,33.4,57.4,6.0,3,257.0,21.4
2026-05-29 20:10:00,34.6,55.4,5.0,3,66.0,5.6
2026-05-29 20:15:00,31.9,58.8,6.0,2,251.3,20.9
2026-05-29 20:20:00,30.9,61.5,6.0,3,196.3,16.4
2026-05-29 20:25:00,33.5,55.5,4.0,3,294.1,24.5
2026-05-29 20:30:00,33.1,56.3,6.0,3,70.8,5.9
2026-05-29 20:35:00,32.4,59.5,5.0,3,86.4,7.2
2026-05-29 20:40:00,33.3,54.0,6.0,3,67.0,5.6
2026-05-29 20:45:00,37.1,55.4,5.0,3,124.6,10.4
2026-05-29 20:50:00,34.3,52.8,4.0,3,265.9,22.2
2026-05-29 20:55:00,34.6,55.4,6.0,3,111.1,9.3
2026-05-29 21:00:00,33.8,54.2,5.0,3,55.8,4.6
2026-05-29 21:05:00,34.7,54.4,4.0,3,96.6,8.0
2026-05-29 21:10:00,32.3,61.0,4.0,3,209.3,17.4
2026-05-29 21:15:00,29.5,63.0,5.0,3,10.0,0.8
2026-05-29 21:20:00,32.3,60.7,4.0,2,5.0,0.4
2026-05-29 21:25:00,33.8,54.4,5.0,3,139.2,11.6
2026-05-29 21:30:00,31.1,57.6,4.0,3,85.2,7.1
2026-05-29 21:35:00,32.3,59.2,5.0,3,47.9,4.0
2026-05-29 21:40:00,31.5,60.6,5.0,3,10.0,0.7
2026-05-29 21:45:00,34.8,54.8,5.0,3,159.4,13.3
2026-05-29 21:50:00,33.7,56.2,5.0,2,22.6,1.9
2026-05-29 21:55:00,33.5,55.3,5.0,3,79.2,6.5
2026-05-29 22:00:00,32.8,61.5,4.0,3,145.2,12.1
2026-05-29 22:05:00,31.8,58.4,4.0,3,10.0,0.8
2026-05-29 22:10:00,32.2,59.0,4.0,3,10.0,0.8
2026-05-29 22:15:00,30.1,61.0,4.0,3,10.0,0.8
2026-05-29 22:20:00,28.7,64.2,4.0,3,85.3,7.1
2026-05-29 22:25:00,32.1,57.2,6.0,3,10.0,0.8
2026-05-29 22:30:00,32.3,61.0,4.0,3,117.7,9.8
2026-05-29 22:35:00,33.6,55.2,5.0,3,251.7,21.0
2026-05-29 22:40:00,34.2,59.3,4.0,3,10.0,0.8
2026-05-29 22:45:00,34.2,53.8,4.0,3,42.5,3.5
2026-05-29 22:50:00,30.4,60.4,4.0,3,89.7,7.5
2026-05-29 22:55:00,31.4,62.7,4.0,3,87.9,7.3
2026-05-29 23:00:00,32.5,61.0,5.0,3,220.3,18.4
2026-05-29 23:05:00,36.3,58.4,5.0,3,67.4,5.6
2026-05-29 23:10:00,34.4,57.3,4.0,3,79.2,6.6
2026-05-29 23:15:00,33.7,58.1,6.0,3,72.7,6.1
2026-05-29 23:20:00,30.9,62.9,4.0,3,147.3,12.3
2026-05-29 23:25:00,30.0,62.1,4.0,3,249.8,20.8
2026-05-29 23:30:00,33.1,60.9,4.0,3,105.2,8.8
2026-05-29 23:35:00,29.6,61.7,4.0,3,239.8,20.0
2026-05-29 23:40:00,31.2,60.2,4.0,3,113.3,9.4
2026-05-29 23:45:00,31.4,61.7,5.0,3,10.0,0.9
2026-05-29 23:50:00,34.6,59.1,5.0,3,203.0,17.0
2026-05-29 23:55:00,31.0,60.5,5.0,3,103.0,8.6
2026-05-30 00:00:00,28.1,61.2,4.0,3,230.9,19.2
2026-05-30 00:05:00,31.8,61.6,5.0,3,177.6,14.7
2026-05-30 00:10:00,30.3,62.0,5.0,3,187.0,15.6
2026-05-30 00:15:00,31.2,59.9,5.0,2,41.9,3.5
2026-05-30 00:20:00,31.0,62.5,4.0,3,37.9,3.2
2026-05-30 00:25:00,30.8,61.4,4.0,3,20.4,1.7
2026-05-30 00:30:00,32.1,60.4,5.0,3,101.5,8.5
2026-05-30 00:35:00,29.2,63.5,5.0,3,10.0,0.8
2026-05-30 00:40:00,30.5,62.2,4.0,2,176.4,14.7
2026-05-30 00:45:00,32.0,60.5,5.0,3,10.0,0.8
2026-05-30 00:50:00,30.4,61.1,5.0,3,38.9,3.2
2026-05-30 00:55:00,29.1,65.1,4.0,2,5.0,0.4
2026-05-30 01:00:00,31.1,59.5,4.0,2,71.2,5.9
2026-05-30 01:05:00,31.5,61.5,4.0,3,10.0,0.8
2026-05-30 01:10:00,30.4,61.5,4.0,3,95.5,8.0
2026-05-30 01:15:00,28.7,64.6,4.0,3,106.9,8.9
2026-05-30 01:20:00,31.1,62.8,4.0,3,58.6,5.0
2026-05-30 01:25:00,29.0,62.9,4.0,3,10.0,0.8
2026-05-30 01:30:00,30.8,62.2,4.0,3,31.8,2.6
2026-05-30 01:35:00,29.7,63.0,5.0,3,125.0,10.4
2026-05-30 01:40:00,29.4,61.9,4.0,2,118.5,9.9
2026-05-30 01:45:00,30.1,64.2,5.0,3,83.1,6.9
2026-05-30 01:50:00,30.3,63.0,5.0,3,113.8,9.5
2026-05-30 01:55:00,29.9,61.6,5.0,3,26.2,2.2
2026-05-30 02:00:00,30.7,64.0,4.0,3,141.6,11.8
2026-05-30 02:05:00,29.5,61.1,4.0,3,173.5,14.5
2026-05-30 02:10:00,31.1,60.7,5.0,3,10.0,0.8
2026-05-30 02:15:00,30.3,60.9,4.0,3,64.6,5.3
2026-05-30 02:20:00,29.2,65.4,4.0,3,10.0,0.8
2026-05-30 02:25:00,29.0,62.7,4.0,3,177.2,14.8
2026-05-30 02:30:00,28.2,66.9,4.0,3,300.6,25.0
2026-05-30 02:35:00,30.3,63.3,4.0,3,184.4,15.4
2026-05-30 02:40:00,29.6,62.1,6.0,3,91.9,7.7
2026-05-30 02:45:00,27.4,70.7,4.0,3,118.8,9.9
2026-05-30 02:50:00,29.4,61.5,4.0,3,155.1,12.9
2026-05-30 02:55:00,29.0,60.5,5.0,3,10.0,0.8
2026-05-30 03:00:00,31.2,62.3,4.0,3,109.7,9.1
2026-05-30 03:05:00,27.8,60.6,4.0,2,190.7,15.9
2026-05-30 03:10:00,28.0,69.0,4.0,3,102.8,8.6
2026-05-30 03:15:00,30.7,61.3,5.0,3,85.1,7.1
2026-05-30 03:20:00,31.0,57.1,4.0,3,67.4,5.5
2026-05-30 03:25:00,28.8,61.8,5.0,3,112.6,9.4
2026-05-30 03:30:00,28.9,60.0,4.0,3,16.2,1.3
2026-05-30 03:35:00,30.2,62.8,4.0,2,30.5,2.5
2026-05-30 03:40:00,27.1,63.7,4.0,3,38.5,3.1
2026-05-30 03:45:00,27.6,67.2,5.0,3,129.1,10.8
2026-05-30 03:50:00,29.2,62.7,4.0,3,100.9,8.3
2026-05-30 03:55:00,31.2,59.1,4.0,3,106.1,8.8
2026-05-30 04:00:00,28.9,65.6,5.0,3,190.1,15.9
2026-05-30 04:05:00,29.5,64.8,5.0,2,120.0,10.0
2026-05-30 04:10:00,30.5,64.5,4.0,3,95.7,8.0
2026-05-30 04:15:00,31.6,57.9,4.0,3,86.2,7.2
2026-05-30 04:20:00,28.7,64.5,4.0,3,162.2,13.5
2026-05-30 04:25:00,29.3,61.9,5.0,3,260.3,21.7
2026-05-30 04:30:00,31.3,60.5,4.0,3,63.5,5.3
2026-05-30 04:35:00,27.8,64.2,5.0,3,144.8,12.1
2026-05-30 04:40:00,30.4,60.6,4.0,3,82.1,6.8
2026-05-30 04:45:00,28.3,64.2,5.0,3,21.4,1.8
2026-05-30 04:50:00,29.5,64.0,5.0,3,102.7,8.6
2026-05-30 04:55:00,29.1,63.9,4.0,3,158.4,13.2
2026-05-30 05:00:00,28.3,66.3,6.0,3,31.4,2.6
2026-05-30 05:05:00,28.3,65.1,4.0,3,203.2,16.9
2026-05-30 05:10:00,29.5,62.2,5.0,3,70.4,5.9
2026-05-30 05:15:00,30.1,62.8,5.0,3,65.8,5.5
2026-05-30 05:20:00,29.1,62.1,5.0,3,170.8,14.2
2026-05-30 05:25:00,29.3,64.9,6.0,3,128.5,10.7
2026-05-30 05:30:00,29.8,62.3,4.0,2,48.2,4.0
2026-05-30 05:35:00,28.3,65.7,4.0,3,40.4,3.4
2026-05-30 05:40:00,29.9,63.2,5.0,3,10.0,0.8
2026-05-30 05:45:00,30.0,65.9,4.0,3,255.8,21.3
2026-05-30 05:50:00,31.6,60.8,6.0,3,120.4,10.0
2026-05-30 05:55:00,28.9,64.5,5.0,3,269.8,22.6
2026-05-30 06:00:00,28.5,63.6,4.0,3,61.8,5.1
2026-05-30 06:05:00,29.7,64.7,4.0,1,87.9,7.3
2026-05-30 06:10:00,29.7,62.6,6.0,0,9.3,0.8
2026-05-30 06:15:00,28.5,61.9,6.0,3,134.3,11.2
2026-05-30 06:20:00,28.6,64.4,5.0,1,87.0,7.1
2026-05-30 06:25:00,29.5,63.8,5.0,1,99.3,8.3
2026-05-30 06:30:00,28.2,63.8,4.0,0,9.2,0.8
2026-05-30 06:35:00,28.6,64.6,5.0,3,10.0,0.8
2026-05-30 06:40:00,29.0,64.1,7.0,3,16.4,1.4
2026-05-30 06:45:00,29.9,62.7,7.0,3,67.0,5.6
2026-05-30 06:50:00,28.4,67.6,5.0,2,5.0,0.4
2026-05-30 06:55:00,27.3,64.2,6.0,3,251.4,20.9
2026-05-30 07:00:00,26.4,71.0,6.0,0,8.6,0.7
2026-05-30 07:05:00,27.2,66.8,4.0,0,5.1,0.4
2026-05-30 07:10:00,27.1,68.4,4.0,3,125.4,10.4
2026-05-30 07:15:00,28.4,65.3,4.0,3,200.7,16.7
2026-05-30 07:20:00,27.2,62.7,6.0,1,10.0,0.8
2026-05-30 07:25:00,27.8,63.4,8.0,0,3.5,0.3
2026-05-30 07:30:00,27.7,64.8,7.0,0,5.9,0.5
2026-05-30 07:35:00,28.1,67.8,6.0,0,5.0,0.4
2026-05-30 07:40:00,30.0,59.2,5.0,1,134.8,11.2
2026-05-30 07:45:00,29.3,61.6,5.0,0,5.6,0.5
2026-05-30 07:50:00,28.6,65.1,7.0,0,6.4,0.5
2026-05-30 07:55:00,28.0,66.7,6.0,3,283.5,23.6
2026-05-30 08:00:00,28.0,66.6,6.0,3,188.7,15.7
2026-05-30 08:05:00,28.8,62.0,4.0,0,6.9,0.6
2026-05-30 08:10:00,29.1,60.0,7.0,0,3.5,0.3
2026-05-30 08:15:00,27.4,67.7,6.0,3,184.9,15.4
2026-05-30 08:20:00,28.5,68.2,7.0,3,116.7,9.7
2026-05-30 08:25:00,26.2,67.4,8.0,1,38.1,3.2
2026-05-30 08:30:00,28.7,61.7,4.0,0,8.1,0.7
2026-05-30 08:35:00,29.3,62.5,6.0,1,35.9,3.0
2026-05-30 08:40:00,28.1,66.3,5.0,0,7.4,0.6
2026-05-30 08:45:00,30.5,61.2,5.0,0,4.4,0.4
2026-05-30 08:50:00,27.5,69.6,4.0,3,232.5,19.4
2026-05-30 08:55:00,28.7,66.7,5.0,0,7.3,0.6
2026-05-30 09:00:00,29.0,64.5,4.0,3,137.1,11.4
2026-05-30 09:05:00,28.9,59.6,8.0,0,5.0,0.4
2026-05-30 09:10:00,28.9,62.6,7.0,3,205.2,17.1
2026-05-30 09:15:00,29.1,62.6,7.0,0,5.6,0.5
2026-05-30 09:20:00,30.0,60.8,4.0,0,5.2,0.4
2026-05-30 09:25:00,30.5,62.3,10.0,3,76.7,6.4
2026-05-30 09:30:00,29.0,64.6,6.0,3,166.2,13.8
2026-05-30 09:35:00,29.9,58.7,9.0,0,4.1,0.3
2026-05-30 09:40:00,28.2,67.2,8.0,3,142.7,11.9
2026-05-30 09:45:00,29.9,62.8,6.0,3,76.7,6.4
2026-05-30 09:50:00,28.2,66.2,10.0,0,3.5,0.4
2026-05-30 09:55:00,30.2,64.1,7.0,0,11.0,0.9
2026-05-30 10:00:00,32.5,57.6,6.0,0,6.8,0.6
2026-05-30 10:05:00,29.9,65.6,6.0,0,5.8,0.5
2026-05-30 10:10:00,27.5,65.8,7.0,0,9.1,0.8
2026-05-30 10:15:00,29.4,66.8,5.0,0,3.5,0.3
2026-05-30 10:20:00,31.4,58.8,6.0,3,10.0,0.9
2026-05-30 10:25:00,30.6,65.0,5.0,3,133.5,11.1
2026-05-30 10:30:00,30.3,60.3,5.0,1,97.0,8.1
2026-05-30 10:35:00,31.2,66.7,5.0,3,145.0,12.1
2026-05-30 10:40:00,30.6,59.8,8.0,0,5.0,0.4
2026-05-30 10:45:00,31.4,63.1,7.0,0,4.3,0.4
2026-05-30 10:50:00,31.1,60.4,6.0,1,68.9,5.7
2026-05-30 10:55:00,31.7,62.0,5.0,1,146.3,12.2
2026-05-30 11:00:00,31.8,59.8,5.0,0,4.5,0.4
2026-05-30 11:05:00,32.4,56.4,6.0,0,5.6,0.5
2026-05-30 11:10:00,31.1,54.3,9.0,1,99.5,8.3
2026-05-30 11:15:00,30.8,67.5,7.0,0,4.6,0.4
2026-05-30 11:20:00,33.3,57.8,7.0,0,3.5,0.3
2026-05-30 11:25:00,31.7,53.0,6.0,0,3.5,0.3
2026-05-30 11:30:00,32.3,59.9,5.0,0,3.7,0.3
2026-05-30 11:35:00,31.6,61.9,6.0,0,4.6,0.4
2026-05-30 11:40:00,30.8,59.8,5.0,1,139.0,11.6
2026-05-30 11:45:00,31.5,58.7,8.0,3,17.1,1.4
2026-05-30 11:50:00,33.0,58.1,5.0,0,3.6,0.3
2026-05-30 11:55:00,32.1,62.4,5.0,0,5.1,0.4
2026-05-30 12:00:00,30.6,62.1,8.0,3,118.1,9.8
2026-05-30 12:05:00,32.3,62.8,5.0,3,131.3,10.9
2026-05-30 12:10:00,34.5,58.6,6.0,0,5.2,0.4
2026-05-30 12:15:00,32.3,58.6,4.0,3,202.8,16.9
2026-05-30 12:20:00,30.5,58.1,6.0,0,3.5,0.3
2026-05-30 12:25:00,34.6,55.0,7.0,3,132.4,11.0
2026-05-30 12:30:00,33.3,58.9,5.0,3,167.0,14.0
2026-05-30 12:35:00,32.4,59.2,7.0,0,3.5,0.3
2026-05-30 12:40:00,32.1,61.1,6.0,0,5.9,0.4
2026-05-30 12:45:00,33.7,59.2,8.0,0,5.3,0.4
2026-05-30 12:50:00,31.9,61.1,5.0,0,3.5,0.3
2026-05-30 12:55:00,33.8,56.2,6.0,0,7.1,0.7
2026-05-30 13:00:00,33.8,57.9,5.0,0,6.7,0.6
2026-05-30 13:05:00,33.4,63.0,6.0,1,45.0,3.8
2026-05-30 13:10:00,33.3,53.5,6.0,3,92.2,7.7
2026-05-30 13:15:00,32.9,59.2,7.0,3,77.8,6.5
2026-05-30 13:20:00,34.3,60.5,6.0,0,10.2,0.8
2026-05-30 13:25:00,32.1,56.2,6.0,3,93.2,7.8
2026-05-30 13:30:00,31.3,63.1,5.0,1,123.9,10.3
2026-05-30 13:35:00,33.8,59.5,6.0,2,88.4,7.4
2026-05-30 13:40:00,33.9,52.5,8.0,2,75.2,6.3
2026-05-30 13:45:00,33.7,58.5,4.0,3,65.5,5.5
2026-05-30 13:50:00,33.6,56.1,6.0,0,9.0,0.8
2026-05-30 13:55:00,32.8,58.0,7.0,3,84.1,7.0
2026-05-30 14:00:00,35.0,54.0,6.0,1,10.0,0.8
2026-05-30 14:05:00,33.8,59.3,7.0,2,136.4,11.4
2026-05-30 14:10:00,33.2,56.6,7.0,4,81.5,6.8
2026-05-30 14:15:00,33.4,55.5,6.0,2,250.9,20.9
2026-05-30 14:20:00,36.8,51.6,6.0,3,150.8,12.6
2026-05-30 14:25:00,31.4,58.2,7.0,3,153.0,12.8
2026-05-30 14:30:00,34.6,52.6,7.0,3,144.3,12.0
2026-05-30 14:35:00,31.5,57.7,6.0,0,3.8,0.4
2026-05-30 14:40:00,33.7,56.6,7.0,0,5.2,0.4
2026-05-30 14:45:00,33.3,57.7,7.0,3,132.4,11.0
2026-05-30 14:50:00,30.9,62.5,6.0,3,221.4,18.4
2026-05-30 14:55:00,34.4,56.0,7.0,2,131.3,10.9
2026-05-30 15:00:00,34.2,54.5,7.0,1,61.0,5.1
2026-05-30 15:05:00,31.9,55.9,7.0,2,96.8,8.1
2026-05-30 15:10:00,35.9,54.3,8.0,3,220.8,18.4
2026-05-30 15:15:00,36.7,52.5,6.0,2,139.8,11.6
2026-05-30 15:20:00,36.8,52.4,7.0,2,39.1,3.4
2026-05-30 15:25:00,35.2,55.0,8.0,3,118.6,9.9
2026-05-30 15:30:00,34.8,56.0,6.0,2,158.3,13.2
2026-05-30 15:35:00,36.5,53.5,8.0,2,45.2,3.8
2026-05-30 15:40:00,37.0,52.0,7.0,1,10.0,0.8
2026-05-30 15:45:00,36.3,51.4,8.0,2,121.8,10.1
2026-05-30 15:50:00,33.4,55.1,7.0,3,242.0,20.2
2026-05-30 15:55:00,35.0,56.5,7.0,2,79.0,6.7
2026-05-30 16:00:00,35.9,52.5,8.0,2,75.4,6.3
2026-05-30 16:05:00,32.5,54.0,8.0,2,220.5,18.4
2026-05-30 16:10:00,36.0,56.0,11.0,3,230.2,19.2
2026-05-30 16:15:00,38.7,48.3,8.0,2,26.4,2.2
2026-05-30 16:20:00,36.2,53.2,8.0,3,118.6,9.9
2026-05-30 16:25:00,37.5,52.9,8.0,2,133.8,11.1
2026-05-30 16:30:00,35.5,53.9,8.0,2,62.6,5.2
2026-05-30 16:35:00,35.2,48.5,6.0,2,166.3,13.8
2026-05-30 16:40:00,35.8,54.4,7.0,3,51.2,4.3
2026-05-30 16:45:00,34.0,58.5,6.0,2,5.0,0.4
2026-05-30 16:50:00,33.8,57.5,7.0,3,73.5,6.1
2026-05-30 16:55:00,37.2,48.0,9.0,6,197.0,16.4
2026-05-30 17:00:00,37.8,57.2,8.0,3,112.7,9.4
2026-05-30 17:05:00,33.6,52.2,7.0,2,70.0,5.8
2026-05-30 17:10:00,37.1,49.0,8.0,2,24.3,2.0
2026-05-30 17:15:00,35.2,56.3,8.0,2,218.9,18.2
2026-05-30 17:20:00,36.0,54.5,9.0,2,196.8,16.4
2026-05-30 17:25:00,36.2,53.2,5.0,3,77.8,6.5
2026-05-30 17:30:00,37.1,50.4,6.0,3,19.0,1.6
2026-05-30 17:35:00,35.5,57.5,5.0,3,14.1,1.2
2026-05-30 17:40:00,37.9,51.0,6.0,3,67.8,5.6
2026-05-30 17:45:00,35.9,48.9,7.0,2,41.0,3.4
2026-05-30 17:50:00,36.5,56.1,6.0,2,6.4,0.5
2026-05-30 17:55:00,33.9,56.2,10.0,3,53.8,4.5
2026-05-30 18:00:00,38.1,54.0,8.0,3,10.0,0.8
2026-05-30 18:05:00,35.2,55.7,7.0,3,179.0,14.9
2026-05-30 18:10:00,35.6,60.1,5.0,3,196.3,16.4
2026-05-30 18:15:00,31.6,57.2,6.0,3,157.4,13.1
2026-05-30 18:20:00,32.9,56.7,6.0,3,10.0,0.8
2026-05-30 18:25:00,36.5,54.6,5.0,3,88.3,7.4
2026-05-30 18:30:00,34.9,53.6,8.0,3,144.9,12.1
2026-05-30 18:35:00,31.0,60.9,9.0,3,214.7,18.0
2026-05-30 18:40:00,36.2,48.0,4.0,3,296.3,24.7
2026-05-30 18:45:00,33.4,55.9,8.0,3,106.1,8.8
2026-05-30 18:50:00,36.8,52.1,5.0,3,118.7,9.8
2026-05-30 18:55:00,34.2,54.8,6.0,3,148.0,12.3
2026-05-30 19:00:00,34.0,53.9,5.0,3,53.4,4.5
2026-05-30 19:05:00,35.4,56.3,6.0,3,37.6,3.1
2026-05-30 19:10:00,32.5,56.5,5.0,3,182.9,15.2
2026-05-30 19:15:00,32.4,58.2,5.0,3,164.9,13.7
2026-05-30 19:20:00,33.5,56.4,6.0,3,87.3,7.3
2026-05-30 19:25:00,34.9,56.0,6.0,3,10.0,0.8
2026-05-30 19:30:00,31.9,61.6,5.0,3,10.0,0.8
2026-05-30 19:35:00,31.5,59.3,6.0,2,61.5,5.1
2026-05-30 19:40:00,34.9,56.7,5.0,3,98.6,8.2
2026-05-30 19:45:00,32.9,57.5,4.0,3,101.6,8.5
2026-05-30 19:50:00,33.2,55.6,6.0,3,83.4,7.0
2026-05-30 19:55:00,31.2,58.8,5.0,3,184.2,15.3
2026-05-30 20:00:00,32.2,57.8,5.0,3,124.1,10.3
2026-05-30 20:05:00,33.1,58.6,5.0,3,10.0,0.8
2026-05-30 20:10:00,34.5,56.2,5.0,3,280.9,23.4
2026-05-30 20:15:00,32.0,56.9,5.0,3,10.0,0.8
2026-05-30 20:20:00,35.5,54.5,5.0,3,56.7,4.7
2026-05-30 20:25:00,32.2,55.2,5.0,3,17.0,1.4
2026-05-30 20:30:00,32.2,58.0,6.0,3,147.8,12.3
2026-05-30 20:35:00,35.3,55.2,6.0,3,10.0,0.8
2026-05-30 20:40:00,33.4,60.9,5.0,3,163.2,13.6
2026-05-30 20:45:00,32.4,61.0,5.0,3,77.5,6.5
2026-05-30 20:50:00,32.9,55.5,6.0,3,168.5,14.0
2026-05-30 20:55:00,35.1,55.8,5.0,3,10.0,0.8
2026-05-30 21:00:00,34.7,56.8,4.0,3,87.5,7.3
2026-05-30 21:05:00,31.3,59.0,5.0,3,166.5,13.9
2026-05-30 21:10:00,32.5,58.0,5.0,3,10.0,0.8
2026-05-30 21:15:00,32.7,57.5,4.0,2,159.3,13.3
2026-05-30 21:20:00,31.1,63.2,4.0,3,132.3,11.0
2026-05-30 21:25:00,32.5,57.6,5.0,3,129.4,10.8
2026-05-30 21:30:00,32.6,58.9,5.0,3,127.0,10.6
2026-05-30 21:35:00,34.2,52.0,5.0,3,73.2,6.1
2026-05-30 21:40:00,34.3,58.3,4.0,3,169.1,14.1
2026-05-30 21:45:00,32.1,61.0,5.0,3,135.7,11.3
2026-05-30 21:50:00,32.2,56.6,5.0,3,130.5,10.9
2026-05-30 21:55:00,33.5,56.5,4.0,3,54.1,4.5
2026-05-30 22:00:00,31.0,60.9,4.0,3,18.4,1.5
2026-05-30 22:05:00,32.7,58.5,5.0,3,147.1,12.3
2026-05-30 22:10:00,31.7,60.3,5.0,3,42.9,3.6
2026-05-30 22:15:00,30.5,59.9,4.0,2,119.2,9.9
2026-05-30 22:20:00,30.5,64.0,4.0,3,232.0,19.3
2026-05-30 22:25:00,34.0,56.0,5.0,3,284.3,23.7
2026-05-30 22:30:00,31.6,64.6,4.0,3,42.8,3.6
2026-05-30 22:35:00,34.3,59.4,5.0,3,32.6,2.7
2026-05-30 22:40:00,31.1,61.5,4.0,3,144.0,12.0
2026-05-30 22:45:00,32.3,56.8,5.0,3,131.8,11.0
2026-05-30 22:50:00,35.4,57.7,4.0,3,102.2,8.5
2026-05-30 22:55:00,30.3,61.8,5.0,3,155.7,13.0
2026-05-30 23:00:00,28.1,59.2,4.0,3,167.2,13.9
2026-05-30 23:05:00,34.0,57.0,5.0,3,37.1,3.1
2026-05-30 23:10:00,30.1,61.8,4.0,3,29.8,2.5
2026-05-30 23:15:00,31.6,60.2,5.0,3,10.0,0.8
2026-05-30 23:20:00,30.5,60.3,5.0,3,10.0,0.8
2026-05-30 23:25:00,32.1,61.8,4.0,3,21.1,1.8
2026-05-30 23:30:00,29.9,60.1,5.0,3,75.5,6.2
2026-05-30 23:35:00,31.3,59.9,5.0,3,175.5,14.7
2026-05-30 23:40:00,32.5,59.0,5.0,3,159.1,13.3
2026-05-30 23:45:00,29.8,62.2,4.0,3,146.3,12.2
2026-05-30 23:50:00,30.3,58.6,5.0,3,87.7,7.3
2026-05-30 23:55:00,31.0,60.0,4.0,3,301.6,25.1
2026-05-31 00:00:00,29.2,59.9,4.0,3,10.0,0.8
2026-05-31 00:05:00,30.5,60.8,4.0,3,83.0,6.9
2026-05-31 00:10:00,31.2,61.7,8.0,3,135.1,11.3
2026-05-31 00:15:00,30.5,62.3,5.0,3,10.0,0.8
2026-05-31 00:20:00,30.7,60.1,5.0,3,78.6,6.5
2026-05-31 00:25:00,31.0,61.6,4.0,2,66.9,5.6
2026-05-31 00:30:00,30.2,61.2,5.0,3,10.0,0.8
2026-05-31 00:35:00,31.9,62.1,5.0,3,75.3,6.3
2026-05-31 00:40:00,32.8,59.3,4.0,3,234.9,19.7
2026-05-31 00:45:00,30.4,57.2,4.0,3,119.8,10.0
2026-05-31 00:50:00,31.6,61.7,5.0,3,275.0,22.9
2026-05-31 00:55:00,30.7,60.5,4.0,2,186.0,15.6
2026-05-31 01:00:00,30.7,60.8,4.0,3,230.1,19.2
2026-05-31 01:05:00,31.8,60.4,4.0,3,10.0,0.8
2026-05-31 01:10:00,30.8,58.7,4.0,2,124.9,10.4
2026-05-31 01:15:00,28.7,64.0,4.0,3,10.0,0.8
2026-05-31 01:20:00,30.8,62.0,4.0,3,231.3,19.3
2026-05-31 01:25:00,31.5,60.8,4.0,3,96.6,7.9
2026-05-31 01:30:00,30.2,60.9,5.0,2,31.4,2.6
2026-05-31 01:35:00,31.3,62.2,6.0,3,10.0,0.8
2026-05-31 01:40:00,29.7,60.9,4.0,3,189.1,15.7
2026-05-31 01:45:00,29.0,62.4,4.0,3,240.6,20.0
2026-05-31 01:50:00,30.5,61.3,4.0,3,236.3,19.7
2026-05-31 01:55:00,28.7,64.4,5.0,3,149.1,12.4
2026-05-31 02:00:00,29.6,62.2,5.0,3,209.8,17.5
2026-05-31 02:05:00,31.3,63.4,5.0,3,151.0,12.6
2026-05-31 02:10:00,27.7,66.5,5.0,3,20.2,1.7
2026-05-31 02:15:00,28.5,64.8,4.0,3,203.1,16.9
2026-05-31 02:20:00,28.7,64.9,5.0,3,86.2,7.2
2026-05-31 02:25:00,29.8,64.4,4.0,3,268.1,22.3
2026-05-31 02:30:00,29.5,63.7,4.0,2,5.0,0.4
2026-05-31 02:35:00,31.5,55.8,5.0,3,74.9,6.2
2026-05-31 02:40:00,31.0,63.5,4.0,3,84.5,7.0
2026-05-31 02:45:00,30.4,62.1,5.0,3,10.0,0.8
2026-05-31 02:50:00,30.0,64.0,4.0,3,169.0,14.1
2026-05-31 02:55:00,30.3,60.9,5.0,2,259.1,21.6
2026-05-31 03:00:00,28.5,60.2,5.0,3,272.4,22.7
2026-05-31 03:05:00,30.3,56.2,4.0,3,175.7,14.6
2026-05-31 03:10:00,28.2,62.8,4.0,3,112.5,9.4
2026-05-31 03:15:00,30.3,62.9,4.0,3,65.6,5.5
2026-05-31 03:20:00,30.6,64.3,4.0,3,47.5,4.0
2026-05-31 03:25:00,29.6,63.5,4.0,3,213.0,17.8
2026-05-31 03:30:00,29.2,60.9,5.0,3,49.8,4.1
2026-05-31 03:35:00,29.8,60.6,4.0,3,10.0,0.8
2026-05-31 03:40:00,26.4,71.0,4.0,2,76.2,6.4
2026-05-31 03:45:00,29.7,59.5,4.0,3,369.7,30.8
2026-05-31 03:50:00,29.3,68.3,4.0,3,131.1,10.9
2026-05-31 03:55:00,29.4,67.6,4.0,3,72.2,6.0
2026-05-31 04:00:00,30.0,67.9,4.0,2,5.0,0.4
2026-05-31 04:05:00,29.1,64.9,4.0,3,46.6,3.9
2026-05-31 04:10:00,28.0,64.9,4.0,3,153.8,12.7
2026-05-31 04:15:00,29.1,64.8,5.0,3,10.0,0.8
2026-05-31 04:20:00,29.3,65.9,5.0,3,50.6,4.1
2026-05-31 04:25:00,29.3,61.9,5.0,2,122.5,10.2
2026-05-31 04:30:00,29.4,60.5,5.0,3,143.3,11.9
2026-05-31 04:35:00,30.3,61.1,4.0,3,28.1,2.2
2026-05-31 04:40:00,28.1,63.6,4.0,3,10.0,0.8
2026-05-31 04:45:00,29.4,66.6,4.0,3,58.9,4.9
2026-05-31 04:50:00,30.6,59.7,6.0,3,80.5,6.7
2026-05-31 04:55:00,27.4,67.1,5.0,3,83.9,7.0
2026-05-31 05:00:00,29.3,65.8,4.0,3,81.5,6.8
2026-05-31 05:05:00,28.6,67.5,5.0,3,129.9,10.8
2026-05-31 05:10:00,28.8,64.9,4.0,3,44.0,3.7
2026-05-31 05:15:00,28.3,66.1,5.0,2,5.0,0.4
2026-05-31 05:20:00,28.9,62.2,5.0,3,131.3,10.9
2026-05-31 05:25:00,30.8,63.5,5.0,3,54.0,4.5
2026-05-31 05:30:00,27.9,68.6,4.0,3,94.6,7.9
2026-05-31 05:35:00,28.0,61.8,5.0,3,49.2,4.1
2026-05-31 05:40:00,27.9,69.6,5.0,3,10.0,0.8
2026-05-31 05:45:00,30.7,60.0,4.0,3,131.9,11.0
2026-05-31 05:50:00,28.7,65.9,6.0,3,199.1,16.6
2026-05-31 05:55:00,29.1,64.2,4.0,3,127.7,10.6
2026-05-31 06:00:00,28.5,64.9,4.0,3,10.0,0.8
2026-05-31 06:05:00,28.0,65.3,6.0,3,10.0,0.8
2026-05-31 06:10:00,28.6,62.8,6.0,3,179.8,15.0
2026-05-31 06:15:00,31.1,62.0,5.0,1,71.3,5.9
2026-05-31 06:20:00,30.1,61.9,4.0,0,5.6,0.5
2026-05-31 06:25:00,28.1,63.0,5.0,3,141.7,11.8
2026-05-31 06:30:00,29.4,61.5,5.0,1,73.8,6.1
2026-05-31 06:35:00,28.1,63.0,6.0,3,118.9,9.9
2026-05-31 06:40:00,27.2,65.9,6.0,1,110.9,9.2
2026-05-31 06:45:00,29.8,64.0,5.0,1,77.3,6.4
2026-05-31 06:50:00,29.9,61.4,6.0,3,180.2,15.0
2026-05-31 06:55:00,29.8,64.9,5.0,2,199.1,16.6
2026-05-31 07:00:00,27.9,65.5,4.0,0,8.1,0.7
2026-05-31 07:05:00,28.2,64.6,4.0,0,4.9,0.4
2026-05-31 07:10:00,29.3,63.7,6.0,1,30.0,2.5
2026-05-31 07:15:00,28.9,67.6,7.0,0,8.2,0.7
2026-05-31 07:20:00,28.0,62.3,5.0,1,43.1,3.5
2026-05-31 07:25:00,26.6,71.0,7.0,3,164.2,13.7
2026-05-31 07:30:00,28.6,67.0,5.0,0,6.1,0.5
2026-05-31 07:35:00,29.6,63.1,6.0,0,3.9,0.3
2026-05-31 07:40:00,27.1,69.8,5.0,0,3.5,0.3
2026-05-31 07:45:00,29.1,63.2,7.0,1,74.9,6.2
2026-05-31 07:50:00,28.8,65.1,6.0,1,34.2,2.8
2026-05-31 07:55:00,29.3,62.3,5.0,3,116.2,9.7
2026-05-31 08:00:00,29.3,65.9,6.0,3,227.9,19.0
2026-05-31 08:05:00,27.5,64.6,4.0,0,7.5,0.6
2026-05-31 08:10:00,26.5,67.6,4.0,0,7.4,0.6
2026-05-31 08:15:00,27.7,67.6,5.0,0,7.7,0.6
2026-05-31 08:20:00,29.3,66.1,6.0,0,3.5,0.3
2026-05-31 08:25:00,27.7,64.0,7.0,0,5.2,0.4
2026-05-31 08:30:00,27.5,68.1,6.0,3,256.3,21.3
2026-05-31 08:35:00,26.3,65.7,5.0,0,8.0,0.7
2026-05-31 08:40:00,30.3,56.9,4.0,0,3.5,0.3
2026-05-31 08:45:00,29.2,61.9,7.0,3,218.0,18.2
2026-05-31 08:50:00,29.2,65.7,7.0,0,6.6,0.5
2026-05-31 08:55:00,29.4,63.4,8.0,3,172.5,14.4
2026-05-31 09:00:00,29.5,62.1,6.0,1,122.4,10.2
2026-05-31 09:05:00,28.6,64.8,8.0,0,4.4,0.4
2026-05-31 09:10:00,28.7,64.6,5.0,0,3.6,0.3
2026-05-31 09:15:00,28.4,66.5,6.0,0,4.0,0.3
2026-05-31 09:20:00,31.8,56.0,7.0,0,8.7,0.7
2026-05-31 09:25:00,29.5,63.1,7.0,3,115.3,9.6
2026-05-31 09:30:00,28.4,65.3,7.0,3,109.3,9.0
2026-05-31 09:35:00,29.4,60.2,7.0,3,171.0,14.3
2026-05-31 09:40:00,27.8,62.6,7.0,1,47.2,3.9
2026-05-31 09:45:00,30.6,60.8,6.0,0,7.3,0.6
2026-05-31 09:50:00,28.2,65.3,8.0,0,5.3,0.4
2026-05-31 09:55:00,29.5,63.4,4.0,0,9.9,0.8
2026-05-31 10:00:00,31.1,60.0,5.0,0,3.5,0.3
2026-05-31 10:05:00,30.3,61.0,8.0,0,4.2,0.5
2026-05-31 10:10:00,30.0,61.8,5.0,0,8.7,0.7
2026-05-31 10:15:00,29.9,63.5,6.0,1,114.4,9.5
2026-05-31 10:20:00,29.8,65.7,8.0,0,5.1,0.4
2026-05-31 10:25:00,29.2,58.9,6.0,0,5.1,0.4
2026-05-31 10:30:00,29.4,64.9,5.0,0,5.3,0.4
2026-05-31 10:35:00,31.6,60.3,8.0,1,32.6,2.7
2026-05-31 10:40:00,29.8,64.1,6.0,0,4.6,0.4
2026-05-31 10:45:00,29.0,66.7,6.0,0,7.4,0.6
2026-05-31 10:50:00,29.3,62.0,4.0,3,55.7,4.6
2026-05-31 10:55:00,31.1,63.3,6.0,0,3.8,0.3
2026-05-31 11:00:00,32.1,56.5,7.0,0,10.9,0.9
2026-05-31 11:05:00,31.9,60.1,6.0,0,3.5,0.3
2026-05-31 11:10:00,31.0,60.6,4.0,3,99.8,8.3
2026-05-31 11:15:00,32.0,59.7,5.0,0,8.9,0.7
2026-05-31 11:20:00,30.6,59.4,5.0,0,7.2,0.6
2026-05-31 11:25:00,31.0,62.2,6.0,3,52.1,4.3
2026-05-31 11:30:00,32.4,62.8,5.0,0,4.1,0.3
2026-05-31 11:35:00,32.3,56.8,8.0,3,98.7,8.1
2026-05-31 11:40:00,30.3,62.7,7.0,0,6.0,0.5
2026-05-31 11:45:00,30.4,64.1,4.0,3,32.8,2.7
2026-05-31 11:50:00,31.4,59.8,6.0,1,95.1,8.0
2026-05-31 11:55:00,33.2,61.1,6.0,0,7.2,0.6
2026-05-31 12:00:00,30.2,61.4,8.0,1,55.0,4.6
2026-05-31 12:05:00,32.7,58.3,6.0,0,6.8,0.6
2026-05-31 12:10:00,30.8,59.1,6.0,0,3.5,0.3
2026-05-31 12:15:00,31.7,60.4,9.0,0,6.3,0.5
2026-05-31 12:20:00,32.0,59.7,5.0,0,3.5,0.3
2026-05-31 12:25:00,31.9,61.4,7.0,0,7.6,0.6
2026-05-31 12:30:00,31.8,58.4,6.0,3,86.0,7.2
2026-05-31 12:35:00,32.4,57.3,6.0,0,7.6,0.6
2026-05-31 12:40:00,31.8,61.1,5.0,1,121.0,10.1
2026-05-31 12:45:00,30.7,65.2,8.0,0,3.5,0.3
2026-05-31 12:50:00,33.2,59.4,7.0,3,70.5,5.9
2026-05-31 12:55:00,33.2,62.4,7.0,0,3.5,0.3
2026-05-31 13:00:00,34.0,57.7,7.0,0,4.9,0.4
2026-05-31 13:05:00,31.2,62.0,6.0,0,5.0,0.4
2026-05-31 13:10:00,33.3,59.1,5.0,3,199.3,16.6
2026-05-31 13:15:00,33.8,60.4,5.0,1,156.9,13.0
2026-05-31 13:20:00,31.8,62.9,8.0,1,75.0,6.2
2026-05-31 13:25:00,33.0,55.0,6.0,0,5.5,0.5
2026-05-31 13:30:00,32.9,60.0,6.0,0,6.3,0.5
2026-05-31 13:35:00,35.1,55.2,8.0,3,207.3,17.3
2026-05-31 13:40:00,35.2,53.8,5.0,1,156.3,13.0
2026-05-31 13:45:00,31.1,56.2,4.0,0,5.2,0.5
2026-05-31 13:50:00,35.9,49.2,4.0,3,155.6,13.0
2026-05-31 13:55:00,32.0,58.4,6.0,0,5.7,0.5
2026-05-31 14:00:00,35.2,51.0,6.0,2,194.4,16.2
2026-05-31 14:05:00,35.1,53.8,7.0,1,57.7,4.8
2026-05-31 14:10:00,32.3,59.7,7.0,3,10.0,0.8
2026-05-31 14:15:00,34.5,54.0,5.0,4,64.9,5.4
2026-05-31 14:20:00,33.6,56.6,8.0,1,74.6,6.2
2026-05-31 14:25:00,34.6,52.7,6.0,3,157.7,13.1
2026-05-31 14:30:00,34.1,56.5,7.0,3,182.2,15.2
2026-05-31 14:35:00,35.5,55.4,7.0,3,76.3,6.4
2026-05-31 14:40:00,33.9,52.6,6.0,3,172.6,14.4
2026-05-31 14:45:00,33.5,54.7,6.0,3,187.5,15.6
2026-05-31 14:50:00,35.3,51.4,6.0,0,3.8,0.3
2026-05-31 14:55:00,34.6,56.5,6.0,2,81.2,6.8
2026-05-31 15:00:00,35.6,54.3,7.0,2,13.0,1.1
2026-05-31 15:05:00,33.7,56.0,6.0,2,137.4,11.4
2026-05-31 15:10:00,33.2,56.4,8.0,2,194.1,16.2
2026-05-31 15:15:00,33.8,56.7,7.0,2,91.7,7.6
2026-05-31 15:20:00,33.8,56.7,9.0,2,70.2,5.8
2026-05-31 15:25:00,35.7,52.8,7.0,2,41.3,3.4
2026-05-31 15:30:00,35.9,52.2,6.0,1,59.9,4.9
2026-05-31 15:35:00,34.4,55.2,7.0,2,72.6,6.0
2026-05-31 15:40:00,36.6,52.4,7.0,2,87.5,7.3
2026-05-31 15:45:00,36.5,57.5,8.0,6,143.4,12.1
2026-05-31 15:50:00,34.9,53.9,8.0,2,61.2,5.1
2026-05-31 15:55:00,33.5,57.0,8.0,5,141.0,11.8
2026-05-31 16:00:00,37.5,52.8,10.0,6,197.0,16.4
2026-05-31 16:05:00,35.0,57.6,9.0,3,10.0,0.8
2026-05-31 16:10:00,35.3,52.2,7.0,2,24.2,2.0
2026-05-31 16:15:00,34.6,57.9,9.0,2,228.7,19.1
2026-05-31 16:20:00,33.8,55.3,9.0,2,80.9,6.7
2026-05-31 16:25:00,32.9,62.4,7.0,2,58.5,4.9
2026-05-31 16:30:00,36.1,54.1,7.0,2,115.1,9.6
2026-05-31 16:35:00,34.0,52.6,8.0,2,118.6,9.9
2026-05-31 16:40:00,39.8,48.8,9.0,2,95.0,7.9
2026-05-31 16:45:00,33.5,59.1,8.0,2,11.1,0.9
2026-05-31 16:50:00,33.2,56.5,8.0,3,189.7,15.8
2026-05-31 16:55:00,35.9,53.3,8.0,2,99.2,8.3
2026-05-31 17:00:00,37.9,53.1,8.0,3,86.3,7.2
2026-05-31 17:05:00,35.3,53.0,5.0,2,111.3,9.3
2026-05-31 17:10:00,36.2,52.4,10.0,2,125.1,10.4
2026-05-31 17:15:00,32.0,55.0,6.0,2,120.6,10.0
2026-05-31 17:20:00,34.0,60.3,9.0,3,10.0,0.8
2026-05-31 17:25:00,33.3,52.8,7.0,2,114.5,9.6
2026-05-31 17:30:00,31.9,58.2,10.0,6,188.9,15.7
2026-05-31 17:35:00,35.4,55.2,8.0,3,119.1,9.9
2026-05-31 17:40:00,31.3,58.4,6.0,3,71.1,5.8
2026-05-31 17:45:00,32.9,53.1,11.0,2,16.3,1.4
2026-05-31 17:50:00,34.3,52.3,6.0,3,180.1,15.0
2026-05-31 17:55:00,33.8,57.1,9.0,2,298.2,24.8
2026-05-31 18:00:00,34.9,52.3,8.0,3,159.0,13.2
2026-05-31 18:05:00,34.8,48.9,5.0,3,152.9,12.7
2026-05-31 18:10:00,35.8,54.5,6.0,3,36.4,3.0
2026-05-31 18:15:00,35.5,51.4,5.0,3,70.7,5.9
2026-05-31 18:20:00,36.2,54.7,6.0,3,78.1,6.5
2026-05-31 18:25:00,34.2,54.7,6.0,2,135.4,11.3
2026-05-31 18:30:00,34.8,53.9,7.0,3,162.1,13.5
2026-05-31 18:35:00,35.1,54.4,5.0,3,226.1,18.8
2026-05-31 18:40:00,34.5,51.8,8.0,3,153.2,12.8
2026-05-31 18:45:00,33.5,53.7,8.0,3,32.0,2.7
2026-05-31 18:50:00,33.7,55.0,6.0,3,67.4,5.6
2026-05-31 18:55:00,32.8,53.6,5.0,3,141.2,11.8
2026-05-31 19:00:00,34.2,57.3,5.0,3,207.2,17.3
2026-05-31 19:05:00,33.5,55.7,5.0,3,95.6,8.0
2026-05-31 19:10:00,32.7,54.1,6.0,3,164.5,13.7
2026-05-31 19:15:00,32.7,56.1,5.0,3,10.0,0.8
2026-05-31 19:20:00,32.0,58.5,6.0,3,56.9,4.7
2026-05-31 19:25:00,35.0,53.7,5.0,3,168.8,14.1
2026-05-31 19:30:00,33.7,57.1,5.0,2,159.2,13.3
2026-05-31 19:35:00,32.4,59.1,5.0,3,10.0,0.8
2026-05-31 19:40:00,34.7,60.6,5.0,3,200.8,16.7
2026-05-31 19:45:00,32.8,59.9,6.0,3,139.0,11.6
2026-05-31 19:50:00,31.7,54.8,5.0,3,112.6,9.4
2026-05-31 19:55:00,35.0,53.9,6.0,2,147.6,12.3
2026-05-31 20:00:00,32.2,57.8,6.0,3,10.0,0.8
2026-05-31 20:05:00,32.4,59.4,5.0,3,188.3,15.8
2026-05-31 20:10:00,33.1,55.5,6.0,3,277.6,23.1
2026-05-31 20:15:00,34.6,54.8,6.0,3,83.2,6.9
2026-05-31 20:20:00,33.0,54.9,6.0,3,62.0,5.2
2026-05-31 20:25:00,31.3,58.0,5.0,3,79.4,6.6
2026-05-31 20:30:00,33.8,55.5,5.0,3,171.0,14.2
2026-05-31 20:35:00,32.3,57.6,5.0,3,194.2,16.2
2026-05-31 20:40:00,35.7,52.2,6.0,3,155.6,13.0
2026-05-31 20:45:00,33.0,59.6,5.0,3,82.2,6.8
2026-05-31 20:50:00,29.8,61.8,5.0,3,201.5,16.8
2026-05-31 20:55:00,33.5,54.0,5.0,3,10.0,0.8
2026-05-31 21:00:00,35.3,55.9,4.0,3,208.9,17.4
2026-05-31 21:05:00,34.8,53.3,4.0,3,221.1,18.4
2026-05-31 21:10:00,35.1,58.6,5.0,3,70.5,5.9
2026-05-31 21:15:00,30.9,62.9,4.0,3,259.8,21.6
2026-05-31 21:20:00,33.8,57.1,4.0,3,193.1,16.1
2026-05-31 21:25:00,31.4,57.7,4.0,3,105.3,8.8
2026-05-31 21:30:00,32.8,56.8,6.0,3,75.0,6.2
2026-05-31 21:35:00,30.5,59.3,5.0,3,173.8,14.5
2026-05-31 21:40:00,31.5,59.1,5.0,3,48.8,4.1
2026-05-31 21:45:00,31.4,61.9,4.0,3,232.6,19.4
2026-05-31 21:50:00,33.8,59.0,5.0,3,55.6,4.6
2026-05-31 21:55:00,33.6,59.2,6.0,3,321.9,26.7
2026-05-31 22:00:00,32.1,59.3,4.0,3,131.3,10.9
2026-05-31 22:05:00,29.8,58.9,4.0,3,10.0,0.8
2026-05-31 22:10:00,31.3,58.3,5.0,3,220.2,18.3
2026-05-31 22:15:00,30.7,60.4,5.0,3,71.2,5.9
2026-05-31 22:20:00,33.0,55.9,5.0,3,10.0,0.8
2026-05-31 22:25:00,33.5,58.3,5.0,3,271.7,22.6
2026-05-31 22:30:00,33.3,59.4,5.0,2,90.6,7.5
2026-05-31 22:35:00,30.6,61.4,4.0,3,346.0,28.8
2026-05-31 22:40:00,27.7,64.0,5.0,3,151.6,12.6
2026-05-31 22:45:00,29.2,58.1,4.0,3,162.1,13.5
2026-05-31 22:50:00,33.8,60.0,4.0,3,146.1,12.2
2026-05-31 22:55:00,31.2,56.8,4.0,3,159.9,13.3
2026-05-31 23:00:00,30.1,61.1,4.0,3,78.4,6.5
2026-05-31 23:05:00,34.5,59.7,5.0,3,104.8,8.7
2026-05-31 23:10:00,33.8,59.7,5.0,3,88.4,7.4
2026-05-31 23:15:00,31.5,58.6,4.0,3,105.6,8.8
2026-05-31 23:20:00,31.0,59.1,6.0,3,10.0,0.8
2026-05-31 23:25:00,31.3,61.0,4.0,3,190.5,15.9
2026-05-31 23:30:00,31.9,61.0,4.0,2,22.0,1.8
2026-05-31 23:35:00,34.5,57.1,5.0,3,114.6,9.5
2026-05-31 23:40:00,32.3,60.6,4.0,3,168.3,14.0
2026-05-31 23:45:00,32.8,57.5,4.0,3,149.4,12.4
2026-05-31 23:50:00,33.7,60.2,4.0,3,10.0,0.8
2026-05-31 23:55:00,29.3,60.4,4.0,3,145.4,12.1
2026-06-01 00:00:00,32.1,60.1,4.0,3,178.3,14.9
2026-06-01 00:05:00,30.8,60.9,5.0,3,30.6,2.6
2026-06-01 00:10:00,28.0,64.9,4.0,3,105.7,8.8
2026-06-01 00:15:00,28.5,63.2,4.0,3,75.6,6.3
2026-06-01 00:20:00,29.9,60.9,6.0,3,140.5,11.7
2026-06-01 00:25:00,31.8,60.7,4.0,3,92.6,7.7
2026-06-01 00:30:00,31.3,63.6,4.0,3,10.0,0.7
2026-06-01 00:35:00,31.4,61.6,4.0,3,19.3,1.6
2026-06-01 00:40:00,33.6,58.7,4.0,3,160.1,13.3
2026-06-01 00:45:00,29.6,60.8,4.0,3,144.6,12.0
2026-06-01 00:50:00,31.1,59.9,4.0,3,315.7,26.3
2026-06-01 00:55:00,31.5,61.4,4.0,3,107.8,9.0
2026-06-01 01:00:00,29.8,60.9,5.0,3,10.0,0.9
2026-06-01 01:05:00,30.5,61.5,5.0,3,233.5,19.5
2026-06-01 01:10:00,29.0,65.9,5.0,3,197.4,16.3
2026-06-01 01:15:00,31.8,60.1,4.0,3,38.1,3.2
2026-06-01 01:20:00,29.9,60.5,4.0,3,179.9,15.0
2026-06-01 01:25:00,32.4,62.8,5.0,3,133.4,11.1
2026-06-01 01:30:00,30.5,64.5,5.0,3,30.5,2.5
2026-06-01 01:35:00,31.4,61.2,4.0,3,133.3,11.2
2026-06-01 01:40:00,30.4,63.8,4.0,3,55.9,4.7
2026-06-01 01:45:00,30.5,61.1,4.0,2,82.9,6.9
2026-06-01 01:50:00,30.0,63.4,4.0,3,10.0,0.8
2026-06-01 01:55:00,30.6,60.7,5.0,3,92.0,7.6
2026-06-01 02:00:00,30.4,58.5,4.0,2,25.2,2.1
2026-06-01 02:05:00,29.1,69.9,4.0,3,165.3,13.8
2026-06-01 02:10:00,29.9,59.1,5.0,3,103.1,8.6
2026-06-01 02:15:00,29.3,64.1,4.0,3,50.7,4.2
2026-06-01 02:20:00,32.6,59.2,4.0,3,155.0,12.9
2026-06-01 02:25:00,29.9,63.8,4.0,3,88.5,7.4
2026-06-01 02:30:00,31.7,59.6,4.0,3,28.4,2.4
2026-06-01 02:35:00,29.8,62.5,4.0,3,127.5,10.6
2026-06-01 02:40:00,30.3,62.3,4.0,3,87.6,7.3
2026-06-01 02:45:00,28.5,65.8,5.0,3,269.2,22.4
2026-06-01 02:50:00,29.5,63.1,4.0,3,185.8,15.5
2026-06-01 02:55:00,30.3,61.8,4.0,3,178.5,14.9
2026-06-01 03:00:00,31.2,57.1,4.0,3,10.0,0.8
2026-06-01 03:05:00,29.8,67.3,5.0,3,172.2,14.3
2026-06-01 03:10:00,31.0,61.8,4.0,3,186.0,15.5
2026-06-01 03:15:00,30.2,62.3,4.0,3,10.0,0.8
2026-06-01 03:20:00,31.2,58.7,5.0,3,31.8,2.6
2026-06-01 03:25:00,29.5,60.6,4.0,3,39.4,3.4
2026-06-01 03:30:00,32.0,61.0,4.0,3,200.3,16.7
2026-06-01 03:35:00,29.0,63.4,4.0,3,212.7,17.7
2026-06-01 03:40:00,28.7,65.8,4.0,2,5.0,0.4
2026-06-01 03:45:00,28.3,61.7,5.0,3,40.2,3.4
2026-06-01 03:50:00,32.0,62.7,5.0,3,10.0,0.8
2026-06-01 03:55:00,30.4,63.7,4.0,3,10.0,0.8
2026-06-01 04:00:00,29.0,63.9,4.0,3,10.0,0.8
2026-06-01 04:05:00,30.7,62.4,5.0,3,42.4,3.5
2026-06-01 04:10:00,30.1,64.1,4.0,3,49.0,4.1
2026-06-01 04:15:00,31.4,56.5,5.0,2,262.7,21.9
2026-06-01 04:20:00,27.7,70.7,5.0,3,104.5,8.7
2026-06-01 04:25:00,29.1,65.2,6.0,3,157.6,13.1
2026-06-01 04:30:00,28.9,62.4,5.0,3,125.5,10.5
2026-06-01 04:35:00,27.3,64.2,6.0,3,46.6,3.9
2026-06-01 04:40:00,30.5,64.1,6.0,3,96.0,7.9
2026-06-01 04:45:00,29.1,64.5,6.0,3,32.3,2.7
2026-06-01 04:50:00,30.1,63.4,5.0,3,65.9,5.5
2026-06-01 04:55:00,31.8,59.3,5.0,3,82.6,6.9
2026-06-01 05:00:00,28.9,62.2,4.0,3,171.8,14.3
2026-06-01 05:05:00,28.8,65.5,5.0,3,185.2,15.5
2026-06-01 05:10:00,29.3,63.3,5.0,3,32.0,2.7
2026-06-01 05:15:00,30.1,62.4,5.0,3,106.6,8.9
2026-06-01 05:20:00,28.7,69.6,4.0,3,167.6,14.0
2026-06-01 05:25:00,28.6,66.6,6.0,3,92.9,7.7
2026-06-01 05:30:00,30.2,64.2,5.0,3,73.5,6.1
2026-06-01 05:35:00,29.6,68.9,6.0,3,193.4,16.0
2026-06-01 05:40:00,27.3,67.7,6.0,3,161.7,13.5
2026-06-01 05:45:00,28.1,65.8,6.0,3,101.6,8.5
2026-06-01 05:50:00,30.6,60.2,6.0,3,23.8,2.1
2026-06-01 05:55:00,29.6,62.3,5.0,3,10.0,0.8
2026-06-01 06:00:00,28.3,61.2,5.0,2,163.3,13.6
2026-06-01 06:05:00,28.8,66.1,5.0,3,121.5,10.1
2026-06-01 06:10:00,29.0,61.7,5.0,3,158.8,13.2
2026-06-01 06:15:00,29.6,65.1,7.0,3,12.4,1.0
2026-06-01 06:20:00,27.7,66.1,5.0,1,16.9,1.4
2026-06-01 06:25:00,28.2,65.7,6.0,3,192.0,16.0
2026-06-01 06:30:00,29.2,63.8,4.0,3,75.3,6.3
2026-06-01 06:35:00,28.9,67.1,6.0,3,10.0,0.8
2026-06-01 06:40:00,29.5,65.9,5.0,3,148.1,12.3
2026-06-01 06:45:00,27.8,66.0,6.0,0,3.5,0.3
2026-06-01 06:50:00,29.3,62.0,5.0,2,107.7,9.0
2026-06-01 06:55:00,30.0,64.5,6.0,3,96.6,8.0
2026-06-01 07:00:00,29.1,61.6,7.0,3,92.1,7.7
2026-06-01 07:05:00,28.7,60.8,5.0,3,179.0,14.9
2026-06-01 07:10:00,28.5,66.0,7.0,2,105.1,8.8
2026-06-01 07:15:00,27.6,69.1,7.0,0,6.7,0.6
2026-06-01 07:20:00,28.5,63.9,6.0,0,6.5,0.5
2026-06-01 07:25:00,29.9,63.7,4.0,0,4.8,0.4
2026-06-01 07:30:00,28.4,64.0,6.0,0,3.5,0.3
2026-06-01 07:35:00,27.6,68.0,6.0,1,135.3,11.4
2026-06-01 07:40:00,28.0,68.2,6.0,0,8.6,0.7
2026-06-01 07:45:00,28.8,63.8,6.0,0,8.9,0.7
2026-06-01 07:50:00,28.1,63.0,5.0,0,7.8,0.6
2026-06-01 07:55:00,29.1,60.4,4.0,3,237.8,19.8
2026-06-01 08:00:00,29.0,66.2,4.0,3,156.4,13.0
2026-06-01 08:05:00,29.4,60.7,4.0,0,6.8,0.6
2026-06-01 08:10:00,30.0,63.4,7.0,3,68.9,5.7
2026-06-01 08:15:00,29.6,65.0,4.0,3,10.0,0.8
2026-06-01 08:20:00,27.4,65.2,8.0,3,159.8,13.3
2026-06-01 08:25:00,27.4,66.0,7.0,0,3.5,0.3
2026-06-01 08:30:00,28.4,67.3,6.0,0,8.1,0.7
2026-06-01 08:35:00,27.9,63.7,8.0,3,109.7,9.2
2026-06-01 08:40:00,27.2,64.5,6.0,0,6.7,0.6
2026-06-01 08:45:00,27.9,65.1,7.0,0,3.5,0.3
2026-06-01 08:50:00,27.9,68.7,4.0,0,6.9,0.6
2026-06-01 08:55:00,27.7,69.8,4.0,0,4.5,0.4
2026-06-01 09:00:00,28.7,64.3,6.0,0,7.2,0.6
2026-06-01 09:05:00,30.3,60.4,7.0,0,7.8,0.6
2026-06-01 09:10:00,29.2,66.4,8.0,0,6.5,0.5
2026-06-01 09:15:00,31.8,55.8,6.0,0,3.8,0.3
2026-06-01 09:20:00,29.2,64.4,7.0,3,36.4,3.0
2026-06-01 09:25:00,28.7,64.5,8.0,0,6.7,0.6
2026-06-01 09:30:00,29.0,67.2,6.0,1,72.6,6.1
2026-06-01 09:35:00,29.3,67.0,7.0,0,6.6,0.6
2026-06-01 09:40:00,29.5,61.1,4.0,1,44.9,3.7
2026-06-01 09:45:00,31.3,61.0,4.0,0,4.1,0.3
2026-06-01 09:50:00,28.1,64.1,5.0,3,59.4,4.8
2026-06-01 09:55:00,30.0,61.9,8.0,0,4.8,0.4
2026-06-01 10:00:00,30.2,63.8,5.0,0,9.3,0.8
2026-06-01 10:05:00,28.2,64.4,7.0,1,30.7,2.6
2026-06-01 10:10:00,30.9,61.9,5.0,1,155.9,13.0
2026-06-01 10:15:00,31.5,62.8,5.0,0,8.8,0.7
2026-06-01 10:20:00,29.0,67.4,6.0,0,4.4,0.4
2026-06-01 10:25:00,30.0,63.3,5.0,1,58.1,4.8
2026-06-01 10:30:00,28.1,65.5,6.0,3,236.8,19.7
2026-06-01 10:35:00,28.6,62.2,4.0,1,57.6,4.7
2026-06-01 10:40:00,31.2,64.5,7.0,0,3.5,0.3
2026-06-01 10:45:00,29.5,64.5,6.0,3,188.8,15.7
2026-06-01 10:50:00,28.8,64.6,5.0,1,114.3,9.5
2026-06-01 10:55:00,30.3,62.5,8.0,0,8.5,0.7
2026-06-01 11:00:00,30.9,62.2,5.0,0,9.7,0.8
2026-06-01 11:05:00,30.9,63.2,5.0,0,8.6,0.7
2026-06-01 11:10:00,32.3,61.3,5.0,0,4.8,0.4
2026-06-01 11:15:00,30.2,66.3,8.0,0,6.8,0.7
2026-06-01 11:20:00,30.5,62.5,8.0,0,3.7,0.3
2026-06-01 11:25:00,31.6,64.5,8.0,1,139.3,11.6
2026-06-01 11:30:00,32.5,61.4,8.0,0,7.7,0.6
2026-06-01 11:35:00,32.8,58.3,5.0,3,204.7,17.1
2026-06-01 11:40:00,30.7,57.6,8.0,0,4.3,0.4
2026-06-01 11:45:00,32.5,59.1,6.0,3,198.0,16.5
2026-06-01 11:50:00,30.6,65.5,4.0,1,40.3,3.4
2026-06-01 11:55:00,33.5,55.5,6.0,3,128.0,10.7
2026-06-01 12:00:00,31.2,61.1,7.0,0,4.2,0.4
2026-06-01 12:05:00,34.0,56.9,5.0,0,5.3,0.4
2026-06-01 12:10:00,31.8,62.3,6.0,3,14.0,1.2
2026-06-01 12:15:00,34.8,54.3,7.0,3,114.4,9.4
2026-06-01 12:20:00,33.2,55.6,7.0,0,4.4,0.4
2026-06-01 12:25:00,31.4,62.0,7.0,0,7.0,0.6
2026-06-01 12:30:00,31.9,58.0,6.0,0,3.8,0.3
2026-06-01 12:35:00,33.4,52.9,5.0,1,95.0,8.0
2026-06-01 12:40:00,33.7,61.6,4.0,3,162.8,13.6
2026-06-01 12:45:00,32.4,61.4,6.0,0,10.7,0.9
2026-06-01 12:50:00,32.5,63.6,5.0,3,95.0,7.9
2026-06-01 12:55:00,33.3,59.8,6.0,1,94.9,7.9
2026-06-01 13:00:00,33.3,59.1,4.0,3,128.5,10.7
2026-06-01 13:05:00,31.6,61.0,5.0,3,154.3,12.9
2026-06-01 13:10:00,32.2,58.6,7.0,0,6.6,0.5
2026-06-01 13:15:00,33.4,58.5,5.0,3,190.3,15.9
2026-06-01 13:20:00,34.5,54.0,6.0,1,56.6,4.7
2026-06-01 13:25:00,35.0,51.9,5.0,1,46.6,3.9
2026-06-01 13:30:00,34.0,55.4,5.0,0,4.8,0.4
2026-06-01 13:35:00,33.5,60.4,6.0,3,188.2,15.8
2026-06-01 13:40:00,34.0,53.0,6.0,0,3.5,0.3
2026-06-01 13:45:00,32.4,55.6,7.0,0,4.9,0.4
2026-06-01 13:50:00,33.0,59.3,5.0,0,5.1,0.4
2026-06-01 13:55:00,32.2,58.0,5.0,3,72.9,6.1
2026-06-01 14:00:00,32.1,59.3,7.0,2,147.4,12.3
2026-06-01 14:05:00,34.4,57.8,6.0,2,89.9,7.5
2026-06-01 14:10:00,34.2,56.8,7.0,3,10.0,0.7
2026-06-01 14:15:00,34.9,53.4,6.0,3,240.2,20.0
2026-06-01 14:20:00,34.7,58.2,7.0,3,133.5,11.1
2026-06-01 14:25:00,34.2,57.5,5.0,1,35.8,3.0
2026-06-01 14:30:00,34.7,55.2,7.0,0,5.0,0.4
2026-06-01 14:35:00,33.8,56.1,6.0,1,114.9,9.6
2026-06-01 14:40:00,34.5,56.2,6.0,3,79.4,6.6
2026-06-01 14:45:00,32.9,56.5,6.0,3,10.0,0.8
2026-06-01 14:50:00,34.4,51.6,6.0,2,51.4,4.3
2026-06-01 14:55:00,34.8,56.8,6.0,3,167.9,14.0
2026-06-01 15:00:00,33.8,57.5,7.0,2,205.5,17.1
2026-06-01 15:05:00,34.8,49.8,6.0,3,148.6,12.4
2026-06-01 15:10:00,33.9,57.0,8.0,2,27.7,2.2
2026-06-01 15:15:00,34.0,59.6,6.0,3,80.7,6.6
2026-06-01 15:20:00,33.2,54.2,6.0,2,191.5,16.0
2026-06-01 15:25:00,36.5,52.8,7.0,1,77.1,6.4
2026-06-01 15:30:00,36.2,52.9,7.0,1,68.8,5.7
2026-06-01 15:35:00,35.5,57.7,7.0,2,101.0,8.4
2026-06-01 15:40:00,37.4,54.4,6.0,2,118.7,9.9
2026-06-01 15:45:00,34.5,53.3,7.0,2,71.4,6.0
2026-06-01 15:50:00,38.9,51.0,8.0,2,9.1,0.8
2026-06-01 15:55:00,34.4,60.4,8.0,2,41.2,3.4
2026-06-01 16:00:00,35.7,52.2,8.0,1,30.7,2.6
2026-06-01 16:05:00,34.7,54.7,8.0,6,118.1,9.8
2026-06-01 16:10:00,35.8,54.7,11.0,3,138.9,11.6
2026-06-01 16:15:00,36.5,51.4,8.0,2,122.2,10.2
2026-06-01 16:20:00,35.1,58.3,8.0,3,229.1,19.1
2026-06-01 16:25:00,38.0,50.1,8.0,2,30.7,2.6
2026-06-01 16:30:00,35.6,50.6,8.0,2,31.7,2.6
2026-06-01 16:35:00,35.7,52.4,4.0,3,10.0,0.8
2026-06-01 16:40:00,33.9,57.1,9.0,2,154.7,12.9
2026-06-01 16:45:00,35.9,51.6,6.0,2,130.2,10.8
2026-06-01 16:50:00,35.1,55.0,7.0,3,204.1,17.0
2026-06-01 16:55:00,34.4,56.3,6.0,3,23.1,1.9
2026-06-01 17:00:00,34.0,52.0,7.0,2,5.0,0.4
2026-06-01 17:05:00,40.1,48.0,8.0,3,10.0,0.8
2026-06-01 17:10:00,34.9,55.4,11.0,3,81.4,6.8
2026-06-01 17:15:00,32.8,58.7,12.0,3,225.4,18.8
2026-06-01 17:20:00,34.1,53.8,13.0,2,190.6,15.9
2026-06-01 17:25:00,35.3,54.4,9.0,2,197.4,16.4
2026-06-01 17:30:00,36.3,52.1,8.0,2,78.4,6.5
2026-06-01 17:35:00,36.3,54.9,10.0,2,5.0,0.4
2026-06-01 17:40:00,36.6,54.0,6.0,3,36.7,3.1
2026-06-01 17:45:00,34.2,54.2,6.0,2,5.0,0.4
2026-06-01 17:50:00,36.0,54.6,7.0,3,92.9,7.7
2026-06-01 17:55:00,33.8,54.5,8.0,2,54.5,4.6
2026-06-01 18:00:00,33.3,57.4,4.0,2,191.6,16.0
2026-06-01 18:05:00,32.8,58.0,7.0,3,10.0,0.8
2026-06-01 18:10:00,32.3,63.7,6.0,3,150.6,12.5
2026-06-01 18:15:00,36.2,52.1,7.0,2,110.5,9.2
2026-06-01 18:20:00,35.6,53.3,4.0,3,29.8,2.5
2026-06-01 18:25:00,36.1,51.4,5.0,3,64.9,5.4
2026-06-01 18:30:00,34.4,52.2,5.0,3,184.2,15.3
2026-06-01 18:35:00,35.7,52.3,6.0,2,5.0,0.5
2026-06-01 18:40:00,31.3,60.2,6.0,3,45.1,3.8
2026-06-01 18:45:00,35.9,55.3,7.0,3,142.3,11.9
2026-06-01 18:50:00,34.7,55.5,6.0,3,132.6,11.0
2026-06-01 18:55:00,35.5,53.0,5.0,3,126.1,10.5
2026-06-01 19:00:00,34.3,54.4,6.0,3,14.9,1.2
2026-06-01 19:05:00,32.4,55.6,5.0,2,212.9,17.7
2026-06-01 19:10:00,31.7,57.3,5.0,3,120.7,10.1
2026-06-01 19:15:00,32.8,54.3,4.0,3,89.1,7.4
2026-06-01 19:20:00,34.5,58.4,5.0,3,81.0,6.8
2026-06-01 19:25:00,34.7,59.3,6.0,3,168.3,14.0
2026-06-01 19:30:00,31.9,53.9,5.0,3,10.0,0.8
2026-06-01 19:35:00,32.4,58.4,6.0,3,47.4,4.0
2026-06-01 19:40:00,32.8,57.9,5.0,3,103.9,8.8
2026-06-01 19:45:00,33.3,57.2,4.0,3,239.0,19.9
2026-06-01 19:50:00,31.9,57.0,6.0,3,10.0,0.8
2026-06-01 19:55:00,31.8,60.8,5.0,3,122.2,10.2
2026-06-01 20:00:00,32.0,59.4,5.0,3,89.1,7.3
2026-06-01 20:05:00,33.3,59.4,6.0,3,171.6,14.3
2026-06-01 20:10:00,31.5,57.5,6.0,3,41.9,3.5
2026-06-01 20:15:00,33.0,54.6,5.0,3,86.8,7.2
2026-06-01 20:20:00,34.6,56.8,5.0,3,25.9,2.2
2026-06-01 20:25:00,31.3,57.3,5.0,3,68.3,5.7
2026-06-01 20:30:00,32.8,60.0,5.0,3,160.5,13.4
2026-06-01 20:35:00,34.6,51.4,5.0,3,140.7,11.7
2026-06-01 20:40:00,32.5,57.1,5.0,3,81.2,6.8
2026-06-01 20:45:00,32.3,57.0,6.0,3,183.7,15.3
2026-06-01 20:50:00,34.8,55.0,5.0,3,319.0,26.6
2026-06-01 20:55:00,32.7,58.4,4.0,3,35.2,2.9
2026-06-01 21:00:00,34.2,57.6,4.0,3,151.3,12.6
2026-06-01 21:05:00,33.2,58.9,4.0,2,95.3,7.9
2026-06-01 21:10:00,32.0,60.2,4.0,3,109.5,9.1
2026-06-01 21:15:00,33.3,57.3,4.0,3,200.5,16.8
2026-06-01 21:20:00,33.0,61.9,4.0,3,56.6,4.7
2026-06-01 21:25:00,34.1,59.6,5.0,3,193.5,16.1
2026-06-01 21:30:00,31.7,58.5,5.0,3,95.8,8.0
2026-06-01 21:35:00,32.6,58.0,5.0,3,84.7,7.1
2026-06-01 21:40:00,32.5,57.7,5.0,3,119.2,9.9
2026-06-01 21:45:00,33.6,58.1,4.0,3,119.0,9.9
2026-06-01 21:50:00,31.0,57.9,5.0,3,25.7,2.1
2026-06-01 21:55:00,34.1,55.4,5.0,3,107.9,9.0
2026-06-01 22:00:00,32.6,54.4,4.0,3,222.9,18.6
2026-06-01 22:05:00,30.0,60.2,5.0,3,10.0,0.8
2026-06-01 22:10:00,33.6,59.7,5.0,3,146.5,12.2
2026-06-01 22:15:00,35.1,56.0,4.0,2,161.9,13.5
2026-06-01 22:20:00,33.3,57.7,4.0,3,194.8,16.2
2026-06-01 22:25:00,34.0,57.8,5.0,3,102.5,8.5
2026-06-01 22:30:00,32.0,57.2,5.0,3,84.5,7.0
2026-06-01 22:35:00,29.4,61.5,5.0,3,105.9,8.8
2026-06-01 22:40:00,29.2,63.3,4.0,3,23.2,1.9
2026-06-01 22:45:00,32.2,59.5,4.0,3,86.9,7.2
2026-06-01 22:50:00,31.0,61.9,4.0,3,255.2,21.3
2026-06-01 22:55:00,30.5,62.9,5.0,3,93.9,7.8
2026-06-01 23:00:00,31.5,61.5,4.0,3,106.2,8.8
2026-06-01 23:05:00,32.8,58.7,5.0,3,22.9,1.9
2026-06-01 23:10:00,28.9,61.5,5.0,3,140.6,11.7
2026-06-01 23:15:00,30.8,63.8,5.0,3,12.2,1.0
2026-06-01 23:20:00,34.4,59.3,5.0,3,87.6,7.3
2026-06-01 23:25:00,29.6,61.8,4.0,3,10.0,0.8
2026-06-01 23:30:00,33.2,58.2,4.0,3,107.1,8.9
2026-06-01 23:35:00,30.7,60.8,5.0,3,119.1,9.9
2026-06-01 23:40:00,32.6,60.9,4.0,3,38.9,3.2
2026-06-01 23:45:00,33.7,59.3,4.0,3,57.8,4.8
2026-06-01 23:50:00,33.0,58.9,4.0,3,44.8,3.6
2026-06-01 23:55:00,33.3,59.0,4.0,3,164.1,13.7
2026-06-02 00:00:00,29.8,63.5,6.0,3,57.2,4.8
2026-06-02 00:05:00,32.7,60.5,5.0,3,226.3,18.9
2026-06-02 00:10:00,30.2,62.2,4.0,3,230.7,19.2
2026-06-02 00:15:00,31.6,61.0,4.0,3,109.8,9.1
2026-06-02 00:20:00,31.6,58.7,5.0,3,240.7,20.1
2026-06-02 00:25:00,31.9,60.5,5.0,3,232.5,19.4
2026-06-02 00:30:00,31.7,61.8,5.0,3,140.2,11.7
2026-06-02 00:35:00,30.2,61.1,4.0,3,26.9,2.2
2026-06-02 00:40:00,29.6,63.3,4.0,3,137.2,11.4
2026-06-02 00:45:00,32.4,60.5,4.0,3,124.9,10.4
2026-06-02 00:50:00,31.5,61.6,5.0,3,57.4,4.8
2026-06-02 00:55:00,32.7,59.6,4.0,3,282.0,23.5
2026-06-02 01:00:00,30.6,62.9,5.0,3,161.7,13.6
2026-06-02 01:05:00,29.3,60.6,5.0,3,10.0,0.8
2026-06-02 01:10:00,31.5,60.3,4.0,3,141.0,11.8
2026-06-02 01:15:00,30.3,63.0,5.0,3,110.0,9.2
2026-06-02 01:20:00,30.9,61.5,4.0,3,144.1,12.0
2026-06-02 01:25:00,30.0,64.0,4.0,3,90.6,7.5
2026-06-02 01:30:00,32.1,59.2,4.0,3,10.0,0.8
2026-06-02 01:35:00,29.8,61.5,5.0,3,198.7,16.6
2026-06-02 01:40:00,30.3,59.0,4.0,3,263.6,22.0
2026-06-02 01:45:00,30.7,60.8,4.0,3,68.7,5.7
2026-06-02 01:50:00,29.6,63.6,4.0,3,93.1,7.8
2026-06-02 01:55:00,30.9,62.3,5.0,3,204.4,17.0
2026-06-02 02:00:00,31.9,56.2,4.0,3,63.4,5.3
2026-06-02 02:05:00,29.6,65.8,4.0,3,180.5,15.0
2026-06-02 02:10:00,30.6,59.1,4.0,3,99.1,8.3
2026-06-02 02:15:00,27.1,66.4,4.0,3,34.0,2.8
2026-06-02 02:20:00,30.1,60.9,4.0,3,54.1,4.5
2026-06-02 02:25:00,29.8,63.7,5.0,3,101.3,8.4
2026-06-02 02:30:00,29.2,63.8,4.0,3,108.1,9.0
2026-06-02 02:35:00,31.3,62.0,4.0,3,10.0,0.7
2026-06-02 02:40:00,29.8,67.1,4.0,3,122.3,10.2
2026-06-02 02:45:00,29.9,63.5,4.0,3,10.0,0.8
2026-06-02 02:50:00,29.7,61.4,5.0,3,164.2,13.7
2026-06-02 02:55:00,28.0,66.5,4.0,3,173.0,14.4
2026-06-02 03:00:00,28.5,69.3,4.0,3,37.7,3.1
2026-06-02 03:05:00,30.7,62.6,4.0,3,110.0,9.2
2026-06-02 03:10:00,27.5,68.5,5.0,3,66.3,5.6
2026-06-02 03:15:00,28.9,60.1,4.0,3,70.0,5.8
2026-06-02 03:20:00,29.2,64.4,4.0,3,82.4,6.9
2026-06-02 03:25:00,31.5,59.1,4.0,3,92.7,7.7
2026-06-02 03:30:00,30.5,59.7,4.0,2,74.4,6.2
2026-06-02 03:35:00,29.1,63.6,4.0,3,59.3,4.9
2026-06-02 03:40:00,31.0,60.8,5.0,3,127.5,10.6
2026-06-02 03:45:00,28.9,62.4,5.0,3,237.9,19.8
2026-06-02 03:50:00,30.7,61.5,4.0,3,145.9,12.2
2026-06-02 03:55:00,28.2,64.6,4.0,3,88.3,7.4
2026-06-02 04:00:00,30.6,63.1,4.0,3,212.6,17.7
2026-06-02 04:05:00,29.0,64.7,4.0,3,206.1,17.2
2026-06-02 04:10:00,28.4,66.1,4.0,3,182.6,15.2
2026-06-02 04:15:00,29.2,66.3,4.0,3,141.6,11.8
2026-06-02 04:20:00,29.8,64.2,4.0,3,142.7,12.0
2026-06-02 04:25:00,29.0,64.1,5.0,3,163.6,13.6
2026-06-02 04:30:00,30.1,56.8,4.0,3,208.3,17.4
2026-06-02 04:35:00,28.9,65.6,4.0,3,44.9,3.7
2026-06-02 04:40:00,30.1,59.8,4.0,3,92.5,7.7
2026-06-02 04:45:00,29.9,62.3,6.0,3,184.9,15.4
2026-06-02 04:50:00,29.4,64.4,5.0,3,114.6,9.5
2026-06-02 04:55:00,29.0,67.6,4.0,2,5.0,0.4
2026-06-02 05:00:00,29.5,67.2,6.0,3,113.2,9.4
2026-06-02 05:05:00,29.9,60.8,5.0,3,182.0,15.2
2026-06-02 05:10:00,31.3,57.7,7.0,3,22.5,1.9
2026-06-02 05:15:00,30.2,62.9,5.0,3,188.5,15.7
2026-06-02 05:20:00,30.3,62.6,5.0,3,25.0,2.1
2026-06-02 05:25:00,32.2,56.6,6.0,3,73.0,6.1
2026-06-02 05:30:00,29.8,62.9,6.0,3,10.0,0.8
2026-06-02 05:35:00,29.8,64.1,5.0,2,5.0,0.4
2026-06-02 05:40:00,30.0,60.0,6.0,3,64.7,5.4
2026-06-02 05:45:00,28.4,63.0,5.0,3,155.3,12.9
2026-06-02 05:50:00,28.9,63.0,5.0,3,121.9,10.2
2026-06-02 05:55:00,28.9,63.9,5.0,3,83.6,7.0
2026-06-02 06:00:00,29.7,64.5,6.0,3,143.5,12.0
2026-06-02 06:05:00,28.9,63.7,5.0,3,144.6,12.0
2026-06-02 06:10:00,29.2,64.0,7.0,3,10.7,0.9
2026-06-02 06:15:00,30.1,67.0,6.0,3,201.4,16.8
2026-06-02 06:20:00,29.9,60.9,5.0,3,156.0,12.9
2026-06-02 06:25:00,28.9,63.1,5.0,0,4.5,0.4
2026-06-02 06:30:00,28.5,66.3,6.0,3,10.0,0.8
2026-06-02 06:35:00,30.1,64.5,4.0,2,33.8,2.8
2026-06-02 06:40:00,29.8,63.8,6.0,0,3.9,0.3
2026-06-02 06:45:00,27.6,70.0,5.0,3,247.7,20.6
2026-06-02 06:50:00,28.8,65.2,6.0,3,80.6,6.7
2026-06-02 06:55:00,29.2,60.0,4.0,3,11.7,1.0
2026-06-02 07:00:00,29.5,63.6,5.0,0,7.3,0.6
2026-06-02 07:05:00,29.7,61.7,6.0,0,8.3,0.7
2026-06-02 07:10:00,29.0,67.4,6.0,0,3.8,0.2
2026-06-02 07:15:00,29.3,65.9,5.0,1,115.0,9.6
2026-06-02 07:20:00,28.7,60.7,5.0,0,5.4,0.5
2026-06-02 07:25:00,27.9,69.0,7.0,2,123.1,10.2
2026-06-02 07:30:00,28.4,67.3,7.0,3,10.0,0.8
2026-06-02 07:35:00,28.7,63.8,5.0,0,3.5,0.3
2026-06-02 07:40:00,28.6,64.5,5.0,3,10.0,0.8
2026-06-02 07:45:00,26.6,71.0,4.0,0,4.4,0.4
2026-06-02 07:50:00,28.2,60.6,6.0,0,9.4,0.9
2026-06-02 07:55:00,28.7,65.6,6.0,0,7.9,0.7
2026-06-02 08:00:00,28.2,67.8,7.0,0,6.7,0.6
2026-06-02 08:05:00,28.3,64.8,4.0,1,80.2,6.7
2026-06-02 08:10:00,29.1,65.4,10.0,1,23.3,1.9
2026-06-02 08:15:00,27.4,66.7,4.0,1,48.4,4.0
2026-06-02 08:20:00,26.7,65.6,8.0,0,3.5,0.3
2026-06-02 08:25:00,28.2,63.3,7.0,1,101.6,8.5
2026-06-02 08:30:00,29.4,65.1,7.0,0,4.1,0.3
2026-06-02 08:35:00,30.4,60.4,5.0,0,4.5,0.4
2026-06-02 08:40:00,29.4,59.8,6.0,0,7.5,0.7
2026-06-02 08:45:00,26.9,67.5,7.0,1,10.0,0.8
2026-06-02 08:50:00,28.3,63.8,6.0,3,62.6,5.2
2026-06-02 08:55:00,28.8,61.4,4.0,3,39.4,3.3
2026-06-02 09:00:00,29.3,63.8,9.0,3,10.0,0.8
2026-06-02 09:05:00,29.7,64.9,7.0,0,8.1,0.7
2026-06-02 09:10:00,28.1,65.5,6.0,1,63.3,5.3
2026-06-02 09:15:00,29.2,61.2,6.0,0,5.5,0.5
2026-06-02 09:20:00,29.6,64.3,9.0,0,7.3,0.6
2026-06-02 09:25:00,30.1,64.9,5.0,0,4.0,0.3
2026-06-02 09:30:00,28.3,70.5,5.0,1,105.1,8.8
2026-06-02 09:35:00,28.8,67.9,8.0,3,77.1,6.4
2026-06-02 09:40:00,26.2,65.9,7.0,0,6.2,0.5
2026-06-02 09:45:00,28.5,66.9,4.0,1,76.9,6.4
2026-06-02 09:50:00,28.6,65.3,8.0,0,7.6,0.5
2026-06-02 09:55:00,28.0,62.9,7.0,0,8.7,0.7
2026-06-02 10:00:00,30.3,62.9,5.0,0,3.5,0.2
2026-06-02 10:05:00,30.1,66.8,7.0,0,8.4,0.7
2026-06-02 10:10:00,27.6,68.6,7.0,0,10.3,1.0
2026-06-02 10:15:00,30.4,59.9,6.0,3,239.1,19.9
2026-06-02 10:20:00,29.1,63.9,7.0,3,43.4,3.6
2026-06-02 10:25:00,30.7,62.8,7.0,3,76.1,6.3
2026-06-02 10:30:00,28.7,60.6,7.0,0,3.5,0.3
2026-06-02 10:35:00,30.2,58.7,6.0,1,100.4,8.4
2026-06-02 10:40:00,29.8,63.3,6.0,3,155.1,12.9
2026-06-02 10:45:00,30.5,62.4,6.0,0,3.5,0.3
2026-06-02 10:50:00,30.3,58.2,8.0,0,8.8,0.7
2026-06-02 10:55:00,29.8,63.8,7.0,0,4.8,0.4
2026-06-02 11:00:00,29.9,65.5,6.0,3,263.7,22.0
2026-06-02 11:05:00,30.0,62.2,6.0,0,5.2,0.4
2026-06-02 11:10:00,30.9,61.5,8.0,3,121.4,10.1
2026-06-02 11:15:00,31.6,61.6,7.0,0,8.0,0.7
2026-06-02 11:20:00,30.9,62.4,6.0,0,3.9,0.3
2026-06-02 11:25:00,32.3,55.2,8.0,0,6.2,0.5
2026-06-02 11:30:00,31.3,58.5,5.0,0,3.5,0.3
2026-06-02 11:35:00,30.5,61.0,7.0,3,145.2,12.1
2026-06-02 11:40:00,31.3,58.6,9.0,1,10.0,0.7
2026-06-02 11:45:00,31.8,63.5,7.0,0,7.4,0.6
2026-06-02 11:50:00,31.9,61.3,8.0,0,7.4,0.6
2026-06-02 11:55:00,33.6,54.5,6.0,3,179.2,14.9
2026-06-02 12:00:00,31.9,59.3,6.0,3,147.8,12.3
2026-06-02 12:05:00,32.5,61.7,8.0,3,10.0,0.8
2026-06-02 12:10:00,33.1,56.3,4.0,0,6.0,0.5
2026-06-02 12:15:00,32.6,60.9,7.0,1,10.0,0.8
2026-06-02 12:20:00,32.1,63.0,8.0,0,5.7,0.5
2026-06-02 12:25:00,30.9,64.4,7.0,0,5.7,0.5
2026-06-02 12:30:00,32.0,60.1,4.0,3,37.5,3.1
2026-06-02 12:35:00,31.4,63.7,4.0,0,5.3,0.4
2026-06-02 12:40:00,30.7,60.4,6.0,0,5.5,0.5
2026-06-02 12:45:00,31.7,66.3,7.0,3,167.0,13.9
2026-06-02 12:50:00,31.4,61.2,7.0,1,108.0,9.0
2026-06-02 12:55:00,33.3,60.5,6.0,0,7.4,0.6
2026-06-02 13:00:00,33.9,55.4,7.0,0,3.5,0.3
2026-06-02 13:05:00,32.2,60.4,6.0,3,57.7,4.8
2026-06-02 13:10:00,33.0,59.2,6.0,1,84.4,7.0
2026-06-02 13:15:00,31.1,58.4,7.0,1,52.3,4.4
2026-06-02 13:20:00,32.7,55.8,6.0,0,9.3,0.8
2026-06-02 13:25:00,33.7,56.2,7.0,0,6.1,0.5
2026-06-02 13:30:00,34.2,58.8,5.0,0,10.2,0.8
2026-06-02 13:35:00,32.4,54.0,7.0,0,6.2,0.5
2026-06-02 13:40:00,34.5,54.5,7.0,0,5.7,0.6
2026-06-02 13:45:00,31.5,63.6,6.0,3,10.0,0.8
2026-06-02 13:50:00,31.8,56.5,7.0,0,6.9,0.7
2026-06-02 13:55:00,34.1,59.3,8.0,0,3.5,0.3
2026-06-02 14:00:00,36.4,50.4,6.0,3,81.1,6.8
2026-06-02 14:05:00,34.7,52.9,7.0,3,153.5,12.8
2026-06-02 14:10:00,34.0,55.6,7.0,2,132.9,11.1
2026-06-02 14:15:00,30.9,64.1,6.0,2,244.5,20.4
2026-06-02 14:20:00,31.1,57.8,7.0,0,3.5,0.2
2026-06-02 14:25:00,34.2,51.5,6.0,3,149.8,12.5
2026-06-02 14:30:00,33.5,53.2,7.0,3,109.2,9.1
2026-06-02 14:35:00,32.4,60.1,5.0,2,97.8,8.1
2026-06-02 14:40:00,34.1,52.6,7.0,3,10.0,0.7
2026-06-02 14:45:00,34.2,58.6,6.0,2,91.9,7.7
2026-06-02 14:50:00,35.4,54.5,6.0,0,5.3,0.4
2026-06-02 14:55:00,34.2,55.6,6.0,0,5.8,0.5
2026-06-02 15:00:00,36.5,53.6,8.0,2,23.7,2.0
2026-06-02 15:05:00,34.9,53.0,7.0,6,119.5,10.0
2026-06-02 15:10:00,34.7,55.3,6.0,6,113.7,9.5
2026-06-02 15:15:00,36.3,50.5,8.0,1,78.3,6.5
2026-06-02 15:20:00,33.5,59.3,8.0,2,170.9,14.1
2026-06-02 15:25:00,38.7,48.2,7.0,6,191.0,15.9
2026-06-02 15:30:00,35.4,55.1,6.0,2,212.7,17.7
2026-06-02 15:35:00,35.4,51.9,6.0,3,123.0,10.2
2026-06-02 15:40:00,35.6,52.8,8.0,2,50.6,4.1
2026-06-02 15:45:00,37.4,51.1,7.0,2,90.2,7.5
2026-06-02 15:50:00,35.9,60.2,7.0,2,126.9,10.6
2026-06-02 15:55:00,32.7,57.2,7.0,3,10.0,0.7
2026-06-02 16:00:00,37.5,49.8,5.0,6,197.0,16.4
2026-06-02 16:05:00,34.9,53.5,7.0,3,153.9,12.8
2026-06-02 16:10:00,35.6,50.3,7.0,2,36.6,3.0
2026-06-02 16:15:00,33.5,55.6,9.0,2,5.0,0.4
2026-06-02 16:20:00,36.2,57.4,6.0,3,137.7,11.5
2026-06-02 16:25:00,34.4,55.8,9.0,2,110.7,9.3
2026-06-02 16:30:00,35.5,55.9,10.0,2,144.4,11.9
2026-06-02 16:35:00,35.0,52.3,5.0,2,26.9,2.2
2026-06-02 16:40:00,38.3,50.4,8.0,3,56.9,4.6
2026-06-02 16:45:00,38.4,51.2,9.0,2,98.4,8.2
2026-06-02 16:50:00,35.5,52.2,9.0,2,260.6,21.7
2026-06-02 16:55:00,35.5,54.8,5.0,3,10.0,0.8
2026-06-02 17:00:00,34.8,56.3,9.0,3,204.8,17.1
2026-06-02 17:05:00,37.4,53.2,8.0,2,185.7,15.5
2026-06-02 17:10:00,34.9,54.0,8.0,2,139.0,11.6
2026-06-02 17:15:00,34.7,57.7,14.0,2,57.8,4.8
2026-06-02 17:20:00,37.2,51.2,8.0,2,148.9,12.4
2026-06-02 17:25:00,34.5,53.9,10.0,2,5.0,0.4
2026-06-02 17:30:00,35.4,57.9,8.0,3,130.8,10.9
2026-06-02 17:35:00,32.7,53.8,9.0,2,91.8,7.6
2026-06-02 17:40:00,36.7,48.0,10.0,3,22.9,1.9
2026-06-02 17:45:00,38.9,48.0,11.0,3,234.8,19.6
2026-06-02 17:50:00,36.8,53.4,6.0,6,147.6,12.3
2026-06-02 17:55:00,38.1,54.5,9.0,3,108.9,9.1
2026-06-02 18:00:00,33.0,54.7,6.0,3,48.1,4.0
2026-06-02 18:05:00,34.9,59.3,4.0,3,198.3,16.5
2026-06-02 18:10:00,32.8,56.8,5.0,3,175.3,14.6
2026-06-02 18:15:00,34.1,55.0,7.0,3,156.8,13.1
2026-06-02 18:20:00,35.8,51.2,5.0,3,126.8,10.6
2026-06-02 18:25:00,34.7,59.9,10.0,3,10.0,0.8
2026-06-02 18:30:00,32.0,57.2,7.0,3,11.1,0.8
2026-06-02 18:35:00,32.2,53.8,7.0,2,58.8,4.9
2026-06-02 18:40:00,32.1,64.1,8.0,2,158.2,13.2
2026-06-02 18:45:00,35.3,55.1,7.0,3,69.7,5.7
2026-06-02 18:50:00,38.1,53.1,6.0,3,10.0,0.8
2026-06-02 18:55:00,36.8,56.9,4.0,3,129.9,10.8
2026-06-02 19:00:00,31.3,60.5,6.0,2,5.0,0.4
2026-06-02 19:05:00,35.8,56.0,6.0,3,97.9,8.2
2026-06-02 19:10:00,35.1,54.7,5.0,3,109.4,9.2
2026-06-02 19:15:00,31.7,60.3,4.0,3,242.7,20.2
2026-06-02 19:20:00,33.4,56.5,5.0,3,10.0,0.8
2026-06-02 19:25:00,35.4,54.2,6.0,3,116.9,9.7
2026-06-02 19:30:00,34.6,55.4,5.0,3,10.0,0.8
2026-06-02 19:35:00,32.1,57.2,6.0,3,217.1,18.1
2026-06-02 19:40:00,34.7,56.2,5.0,3,14.4,1.2
2026-06-02 19:45:00,30.9,60.7,5.0,3,271.6,22.6
2026-06-02 19:50:00,33.6,58.2,6.0,3,20.1,1.7
2026-06-02 19:55:00,35.4,55.7,5.0,3,132.3,11.0
2026-06-02 20:00:00,33.3,61.4,5.0,2,295.5,24.6
2026-06-02 20:05:00,32.5,60.3,5.0,3,149.9,12.5
2026-06-02 20:10:00,34.5,55.5,5.0,3,181.0,15.1
2026-06-02 20:15:00,34.6,56.8,6.0,3,10.6,0.9
2026-06-02 20:20:00,35.1,58.3,5.0,2,65.2,5.4
2026-06-02 20:25:00,34.5,54.0,6.0,3,10.0,0.8
2026-06-02 20:30:00,34.8,59.9,5.0,3,64.0,5.3
2026-06-02 20:35:00,34.3,54.6,4.0,3,166.0,13.8
2026-06-02 20:40:00,33.6,58.8,5.0,2,225.6,18.8
2026-06-02 20:45:00,33.4,57.1,5.0,3,105.5,8.8
2026-06-02 20:50:00,32.9,57.5,5.0,3,200.1,16.6
2026-06-02 20:55:00,31.5,56.3,5.0,3,31.6,2.6
2026-06-02 21:00:00,31.3,61.2,4.0,3,82.7,6.9
2026-06-02 21:05:00,32.3,56.1,4.0,3,98.2,8.2
2026-06-02 21:10:00,33.0,55.2,5.0,3,93.7,7.7
2026-06-02 21:15:00,34.8,58.5,5.0,3,156.8,13.1
2026-06-02 21:20:00,32.6,61.7,4.0,3,214.0,17.8
2026-06-02 21:25:00,34.2,55.6,4.0,3,53.4,4.4
2026-06-02 21:30:00,34.3,58.6,5.0,3,64.2,5.5
2026-06-02 21:35:00,32.3,60.1,5.0,3,131.3,10.9
2026-06-02 21:40:00,33.6,57.2,6.0,3,134.5,11.2
2026-06-02 21:45:00,32.3,61.1,5.0,3,199.9,16.7
2026-06-02 21:50:00,34.6,56.2,4.0,3,113.3,9.4
2026-06-02 21:55:00,33.6,58.4,5.0,3,87.1,7.2
2026-06-02 22:00:00,30.3,58.3,4.0,2,156.4,13.0
2026-06-02 22:05:00,32.2,56.6,4.0,3,259.0,21.6
2026-06-02 22:10:00,34.4,59.1,5.0,3,134.1,11.2
2026-06-02 22:15:00,31.7,60.4,5.0,3,168.1,14.0
2026-06-02 22:20:00,32.6,58.3,5.0,3,10.0,0.8
2026-06-02 22:25:00,32.8,62.0,4.0,3,92.9,7.7
2026-06-02 22:30:00,30.5,64.1,6.0,3,204.4,17.0
2026-06-02 22:35:00,32.7,59.3,5.0,3,115.1,9.6
2026-06-02 22:40:00,30.0,58.2,5.0,3,99.0,8.2
2026-06-02 22:45:00,31.1,59.7,4.0,3,10.0,0.8
2026-06-02 22:50:00,33.6,56.1,5.0,3,93.6,7.9
2026-06-02 22:55:00,32.5,58.8,4.0,3,215.2,17.9
2026-06-02 23:00:00,31.2,59.3,4.0,3,106.1,8.8
2026-06-02 23:05:00,32.6,58.1,6.0,3,147.2,12.3
2026-06-02 23:10:00,31.6,57.0,4.0,3,77.0,6.4
2026-06-02 23:15:00,31.8,60.6,5.0,3,76.3,6.4
2026-06-02 23:20:00,33.0,56.2,5.0,3,110.5,9.3
2026-06-02 23:25:00,30.4,60.6,5.0,3,149.5,12.5
2026-06-02 23:30:00,31.8,61.4,4.0,3,173.9,14.5
2026-06-02 23:35:00,31.2,59.6,5.0,3,168.0,14.0
2026-06-02 23:40:00,28.8,60.4,5.0,3,76.2,6.4
2026-06-02 23:45:00,30.0,61.2,5.0,3,124.0,10.4
2026-06-02 23:50:00,34.6,57.5,4.0,3,10.0,0.8
2026-06-02 23:55:00,32.5,60.2,5.0,3,128.0,10.7
2026-06-03 00:00:00,29.6,60.5,4.0,3,10.0,0.8
2026-06-03 00:05:00,29.4,62.0,4.0,3,10.0,0.8
2026-06-03 00:10:00,31.1,60.3,4.0,3,123.1,10.3
2026-06-03 00:15:00,33.2,59.1,4.0,3,152.6,12.7
2026-06-03 00:20:00,31.1,63.1,4.0,3,10.0,0.8
2026-06-03 00:25:00,32.9,59.7,5.0,3,154.1,12.8
2026-06-03 00:30:00,31.7,61.0,5.0,3,90.7,7.6
2026-06-03 00:35:00,31.9,59.3,4.0,3,205.0,17.1
2026-06-03 00:40:00,29.6,62.3,4.0,3,233.3,19.4
2026-06-03 00:45:00,32.5,59.3,4.0,3,10.0,0.8
2026-06-03 00:50:00,30.9,61.0,6.0,3,274.3,23.0
2026-06-03 00:55:00,32.4,60.7,5.0,3,185.7,15.5
2026-06-03 01:00:00,29.9,61.4,4.0,3,158.5,13.2
2026-06-03 01:05:00,30.8,60.5,4.0,3,76.1,6.2
2026-06-03 01:10:00,30.9,60.2,5.0,2,125.0,10.4
2026-06-03 01:15:00,30.5,60.7,4.0,3,151.0,12.5
2026-06-03 01:20:00,31.0,61.2,5.0,3,137.7,11.5
2026-06-03 01:25:00,30.4,61.0,4.0,2,118.3,9.9
2026-06-03 01:30:00,30.0,64.7,4.0,3,181.0,15.1
2026-06-03 01:35:00,32.1,64.0,4.0,3,137.6,11.5
2026-06-03 01:40:00,31.6,59.1,5.0,3,155.0,12.9
2026-06-03 01:45:00,29.9,62.8,4.0,3,171.5,14.3
2026-06-03 01:50:00,31.1,62.5,4.0,3,10.0,0.8
2026-06-03 01:55:00,29.9,61.8,5.0,3,81.0,6.8
2026-06-03 02:00:00,28.8,61.8,5.0,3,106.6,8.9
2026-06-03 02:05:00,31.3,64.6,4.0,3,72.7,6.1
2026-06-03 02:10:00,28.2,66.7,4.0,3,205.5,17.1
2026-06-03 02:15:00,31.2,61.3,5.0,3,248.7,20.7
2026-06-03 02:20:00,29.9,66.0,5.0,3,118.8,9.9
2026-06-03 02:25:00,29.9,64.4,4.0,3,118.5,10.0
2026-06-03 02:30:00,30.6,61.4,4.0,3,116.4,9.7
2026-06-03 02:35:00,30.8,58.8,5.0,3,10.0,0.8
2026-06-03 02:40:00,29.2,62.4,5.0,3,28.9,2.4
2026-06-03 02:45:00,30.9,63.9,5.0,3,29.9,2.5
2026-06-03 02:50:00,30.3,63.6,5.0,3,177.2,14.8
2026-06-03 02:55:00,28.7,63.9,4.0,3,71.4,5.9
2026-06-03 03:00:00,29.5,67.2,4.0,3,99.4,8.4
2026-06-03 03:05:00,31.1,60.0,4.0,3,91.0,7.6
2026-06-03 03:10:00,31.4,62.3,4.0,3,82.8,6.9
2026-06-03 03:15:00,30.4,62.1,4.0,3,289.8,24.3
2026-06-03 03:20:00,28.4,69.4,4.0,2,105.7,8.8
2026-06-03 03:25:00,30.2,63.7,4.0,3,115.2,9.6
2026-06-03 03:30:00,30.6,61.3,4.0,3,229.3,19.1
2026-06-03 03:35:00,30.4,61.1,4.0,3,43.8,3.6
2026-06-03 03:40:00,30.5,61.3,4.0,2,62.1,5.2
2026-06-03 03:45:00,30.0,60.4,4.0,3,10.0,0.8
2026-06-03 03:50:00,29.6,59.5,4.0,3,184.1,15.3
2026-06-03 03:55:00,29.0,64.5,4.0,3,119.4,10.0
2026-06-03 04:00:00,27.5,65.3,4.0,3,160.9,13.4
2026-06-03 04:05:00,29.8,61.3,6.0,3,264.4,22.0
2026-06-03 04:10:00,29.7,62.7,5.0,3,122.0,10.2
2026-06-03 04:15:00,30.1,62.3,4.0,3,140.0,11.8
2026-06-03 04:20:00,28.1,65.7,5.0,3,75.9,6.3
2026-06-03 04:25:00,30.2,66.5,5.0,3,117.3,9.8
2026-06-03 04:30:00,31.6,61.3,4.0,3,128.7,10.7
2026-06-03 04:35:00,29.6,68.5,4.0,3,148.5,12.4
2026-06-03 04:40:00,29.4,62.3,5.0,3,131.0,10.9
2026-06-03 04:45:00,29.8,64.7,5.0,2,132.7,11.1
2026-06-03 04:50:00,31.6,58.6,5.0,3,10.0,0.8
2026-06-03 04:55:00,28.4,63.7,5.0,3,239.4,20.0
2026-06-03 05:00:00,29.5,67.9,5.0,3,112.9,9.4
2026-06-03 05:05:00,28.6,63.2,4.0,3,244.7,20.4
2026-06-03 05:10:00,28.9,59.6,5.0,3,32.5,2.7
2026-06-03 05:15:00,29.3,62.2,6.0,3,61.1,5.1
2026-06-03 05:20:00,30.6,57.4,6.0,3,87.2,7.3
2026-06-03 05:25:00,31.0,59.0,6.0,3,68.9,5.7
2026-06-03 05:30:00,29.8,61.1,6.0,3,136.8,11.5
2026-06-03 05:35:00,29.0,64.2,7.0,3,201.0,16.8
2026-06-03 05:40:00,31.7,55.6,4.0,3,225.9,18.7
2026-06-03 05:45:00,29.0,66.7,5.0,3,63.9,5.3
2026-06-03 05:50:00,28.8,60.5,4.0,2,84.1,7.0
2026-06-03 05:55:00,27.7,66.0,6.0,3,52.3,4.4
2026-06-03 06:00:00,30.4,61.4,5.0,0,7.7,0.6
2026-06-03 06:05:00,30.0,64.3,6.0,3,172.7,14.4
2026-06-03 06:10:00,31.3,61.4,5.0,1,94.0,7.8
2026-06-03 06:15:00,27.8,68.4,6.0,0,5.8,0.5
2026-06-03 06:20:00,30.4,61.3,5.0,3,12.1,1.0
2026-06-03 06:25:00,29.2,63.0,5.0,1,41.7,3.4
2026-06-03 06:30:00,29.8,63.8,6.0,3,164.0,13.7
2026-06-03 06:35:00,27.6,68.4,6.0,3,84.2,7.0
2026-06-03 06:40:00,30.4,63.7,5.0,3,66.2,5.5
2026-06-03 06:45:00,29.8,63.6,6.0,2,142.6,11.9
2026-06-03 06:50:00,29.1,64.5,6.0,3,10.0,0.8
2026-06-03 06:55:00,29.7,63.1,5.0,0,8.6,0.7
2026-06-03 07:00:00,27.8,66.9,8.0,0,3.5,0.2
2026-06-03 07:05:00,28.0,70.5,6.0,3,128.3,10.7
2026-06-03 07:10:00,28.2,64.7,5.0,0,9.3,0.8
2026-06-03 07:15:00,26.6,66.9,6.0,3,207.7,17.3
2026-06-03 07:20:00,29.6,62.1,7.0,1,31.8,2.6
2026-06-03 07:25:00,30.0,63.5,6.0,0,4.9,0.4
2026-06-03 07:30:00,27.9,60.7,6.0,1,10.0,0.9
2026-06-03 07:35:00,29.1,63.6,4.0,3,10.0,0.8
2026-06-03 07:40:00,28.4,67.1,4.0,3,129.9,10.8
2026-06-03 07:45:00,29.0,62.8,6.0,0,7.0,0.6
2026-06-03 07:50:00,28.0,66.1,4.0,3,149.0,12.4
2026-06-03 07:55:00,27.7,71.0,6.0,0,8.1,0.7
2026-06-03 08:00:00,29.7,63.8,8.0,0,3.5,0.3
2026-06-03 08:05:00,28.5,59.4,6.0,0,8.6,0.6
2026-06-03 08:10:00,30.8,57.9,4.0,0,7.2,0.6
2026-06-03 08:15:00,28.6,64.0,5.0,0,9.2,0.8
2026-06-03 08:20:00,27.5,64.3,8.0,3,58.6,4.9
2026-06-03 08:25:00,29.9,62.9,9.0,0,5.8,0.5
2026-06-03 08:30:00,29.3,62.9,4.0,0,5.7,0.5
2026-06-03 08:35:00,29.4,66.2,6.0,0,4.2,0.4
2026-06-03 08:40:00,29.9,60.0,4.0,0,4.3,0.4
2026-06-03 08:45:00,27.8,65.3,6.0,0,5.5,0.5
2026-06-03 08:50:00,28.4,65.4,6.0,3,143.0,11.9
2026-06-03 08:55:00,28.4,65.7,11.0,0,6.8,0.6
2026-06-03 09:00:00,27.7,66.4,5.0,0,7.2,0.6
2026-06-03 09:05:00,28.9,58.5,8.0,3,183.9,15.3
2026-06-03 09:10:00,30.6,61.9,8.0,3,121.1,10.1
2026-06-03 09:15:00,29.4,63.1,6.0,1,134.9,11.2
2026-06-03 09:20:00,27.7,68.2,6.0,0,3.7,0.3
2026-06-03 09:25:00,27.4,68.3,6.0,0,5.5,0.6
2026-06-03 09:30:00,31.0,61.6,5.0,0,6.1,0.5
2026-06-03 09:35:00,29.1,64.7,5.0,3,153.7,12.9
2026-06-03 09:40:00,28.4,68.3,6.0,0,3.5,0.3
2026-06-03 09:45:00,28.9,67.0,4.0,3,82.0,6.8
2026-06-03 09:50:00,27.5,67.0,5.0,3,176.5,14.6
2026-06-03 09:55:00,30.7,66.7,6.0,3,10.0,0.8
2026-06-03 10:00:00,29.7,61.7,6.0,0,7.4,0.6
2026-06-03 10:05:00,31.7,57.8,7.0,0,5.2,0.4
2026-06-03 10:10:00,30.2,62.4,6.0,0,5.7,0.5
2026-06-03 10:15:00,31.8,59.4,5.0,0,8.6,0.7
2026-06-03 10:20:00,30.4,56.7,7.0,3,172.8,14.4
2026-06-03 10:25:00,31.1,59.8,7.0,3,213.4,17.7
2026-06-03 10:30:00,31.0,62.1,6.0,0,3.7,0.3
2026-06-03 10:35:00,30.8,61.5,5.0,3,38.9,3.2
2026-06-03 10:40:00,30.5,60.3,6.0,3,36.7,3.1
2026-06-03 10:45:00,29.9,62.9,6.0,0,3.9,0.3
2026-06-03 10:50:00,32.3,59.8,8.0,0,3.5,0.3
2026-06-03 10:55:00,29.1,65.5,7.0,3,247.4,20.6
2026-06-03 11:00:00,31.6,58.7,6.0,3,139.0,11.6
2026-06-03 11:05:00,31.6,62.3,9.0,3,10.0,0.8
2026-06-03 11:10:00,32.0,57.0,6.0,0,5.5,0.6
2026-06-03 11:15:00,31.1,59.8,8.0,0,7.8,0.6
2026-06-03 11:20:00,31.9,63.9,8.0,3,85.7,7.0
2026-06-03 11:25:00,31.4,58.1,8.0,0,3.5,0.3
2026-06-03 11:30:00,29.9,61.3,7.0,3,10.0,0.9
2026-06-03 11:35:00,31.6,57.2,6.0,0,3.6,0.4
2026-06-03 11:40:00,30.4,60.1,6.0,0,6.0,0.5
2026-06-03 11:45:00,29.7,63.5,7.0,1,68.5,5.7
2026-06-03 11:50:00,31.7,61.8,5.0,0,4.7,0.4
2026-06-03 11:55:00,32.1,59.4,6.0,0,4.7,0.4
2026-06-03 12:00:00,33.2,57.0,9.0,0,5.9,0.5
2026-06-03 12:05:00,33.3,54.5,7.0,0,9.3,0.8
2026-06-03 12:10:00,30.5,60.2,8.0,0,5.7,0.5
2026-06-03 12:15:00,31.1,57.2,4.0,0,6.1,0.5
2026-06-03 12:20:00,34.8,57.1,6.0,1,138.1,11.5
2026-06-03 12:25:00,31.5,62.5,7.0,0,6.6,0.5
2026-06-03 12:30:00,33.3,57.5,6.0,0,3.5,0.3
2026-06-03 12:35:00,31.9,60.9,4.0,0,6.3,0.6
2026-06-03 12:40:00,32.7,60.8,7.0,1,10.0,0.8
2026-06-03 12:45:00,31.9,60.1,8.0,0,3.5,0.3
2026-06-03 12:50:00,33.3,61.1,6.0,0,5.7,0.5
2026-06-03 12:55:00,32.8,55.8,7.0,1,71.3,5.9
2026-06-03 13:00:00,32.7,57.4,8.0,3,85.2,7.1
2026-06-03 13:05:00,32.1,58.0,7.0,0,7.8,0.6
2026-06-03 13:10:00,33.6,58.5,6.0,0,4.8,0.4
2026-06-03 13:15:00,31.9,55.8,5.0,0,7.8,0.6
2026-06-03 13:20:00,33.8,60.3,6.0,3,102.5,8.6
2026-06-03 13:25:00,36.3,54.0,8.0,1,10.0,0.8
2026-06-03 13:30:00,34.8,59.5,7.0,3,158.9,13.2
2026-06-03 13:35:00,34.1,56.0,6.0,0,3.5,0.3
2026-06-03 13:40:00,33.2,56.1,8.0,0,6.2,0.5
2026-06-03 13:45:00,31.0,62.7,7.0,3,107.6,9.0
2026-06-03 13:50:00,31.7,62.5,4.0,0,6.2,0.5
2026-06-03 13:55:00,34.7,53.3,7.0,0,3.5,0.3
2026-06-03 14:00:00,32.9,52.4,6.0,5,108.4,9.1
2026-06-03 14:05:00,33.0,52.7,6.0,1,149.4,12.4
2026-06-03 14:10:00,33.8,56.8,6.0,1,195.8,16.3
2026-06-03 14:15:00,32.5,61.4,7.0,1,125.2,10.4
2026-06-03 14:20:00,32.3,54.8,6.0,3,245.5,20.5
2026-06-03 14:25:00,33.9,55.4,6.0,5,124.1,10.3
2026-06-03 14:30:00,32.7,56.6,6.0,2,132.0,11.0
2026-06-03 14:35:00,33.0,61.7,7.0,5,155.2,12.9
2026-06-03 14:40:00,32.9,62.7,6.0,1,11.3,0.9
2026-06-03 14:45:00,34.8,56.0,5.0,2,68.7,5.7
2026-06-03 14:50:00,33.7,58.4,6.0,2,60.6,5.0
2026-06-03 14:55:00,33.8,58.3,6.0,1,10.0,0.8
2026-06-03 15:00:00,35.7,51.0,6.0,2,120.8,10.1
2026-06-03 15:05:00,34.7,56.5,8.0,2,132.8,11.1
2026-06-03 15:10:00,34.5,53.0,8.0,3,115.0,9.6
2026-06-03 15:15:00,35.5,53.7,6.0,3,10.0,0.8
2026-06-03 15:20:00,35.8,56.2,6.0,2,61.4,5.1
2026-06-03 15:25:00,34.7,55.1,7.0,2,21.3,1.8
2026-06-03 15:30:00,35.0,57.1,6.0,3,159.1,13.3
2026-06-03 15:35:00,33.8,58.8,7.0,3,114.5,9.5
2026-06-03 15:40:00,33.7,52.2,7.0,2,119.8,10.0
2026-06-03 15:45:00,35.9,48.8,7.0,2,127.6,10.6
2026-06-03 15:50:00,35.5,56.6,7.0,3,90.0,7.6
2026-06-03 15:55:00,35.5,56.7,6.0,2,109.0,9.1
2026-06-03 16:00:00,35.8,54.1,8.0,1,60.3,5.0
2026-06-03 16:05:00,35.5,54.8,10.0,2,92.6,7.7
2026-06-03 16:10:00,36.4,55.0,5.0,2,161.9,13.5
2026-06-03 16:15:00,36.8,54.5,8.0,6,161.8,13.6
2026-06-03 16:20:00,36.8,51.8,6.0,2,24.1,2.0
2026-06-03 16:25:00,35.2,56.4,10.0,3,197.9,16.5
2026-06-03 16:30:00,37.5,50.9,9.0,3,178.3,14.9
2026-06-03 16:35:00,35.7,54.2,9.0,2,34.6,2.9
2026-06-03 16:40:00,36.4,53.4,7.0,2,55.3,4.7
2026-06-03 16:45:00,35.8,51.6,8.0,2,90.9,7.6
2026-06-03 16:50:00,35.8,51.8,8.0,2,50.5,4.2
2026-06-03 16:55:00,34.3,60.3,4.0,2,52.1,4.3
2026-06-03 17:00:00,36.7,49.9,9.0,5,86.5,7.2
2026-06-03 17:05:00,40.5,49.3,10.0,3,29.0,2.4
2026-06-03 17:10:00,34.8,56.2,5.0,2,170.7,14.2
2026-06-03 17:15:00,35.6,53.5,10.0,2,93.6,7.8
2026-06-03 17:20:00,34.7,56.5,9.0,2,162.6,13.5
2026-06-03 17:25:00,34.6,55.7,12.0,3,128.9,10.7
2026-06-03 17:30:00,38.2,48.3,7.0,3,238.8,19.9
2026-06-03 17:35:00,34.3,56.6,9.0,3,111.8,9.3
2026-06-03 17:40:00,34.6,53.2,9.0,3,10.0,0.8
2026-06-03 17:45:00,32.7,61.7,4.0,2,100.4,8.4
2026-06-03 17:50:00,34.1,56.5,8.0,3,139.9,11.8
2026-06-03 17:55:00,32.5,55.1,9.0,3,77.6,6.5
2026-06-03 18:00:00,35.6,54.6,4.0,3,107.9,9.0
2026-06-03 18:05:00,39.3,48.0,7.0,3,20.7,1.7
2026-06-03 18:10:00,33.9,56.2,6.0,3,134.6,11.2
2026-06-03 18:15:00,31.6,57.4,6.0,3,54.0,4.5
2026-06-03 18:20:00,36.1,50.9,7.0,3,176.0,14.7
2026-06-03 18:25:00,33.2,54.0,5.0,3,223.9,18.7
2026-06-03 18:30:00,36.7,59.0,6.0,2,44.4,3.7
2026-06-03 18:35:00,34.0,55.7,7.0,2,186.4,15.5
2026-06-03 18:40:00,33.4,54.9,6.0,3,121.4,10.1
2026-06-03 18:45:00,34.2,53.6,4.0,3,21.3,1.8
2026-06-03 18:50:00,35.8,54.7,6.0,4,66.5,5.5
2026-06-03 18:55:00,34.1,53.6,6.0,3,38.6,3.2
2026-06-03 19:00:00,33.2,54.3,6.0,3,120.6,10.0
2026-06-03 19:05:00,33.6,56.3,5.0,3,133.1,11.1
2026-06-03 19:10:00,32.1,58.0,5.0,3,58.7,4.9
2026-06-03 19:15:00,34.4,54.4,5.0,2,68.5,5.7
2026-06-03 19:20:00,31.4,56.9,6.0,3,87.4,7.3
2026-06-03 19:25:00,33.3,55.8,5.0,3,156.1,13.0
2026-06-03 19:30:00,34.9,53.7,6.0,3,199.2,16.6
2026-06-03 19:35:00,34.3,54.1,6.0,3,104.2,8.7
2026-06-03 19:40:00,34.7,55.7,5.0,3,158.8,13.2
2026-06-03 19:45:00,33.8,61.2,5.0,3,104.6,8.7
2026-06-03 19:50:00,35.5,57.2,5.0,3,132.6,11.1
2026-06-03 19:55:00,35.1,59.0,6.0,3,47.7,4.0
2026-06-03 20:00:00,33.9,55.4,4.0,3,139.4,11.6
2026-06-03 20:05:00,34.6,59.4,5.0,3,225.3,18.8
2026-06-03 20:10:00,34.3,56.7,5.0,2,126.4,10.6
2026-06-03 20:15:00,32.6,60.0,5.0,3,137.3,11.4
2026-06-03 20:20:00,31.4,60.1,5.0,3,141.9,11.8
2026-06-03 20:25:00,33.9,55.9,5.0,3,26.6,2.2
2026-06-03 20:30:00,34.0,58.0,6.0,3,135.0,11.1
2026-06-03 20:35:00,34.8,56.7,5.0,3,10.0,0.8
2026-06-03 20:40:00,31.9,55.0,5.0,3,162.5,13.5
2026-06-03 20:45:00,32.0,58.3,5.0,3,231.6,19.3
2026-06-03 20:50:00,33.9,58.4,5.0,3,58.3,4.9
2026-06-03 20:55:00,33.2,57.9,5.0,3,84.0,7.0
2026-06-03 21:00:00,29.9,61.6,4.0,3,189.1,15.8
2026-06-03 21:05:00,33.2,56.3,6.0,3,32.6,2.7
2026-06-03 21:10:00,29.9,61.2,5.0,3,146.2,12.2
2026-06-03 21:15:00,31.3,59.3,4.0,3,38.9,3.2
2026-06-03 21:20:00,34.7,56.0,5.0,3,155.4,13.0
2026-06-03 21:25:00,35.4,54.5,5.0,3,83.6,7.0
2026-06-03 21:30:00,30.9,61.5,5.0,3,10.0,0.8
2026-06-03 21:35:00,32.2,59.3,5.0,3,12.6,1.0
2026-06-03 21:40:00,32.7,58.6,4.0,3,96.8,8.1
2026-06-03 21:45:00,35.3,59.7,4.0,3,269.3,22.4
2026-06-03 21:50:00,32.0,59.7,5.0,3,83.5,7.0
2026-06-03 21:55:00,32.0,61.1,4.0,3,42.0,3.5
2026-06-03 22:00:00,34.3,57.5,4.0,3,132.4,11.0
2026-06-03 22:05:00,31.5,58.9,5.0,3,10.0,0.8
2026-06-03 22:10:00,33.1,56.1,5.0,3,217.2,18.1
2026-06-03 22:15:00,29.8,61.6,5.0,3,159.2,13.3
2026-06-03 22:20:00,31.8,54.2,4.0,3,60.5,5.0
2026-06-03 22:25:00,29.6,61.8,4.0,3,168.6,14.0
2026-06-03 22:30:00,30.5,61.1,4.0,3,131.5,11.0
2026-06-03 22:35:00,33.2,57.6,5.0,3,93.3,7.8
2026-06-03 22:40:00,31.9,59.0,4.0,3,153.1,12.8
2026-06-03 22:45:00,31.5,57.2,5.0,3,97.3,8.1
2026-06-03 22:50:00,30.9,62.7,6.0,3,119.9,10.0
2026-06-03 22:55:00,31.7,58.7,4.0,3,153.9,12.8
2026-06-03 23:00:00,32.3,58.6,5.0,3,71.8,6.0
2026-06-03 23:05:00,33.6,60.1,5.0,3,93.9,7.8
2026-06-03 23:10:00,26.9,63.3,4.0,3,10.0,0.8
2026-06-03 23:15:00,30.2,60.7,5.0,3,10.0,0.8
2026-06-03 23:20:00,32.0,59.5,4.0,3,10.0,0.8
2026-06-03 23:25:00,31.6,60.4,4.0,3,137.1,11.4
2026-06-03 23:30:00,32.5,61.9,5.0,3,77.3,6.4
2026-06-03 23:35:00,32.2,60.8,4.0,3,10.0,0.8
2026-06-03 23:40:00,31.2,60.6,5.0,3,71.2,5.9
2026-06-03 23:45:00,30.8,62.2,4.0,3,11.7,1.0
2026-06-03 23:50:00,31.3,60.6,5.0,3,121.1,10.1
2026-06-03 23:55:00,33.9,59.7,4.0,3,191.8,16.0
2026-06-04 00:00:00,30.5,61.5,5.0,3,221.8,18.5
2026-06-04 00:05:00,31.4,61.4,4.0,3,91.4,7.6
2026-06-04 00:10:00,31.7,59.7,4.0,3,89.4,7.4
2026-06-04 00:15:00,33.4,57.4,5.0,3,10.0,0.8
2026-06-04 00:20:00,31.1,62.1,5.0,3,10.0,0.8
2026-06-04 00:25:00,32.7,61.6,4.0,3,222.5,18.5
2026-06-04 00:30:00,33.0,57.8,4.0,3,120.3,10.1
2026-06-04 00:35:00,31.4,60.8,4.0,3,203.9,17.0
2026-06-04 00:40:00,31.2,60.1,6.0,3,10.0,0.8
2026-06-04 00:45:00,31.0,62.1,4.0,3,98.3,8.2
2026-06-04 00:50:00,31.1,61.1,4.0,3,10.0,0.8
2026-06-04 00:55:00,32.5,64.3,5.0,3,10.0,0.7
2026-06-04 01:00:00,31.0,60.4,5.0,3,26.2,2.2
2026-06-04 01:05:00,31.0,63.5,4.0,3,265.4,22.1
2026-06-04 01:10:00,29.8,65.2,4.0,3,34.1,2.8
2026-06-04 01:15:00,29.9,63.2,5.0,3,215.1,17.9
2026-06-04 01:20:00,32.8,58.6,4.0,3,82.3,6.9
2026-06-04 01:25:00,30.6,61.6,4.0,3,213.3,17.8
2026-06-04 01:30:00,30.1,62.1,4.0,3,165.0,13.8
2026-06-04 01:35:00,32.1,61.4,4.0,3,221.0,18.4
2026-06-04 01:40:00,31.0,59.4,5.0,3,63.1,5.3
2026-06-04 01:45:00,31.3,60.2,4.0,3,128.5,10.7
2026-06-04 01:50:00,30.7,60.8,4.0,3,115.5,9.7
2026-06-04 01:55:00,30.5,58.6,4.0,3,328.5,27.4
2026-06-04 02:00:00,30.1,64.3,5.0,3,184.1,15.3
2026-06-04 02:05:00,28.8,66.7,4.0,3,92.3,7.7
2026-06-04 02:10:00,30.2,60.5,5.0,3,283.9,23.7
2026-06-04 02:15:00,30.6,63.9,4.0,3,291.2,24.3
2026-06-04 02:20:00,32.4,55.0,4.0,3,48.4,4.0
2026-06-04 02:25:00,30.4,61.8,5.0,3,129.6,10.8
2026-06-04 02:30:00,27.7,65.5,5.0,3,71.4,6.0
2026-06-04 02:35:00,30.2,62.3,5.0,3,10.0,0.8
2026-06-04 02:40:00,33.4,57.5,4.0,3,121.1,10.1
2026-06-04 02:45:00,31.3,60.2,4.0,3,10.0,0.8
2026-06-04 02:50:00,29.4,62.3,5.0,3,112.1,9.3
2026-06-04 02:55:00,31.0,60.6,4.0,3,100.4,8.3
2026-06-04 03:00:00,29.1,66.9,4.0,3,99.4,8.3
2026-06-04 03:05:00,28.4,63.4,4.0,2,157.3,13.1
2026-06-04 03:10:00,29.5,68.4,4.0,3,86.3,7.2
2026-06-04 03:15:00,29.9,60.8,4.0,3,67.0,5.6
2026-06-04 03:20:00,27.9,66.1,4.0,3,10.0,0.8
2026-06-04 03:25:00,28.6,65.8,4.0,2,85.2,7.1
2026-06-04 03:30:00,29.8,61.8,4.0,3,10.0,0.8
2026-06-04 03:35:00,29.4,66.5,4.0,2,80.3,6.7
2026-06-04 03:40:00,30.2,63.2,4.0,3,100.0,8.3
2026-06-04 03:45:00,28.6,63.9,4.0,3,100.6,8.4
2026-06-04 03:50:00,30.6,64.5,4.0,3,180.7,15.1
2026-06-04 03:55:00,28.6,62.0,4.0,3,63.2,5.3
2026-06-04 04:00:00,31.4,58.5,4.0,3,10.5,0.9
2026-06-04 04:05:00,27.8,67.6,4.0,3,77.6,6.5
2026-06-04 04:10:00,28.5,67.0,4.0,3,10.0,0.8
2026-06-04 04:15:00,30.1,63.0,4.0,2,38.9,3.2
2026-06-04 04:20:00,31.4,59.6,5.0,3,120.5,10.0
2026-06-04 04:25:00,30.0,61.7,6.0,3,155.4,13.0
2026-06-04 04:30:00,30.2,65.0,5.0,3,221.2,18.4
2026-06-04 04:35:00,29.7,63.5,4.0,3,129.3,10.8
2026-06-04 04:40:00,28.6,62.5,4.0,3,10.0,0.8
2026-06-04 04:45:00,29.1,61.5,5.0,3,44.1,3.7
2026-06-04 04:50:00,28.4,69.1,5.0,3,88.8,7.4
2026-06-04 04:55:00,28.3,63.4,4.0,3,43.0,3.6
2026-06-04 05:00:00,29.9,63.3,5.0,3,10.0,0.7
2026-06-04 05:05:00,28.5,67.8,4.0,2,108.1,9.0
2026-06-04 05:10:00,29.8,64.0,5.0,3,51.5,4.3
2026-06-04 05:15:00,28.3,63.7,5.0,3,190.1,15.8
2026-06-04 05:20:00,29.8,60.8,5.0,3,137.7,11.5
2026-06-04 05:25:00,29.1,67.9,4.0,3,180.0,15.0
2026-06-04 05:30:00,30.8,59.1,4.0,3,35.5,3.0
2026-06-04 05:35:00,29.8,61.7,7.0,3,225.6,18.7
2026-06-04 05:40:00,30.7,62.2,5.0,3,135.4,11.4
2026-06-04 05:45:00,28.8,64.0,7.0,3,140.4,11.7
2026-06-04 05:50:00,29.6,64.4,6.0,3,99.9,8.3
2026-06-04 05:55:00,28.6,61.7,4.0,3,10.0,0.8
2026-06-04 06:00:00,28.9,63.9,6.0,3,226.2,18.8
2026-06-04 06:05:00,29.0,65.6,4.0,1,71.7,5.9
2026-06-04 06:10:00,28.6,66.2,5.0,3,131.7,11.0
2026-06-04 06:15:00,28.2,64.3,4.0,1,89.9,7.5
2026-06-04 06:20:00,28.0,63.7,4.0,3,15.2,1.3
2026-06-04 06:25:00,27.1,67.6,5.0,3,287.1,23.9
2026-06-04 06:30:00,28.3,62.7,5.0,3,106.5,8.9
2026-06-04 06:35:00,29.8,65.6,5.0,0,6.7,0.6
2026-06-04 06:40:00,27.8,66.4,4.0,3,72.1,6.0
2026-06-04 06:45:00,28.0,64.4,5.0,3,18.9,1.6
2026-06-04 06:50:00,30.9,59.2,6.0,0,3.5,0.3
2026-06-04 06:55:00,28.7,63.4,6.0,3,49.4,4.1
2026-06-04 07:00:00,29.2,60.0,5.0,0,6.0,0.5
2026-06-04 07:05:00,29.6,64.4,6.0,0,6.5,0.5
2026-06-04 07:10:00,29.6,61.2,4.0,0,4.8,0.4
2026-06-04 07:15:00,27.2,67.8,7.0,3,10.0,0.8
2026-06-04 07:20:00,28.6,66.0,4.0,0,6.0,0.5
2026-06-04 07:25:00,27.1,69.3,7.0,1,87.8,7.2
2026-06-04 07:30:00,31.6,60.7,6.0,1,65.8,5.5
2026-06-04 07:35:00,27.1,69.7,6.0,3,65.5,5.5
2026-06-04 07:40:00,27.7,69.4,6.0,0,10.2,0.8
2026-06-04 07:45:00,27.7,66.7,5.0,0,4.5,0.4
2026-06-04 07:50:00,27.2,67.6,5.0,3,93.7,7.8
2026-06-04 07:55:00,30.3,60.8,4.0,3,153.6,12.8
2026-06-04 08:00:00,31.5,57.9,10.0,3,10.0,0.8
2026-06-04 08:05:00,28.2,68.3,6.0,0,3.5,0.3
2026-06-04 08:10:00,27.3,68.0,4.0,3,34.0,2.8
2026-06-04 08:15:00,26.2,69.9,7.0,0,9.7,0.9
2026-06-04 08:20:00,28.5,63.3,7.0,0,6.0,0.5
2026-06-04 08:25:00,28.4,68.8,6.0,3,10.0,0.8
2026-06-04 08:30:00,28.0,65.0,4.0,0,7.9,0.7
2026-06-04 08:35:00,29.0,62.1,8.0,0,3.5,0.3
2026-06-04 08:40:00,29.2,62.3,8.0,3,184.5,15.4
2026-06-04 08:45:00,29.1,67.6,7.0,3,164.2,13.6
2026-06-04 08:50:00,28.4,62.2,6.0,3,10.0,0.8
2026-06-04 08:55:00,27.5,64.5,5.0,0,3.5,0.3
2026-06-04 09:00:00,30.1,69.4,7.0,0,3.8,0.3
2026-06-04 09:05:00,29.3,65.9,5.0,3,80.6,6.7
2026-06-04 09:10:00,30.3,60.4,4.0,1,54.1,4.4
2026-06-04 09:15:00,30.2,59.7,8.0,3,228.1,19.0
2026-06-04 09:20:00,27.8,61.9,4.0,0,5.2,0.4
2026-06-04 09:25:00,27.7,66.3,4.0,0,4.5,0.3
2026-06-04 09:30:00,28.5,66.6,9.0,0,4.5,0.4
2026-06-04 09:35:00,28.2,69.0,4.0,0,3.5,0.3
2026-06-04 09:40:00,30.2,57.7,6.0,1,25.6,2.1
2026-06-04 09:45:00,29.7,59.9,4.0,0,6.0,0.5
2026-06-04 09:50:00,30.5,61.5,5.0,0,5.0,0.4
2026-06-04 09:55:00,29.8,69.6,10.0,1,97.5,8.1
2026-06-04 10:00:00,30.5,64.0,6.0,0,3.5,0.3
2026-06-04 10:05:00,31.7,61.2,7.0,3,169.8,14.2
2026-06-04 10:10:00,30.8,58.9,7.0,0,4.9,0.4
2026-06-04 10:15:00,30.4,57.5,5.0,0,5.3,0.4
2026-06-04 10:20:00,32.0,60.1,7.0,0,7.7,0.5
2026-06-04 10:25:00,30.4,61.9,7.0,0,4.5,0.4
2026-06-04 10:30:00,30.0,62.1,7.0,3,74.4,6.2
2026-06-04 10:35:00,29.4,62.7,5.0,3,142.5,11.9
2026-06-04 10:40:00,31.1,59.5,7.0,0,7.5,0.6
2026-06-04 10:45:00,31.7,58.2,6.0,0,7.3,0.6
2026-06-04 10:50:00,30.3,65.3,8.0,0,3.9,0.3
2026-06-04 10:55:00,31.8,58.3,5.0,0,6.9,0.6
2026-06-04 11:00:00,29.6,62.7,9.0,0,7.8,0.6
2026-06-04 11:05:00,31.7,60.0,7.0,0,7.7,0.6
2026-06-04 11:10:00,31.7,61.8,6.0,3,175.1,14.6
2026-06-04 11:15:00,31.0,59.1,6.0,1,10.0,0.8
2026-06-04 11:20:00,34.4,58.3,6.0,3,260.1,21.7
2026-06-04 11:25:00,31.7,58.7,5.0,0,6.2,0.5
2026-06-04 11:30:00,31.3,60.3,7.0,0,5.3,0.4
2026-06-04 11:35:00,31.8,63.9,6.0,0,3.5,0.3
2026-06-04 11:40:00,29.6,61.0,9.0,3,66.7,5.7
2026-06-04 11:45:00,30.9,63.1,6.0,0,7.9,0.7
2026-06-04 11:50:00,32.8,60.8,6.0,0,3.5,0.3
2026-06-04 11:55:00,31.1,61.8,6.0,1,69.8,5.8
2026-06-04 12:00:00,31.9,59.5,9.0,0,5.2,0.4
2026-06-04 12:05:00,34.3,61.4,4.0,0,7.7,0.6
2026-06-04 12:10:00,34.3,56.0,6.0,3,224.7,18.7
2026-06-04 12:15:00,33.4,58.0,7.0,3,56.6,4.7
2026-06-04 12:20:00,32.3,58.3,5.0,0,3.5,0.2
2026-06-04 12:25:00,32.5,59.3,10.0,1,75.9,6.3
2026-06-04 12:30:00,31.9,62.2,5.0,0,5.5,0.5
2026-06-04 12:35:00,31.7,59.4,6.0,0,3.5,0.3
2026-06-04 12:40:00,31.6,55.0,9.0,3,52.3,4.4
2026-06-04 12:45:00,32.1,60.8,6.0,0,4.8,0.4
2026-06-04 12:50:00,31.6,57.6,6.0,0,3.5,0.3
2026-06-04 12:55:00,31.0,63.1,6.0,1,54.4,4.5
2026-06-04 13:00:00,33.7,56.7,6.0,0,3.9,0.3
2026-06-04 13:05:00,33.7,59.1,7.0,0,6.7,0.6
2026-06-04 13:10:00,35.4,51.5,6.0,0,6.8,0.6
2026-06-04 13:15:00,32.7,56.9,4.0,3,88.8,7.4
2026-06-04 13:20:00,33.8,55.7,6.0,3,119.0,9.9
2026-06-04 13:25:00,33.8,52.7,6.0,2,40.2,3.4
2026-06-04 13:30:00,33.1,60.5,6.0,1,104.1,8.7
2026-06-04 13:35:00,34.3,51.5,6.0,0,4.4,0.3
2026-06-04 13:40:00,34.3,58.6,5.0,3,171.4,14.3
2026-06-04 13:45:00,33.8,57.6,6.0,0,6.1,0.5
2026-06-04 13:50:00,33.1,57.1,8.0,2,78.3,6.5
2026-06-04 13:55:00,33.0,58.7,6.0,1,112.3,9.4
2026-06-04 14:00:00,32.2,58.8,7.0,1,74.8,6.2
2026-06-04 14:05:00,33.0,56.2,6.0,2,71.9,6.0
2026-06-04 14:10:00,33.3,57.5,6.0,2,55.5,4.6
2026-06-04 14:15:00,32.6,59.3,6.0,3,96.5,8.0
2026-06-04 14:20:00,34.8,52.7,7.0,3,60.2,5.0
2026-06-04 14:25:00,35.9,54.5,5.0,0,4.6,0.4
2026-06-04 14:30:00,32.9,50.9,7.0,3,29.5,2.5
2026-06-04 14:35:00,34.6,50.6,7.0,3,157.2,13.1
2026-06-04 14:40:00,32.7,58.8,7.0,3,108.4,9.0
2026-06-04 14:45:00,33.8,55.2,5.0,2,120.4,10.1
2026-06-04 14:50:00,33.2,54.8,5.0,3,131.0,10.9
2026-06-04 14:55:00,35.0,54.6,6.0,2,188.7,15.7
2026-06-04 15:00:00,34.1,54.8,6.0,2,160.4,13.4
2026-06-04 15:05:00,36.4,50.9,6.0,2,5.0,0.4
2026-06-04 15:10:00,34.7,51.4,7.0,2,102.8,8.6
2026-06-04 15:15:00,34.1,51.3,6.0,3,139.7,11.6
2026-06-04 15:20:00,33.3,58.2,6.0,2,272.7,22.7
2026-06-04 15:25:00,35.4,53.3,7.0,3,227.7,19.0
2026-06-04 15:30:00,36.3,55.3,5.0,3,203.5,16.9
2026-06-04 15:35:00,35.4,53.2,6.0,3,170.9,14.1
2026-06-04 15:40:00,38.1,51.9,6.0,2,106.9,8.9
2026-06-04 15:45:00,37.0,52.1,7.0,2,73.9,6.2
2026-06-04 15:50:00,34.6,55.2,9.0,6,173.8,14.5
2026-06-04 15:55:00,34.6,55.3,6.0,2,199.4,16.6
2026-06-04 16:00:00,36.3,52.0,8.0,2,97.7,8.1
2026-06-04 16:05:00,34.3,52.3,8.0,2,191.0,15.9
2026-06-04 16:10:00,37.3,53.7,9.0,2,86.7,7.1
2026-06-04 16:15:00,36.1,56.9,7.0,3,91.6,7.6
2026-06-04 16:20:00,36.0,57.1,10.0,6,194.4,16.2
2026-06-04 16:25:00,36.6,51.4,9.0,2,132.2,11.0
2026-06-04 16:30:00,38.2,49.3,9.0,3,10.0,0.8
2026-06-04 16:35:00,35.8,52.3,6.0,3,62.7,5.2
2026-06-04 16:40:00,35.4,53.6,8.0,3,97.0,8.1
2026-06-04 16:45:00,37.8,51.3,7.0,2,50.1,4.2
2026-06-04 16:50:00,37.0,50.0,7.0,3,44.9,3.7
2026-06-04 16:55:00,35.1,50.9,7.0,3,154.7,12.9
2026-06-04 17:00:00,35.7,53.7,8.0,2,177.5,14.7
2026-06-04 17:05:00,36.0,48.0,10.0,3,110.9,9.2
2026-06-04 17:10:00,36.3,52.6,11.0,2,95.9,8.0
2026-06-04 17:15:00,33.3,53.6,11.0,3,25.9,2.2
2026-06-04 17:20:00,32.9,58.8,9.0,3,224.7,18.7
2026-06-04 17:25:00,34.1,58.3,9.0,3,143.9,12.0
2026-06-04 17:30:00,33.9,58.5,8.0,2,109.9,9.2
2026-06-04 17:35:00,34.5,53.9,8.0,3,113.9,9.5
2026-06-04 17:40:00,36.8,49.2,6.0,2,172.7,14.4
2026-06-04 17:45:00,35.4,51.6,7.0,2,135.7,11.3
2026-06-04 17:50:00,36.0,54.0,9.0,2,86.5,7.1
2026-06-04 17:55:00,33.5,51.4,12.0,3,200.7,16.7
2026-06-04 18:00:00,33.9,59.3,6.0,3,35.7,3.0
2026-06-04 18:05:00,35.7,52.7,5.0,3,50.2,4.1
2026-06-04 18:10:00,35.7,54.9,7.0,3,73.4,6.1
2026-06-04 18:15:00,33.4,51.3,4.0,3,151.1,12.6
2026-06-04 18:20:00,34.9,51.9,7.0,3,134.0,11.2
2026-06-04 18:25:00,38.5,48.0,4.0,3,380.3,31.7
2026-06-04 18:30:00,34.6,57.5,7.0,3,19.7,1.6
2026-06-04 18:35:00,33.5,55.5,5.0,3,112.6,9.4
2026-06-04 18:40:00,34.4,56.5,6.0,3,81.6,6.8
2026-06-04 18:45:00,34.8,54.7,9.0,2,5.0,0.4
2026-06-04 18:50:00,34.4,56.2,5.0,3,143.9,11.9
2026-06-04 18:55:00,34.6,53.9,5.0,3,181.4,15.1
2026-06-04 19:00:00,32.1,57.6,5.0,3,125.5,10.5
2026-06-04 19:05:00,32.7,57.2,6.0,3,137.4,11.4
2026-06-04 19:10:00,33.8,57.0,5.0,2,91.2,7.6
2026-06-04 19:15:00,33.8,57.1,5.0,3,73.4,6.1
2026-06-04 19:20:00,33.3,63.2,5.0,3,248.8,20.7
2026-06-04 19:25:00,33.8,60.0,5.0,3,63.5,5.3
2026-06-04 19:30:00,34.1,51.7,5.0,3,10.0,0.8
2026-06-04 19:35:00,35.3,54.0,5.0,3,52.4,4.3
2026-06-04 19:40:00,33.9,55.1,6.0,3,314.7,26.2
2026-06-04 19:45:00,34.6,58.1,6.0,3,10.0,0.8
2026-06-04 19:50:00,33.3,56.0,5.0,3,147.4,12.3
2026-06-04 19:55:00,34.8,56.0,5.0,3,34.7,2.9
2026-06-04 20:00:00,34.0,51.6,6.0,3,146.0,12.2
2026-06-04 20:05:00,34.7,52.6,5.0,3,202.3,16.9
2026-06-04 20:10:00,34.4,60.5,5.0,3,64.7,5.4
2026-06-04 20:15:00,34.3,56.3,5.0,3,217.6,18.1
2026-06-04 20:20:00,33.3,55.1,5.0,3,200.3,16.7
2026-06-04 20:25:00,33.8,57.2,6.0,3,133.1,11.1
2026-06-04 20:30:00,34.9,53.4,5.0,3,98.6,8.2
2026-06-04 20:35:00,32.5,57.5,7.0,3,85.4,7.0
2026-06-04 20:40:00,32.5,55.0,5.0,3,33.4,2.8
2026-06-04 20:45:00,33.7,55.1,6.0,3,10.0,0.8
2026-06-04 20:50:00,34.0,55.6,5.0,3,156.4,13.0
2026-06-04 20:55:00,32.3,60.6,6.0,3,135.3,11.3
2026-06-04 21:00:00,32.7,59.1,6.0,3,141.6,11.8
2026-06-04 21:05:00,32.7,59.4,5.0,3,193.8,16.2
2026-06-04 21:10:00,29.6,60.9,4.0,3,102.9,8.6
2026-06-04 21:15:00,32.5,59.9,5.0,3,222.6,18.5
2026-06-04 21:20:00,32.6,56.6,4.0,3,10.0,0.8
2026-06-04 21:25:00,32.6,56.9,5.0,3,263.1,21.9
2026-06-04 21:30:00,34.9,57.0,4.0,3,102.3,8.5
2026-06-04 21:35:00,31.1,59.1,5.0,3,43.0,3.6
2026-06-04 21:40:00,31.6,59.1,4.0,3,95.1,7.9
2026-06-04 21:45:00,29.0,61.2,4.0,3,244.2,20.4
2026-06-04 21:50:00,32.1,61.1,5.0,2,72.0,6.0
2026-06-04 21:55:00,32.3,61.0,5.0,3,46.8,4.0
2026-06-04 22:00:00,31.4,58.5,4.0,3,113.7,9.5
2026-06-04 22:05:00,33.8,54.1,5.0,3,13.9,1.2
2026-06-04 22:10:00,33.4,56.5,6.0,3,140.4,11.7
2026-06-04 22:15:00,32.3,57.1,5.0,3,215.2,17.9
2026-06-04 22:20:00,31.6,61.0,4.0,3,130.3,10.9
2026-06-04 22:25:00,33.7,59.3,4.0,3,73.1,6.1
2026-06-04 22:30:00,32.1,57.0,4.0,3,69.0,5.8
2026-06-04 22:35:00,31.0,58.6,5.0,3,114.9,9.6
2026-06-04 22:40:00,29.7,58.4,5.0,3,153.2,12.7
2026-06-04 22:45:00,31.5,59.8,5.0,3,181.5,15.1
2026-06-04 22:50:00,33.3,57.8,4.0,3,13.4,1.1
2026-06-04 22:55:00,35.5,57.4,5.0,3,62.4,5.3
2026-06-04 23:00:00,32.0,61.0,5.0,3,232.4,19.4
2026-06-04 23:05:00,30.5,62.0,4.0,3,148.8,12.3
2026-06-04 23:10:00,29.7,59.2,5.0,3,118.0,9.8
2026-06-04 23:15:00,32.9,58.8,4.0,3,173.9,14.5
2026-06-04 23:20:00,28.7,63.5,5.0,3,10.0,0.8
2026-06-04 23:25:00,32.9,58.9,4.0,3,164.2,13.7
2026-06-04 23:30:00,33.4,57.0,4.0,3,327.2,27.3
2026-06-04 23:35:00,32.7,61.0,5.0,3,111.6,9.3
2026-06-04 23:40:00,31.5,59.6,5.0,3,129.6,10.8
2026-06-04 23:45:00,33.0,61.2,5.0,3,76.3,6.4
2026-06-04 23:50:00,32.2,60.1,4.0,3,20.9,1.7
2026-06-04 23:55:00,30.5,60.6,4.0,3,61.3,5.2
2026-06-05 00:00:00,33.8,60.6,5.0,3,183.9,15.4
2026-06-05 00:05:00,31.1,59.0,6.0,2,101.2,8.4
2026-06-05 00:10:00,32.5,61.7,4.0,3,154.8,12.9
2026-06-05 00:15:00,28.5,61.9,4.0,3,28.3,2.5
2026-06-05 00:20:00,33.1,59.4,4.0,3,49.4,4.1
2026-06-05 00:25:00,33.4,59.2,5.0,3,51.1,4.3
2026-06-05 00:30:00,31.6,59.8,4.0,3,119.6,10.1
2026-06-05 00:35:00,32.2,58.9,4.0,3,87.5,7.4
2026-06-05 00:40:00,32.2,59.4,5.0,3,98.9,8.2
2026-06-05 00:45:00,30.7,59.7,5.0,3,10.5,0.9
2026-06-05 00:50:00,32.2,62.7,5.0,3,247.9,20.7
2026-06-05 00:55:00,30.5,60.6,5.0,3,131.4,11.0
2026-06-05 01:00:00,30.3,63.8,4.0,3,59.0,4.9
2026-06-05 01:05:00,31.9,61.5,4.0,3,35.0,2.9
2026-06-05 01:10:00,31.8,60.5,5.0,3,71.2,5.9
2026-06-05 01:15:00,30.2,61.7,4.0,3,208.0,17.3
2026-06-05 01:20:00,30.2,62.2,4.0,3,237.8,19.7
2026-06-05 01:25:00,30.3,62.8,4.0,3,49.2,4.2
2026-06-05 01:30:00,31.5,60.4,5.0,3,66.5,5.5
2026-06-05 01:35:00,29.9,59.6,4.0,3,10.0,0.8
2026-06-05 01:40:00,31.2,57.5,4.0,3,10.0,0.8
2026-06-05 01:45:00,31.5,62.8,4.0,3,116.8,9.7
2026-06-05 01:50:00,30.8,56.7,5.0,3,77.3,6.4
2026-06-05 01:55:00,31.8,60.2,4.0,3,73.4,6.1
2026-06-05 02:00:00,30.0,61.8,4.0,3,61.4,5.1
2026-06-05 02:05:00,30.1,62.6,4.0,3,133.2,11.1
2026-06-05 02:10:00,29.3,60.7,4.0,3,116.4,9.7
2026-06-05 02:15:00,31.5,61.0,4.0,3,196.6,16.4
2026-06-05 02:20:00,29.5,63.6,4.0,3,333.9,27.8
2026-06-05 02:25:00,30.8,67.8,4.0,2,83.5,7.0
2026-06-05 02:30:00,30.3,62.2,5.0,2,197.6,16.5
2026-06-05 02:35:00,29.2,66.8,4.0,3,10.8,0.9
2026-06-05 02:40:00,29.7,59.2,4.0,3,10.0,0.8
2026-06-05 02:45:00,31.9,62.0,4.0,3,247.2,20.6
2026-06-05 02:50:00,30.6,62.0,5.0,3,99.9,8.3
2026-06-05 02:55:00,29.3,64.1,4.0,3,176.0,14.7
2026-06-05 03:00:00,30.2,62.5,4.0,3,10.0,0.8
2026-06-05 03:05:00,29.8,66.6,4.0,3,11.7,0.9
2026-06-05 03:10:00,33.5,57.1,5.0,3,181.3,15.1
2026-06-05 03:15:00,30.2,60.0,4.0,3,10.0,0.8
2026-06-05 03:20:00,29.5,61.5,4.0,3,231.4,19.3
2026-06-05 03:25:00,31.4,61.9,4.0,3,179.3,14.9
2026-06-05 03:30:00,28.0,66.5,4.0,3,44.6,3.7
2026-06-05 03:35:00,30.0,58.5,5.0,3,242.1,20.2
2026-06-05 03:40:00,32.0,60.2,4.0,3,152.9,12.7
2026-06-05 03:45:00,29.8,59.9,4.0,3,87.4,7.3
2026-06-05 03:50:00,28.1,66.3,4.0,3,113.4,9.4
2026-06-05 03:55:00,29.5,61.0,4.0,2,141.6,11.8
2026-06-05 04:00:00,31.2,59.5,6.0,3,10.0,0.8
2026-06-05 04:05:00,30.1,60.8,5.0,3,10.0,0.8
2026-06-05 04:10:00,28.8,68.4,5.0,3,173.3,14.4
2026-06-05 04:15:00,29.0,65.1,5.0,3,124.5,10.4
2026-06-05 04:20:00,29.1,67.2,5.0,3,234.0,19.5
2026-06-05 04:25:00,30.1,69.7,5.0,3,140.0,11.7
2026-06-05 04:30:00,31.1,60.6,5.0,3,10.0,0.8
2026-06-05 04:35:00,30.8,64.9,5.0,2,72.7,6.1
2026-06-05 04:40:00,30.2,60.2,5.0,3,14.2,1.2
2026-06-05 04:45:00,28.3,68.6,4.0,3,33.1,2.8
2026-06-05 04:50:00,28.3,63.2,5.0,3,53.7,4.5
2026-06-05 04:55:00,30.3,61.8,5.0,3,118.7,9.8
2026-06-05 05:00:00,28.4,66.2,7.0,2,154.0,12.8
2026-06-05 05:05:00,29.4,65.0,6.0,3,209.7,17.5
2026-06-05 05:10:00,29.9,60.1,5.0,3,160.3,13.4
2026-06-05 05:15:00,28.5,63.1,4.0,3,216.1,18.1
2026-06-05 05:20:00,28.6,66.1,5.0,3,140.7,11.7
2026-06-05 05:25:00,29.5,62.6,4.0,3,68.1,5.7
2026-06-05 05:30:00,30.1,59.5,5.0,3,10.0,0.8
2026-06-05 05:35:00,30.6,61.5,4.0,3,160.5,13.4
2026-06-05 05:40:00,30.2,62.0,5.0,3,96.7,8.1
2026-06-05 05:45:00,29.7,63.4,5.0,3,174.8,14.6
2026-06-05 05:50:00,28.9,65.4,5.0,3,51.9,4.3
2026-06-05 05:55:00,28.6,65.8,5.0,3,248.8,20.7
2026-06-05 06:00:00,28.9,62.8,5.0,3,249.2,20.8
2026-06-05 06:05:00,29.7,62.3,6.0,2,212.1,17.7
2026-06-05 06:10:00,29.6,65.1,6.0,3,28.3,2.5
2026-06-05 06:15:00,27.4,65.6,5.0,3,134.0,11.2
2026-06-05 06:20:00,28.6,64.0,5.0,2,50.3,4.2
2026-06-05 06:25:00,30.4,59.0,4.0,3,10.0,0.8
2026-06-05 06:30:00,29.4,63.5,4.0,3,32.8,2.7
2026-06-05 06:35:00,28.0,66.4,6.0,2,82.1,6.8
2026-06-05 06:40:00,31.5,56.4,6.0,3,28.1,2.3
2026-06-05 06:45:00,29.3,61.6,5.0,3,51.9,4.3
2026-06-05 06:50:00,29.7,60.3,6.0,3,81.0,6.8
2026-06-05 06:55:00,29.7,64.7,6.0,3,36.6,3.0
2026-06-05 07:00:00,28.5,60.3,6.0,0,4.8,0.4
2026-06-05 07:05:00,28.1,65.3,7.0,3,118.5,9.9
2026-06-05 07:10:00,31.3,62.3,6.0,1,176.1,14.7
2026-06-05 07:15:00,30.0,63.0,6.0,0,3.5,0.3
2026-06-05 07:20:00,29.8,61.8,5.0,0,4.5,0.4
2026-06-05 07:25:00,29.6,64.0,5.0,1,31.6,2.6
2026-06-05 07:30:00,27.8,68.4,4.0,0,3.5,0.3
2026-06-05 07:35:00,30.3,61.8,5.0,0,9.7,0.8
2026-06-05 07:40:00,28.0,60.2,8.0,0,7.9,0.7
2026-06-05 07:45:00,29.2,66.5,4.0,0,10.4,0.9
2026-06-05 07:50:00,27.1,67.9,4.0,0,7.8,0.6
2026-06-05 07:55:00,26.7,67.5,7.0,0,6.1,0.5
2026-06-05 08:00:00,29.2,59.0,7.0,0,3.5,0.3
2026-06-05 08:05:00,27.9,64.9,7.0,0,7.6,0.6
2026-06-05 08:10:00,26.6,65.5,6.0,1,42.8,3.6
2026-06-05 08:15:00,29.4,60.5,8.0,0,8.2,0.7
2026-06-05 08:20:00,31.2,60.4,9.0,3,10.0,0.8
2026-06-05 08:25:00,30.4,60.6,5.0,3,192.4,16.0
2026-06-05 08:30:00,28.5,63.6,8.0,3,11.5,1.0
2026-06-05 08:35:00,28.8,66.1,9.0,0,3.5,0.3
2026-06-05 08:40:00,29.8,63.4,5.0,3,91.2,7.6
2026-06-05 08:45:00,30.1,61.2,9.0,1,45.1,3.8
2026-06-05 08:50:00,28.4,63.4,9.0,0,6.6,0.5
2026-06-05 08:55:00,28.8,63.2,4.0,3,67.6,5.6
2026-06-05 09:00:00,29.7,62.4,9.0,0,5.8,0.5
2026-06-05 09:05:00,30.0,64.0,4.0,0,5.4,0.4
2026-06-05 09:10:00,29.2,61.3,5.0,0,6.6,0.5
2026-06-05 09:15:00,29.3,67.1,7.0,0,6.5,0.5
2026-06-05 09:20:00,30.9,62.6,8.0,3,195.5,16.3
2026-06-05 09:25:00,30.7,54.9,6.0,1,119.2,9.9
2026-06-05 09:30:00,29.9,62.9,5.0,1,82.4,6.9
2026-06-05 09:35:00,31.3,63.1,6.0,0,3.5,0.3
2026-06-05 09:40:00,29.0,65.0,6.0,3,76.1,6.3
2026-06-05 09:45:00,31.2,59.8,8.0,0,7.5,0.6
2026-06-05 09:50:00,30.0,62.4,6.0,0,3.5,0.3
2026-06-05 09:55:00,33.0,58.5,5.0,0,6.5,0.5
2026-06-05 10:00:00,29.0,65.7,4.0,0,6.1,0.5
2026-06-05 10:05:00,29.6,60.1,5.0,3,233.3,19.4
2026-06-05 10:10:00,30.9,60.1,6.0,0,4.0,0.3
2026-06-05 10:15:00,30.8,65.2,5.0,0,8.0,0.7
2026-06-05 10:20:00,32.6,59.2,4.0,0,3.5,0.3
2026-06-05 10:25:00,29.6,66.6,7.0,0,6.1,0.5
2026-06-05 10:30:00,31.4,67.4,5.0,0,5.9,0.5
2026-06-05 10:35:00,31.7,59.3,5.0,3,136.5,11.4
2026-06-05 10:40:00,31.2,58.4,8.0,3,22.7,1.9
2026-06-05 10:45:00,29.3,63.1,7.0,3,86.2,7.2
2026-06-05 10:50:00,32.0,62.4,7.0,0,8.7,0.7
2026-06-05 10:55:00,31.8,63.0,7.0,3,101.1,8.4
2026-06-05 11:00:00,32.5,64.3,8.0,0,6.8,0.6
2026-06-05 11:05:00,32.1,59.4,7.0,0,3.5,0.3
2026-06-05 11:10:00,32.1,60.7,6.0,3,169.6,14.1
2026-06-05 11:15:00,31.7,58.4,5.0,3,119.8,10.0
2026-06-05 11:20:00,32.5,52.9,4.0,0,4.6,0.4
2026-06-05 11:25:00,31.9,59.7,6.0,0,8.8,0.7
2026-06-05 11:30:00,30.9,58.6,5.0,0,5.2,0.3
2026-06-05 11:35:00,30.7,63.2,5.0,0,3.5,0.3
2026-06-05 11:40:00,31.0,56.7,6.0,3,85.5,7.1
2026-06-05 11:45:00,32.1,57.7,8.0,0,5.4,0.4
2026-06-05 11:50:00,31.8,60.6,4.0,0,8.9,0.7
2026-06-05 11:55:00,32.1,60.4,6.0,0,3.8,0.2
2026-06-05 12:00:00,33.4,57.4,4.0,1,10.0,0.8
2026-06-05 12:05:00,32.2,64.0,5.0,1,49.2,4.1
2026-06-05 12:10:00,34.5,59.7,8.0,0,3.5,0.3
2026-06-05 12:15:00,32.6,57.0,5.0,0,5.0,0.4
2026-06-05 12:20:00,32.4,63.1,6.0,0,4.2,0.4
2026-06-05 12:25:00,33.4,61.9,6.0,0,7.0,0.6
2026-06-05 12:30:00,30.8,61.2,7.0,0,4.8,0.3
2026-06-05 12:35:00,32.0,59.8,5.0,0,6.2,0.5
2026-06-05 12:40:00,34.0,56.4,8.0,0,8.8,0.6
2026-06-05 12:45:00,30.9,59.8,6.0,3,37.7,3.1
2026-06-05 12:50:00,34.1,55.0,7.0,3,147.0,12.2
2026-06-05 12:55:00,34.6,58.9,6.0,0,3.6,0.3
2026-06-05 13:00:00,33.1,58.8,7.0,0,7.6,0.6
2026-06-05 13:05:00,33.8,55.1,8.0,0,7.3,0.5
2026-06-05 13:10:00,34.8,52.5,6.0,0,3.5,0.4
2026-06-05 13:15:00,33.0,55.8,6.0,0,8.3,0.7
2026-06-05 13:20:00,34.5,55.0,6.0,0,3.5,0.3
2026-06-05 13:25:00,32.7,60.7,6.0,1,36.2,3.0
2026-06-05 13:30:00,33.0,55.6,5.0,3,73.9,6.2
2026-06-05 13:35:00,32.6,60.8,6.0,0,3.5,0.3
2026-06-05 13:40:00,33.9,56.9,5.0,3,41.5,3.4
2026-06-05 13:45:00,34.8,55.3,5.0,0,3.8,0.3
2026-06-05 13:50:00,33.3,60.0,4.0,0,3.9,0.3
2026-06-05 13:55:00,32.0,61.6,7.0,0,4.8,0.4
2026-06-05 14:00:00,32.7,54.1,7.0,0,3.5,0.3
2026-06-05 14:05:00,34.8,52.4,7.0,2,47.1,3.9
2026-06-05 14:10:00,36.9,52.0,6.0,1,146.3,12.2
2026-06-05 14:15:00,34.8,55.9,6.0,2,128.5,10.7
2026-06-05 14:20:00,33.7,59.6,5.0,3,14.5,1.2
2026-06-05 14:25:00,35.4,54.4,7.0,2,262.5,21.9
2026-06-05 14:30:00,33.9,60.1,7.0,1,26.2,2.2
2026-06-05 14:35:00,33.7,54.6,6.0,3,195.2,16.3
2026-06-05 14:40:00,32.9,55.9,7.0,1,64.2,5.4
2026-06-05 14:45:00,36.3,52.5,7.0,3,10.0,0.9
2026-06-05 14:50:00,30.6,58.0,6.0,2,192.2,16.0
2026-06-05 14:55:00,35.4,57.1,7.0,3,147.3,12.3
2026-06-05 15:00:00,34.5,49.1,8.0,2,75.2,6.3
2026-06-05 15:05:00,34.5,54.1,6.0,5,159.1,13.3
2026-06-05 15:10:00,37.4,54.5,8.0,2,149.9,12.5
2026-06-05 15:15:00,34.1,55.0,7.0,2,196.2,16.3
2026-06-05 15:20:00,34.2,57.9,7.0,3,106.9,8.9
2026-06-05 15:25:00,34.9,59.6,7.0,3,56.9,4.7
2026-06-05 15:30:00,35.7,54.0,7.0,2,5.0,0.4
2026-06-05 15:35:00,34.5,57.8,8.0,2,22.1,1.8
2026-06-05 15:40:00,32.9,62.3,6.0,6,149.1,12.4
2026-06-05 15:45:00,33.9,56.8,7.0,2,172.7,14.4
2026-06-05 15:50:00,36.9,52.4,6.0,2,5.0,0.4
2026-06-05 15:55:00,35.2,56.4,7.0,3,41.9,3.5
2026-06-05 16:00:00,36.3,55.7,8.0,2,105.6,8.8
2026-06-05 16:05:00,35.2,54.1,9.0,2,156.6,13.0
2026-06-05 16:10:00,34.6,53.7,8.0,3,106.6,8.9
2026-06-05 16:15:00,38.2,54.9,7.0,2,125.1,10.4
2026-06-05 16:20:00,35.4,53.3,10.0,3,57.7,4.8
2026-06-05 16:25:00,35.0,57.1,7.0,2,92.7,7.7
2026-06-05 16:30:00,37.3,52.5,7.0,3,54.2,4.5
2026-06-05 16:35:00,34.5,59.1,5.0,2,207.3,17.3
2026-06-05 16:40:00,34.7,52.8,7.0,6,178.0,14.8
2026-06-05 16:45:00,35.7,51.7,6.0,6,159.3,13.3
2026-06-05 16:50:00,35.6,55.7,7.0,3,192.5,16.0
2026-06-05 16:55:00,36.0,50.7,8.0,2,165.1,13.8
2026-06-05 17:00:00,39.4,49.8,6.0,3,91.4,7.6
2026-06-05 17:05:00,36.3,57.2,6.0,2,272.1,22.7
2026-06-05 17:10:00,31.5,53.2,4.0,2,12.7,1.1
2026-06-05 17:15:00,36.3,54.0,7.0,2,58.9,4.9
2026-06-05 17:20:00,35.8,56.8,6.0,2,94.9,7.9
2026-06-05 17:25:00,35.8,53.4,14.0,6,104.3,8.7
2026-06-05 17:30:00,36.2,50.4,12.0,3,105.7,8.8
2026-06-05 17:35:00,35.7,52.8,12.0,3,34.4,2.9
2026-06-05 17:40:00,35.6,51.3,5.0,3,192.5,16.0
2026-06-05 17:45:00,36.8,52.5,8.0,2,201.5,16.8
2026-06-05 17:50:00,34.8,53.8,5.0,6,197.0,16.4
2026-06-05 17:55:00,34.0,54.0,13.0,3,212.5,17.7
2026-06-05 18:00:00,40.0,50.1,7.0,3,124.2,10.4
2026-06-05 18:05:00,33.5,60.2,4.0,3,230.6,19.1
2026-06-05 18:10:00,34.9,55.3,6.0,3,57.1,4.8
2026-06-05 18:15:00,32.1,61.1,4.0,3,185.9,15.5
2026-06-05 18:20:00,34.9,58.7,6.0,3,71.6,6.0
2026-06-05 18:25:00,33.1,54.8,6.0,3,62.6,5.2
2026-06-05 18:30:00,34.0,56.2,7.0,2,157.9,13.2
2026-06-05 18:35:00,36.5,51.5,7.0,3,228.1,19.0
2026-06-05 18:40:00,35.5,49.8,6.0,3,73.1,6.1
2026-06-05 18:45:00,35.7,54.5,6.0,3,20.9,1.7
2026-06-05 18:50:00,31.7,55.1,4.0,3,10.0,0.8
2026-06-05 18:55:00,37.9,52.5,8.0,3,105.7,8.9
2026-06-05 19:00:00,32.5,54.1,5.0,3,14.7,1.2
2026-06-05 19:05:00,36.2,53.7,5.0,3,278.8,23.2
2026-06-05 19:10:00,35.5,50.5,6.0,3,258.1,21.5
2026-06-05 19:15:00,34.9,56.4,5.0,3,10.0,0.8
2026-06-05 19:20:00,32.9,56.3,5.0,3,248.9,20.7
2026-06-05 19:25:00,34.3,54.4,5.0,3,36.2,3.0
2026-06-05 19:30:00,33.5,59.0,6.0,3,215.2,17.9
2026-06-05 19:35:00,34.2,54.9,5.0,3,198.2,16.5
2026-06-05 19:40:00,33.8,56.4,6.0,3,223.0,18.6
2026-06-05 19:45:00,31.3,58.6,5.0,3,263.3,21.8
2026-06-05 19:50:00,35.6,55.2,5.0,3,10.0,0.8
2026-06-05 19:55:00,34.0,58.3,5.0,3,13.0,1.1
2026-06-05 20:00:00,32.8,59.5,5.0,3,176.2,14.7
2026-06-05 20:05:00,32.7,56.9,5.0,3,114.9,9.6
2026-06-05 20:10:00,34.0,59.0,5.0,3,164.5,13.7
2026-06-05 20:15:00,32.2,56.4,5.0,3,74.2,6.2
2026-06-05 20:20:00,30.3,58.8,5.0,2,68.4,5.7
2026-06-05 20:25:00,34.1,56.1,5.0,3,182.9,15.2
2026-06-05 20:30:00,34.2,58.5,6.0,2,23.7,2.0
2026-06-05 20:35:00,33.2,54.9,5.0,3,10.0,0.8
2026-06-05 20:40:00,31.9,60.5,5.0,3,277.5,23.1
2026-06-05 20:45:00,33.6,56.8,4.0,2,15.1,1.3
2026-06-05 20:50:00,31.4,58.3,5.0,3,322.3,26.9
2026-06-05 20:55:00,32.0,60.9,5.0,3,10.0,0.8
2026-06-05 21:00:00,31.8,57.5,5.0,3,242.6,20.2
2026-06-05 21:05:00,34.2,61.2,6.0,3,10.0,0.8
2026-06-05 21:10:00,32.4,58.1,4.0,3,156.2,13.0
2026-06-05 21:15:00,32.3,58.8,4.0,3,21.0,1.8
2026-06-05 21:20:00,35.8,58.3,5.0,3,145.5,12.1
2026-06-05 21:25:00,33.4,57.9,4.0,3,10.0,0.8
2026-06-05 21:30:00,33.4,59.8,5.0,3,140.8,11.7
2026-06-05 21:35:00,32.4,54.7,4.0,3,88.5,7.4
2026-06-05 21:40:00,32.0,58.0,4.0,3,81.6,6.8
2026-06-05 21:45:00,29.7,61.6,6.0,3,136.5,11.4
2026-06-05 21:50:00,34.4,58.7,5.0,3,10.0,0.8
2026-06-05 21:55:00,33.6,58.8,5.0,3,159.5,13.3
2026-06-05 22:00:00,32.0,60.4,5.0,3,77.4,6.4
2026-06-05 22:05:00,32.0,61.1,5.0,3,10.0,0.8
2026-06-05 22:10:00,33.3,58.8,4.0,3,164.8,13.7
2026-06-05 22:15:00,30.0,56.8,5.0,3,50.2,4.2
2026-06-05 22:20:00,31.4,62.4,6.0,3,100.3,8.4
2026-06-05 22:25:00,30.6,58.8,4.0,3,133.8,11.2
2026-06-05 22:30:00,34.8,57.1,4.0,3,99.0,8.2
2026-06-05 22:35:00,33.5,58.1,4.0,3,102.1,8.5
2026-06-05 22:40:00,29.0,61.9,5.0,3,156.8,13.1
2026-06-05 22:45:00,30.0,58.8,4.0,3,80.8,6.7
2026-06-05 22:50:00,32.0,55.4,4.0,3,195.0,16.3
2026-06-05 22:55:00,31.5,57.7,4.0,3,205.9,17.2
2026-06-05 23:00:00,29.5,62.9,4.0,3,53.5,4.5
2026-06-05 23:05:00,35.6,56.0,6.0,3,55.7,4.6
2026-06-05 23:10:00,32.6,58.5,5.0,3,160.1,13.3
2026-06-05 23:15:00,32.9,60.3,4.0,3,252.4,21.0
2026-06-05 23:20:00,30.7,59.4,7.0,3,201.6,16.8
2026-06-05 23:25:00,33.3,58.7,4.0,3,26.0,2.2
2026-06-05 23:30:00,31.3,60.7,4.0,2,236.0,19.8
2026-06-05 23:35:00,31.5,60.9,4.0,3,79.3,6.6
2026-06-05 23:40:00,33.1,58.0,4.0,3,33.1,2.8
2026-06-05 23:45:00,29.0,62.1,4.0,3,234.3,19.5
2026-06-05 23:50:00,34.9,59.2,5.0,3,142.3,11.9
2026-06-05 23:55:00,32.3,58.1,4.0,3,16.8,1.4
2026-06-06 00:00:00,33.0,59.6,5.0,3,66.5,5.5
2026-06-06 00:05:00,30.1,60.6,5.0,3,21.9,1.8
2026-06-06 00:10:00,30.2,61.7,4.0,3,69.8,5.8
2026-06-06 00:15:00,29.9,62.7,5.0,3,154.9,12.9
2026-06-06 00:20:00,31.7,60.1,4.0,3,50.5,4.2
2026-06-06 00:25:00,31.5,61.8,4.0,3,113.2,9.4
2026-06-06 00:30:00,30.8,62.1,5.0,3,132.3,10.9
2026-06-06 00:35:00,30.1,62.8,4.0,3,10.0,0.8
2026-06-06 00:40:00,29.8,62.4,4.0,3,10.0,0.8
2026-06-06 00:45:00,31.3,62.2,4.0,2,98.1,8.2
2026-06-06 00:50:00,30.8,61.6,5.0,3,62.8,5.1
2026-06-06 00:55:00,30.5,58.9,5.0,3,26.6,2.3
2026-06-06 01:00:00,32.1,58.1,5.0,3,141.2,11.8
2026-06-06 01:05:00,30.7,60.9,4.0,3,74.5,6.2
2026-06-06 01:10:00,31.9,59.6,5.0,3,168.1,14.0
2026-06-06 01:15:00,30.2,62.5,4.0,3,149.0,12.4
2026-06-06 01:20:00,31.0,59.5,5.0,3,180.8,15.1
2026-06-06 01:25:00,30.7,64.7,5.0,3,58.5,5.0
2026-06-06 01:30:00,29.2,63.0,5.0,3,85.6,7.1
2026-06-06 01:35:00,32.0,59.6,4.0,3,281.7,23.5
2026-06-06 01:40:00,30.6,60.3,4.0,3,12.8,1.1
2026-06-06 01:45:00,31.4,58.6,5.0,3,163.8,13.6
2026-06-06 01:50:00,30.0,62.0,4.0,3,194.0,16.2
2026-06-06 01:55:00,30.6,61.4,5.0,2,115.5,9.6
2026-06-06 02:00:00,29.3,63.2,5.0,3,146.7,12.2
2026-06-06 02:05:00,31.6,63.9,5.0,3,183.7,15.3
2026-06-06 02:10:00,30.6,61.2,4.0,3,105.0,8.8
2026-06-06 02:15:00,30.7,61.1,5.0,3,147.5,12.3
2026-06-06 02:20:00,31.8,61.6,4.0,3,124.6,10.4
2026-06-06 02:25:00,31.5,59.7,4.0,3,10.0,0.8
2026-06-06 02:30:00,31.1,62.0,4.0,3,85.8,7.2
2026-06-06 02:35:00,28.7,61.2,4.0,3,10.0,0.8
2026-06-06 02:40:00,29.5,60.1,5.0,3,160.7,13.4
2026-06-06 02:45:00,29.1,64.0,4.0,3,124.6,10.4
2026-06-06 02:50:00,31.1,60.2,4.0,3,188.9,15.7
2026-06-06 02:55:00,30.4,59.8,4.0,3,10.0,0.8
2026-06-06 03:00:00,28.3,65.2,4.0,3,113.7,9.5
2026-06-06 03:05:00,29.6,63.3,4.0,3,116.7,9.7
2026-06-06 03:10:00,28.2,63.4,4.0,3,282.0,23.5
2026-06-06 03:15:00,29.7,61.4,4.0,3,87.9,7.4
2026-06-06 03:20:00,28.0,65.9,4.0,3,56.5,4.7
2026-06-06 03:25:00,30.3,59.2,5.0,3,107.8,9.0
2026-06-06 03:30:00,30.2,60.4,4.0,2,22.4,1.9
2026-06-06 03:35:00,31.8,60.6,4.0,3,250.3,20.9
2026-06-06 03:40:00,30.7,61.0,5.0,3,180.5,15.0
2026-06-06 03:45:00,29.3,62.2,4.0,3,162.4,13.4
2026-06-06 03:50:00,30.6,59.0,4.0,3,84.5,7.0
2026-06-06 03:55:00,28.3,62.5,4.0,3,85.6,7.2
2026-06-06 04:00:00,28.6,64.4,5.0,3,236.3,19.7
2026-06-06 04:05:00,29.9,67.8,4.0,3,68.1,5.7
2026-06-06 04:10:00,27.3,68.5,5.0,3,61.2,5.1
2026-06-06 04:15:00,29.6,59.6,4.0,3,10.0,0.8
2026-06-06 04:20:00,28.5,66.8,5.0,3,10.0,0.9
2026-06-06 04:25:00,29.7,60.9,5.0,3,205.1,17.1
2026-06-06 04:30:00,28.5,64.9,6.0,3,10.0,0.8
2026-06-06 04:35:00,30.0,60.8,4.0,3,246.7,20.6
2026-06-06 04:40:00,29.6,68.3,4.0,3,82.5,6.9
2026-06-06 04:45:00,31.1,57.5,6.0,3,137.4,11.4
2026-06-06 04:50:00,29.6,63.9,5.0,3,198.5,16.5
2026-06-06 04:55:00,28.8,62.7,4.0,3,52.0,4.3
2026-06-06 05:00:00,29.2,65.4,5.0,3,157.7,13.1
2026-06-06 05:05:00,28.2,66.0,5.0,3,14.9,1.2
2026-06-06 05:10:00,29.8,65.5,5.0,3,48.6,4.0
2026-06-06 05:15:00,30.0,64.1,5.0,3,143.5,12.1
2026-06-06 05:20:00,31.8,58.3,5.0,3,141.7,11.8
2026-06-06 05:25:00,28.9,70.4,4.0,3,136.8,11.4
2026-06-06 05:30:00,29.2,65.0,5.0,3,235.0,19.6
2026-06-06 05:35:00,28.9,63.2,5.0,3,98.2,8.2
2026-06-06 05:40:00,29.7,63.5,5.0,3,246.5,20.4
2026-06-06 05:45:00,29.8,64.2,5.0,3,110.3,9.2
2026-06-06 05:50:00,29.4,64.8,5.0,3,158.1,13.2
2026-06-06 05:55:00,30.5,62.8,5.0,3,169.5,14.1
2026-06-06 06:00:00,28.6,66.8,6.0,3,60.6,5.0
2026-06-06 06:05:00,30.1,64.3,5.0,2,102.4,8.4
2026-06-06 06:10:00,29.7,61.4,6.0,0,6.6,0.5
2026-06-06 06:15:00,29.2,68.1,6.0,3,123.5,10.3
2026-06-06 06:20:00,28.9,68.3,4.0,3,10.0,0.8
2026-06-06 06:25:00,31.4,62.1,5.0,1,10.0,0.8
2026-06-06 06:30:00,28.5,65.1,5.0,2,33.2,2.9
2026-06-06 06:35:00,29.5,63.6,6.0,1,72.6,5.9
2026-06-06 06:40:00,28.5,64.3,6.0,2,110.3,9.2
2026-06-06 06:45:00,30.8,61.1,5.0,3,114.5,9.5
2026-06-06 06:50:00,30.0,58.3,5.0,2,74.1,6.2
2026-06-06 06:55:00,28.6,67.9,7.0,3,111.2,9.3
2026-06-06 07:00:00,29.4,66.3,5.0,0,5.2,0.4
2026-06-06 07:05:00,29.1,59.9,6.0,3,152.3,12.7
2026-06-06 07:10:00,28.2,67.4,5.0,0,5.9,0.5
2026-06-06 07:15:00,29.6,63.2,5.0,0,6.9,0.6
2026-06-06 07:20:00,29.2,63.3,6.0,1,155.3,12.9
2026-06-06 07:25:00,29.0,65.3,7.0,0,8.5,0.7
2026-06-06 07:30:00,28.7,60.4,6.0,3,94.1,7.8
2026-06-06 07:35:00,29.3,63.6,5.0,3,262.1,21.8
2026-06-06 07:40:00,29.0,64.3,7.0,0,4.6,0.4
2026-06-06 07:45:00,28.9,64.4,6.0,0,4.3,0.4
2026-06-06 07:50:00,28.1,62.2,6.0,0,7.1,0.6
2026-06-06 07:55:00,30.7,62.6,7.0,0,8.0,0.7
2026-06-06 08:00:00,27.5,68.8,7.0,0,5.7,0.5
2026-06-06 08:05:00,29.2,64.7,11.0,0,5.6,0.5
2026-06-06 08:10:00,28.3,64.5,6.0,1,25.0,2.1
2026-06-06 08:15:00,30.7,67.9,9.0,3,10.0,0.8
2026-06-06 08:20:00,27.7,63.7,7.0,0,5.1,0.5
2026-06-06 08:25:00,27.9,67.5,7.0,0,4.3,0.4
2026-06-06 08:30:00,27.6,66.7,6.0,1,109.7,9.1
2026-06-06 08:35:00,29.0,68.8,6.0,0,4.7,0.4
2026-06-06 08:40:00,27.1,67.8,7.0,0,5.3,0.4
2026-06-06 08:45:00,28.1,66.8,5.0,0,6.8,0.6
2026-06-06 08:50:00,26.3,69.3,5.0,0,7.2,0.6
2026-06-06 08:55:00,28.9,61.6,6.0,0,3.7,0.3
2026-06-06 09:00:00,28.7,62.5,8.0,0,5.6,0.5
2026-06-06 09:05:00,27.6,65.6,6.0,0,4.1,0.3
2026-06-06 09:10:00,30.5,64.1,6.0,1,55.1,4.6
2026-06-06 09:15:00,27.8,66.5,4.0,0,5.0,0.4
2026-06-06 09:20:00,30.1,61.9,9.0,1,64.1,5.4
2026-06-06 09:25:00,28.5,68.2,8.0,0,5.8,0.5
2026-06-06 09:30:00,31.0,56.3,8.0,0,7.4,0.7
2026-06-06 09:35:00,30.1,59.3,4.0,0,5.2,0.4
2026-06-06 09:40:00,28.2,59.3,7.0,3,10.0,0.8
2026-06-06 09:45:00,28.3,68.1,5.0,0,6.4,0.5
2026-06-06 09:50:00,29.9,62.5,8.0,0,3.5,0.3
2026-06-06 09:55:00,29.0,66.4,7.0,1,94.8,7.9
2026-06-06 10:00:00,30.1,62.3,7.0,0,3.5,0.3
2026-06-06 10:05:00,31.7,62.6,5.0,0,5.0,0.5
2026-06-06 10:10:00,29.4,63.2,5.0,0,12.2,1.0
2026-06-06 10:15:00,30.4,63.0,5.0,0,3.9,0.3
2026-06-06 10:20:00,31.3,61.5,7.0,0,5.8,0.5
2026-06-06 10:25:00,31.2,61.8,6.0,0,6.3,0.5
2026-06-06 10:30:00,30.1,66.3,6.0,0,5.6,0.4
2026-06-06 10:35:00,29.9,59.2,5.0,3,20.8,1.7
2026-06-06 10:40:00,28.3,64.8,6.0,0,4.3,0.4
2026-06-06 10:45:00,29.1,64.3,8.0,0,6.6,0.5
2026-06-06 10:50:00,30.6,62.0,7.0,3,101.5,8.5
2026-06-06 10:55:00,30.1,61.7,7.0,0,3.7,0.3
2026-06-06 11:00:00,31.8,58.7,7.0,1,10.0,0.8
2026-06-06 11:05:00,32.8,62.1,5.0,0,6.3,0.5
2026-06-06 11:10:00,30.4,61.9,8.0,0,4.3,0.4
2026-06-06 11:15:00,31.4,66.4,7.0,3,36.4,3.0
2026-06-06 11:20:00,31.9,61.1,6.0,0,7.5,0.6
2026-06-06 11:25:00,30.9,60.6,7.0,0,3.5,0.3
2026-06-06 11:30:00,33.3,59.0,7.0,1,28.2,2.3
2026-06-06 11:35:00,32.7,58.8,4.0,0,5.3,0.4
2026-06-06 11:40:00,32.0,62.9,6.0,0,3.5,0.3
2026-06-06 11:45:00,33.7,54.2,9.0,1,21.5,1.8
2026-06-06 11:50:00,30.1,58.2,8.0,1,146.2,12.2
2026-06-06 11:55:00,31.7,61.0,6.0,0,7.2,0.6
2026-06-06 12:00:00,33.1,60.0,7.0,0,7.2,0.6
2026-06-06 12:05:00,31.7,60.8,6.0,0,3.5,0.3
2026-06-06 12:10:00,33.1,59.6,7.0,1,115.6,9.6
2026-06-06 12:15:00,31.5,61.8,6.0,3,10.0,0.8
2026-06-06 12:20:00,33.5,53.6,6.0,0,3.5,0.3
2026-06-06 12:25:00,33.9,57.4,5.0,0,7.4,0.6
2026-06-06 12:30:00,33.0,61.4,9.0,3,60.6,5.0
2026-06-06 12:35:00,30.7,62.1,6.0,0,5.2,0.4
2026-06-06 12:40:00,31.7,56.9,8.0,1,112.4,9.4
2026-06-06 12:45:00,33.4,56.6,6.0,0,6.7,0.6
2026-06-06 12:50:00,32.8,59.8,5.0,0,5.5,0.5
2026-06-06 12:55:00,29.7,67.7,7.0,0,5.8,0.5
2026-06-06 13:00:00,34.8,49.9,5.0,3,10.0,0.8
2026-06-06 13:05:00,33.5,58.0,7.0,1,113.5,9.5
2026-06-06 13:10:00,32.4,56.3,6.0,0,7.5,0.6
2026-06-06 13:15:00,34.5,56.7,6.0,1,103.8,8.6
2026-06-06 13:20:00,32.6,60.0,5.0,3,137.0,11.4
2026-06-06 13:25:00,32.6,57.8,8.0,3,132.0,11.0
2026-06-06 13:30:00,33.8,58.2,6.0,0,3.5,0.3
2026-06-06 13:35:00,35.4,57.0,6.0,0,4.6,0.4
2026-06-06 13:40:00,35.2,53.9,7.0,0,3.5,0.3
2026-06-06 13:45:00,33.8,53.1,5.0,3,10.0,0.8
2026-06-06 13:50:00,33.9,60.1,7.0,0,6.0,0.4
2026-06-06 13:55:00,34.3,57.9,6.0,3,181.6,15.1
2026-06-06 14:00:00,32.3,59.3,5.0,2,44.3,3.7
2026-06-06 14:05:00,35.0,53.1,6.0,3,10.0,0.8
2026-06-06 14:10:00,33.1,59.4,6.0,2,193.4,16.1
2026-06-06 14:15:00,34.6,60.1,6.0,1,10.0,0.8
2026-06-06 14:20:00,33.8,55.9,6.0,2,199.8,16.6
2026-06-06 14:25:00,34.8,55.2,6.0,1,36.4,3.0
2026-06-06 14:30:00,34.3,53.0,7.0,1,54.6,4.6
2026-06-06 14:35:00,29.7,59.3,6.0,1,71.3,5.9
2026-06-06 14:40:00,34.4,52.9,7.0,3,57.5,4.8
2026-06-06 14:45:00,35.0,55.1,7.0,1,16.2,1.3
2026-06-06 14:50:00,34.8,54.2,6.0,1,10.0,0.8
2026-06-06 14:55:00,34.0,56.8,7.0,1,14.4,1.2
2026-06-06 15:00:00,37.2,50.2,6.0,2,138.7,11.6
2026-06-06 15:05:00,35.4,53.8,8.0,2,5.0,0.4
2026-06-06 15:10:00,35.6,51.9,7.0,3,124.9,10.4
2026-06-06 15:15:00,36.4,53.5,8.0,2,17.6,1.5
2026-06-06 15:20:00,35.5,50.5,7.0,2,20.9,1.7
2026-06-06 15:25:00,33.7,56.4,7.0,3,110.8,9.2
2026-06-06 15:30:00,31.6,57.8,7.0,1,28.6,2.4
2026-06-06 15:35:00,34.3,55.8,8.0,2,246.7,20.5
2026-06-06 15:40:00,36.0,49.9,7.0,2,182.7,15.2
2026-06-06 15:45:00,34.5,56.6,6.0,3,10.0,0.8
2026-06-06 15:50:00,36.1,52.7,7.0,2,206.0,17.2
2026-06-06 15:55:00,35.2,54.9,7.0,2,41.6,3.5
2026-06-06 16:00:00,37.5,48.0,9.0,2,5.0,0.4
2026-06-06 16:05:00,35.1,51.4,9.0,2,179.3,14.9
2026-06-06 16:10:00,36.2,52.2,10.0,2,5.0,0.4
2026-06-06 16:15:00,36.3,56.2,9.0,2,106.3,8.9
2026-06-06 16:20:00,37.8,52.6,9.0,3,144.2,12.0
2026-06-06 16:25:00,32.9,56.9,9.0,6,173.7,14.5
2026-06-06 16:30:00,34.8,52.5,9.0,2,147.1,12.3
2026-06-06 16:35:00,36.8,49.9,7.0,6,154.9,12.9
2026-06-06 16:40:00,37.8,52.0,6.0,2,12.6,1.0
2026-06-06 16:45:00,35.9,55.0,7.0,1,47.3,3.9
2026-06-06 16:50:00,35.1,54.8,9.0,3,100.8,8.4
2026-06-06 16:55:00,36.7,56.5,5.0,2,217.8,18.2
2026-06-06 17:00:00,37.1,50.1,8.0,2,77.8,6.5
2026-06-06 17:05:00,35.0,54.8,8.0,2,125.5,10.5
2026-06-06 17:10:00,36.2,48.3,12.0,3,271.7,22.6
2026-06-06 17:15:00,37.7,51.9,8.0,2,141.6,11.7
2026-06-06 17:20:00,38.9,54.1,7.0,3,157.4,13.1
2026-06-06 17:25:00,36.9,49.3,12.0,3,234.4,19.5
2026-06-06 17:30:00,35.7,55.9,8.0,3,22.1,1.8
2026-06-06 17:35:00,35.5,57.8,8.0,3,10.0,0.8
2026-06-06 17:40:00,36.6,50.6,7.0,2,114.8,9.6
2026-06-06 17:45:00,35.4,55.2,9.0,3,221.6,18.5
2026-06-06 17:50:00,35.9,57.7,8.0,3,135.6,11.3
2026-06-06 17:55:00,33.7,56.4,8.0,2,56.1,4.7
2026-06-06 18:00:00,36.8,54.5,8.0,4,71.7,6.0
2026-06-06 18:05:00,32.6,52.2,6.0,3,265.9,22.2
2026-06-06 18:10:00,33.9,57.1,5.0,3,204.0,17.0
2026-06-06 18:15:00,34.8,55.9,5.0,3,199.0,16.6
2026-06-06 18:20:00,38.1,48.0,6.0,3,145.1,12.2
2026-06-06 18:25:00,33.9,52.9,5.0,3,29.6,2.5
2026-06-06 18:30:00,33.4,57.7,5.0,3,16.0,1.3
2026-06-06 18:35:00,33.6,55.0,5.0,3,10.0,0.9
2026-06-06 18:40:00,37.5,54.6,6.0,3,58.9,4.9
2026-06-06 18:45:00,29.7,60.9,4.0,3,104.1,8.7
2026-06-06 18:50:00,32.9,56.8,7.0,3,96.2,8.0
2026-06-06 18:55:00,39.3,49.2,5.0,3,106.5,8.8
2026-06-06 19:00:00,34.8,55.6,6.0,3,10.0,0.8
2026-06-06 19:05:00,32.5,59.5,5.0,3,122.4,10.3
2026-06-06 19:10:00,33.9,57.2,5.0,3,239.5,20.0
2026-06-06 19:15:00,34.1,54.8,6.0,3,35.0,2.8
2026-06-06 19:20:00,35.1,57.4,6.0,3,10.0,0.9
2026-06-06 19:25:00,36.5,54.4,6.0,3,10.0,0.8
2026-06-06 19:30:00,34.5,56.2,5.0,3,49.3,4.0
2026-06-06 19:35:00,33.2,57.0,5.0,3,71.9,6.0
2026-06-06 19:40:00,35.1,55.7,5.0,2,36.7,3.1
2026-06-06 19:45:00,33.0,52.8,6.0,3,121.5,10.2
2026-06-06 19:50:00,32.6,58.1,5.0,3,172.6,14.4
2026-06-06 19:55:00,31.6,62.5,5.0,3,19.7,1.6
2026-06-06 20:00:00,31.2,59.9,5.0,3,59.1,4.9
2026-06-06 20:05:00,32.1,58.6,5.0,3,10.0,0.8
2026-06-06 20:10:00,31.7,57.6,6.0,3,154.7,12.9
2026-06-06 20:15:00,33.8,57.7,5.0,3,70.1,5.8
2026-06-06 20:20:00,31.7,58.5,5.0,3,83.3,6.9
2026-06-06 20:25:00,28.9,64.5,4.0,2,129.7,10.8
2026-06-06 20:30:00,31.9,56.9,4.0,3,219.0,18.3
2026-06-06 20:35:00,32.7,56.9,6.0,3,113.3,9.4
2026-06-06 20:40:00,32.5,56.8,5.0,3,253.0,21.1
2026-06-06 20:45:00,35.5,58.8,5.0,3,169.7,14.1
2026-06-06 20:50:00,32.5,57.6,6.0,3,66.2,5.4
2026-06-06 20:55:00,34.6,54.7,4.0,3,10.0,0.8
2026-06-06 21:00:00,32.8,54.1,4.0,3,89.9,7.5
2026-06-06 21:05:00,32.7,56.4,4.0,3,193.7,16.1
2026-06-06 21:10:00,31.6,60.2,4.0,3,10.0,0.8
2026-06-06 21:15:00,32.7,59.2,4.0,2,148.9,12.4
2026-06-06 21:20:00,31.7,57.8,5.0,2,176.3,14.7
2026-06-06 21:25:00,33.0,56.8,5.0,3,50.7,4.2
2026-06-06 21:30:00,32.4,62.0,5.0,2,88.4,7.3
2026-06-06 21:35:00,31.4,64.5,5.0,3,30.8,2.6
2026-06-06 21:40:00,34.3,58.9,4.0,3,66.9,5.6
2026-06-06 21:45:00,33.4,60.5,4.0,2,106.2,8.8
2026-06-06 21:50:00,32.1,62.1,5.0,3,139.1,11.6
2026-06-06 21:55:00,33.0,62.1,4.0,3,121.6,10.1
2026-06-06 22:00:00,32.0,58.5,4.0,3,119.9,10.0
2026-06-06 22:05:00,30.8,58.5,5.0,3,10.0,0.7
2026-06-06 22:10:00,32.2,62.4,5.0,3,166.8,13.9
2026-06-06 22:15:00,31.2,58.0,6.0,3,192.2,16.0
2026-06-06 22:20:00,30.7,58.3,5.0,3,83.4,7.0
2026-06-06 22:25:00,29.7,59.3,5.0,3,25.8,2.2
2026-06-06 22:30:00,31.6,59.2,4.0,3,176.3,14.7
2026-06-06 22:35:00,32.9,54.5,4.0,3,222.4,18.5
2026-06-06 22:40:00,31.1,57.2,4.0,3,138.0,11.5
2026-06-06 22:45:00,35.8,54.5,5.0,3,40.9,3.4
2026-06-06 22:50:00,33.4,55.6,5.0,3,11.4,1.0
2026-06-06 22:55:00,34.0,59.3,5.0,3,154.7,12.9
2026-06-06 23:00:00,33.3,59.5,4.0,3,10.0,0.8
2026-06-06 23:05:00,35.3,59.2,4.0,3,10.0,0.8
2026-06-06 23:10:00,30.4,61.8,5.0,3,123.5,10.3
2026-06-06 23:15:00,27.1,62.7,5.0,3,243.1,20.3
2026-06-06 23:20:00,31.0,62.3,4.0,2,31.2,2.6
2026-06-06 23:25:00,32.9,60.4,5.0,3,206.2,17.3
2026-06-06 23:30:00,32.1,59.7,5.0,3,138.4,11.5
2026-06-06 23:35:00,32.4,57.5,4.0,3,10.0,0.8
2026-06-06 23:40:00,34.3,59.7,4.0,3,10.0,0.8
2026-06-06 23:45:00,32.6,58.0,4.0,3,89.7,7.5
2026-06-06 23:50:00,33.3,60.0,4.0,3,260.3,21.6
2026-06-06 23:55:00,30.1,61.4,5.0,3,26.5,2.2
2026-06-07 00:00:00,30.1,59.7,5.0,3,180.9,15.1
2026-06-07 00:05:00,33.5,59.3,5.0,3,132.2,11.0
2026-06-07 00:10:00,31.6,60.7,5.0,3,54.5,4.5
2026-06-07 00:15:00,30.7,61.4,4.0,3,68.9,5.7
2026-06-07 00:20:00,30.7,61.3,4.0,3,10.0,0.8
2026-06-07 00:25:00,30.6,60.3,4.0,2,179.8,15.0
2026-06-07 00:30:00,30.6,62.0,4.0,3,143.7,12.0
2026-06-07 00:35:00,29.9,60.8,5.0,3,47.4,4.0
2026-06-07 00:40:00,29.6,60.5,5.0,3,179.7,15.0
2026-06-07 00:45:00,31.2,61.7,5.0,3,85.2,7.1
2026-06-07 00:50:00,30.7,62.4,4.0,3,78.9,6.6
2026-06-07 00:55:00,32.8,60.3,4.0,3,10.0,0.8
2026-06-07 01:00:00,31.1,60.4,4.0,2,34.0,2.7
2026-06-07 01:05:00,31.0,57.6,5.0,3,130.4,10.9
2026-06-07 01:10:00,30.1,64.6,6.0,3,149.9,12.5
2026-06-07 01:15:00,30.7,57.9,4.0,3,215.8,18.0
2026-06-07 01:20:00,31.1,61.7,4.0,3,30.6,2.7
2026-06-07 01:25:00,31.4,63.9,4.0,3,128.3,10.7
2026-06-07 01:30:00,30.7,61.5,4.0,3,140.2,11.7
2026-06-07 01:35:00,31.8,60.3,4.0,3,10.0,0.8
2026-06-07 01:40:00,30.8,61.8,4.0,3,49.9,4.2
2026-06-07 01:45:00,31.5,60.6,5.0,2,146.0,12.3
2026-06-07 01:50:00,30.3,65.8,4.0,3,10.0,0.9
2026-06-07 01:55:00,29.1,61.9,4.0,3,10.0,0.8
2026-06-07 02:00:00,30.6,59.1,4.0,3,70.2,5.8
2026-06-07 02:05:00,31.1,59.9,4.0,3,44.1,3.7
2026-06-07 02:10:00,31.0,65.1,5.0,3,103.5,8.6
2026-06-07 02:15:00,30.8,59.8,5.0,3,160.1,13.3
2026-06-07 02:20:00,29.9,63.6,4.0,3,157.1,13.1
2026-06-07 02:25:00,29.4,65.8,4.0,3,174.2,14.4
2026-06-07 02:30:00,30.9,62.9,4.0,3,81.6,6.8
2026-06-07 02:35:00,30.8,63.6,4.0,3,59.7,5.0
2026-06-07 02:40:00,29.7,66.2,4.0,3,10.0,0.8
2026-06-07 02:45:00,31.6,60.7,4.0,3,166.6,13.9
2026-06-07 02:50:00,29.3,62.3,5.0,3,190.9,15.9
2026-06-07 02:55:00,29.7,63.2,4.0,3,215.3,17.9
2026-06-07 03:00:00,31.5,58.9,4.0,3,132.7,11.1
2026-06-07 03:05:00,30.7,67.1,4.0,3,63.9,5.3
2026-06-07 03:10:00,29.5,61.7,4.0,3,10.0,0.8
2026-06-07 03:15:00,30.1,63.2,4.0,3,10.0,0.8
2026-06-07 03:20:00,30.0,58.6,4.0,3,10.0,0.8
2026-06-07 03:25:00,27.0,67.3,4.0,3,195.5,16.4
2026-06-07 03:30:00,28.9,63.3,4.0,3,138.7,11.6
2026-06-07 03:35:00,29.8,64.1,4.0,3,310.6,25.9
2026-06-07 03:40:00,29.5,64.7,4.0,3,94.4,7.9
2026-06-07 03:45:00,30.1,65.4,4.0,3,110.0,9.2
2026-06-07 03:50:00,31.0,63.8,4.0,3,136.8,11.4
2026-06-07 03:55:00,29.5,62.8,4.0,3,157.6,13.1
2026-06-07 04:00:00,28.5,62.5,5.0,3,45.6,3.8
2026-06-07 04:05:00,30.0,60.2,6.0,3,101.3,8.4
2026-06-07 04:10:00,29.3,64.4,5.0,3,172.9,14.4
2026-06-07 04:15:00,29.5,63.6,4.0,3,244.9,20.4
2026-06-07 04:20:00,29.3,64.2,5.0,3,24.5,2.0
2026-06-07 04:25:00,32.0,57.5,6.0,3,122.1,10.2
2026-06-07 04:30:00,27.3,70.8,4.0,3,113.1,9.4
2026-06-07 04:35:00,29.2,59.9,4.0,3,80.7,6.7
2026-06-07 04:40:00,29.6,61.5,4.0,3,194.0,16.2
2026-06-07 04:45:00,28.8,61.6,4.0,3,305.6,25.5
2026-06-07 04:50:00,30.6,60.8,5.0,3,137.2,11.4
2026-06-07 04:55:00,30.5,64.7,6.0,3,36.3,3.0
2026-06-07 05:00:00,29.5,62.8,6.0,3,10.0,0.7
2026-06-07 05:05:00,29.3,63.9,5.0,3,98.5,8.2
2026-06-07 05:10:00,29.4,64.9,5.0,3,188.0,15.7
2026-06-07 05:15:00,29.4,62.8,5.0,3,86.7,7.2
2026-06-07 05:20:00,29.5,64.2,5.0,3,127.8,10.6
2026-06-07 05:25:00,29.3,64.2,6.0,3,277.0,23.1
2026-06-07 05:30:00,29.8,60.5,5.0,3,162.0,13.6
2026-06-07 05:35:00,30.2,61.3,5.0,3,110.0,9.2
2026-06-07 05:40:00,28.4,65.9,5.0,3,10.0,0.8
2026-06-07 05:45:00,28.6,67.5,5.0,3,175.8,14.6
2026-06-07 05:50:00,27.9,68.6,5.0,3,154.1,12.7
2026-06-07 05:55:00,30.3,66.5,4.0,3,177.7,14.7
2026-06-07 06:00:00,29.5,64.4,6.0,3,10.0,0.8
2026-06-07 06:05:00,29.7,62.3,7.0,3,102.2,8.5
2026-06-07 06:10:00,28.0,65.6,5.0,0,3.5,0.3
2026-06-07 06:15:00,30.9,61.1,6.0,3,156.0,13.0
2026-06-07 06:20:00,28.7,63.9,6.0,3,10.0,0.8
2026-06-07 06:25:00,29.4,64.4,5.0,3,116.6,9.7
2026-06-07 06:30:00,30.0,63.5,5.0,2,179.1,14.9
2026-06-07 06:35:00,28.4,62.8,5.0,1,85.4,7.1
2026-06-07 06:40:00,28.8,66.7,5.0,0,7.3,0.6
2026-06-07 06:45:00,29.4,59.9,6.0,3,200.6,16.7
2026-06-07 06:50:00,31.9,59.3,6.0,1,57.6,4.8
2026-06-07 06:55:00,29.5,65.7,6.0,0,4.4,0.4
2026-06-07 07:00:00,30.6,63.1,5.0,3,48.5,4.0
2026-06-07 07:05:00,30.2,61.4,4.0,3,198.2,16.5
2026-06-07 07:10:00,29.3,68.4,7.0,0,6.5,0.6
2026-06-07 07:15:00,27.8,64.9,5.0,0,4.0,0.3
2026-06-07 07:20:00,30.0,57.8,5.0,0,7.1,0.6
2026-06-07 07:25:00,27.2,67.9,5.0,0,7.9,0.8
2026-06-07 07:30:00,30.6,57.4,4.0,0,7.0,0.6
2026-06-07 07:35:00,29.1,61.9,5.0,0,3.7,0.3
2026-06-07 07:40:00,26.0,70.2,6.0,3,107.4,9.0
2026-06-07 07:45:00,28.5,63.7,5.0,0,8.4,0.7
2026-06-07 07:50:00,29.6,64.6,7.0,1,123.5,10.3
2026-06-07 07:55:00,28.6,61.9,7.0,0,6.9,0.6
2026-06-07 08:00:00,29.5,65.3,8.0,0,4.2,0.4
2026-06-07 08:05:00,27.8,61.8,4.0,0,6.1,0.5
2026-06-07 08:10:00,27.3,69.7,9.0,0,8.6,0.7
2026-06-07 08:15:00,28.7,63.3,6.0,0,3.7,0.3
2026-06-07 08:20:00,28.8,68.0,10.0,0,3.7,0.3
2026-06-07 08:25:00,28.3,63.0,5.0,0,5.2,0.4
2026-06-07 08:30:00,30.1,67.0,6.0,0,3.5,0.3
2026-06-07 08:35:00,27.8,63.5,6.0,0,5.7,0.5
2026-06-07 08:40:00,29.1,59.6,4.0,0,7.0,0.6
2026-06-07 08:45:00,28.8,64.4,4.0,1,94.8,7.9
2026-06-07 08:50:00,27.0,70.0,4.0,3,113.5,9.5
2026-06-07 08:55:00,27.3,68.5,12.0,0,5.8,0.5
2026-06-07 09:00:00,29.3,66.4,4.0,3,191.6,16.1
2026-06-07 09:05:00,31.5,62.3,4.0,0,4.0,0.3
2026-06-07 09:10:00,30.0,60.6,7.0,1,50.1,4.2
2026-06-07 09:15:00,27.4,68.4,4.0,0,7.3,0.6
2026-06-07 09:20:00,26.0,68.9,4.0,0,5.2,0.4
2026-06-07 09:25:00,30.1,60.7,4.0,0,3.9,0.3
2026-06-07 09:30:00,29.2,64.2,7.0,0,6.0,0.5
2026-06-07 09:35:00,30.6,61.5,4.0,1,86.6,7.2
2026-06-07 09:40:00,28.3,68.6,7.0,0,7.9,0.7
2026-06-07 09:45:00,29.7,61.8,6.0,3,44.9,3.7
2026-06-07 09:50:00,30.3,60.8,6.0,0,4.3,0.4
2026-06-07 09:55:00,28.8,62.7,5.0,0,8.7,0.8
2026-06-07 10:00:00,29.8,67.1,6.0,0,5.7,0.6
2026-06-07 10:05:00,30.3,60.9,5.0,3,10.0,0.8
2026-06-07 10:10:00,30.9,64.3,5.0,0,5.8,0.4
2026-06-07 10:15:00,30.3,60.0,5.0,0,5.7,0.5
2026-06-07 10:20:00,31.4,61.9,8.0,1,60.0,5.0
2026-06-07 10:25:00,29.8,63.5,6.0,0,4.4,0.4
2026-06-07 10:30:00,28.8,67.0,4.0,0,3.5,0.3
2026-06-07 10:35:00,32.5,61.7,6.0,0,9.4,0.8
2026-06-07 10:40:00,29.6,63.4,5.0,3,81.6,6.8
2026-06-07 10:45:00,29.7,61.9,6.0,3,133.9,11.1
2026-06-07 10:50:00,30.2,66.0,6.0,0,3.5,0.3
2026-06-07 10:55:00,30.4,60.7,8.0,1,36.7,3.1
2026-06-07 11:00:00,31.3,55.3,6.0,0,8.0,0.8
2026-06-07 11:05:00,31.7,55.6,7.0,3,135.8,11.3
2026-06-07 11:10:00,31.7,56.2,7.0,0,9.0,0.8
2026-06-07 11:15:00,31.9,61.2,4.0,0,4.1,0.3
2026-06-07 11:20:00,29.2,69.2,6.0,3,132.8,11.1
2026-06-07 11:25:00,33.8,52.0,5.0,0,6.7,0.6
2026-06-07 11:30:00,31.6,58.4,4.0,3,39.5,3.3
2026-06-07 11:35:00,32.4,59.2,4.0,1,67.8,5.7
2026-06-07 11:40:00,30.2,66.1,7.0,0,6.9,0.6
2026-06-07 11:45:00,31.2,59.0,10.0,0,6.9,0.6
2026-06-07 11:50:00,31.0,62.6,5.0,1,84.9,7.0
2026-06-07 11:55:00,33.4,56.9,6.0,0,4.2,0.4
2026-06-07 12:00:00,32.1,66.0,7.0,0,4.7,0.4
2026-06-07 12:05:00,33.6,57.5,5.0,0,7.1,0.6
2026-06-07 12:10:00,32.1,60.4,8.0,0,3.5,0.3
2026-06-07 12:15:00,32.3,59.4,10.0,0,3.5,0.3
2026-06-07 12:20:00,32.5,57.8,5.0,1,113.2,9.3
2026-06-07 12:25:00,34.2,58.6,9.0,0,5.7,0.5
2026-06-07 12:30:00,30.7,58.8,5.0,3,146.8,12.2
2026-06-07 12:35:00,31.3,55.7,5.0,0,5.2,0.4
2026-06-07 12:40:00,30.6,61.5,6.0,0,5.8,0.5
2026-06-07 12:45:00,31.6,62.3,8.0,3,95.8,7.9
2026-06-07 12:50:00,31.9,58.4,6.0,3,239.4,20.0
2026-06-07 12:55:00,31.0,61.7,7.0,3,183.3,15.3
2026-06-07 13:00:00,32.6,55.3,6.0,0,4.1,0.3
2026-06-07 13:05:00,31.1,63.6,7.0,0,7.1,0.6
2026-06-07 13:10:00,32.3,60.6,7.0,0,7.2,0.6
2026-06-07 13:15:00,34.8,55.0,7.0,3,150.7,12.6
2026-06-07 13:20:00,33.9,56.8,5.0,2,177.8,14.8
2026-06-07 13:25:00,33.6,53.2,6.0,0,5.8,0.5
2026-06-07 13:30:00,32.3,55.4,6.0,0,3.5,0.3
2026-06-07 13:35:00,31.7,59.6,5.0,3,89.0,7.4
2026-06-07 13:40:00,32.1,60.6,5.0,0,7.6,0.6
2026-06-07 13:45:00,33.4,58.6,6.0,1,170.9,14.2
2026-06-07 13:50:00,34.4,54.6,7.0,0,3.5,0.3
2026-06-07 13:55:00,34.5,57.4,6.0,0,3.5,0.3
2026-06-07 14:00:00,35.1,58.1,7.0,2,5.0,0.4
2026-06-07 14:05:00,33.1,56.8,6.0,1,126.1,10.5
2026-06-07 14:10:00,34.2,56.4,6.0,1,17.1,1.4
2026-06-07 14:15:00,33.7,55.8,6.0,2,5.0,0.4
2026-06-07 14:20:00,33.9,55.8,6.0,1,10.0,0.8
2026-06-07 14:25:00,37.1,52.7,7.0,3,73.7,6.1
2026-06-07 14:30:00,31.7,62.7,7.0,2,28.3,2.4
2026-06-07 14:35:00,33.9,58.3,6.0,0,7.0,0.6
2026-06-07 14:40:00,35.9,55.7,7.0,1,127.1,10.6
2026-06-07 14:45:00,32.1,57.1,7.0,2,17.5,1.5
2026-06-07 14:50:00,33.3,54.6,6.0,2,264.7,22.1
2026-06-07 14:55:00,33.4,57.6,6.0,2,128.9,10.7
2026-06-07 15:00:00,34.7,57.7,6.0,3,85.1,7.1
2026-06-07 15:05:00,32.8,60.9,7.0,2,5.0,0.4
2026-06-07 15:10:00,35.8,48.3,6.0,2,22.4,1.9
2026-06-07 15:15:00,35.9,59.0,7.0,2,222.1,18.5
2026-06-07 15:20:00,35.7,54.8,7.0,1,59.0,4.9
2026-06-07 15:25:00,33.8,58.0,8.0,1,31.2,2.7
2026-06-07 15:30:00,35.1,50.7,8.0,2,201.0,16.8
2026-06-07 15:35:00,33.8,55.5,6.0,1,143.3,11.9
2026-06-07 15:40:00,34.6,56.9,7.0,2,5.0,0.4
2026-06-07 15:45:00,38.0,48.7,8.0,1,56.0,4.7
2026-06-07 15:50:00,35.2,48.1,6.0,3,129.2,10.8
2026-06-07 15:55:00,33.4,57.2,8.0,2,160.5,13.4
2026-06-07 16:00:00,35.8,53.4,7.0,2,75.4,6.3
2026-06-07 16:05:00,33.5,59.3,9.0,3,191.1,15.9
2026-06-07 16:10:00,33.8,55.3,8.0,3,10.0,0.8
2026-06-07 16:15:00,34.0,55.3,7.0,3,60.9,5.1
2026-06-07 16:20:00,34.9,56.1,7.0,2,84.1,7.0
2026-06-07 16:25:00,37.0,54.6,10.0,2,5.0,0.4
2026-06-07 16:30:00,36.4,51.3,7.0,2,69.3,5.8
2026-06-07 16:35:00,36.4,55.1,12.0,2,19.2,1.6
2026-06-07 16:40:00,33.9,54.4,8.0,2,198.7,16.6
2026-06-07 16:45:00,34.7,54.8,7.0,2,24.4,2.0
2026-06-07 16:50:00,36.0,54.9,5.0,2,190.4,15.9
2026-06-07 16:55:00,34.6,56.8,10.0,2,69.8,5.8
2026-06-07 17:00:00,35.2,55.0,8.0,2,5.0,0.4
2026-06-07 17:05:00,36.4,49.7,11.0,3,214.7,18.0
2026-06-07 17:10:00,35.0,49.1,14.0,3,54.8,4.6
2026-06-07 17:15:00,36.1,52.6,10.0,2,48.4,4.0
2026-06-07 17:20:00,38.5,53.2,9.0,4,63.6,5.3
2026-06-07 17:25:00,35.3,55.2,12.0,3,30.5,2.6
2026-06-07 17:30:00,37.7,52.0,10.0,3,199.0,16.6
2026-06-07 17:35:00,36.6,52.5,5.0,3,149.1,12.4
2026-06-07 17:40:00,33.1,57.3,12.0,3,124.4,10.4
2026-06-07 17:45:00,33.7,53.0,8.0,5,61.0,5.1
2026-06-07 17:50:00,34.2,57.4,12.0,2,5.0,0.5
2026-06-07 17:55:00,34.1,57.7,10.0,3,158.7,13.2
2026-06-07 18:00:00,34.5,53.9,8.0,3,80.0,6.7
2026-06-07 18:05:00,35.7,54.7,6.0,3,108.0,9.0
2026-06-07 18:10:00,36.8,48.0,4.0,3,113.2,9.4
2026-06-07 18:15:00,35.2,54.6,7.0,3,76.4,6.4
2026-06-07 18:20:00,33.9,55.2,7.0,3,75.8,6.4
2026-06-07 18:25:00,31.1,62.0,5.0,2,133.7,11.1
2026-06-07 18:30:00,34.8,54.0,6.0,3,27.7,2.3
2026-06-07 18:35:00,34.7,57.0,4.0,3,61.0,5.1
2026-06-07 18:40:00,35.0,53.3,6.0,3,66.4,5.5
2026-06-07 18:45:00,38.3,48.0,4.0,3,10.0,0.8
2026-06-07 18:50:00,36.8,51.8,7.0,3,158.0,13.2
2026-06-07 18:55:00,36.0,53.8,6.0,3,128.5,10.7
2026-06-07 19:00:00,32.7,57.7,5.0,3,235.5,19.6
2026-06-07 19:05:00,33.3,57.1,6.0,3,10.0,0.9
2026-06-07 19:10:00,33.9,54.8,5.0,3,15.8,1.3
2026-06-07 19:15:00,33.0,56.3,5.0,3,187.3,15.6
2026-06-07 19:20:00,34.7,52.5,5.0,3,10.0,0.8
2026-06-07 19:25:00,34.5,50.7,5.0,2,5.0,0.4
2026-06-07 19:30:00,32.6,57.3,6.0,3,100.8,8.4
2026-06-07 19:35:00,35.7,52.2,5.0,3,83.4,7.1
2026-06-07 19:40:00,34.2,58.1,5.0,3,239.7,20.0
2026-06-07 19:45:00,31.7,53.6,6.0,3,100.3,8.4
2026-06-07 19:50:00,34.0,56.5,5.0,3,99.9,8.3
2026-06-07 19:55:00,34.4,60.3,5.0,3,124.2,10.4
2026-06-07 20:00:00,34.8,55.3,5.0,3,29.1,2.4
2026-06-07 20:05:00,33.0,57.5,6.0,3,60.0,5.0
2026-06-07 20:10:00,34.6,56.8,5.0,3,10.0,0.8
2026-06-07 20:15:00,33.7,57.9,5.0,3,161.9,13.4
2026-06-07 20:20:00,31.6,58.1,5.0,3,165.7,13.8
2026-06-07 20:25:00,31.4,57.1,4.0,3,30.5,2.5
2026-06-07 20:30:00,35.0,56.8,5.0,3,82.2,6.8
2026-06-07 20:35:00,35.1,51.3,6.0,3,118.9,9.9
2026-06-07 20:40:00,33.9,58.3,5.0,3,10.0,0.8
2026-06-07 20:45:00,35.6,54.0,5.0,3,151.9,12.7
2026-06-07 20:50:00,34.9,55.6,5.0,3,10.7,0.9
2026-06-07 20:55:00,34.4,55.0,5.0,3,10.0,0.8
2026-06-07 21:00:00,31.5,62.0,4.0,3,110.1,9.2
2026-06-07 21:05:00,35.4,56.2,5.0,3,158.2,13.2
2026-06-07 21:10:00,33.6,56.8,6.0,3,184.0,15.3
2026-06-07 21:15:00,32.3,57.9,4.0,3,145.5,12.1
2026-06-07 21:20:00,31.9,58.6,4.0,3,44.9,3.8
2026-06-07 21:25:00,33.2,62.3,5.0,3,267.6,22.3
2026-06-07 21:30:00,30.4,57.7,5.0,3,110.5,9.2
2026-06-07 21:35:00,33.9,59.2,5.0,2,60.2,5.0
2026-06-07 21:40:00,31.4,60.4,5.0,3,23.4,1.9
2026-06-07 21:45:00,33.4,60.5,4.0,3,190.1,15.8
2026-06-07 21:50:00,32.1,59.9,4.0,3,130.5,10.9
2026-06-07 21:55:00,32.5,58.4,5.0,3,283.8,23.6
2026-06-07 22:00:00,31.1,61.9,4.0,3,241.1,20.1
2026-06-07 22:05:00,31.9,59.6,4.0,3,70.1,5.8
2026-06-07 22:10:00,34.9,57.9,4.0,3,10.0,0.8
2026-06-07 22:15:00,34.2,59.8,6.0,3,61.1,5.1
2026-06-07 22:20:00,32.7,58.6,4.0,3,10.0,0.8
2026-06-07 22:25:00,32.1,58.2,5.0,3,108.1,9.0
2026-06-07 22:30:00,33.4,56.6,5.0,3,191.4,16.0
2026-06-07 22:35:00,33.8,58.3,5.0,3,107.2,8.9
2026-06-07 22:40:00,31.0,58.3,4.0,3,147.1,12.3
2026-06-07 22:45:00,32.1,58.3,5.0,3,172.9,14.5
2026-06-07 22:50:00,29.5,59.5,4.0,3,236.5,19.7
2026-06-07 22:55:00,33.8,58.4,6.0,3,119.6,10.0
2026-06-07 23:00:00,35.7,57.0,5.0,3,85.8,7.2
2026-06-07 23:05:00,32.1,58.2,4.0,2,120.2,9.9
2026-06-07 23:10:00,28.0,60.8,6.0,3,54.8,4.6
2026-06-07 23:15:00,33.0,58.8,4.0,3,246.0,20.6
2026-06-07 23:20:00,30.2,60.5,5.0,3,53.0,4.4
2026-06-07 23:25:00,30.7,61.3,5.0,3,268.0,22.3
2026-06-07 23:30:00,33.1,59.3,5.0,3,76.0,6.3
2026-06-07 23:35:00,32.4,60.5,4.0,3,31.4,2.6
2026-06-07 23:40:00,31.0,61.5,5.0,2,5.0,0.4
2026-06-07 23:45:00,30.7,62.1,4.0,3,142.6,11.9
2026-06-07 23:50:00,32.2,57.2,5.0,2,203.0,16.9
2026-06-07 23:55:00,31.2,59.0,4.0,3,126.6,10.4
2026-06-08 00:00:00,29.9,62.5,5.0,3,10.0,0.8
2026-06-08 00:05:00,30.9,61.2,5.0,3,166.4,13.9
2026-06-08 00:10:00,31.7,61.7,5.0,3,10.0,0.8
2026-06-08 00:15:00,31.1,58.6,4.0,3,264.6,22.1
2026-06-08 00:20:00,29.5,61.4,5.0,3,10.0,0.8
2026-06-08 00:25:00,32.5,59.3,5.0,2,110.3,9.2
2026-06-08 00:30:00,27.9,63.5,4.0,3,131.0,10.9
2026-06-08 00:35:00,30.8,61.1,4.0,2,101.2,8.4
2026-06-08 00:40:00,30.5,61.9,4.0,3,152.7,12.7
2026-06-08 00:45:00,31.5,60.3,5.0,3,189.8,15.7
2026-06-08 00:50:00,32.0,62.0,5.0,3,10.0,0.8
2026-06-08 00:55:00,32.7,61.9,6.0,3,151.0,12.6
2026-06-08 01:00:00,30.0,60.3,5.0,3,10.9,0.9
2026-06-08 01:05:00,31.2,60.7,4.0,3,127.1,10.6
2026-06-08 01:10:00,30.8,62.5,4.0,3,10.0,0.8
2026-06-08 01:15:00,29.1,64.3,5.0,3,151.1,12.6
2026-06-08 01:20:00,32.4,58.4,4.0,3,220.1,18.3
2026-06-08 01:25:00,29.3,63.5,4.0,3,80.0,6.6
2026-06-08 01:30:00,31.0,58.2,4.0,3,113.1,9.4
2026-06-08 01:35:00,31.0,60.8,5.0,3,159.4,13.3
2026-06-08 01:40:00,30.9,58.5,4.0,3,134.9,11.2
2026-06-08 01:45:00,30.2,62.8,5.0,3,10.0,0.8
2026-06-08 01:50:00,31.4,58.5,5.0,3,10.0,0.8
2026-06-08 01:55:00,29.2,63.5,4.0,3,69.4,5.8
2026-06-08 02:00:00,30.1,63.0,4.0,3,115.1,9.6
2026-06-08 02:05:00,29.5,63.3,4.0,3,63.3,5.3
2026-06-08 02:10:00,29.4,61.8,5.0,3,113.5,9.5
2026-06-08 02:15:00,30.6,61.0,5.0,3,193.8,16.2
2026-06-08 02:20:00,31.4,63.1,5.0,3,73.2,6.1
2026-06-08 02:25:00,29.8,61.7,4.0,3,10.0,0.8
2026-06-08 02:30:00,31.0,60.9,4.0,3,148.8,12.4
2026-06-08 02:35:00,30.2,60.7,4.0,3,212.9,17.7
2026-06-08 02:40:00,29.2,66.0,5.0,3,130.2,10.8
2026-06-08 02:45:00,29.9,62.7,5.0,3,63.9,5.3
2026-06-08 02:50:00,29.8,60.8,4.0,3,89.6,7.5
2026-06-08 02:55:00,29.4,63.3,5.0,3,62.7,5.2
2026-06-08 03:00:00,30.1,61.4,4.0,3,130.5,10.9
2026-06-08 03:05:00,29.9,65.7,4.0,2,5.0,0.4
2026-06-08 03:10:00,28.0,65.3,4.0,3,10.0,0.8
2026-06-08 03:15:00,28.0,62.1,4.0,3,113.4,9.4
2026-06-08 03:20:00,30.1,63.2,4.0,3,89.6,7.5
2026-06-08 03:25:00,28.8,68.4,4.0,3,184.2,15.3
2026-06-08 03:30:00,30.0,65.0,4.0,3,10.0,0.8
2026-06-08 03:35:00,30.5,58.7,4.0,3,10.0,0.8
2026-06-08 03:40:00,28.4,64.1,4.0,3,136.1,11.3
2026-06-08 03:45:00,28.2,65.0,5.0,3,219.6,18.3
2026-06-08 03:50:00,31.4,59.9,5.0,3,92.3,7.7
2026-06-08 03:55:00,30.1,62.9,4.0,3,84.6,7.0
2026-06-08 04:00:00,29.1,63.0,4.0,3,36.1,3.0
2026-06-08 04:05:00,28.5,62.6,5.0,3,108.4,9.0
2026-06-08 04:10:00,29.0,66.6,4.0,3,20.1,1.7
2026-06-08 04:15:00,28.3,62.4,5.0,3,10.0,0.8
2026-06-08 04:20:00,30.4,59.6,5.0,2,53.7,4.4
2026-06-08 04:25:00,28.7,61.7,5.0,3,152.6,12.7
2026-06-08 04:30:00,30.7,62.7,4.0,3,28.3,2.4
2026-06-08 04:35:00,29.1,64.2,5.0,3,163.7,13.7
2026-06-08 04:40:00,28.4,67.4,5.0,3,99.4,8.3
2026-06-08 04:45:00,29.1,61.9,5.0,3,191.0,15.9
2026-06-08 04:50:00,26.7,64.8,4.0,3,10.0,0.8
2026-06-08 04:55:00,29.4,62.2,4.0,3,175.1,14.6
2026-06-08 05:00:00,29.2,63.5,5.0,3,105.7,8.8
2026-06-08 05:05:00,30.1,62.9,5.0,3,10.0,0.8
2026-06-08 05:10:00,27.6,62.9,5.0,3,41.7,3.5
2026-06-08 05:15:00,30.5,62.8,4.0,3,44.3,3.7
2026-06-08 05:20:00,30.1,60.5,7.0,2,72.7,6.1
2026-06-08 05:25:00,30.5,60.4,6.0,3,139.6,11.6
2026-06-08 05:30:00,29.3,66.2,5.0,3,21.0,1.8
2026-06-08 05:35:00,30.3,57.5,5.0,3,10.0,0.8
2026-06-08 05:40:00,28.0,66.4,6.0,3,69.4,5.8
2026-06-08 05:45:00,30.0,63.2,6.0,3,186.2,15.5
2026-06-08 05:50:00,28.7,62.9,5.0,3,115.9,9.7
2026-06-08 05:55:00,27.9,65.0,5.0,3,79.6,6.6
2026-06-08 06:00:00,28.1,68.0,5.0,3,156.5,13.0
2026-06-08 06:05:00,29.1,68.0,5.0,3,19.3,1.6
2026-06-08 06:10:00,28.4,67.3,5.0,2,5.0,0.4
2026-06-08 06:15:00,29.5,67.2,5.0,3,262.4,21.9
2026-06-08 06:20:00,27.5,65.1,5.0,1,59.7,5.0
2026-06-08 06:25:00,27.2,63.8,5.0,0,3.5,0.3
2026-06-08 06:30:00,30.4,62.0,6.0,0,4.0,0.3
2026-06-08 06:35:00,29.9,64.4,5.0,3,251.2,20.9
2026-06-08 06:40:00,28.2,61.7,6.0,3,63.4,5.3
2026-06-08 06:45:00,29.1,62.2,4.0,0,5.8,0.4
2026-06-08 06:50:00,30.0,61.0,6.0,2,161.1,13.4
2026-06-08 06:55:00,29.5,64.2,6.0,1,34.3,2.9
2026-06-08 07:00:00,28.9,64.8,6.0,3,112.4,9.4
2026-06-08 07:05:00,29.9,60.9,5.0,0,7.3,0.7
2026-06-08 07:10:00,27.9,66.2,6.0,0,6.7,0.6
2026-06-08 07:15:00,28.7,61.8,7.0,0,8.1,0.7
2026-06-08 07:20:00,28.7,63.5,5.0,1,10.0,0.8
2026-06-08 07:25:00,28.4,62.0,6.0,0,4.6,0.4
2026-06-08 07:30:00,28.3,64.8,7.0,3,94.4,7.9
2026-06-08 07:35:00,28.8,62.5,5.0,3,57.8,4.8
2026-06-08 07:40:00,28.7,66.2,8.0,0,3.8,0.3
2026-06-08 07:45:00,27.6,66.2,8.0,1,20.7,1.7
2026-06-08 07:50:00,29.6,62.6,7.0,0,3.5,0.4
2026-06-08 07:55:00,27.6,70.5,7.0,0,5.7,0.5
2026-06-08 08:00:00,28.3,66.0,4.0,0,6.0,0.5
2026-06-08 08:05:00,28.3,64.2,4.0,0,10.4,0.9
2026-06-08 08:10:00,29.0,62.6,6.0,0,6.7,0.6
2026-06-08 08:15:00,26.2,65.4,5.0,1,34.5,2.9
2026-06-08 08:20:00,29.6,63.0,8.0,1,10.0,0.8
2026-06-08 08:25:00,27.8,66.6,4.0,3,184.5,15.4
2026-06-08 08:30:00,30.0,57.9,8.0,3,10.0,0.8
2026-06-08 08:35:00,28.1,62.1,6.0,0,3.5,0.3
2026-06-08 08:40:00,28.5,63.5,5.0,0,7.8,0.6
2026-06-08 08:45:00,30.7,58.8,10.0,3,71.0,5.9
2026-06-08 08:50:00,28.3,65.2,6.0,0,3.8,0.3
2026-06-08 08:55:00,30.0,62.9,4.0,0,3.5,0.3
2026-06-08 09:00:00,29.2,63.5,7.0,1,68.8,5.7
2026-06-08 09:05:00,29.6,64.5,7.0,3,148.5,12.4
2026-06-08 09:10:00,29.3,62.2,6.0,0,7.6,0.6
2026-06-08 09:15:00,30.1,62.3,10.0,3,240.5,20.0
2026-06-08 09:20:00,28.4,62.6,7.0,0,7.2,0.6
2026-06-08 09:25:00,28.1,66.2,8.0,1,77.8,6.5
2026-06-08 09:30:00,28.5,65.0,7.0,1,108.7,9.1
2026-06-08 09:35:00,29.3,60.8,9.0,0,7.7,0.6
2026-06-08 09:40:00,28.9,63.9,6.0,3,223.2,18.6
2026-06-08 09:45:00,30.0,62.5,4.0,0,4.3,0.4
2026-06-08 09:50:00,30.6,62.3,8.0,1,28.7,2.4
2026-06-08 09:55:00,28.1,66.2,7.0,0,9.9,0.8
2026-06-08 10:00:00,29.3,62.1,7.0,1,10.0,0.8
2026-06-08 10:05:00,28.5,66.4,5.0,3,42.9,3.6
2026-06-08 10:10:00,32.5,60.4,7.0,0,7.3,0.6
2026-06-08 10:15:00,30.5,60.4,4.0,0,3.6,0.3
2026-06-08 10:20:00,30.7,59.2,6.0,3,34.2,2.8
2026-06-08 10:25:00,28.6,63.2,5.0,0,9.9,0.8
2026-06-08 10:30:00,30.2,59.2,7.0,0,6.7,0.6
2026-06-08 10:35:00,30.7,62.2,6.0,0,5.5,0.5
2026-06-08 10:40:00,29.9,65.4,4.0,0,4.4,0.4
2026-06-08 10:45:00,31.4,63.9,5.0,3,66.4,5.5
2026-06-08 10:50:00,32.8,56.5,7.0,0,3.5,0.3
2026-06-08 10:55:00,29.1,65.6,6.0,0,7.0,0.6
2026-06-08 11:00:00,30.5,62.1,5.0,1,49.3,4.1
2026-06-08 11:05:00,30.6,56.0,7.0,0,4.3,0.4
2026-06-08 11:10:00,33.4,56.7,8.0,1,10.0,0.8
2026-06-08 11:15:00,32.8,57.3,7.0,0,5.0,0.4
2026-06-08 11:20:00,31.5,63.3,4.0,1,63.7,5.3
2026-06-08 11:25:00,31.6,58.2,6.0,0,5.3,0.4
2026-06-08 11:30:00,30.7,63.0,6.0,1,106.6,8.9
2026-06-08 11:35:00,32.6,58.5,4.0,0,3.8,0.3
2026-06-08 11:40:00,31.2,57.4,4.0,3,229.1,19.1
2026-06-08 11:45:00,31.3,59.4,7.0,0,6.5,0.5
2026-06-08 11:50:00,32.3,62.9,6.0,0,3.8,0.3
2026-06-08 11:55:00,31.4,60.1,6.0,0,3.5,0.3
2026-06-08 12:00:00,32.4,61.3,5.0,0,5.6,0.5
2026-06-08 12:05:00,32.7,60.7,8.0,0,4.3,0.4
2026-06-08 12:10:00,33.5,56.2,4.0,0,3.5,0.3
2026-06-08 12:15:00,34.5,52.5,5.0,0,3.5,0.3
2026-06-08 12:20:00,33.3,54.7,6.0,1,39.5,3.3
2026-06-08 12:25:00,33.5,60.9,4.0,0,5.8,0.5
2026-06-08 12:30:00,32.4,59.4,5.0,0,5.8,0.5
2026-06-08 12:35:00,31.9,55.5,8.0,0,8.3,0.7
2026-06-08 12:40:00,33.4,59.6,5.0,0,7.8,0.6
2026-06-08 12:45:00,32.8,53.9,7.0,0,6.4,0.5
2026-06-08 12:50:00,31.1,59.0,7.0,0,4.1,0.3
2026-06-08 12:55:00,32.3,59.4,6.0,0,4.4,0.4
2026-06-08 13:00:00,33.2,64.0,5.0,1,61.6,5.1
2026-06-08 13:05:00,32.7,60.4,6.0,0,6.4,0.5
2026-06-08 13:10:00,35.0,53.4,4.0,3,138.7,11.6
2026-06-08 13:15:00,33.8,56.6,6.0,1,10.0,0.8
2026-06-08 13:20:00,34.9,57.2,6.0,3,353.6,29.5
2026-06-08 13:25:00,33.6,60.6,7.0,0,7.5,0.6
2026-06-08 13:30:00,33.4,56.5,6.0,0,6.6,0.5
2026-06-08 13:35:00,32.2,58.5,6.0,3,158.6,13.2
2026-06-08 13:40:00,33.3,55.2,5.0,1,46.3,3.9
2026-06-08 13:45:00,33.3,59.1,6.0,0,4.6,0.4
2026-06-08 13:50:00,31.7,62.5,7.0,2,96.1,8.0
2026-06-08 13:55:00,32.7,53.2,6.0,2,25.8,2.2
2026-06-08 14:00:00,33.6,55.5,6.0,4,49.0,4.1
2026-06-08 14:05:00,34.6,52.3,7.0,2,66.3,5.5
2026-06-08 14:10:00,34.7,55.5,6.0,2,95.8,8.0
2026-06-08 14:15:00,33.2,53.9,5.0,1,142.0,11.8
2026-06-08 14:20:00,34.7,51.9,6.0,2,248.2,20.6
2026-06-08 14:25:00,33.8,58.9,7.0,0,5.9,0.5
2026-06-08 14:30:00,29.9,60.4,5.0,3,251.3,20.9
2026-06-08 14:35:00,33.3,56.6,6.0,3,94.8,7.9
2026-06-08 14:40:00,35.6,55.1,6.0,2,123.8,10.3
2026-06-08 14:45:00,31.6,61.1,6.0,2,29.4,2.4
2026-06-08 14:50:00,34.2,54.7,5.0,1,91.8,7.6
2026-06-08 14:55:00,36.3,52.3,6.0,0,5.0,0.4
2026-06-08 15:00:00,33.8,55.1,5.0,2,40.6,3.3
2026-06-08 15:05:00,34.9,57.1,7.0,2,60.7,5.1
2026-06-08 15:10:00,33.1,56.6,7.0,3,30.7,2.6
2026-06-08 15:15:00,37.1,51.6,6.0,3,314.5,26.3
2026-06-08 15:20:00,34.8,55.7,6.0,2,137.3,11.4
2026-06-08 15:25:00,34.9,58.8,8.0,2,123.0,10.2
2026-06-08 15:30:00,36.7,52.9,7.0,2,129.1,10.8
2026-06-08 15:35:00,35.8,53.1,6.0,3,10.0,0.8
2026-06-08 15:40:00,33.7,60.4,8.0,3,127.4,10.6
2026-06-08 15:45:00,34.0,58.7,7.0,2,84.4,7.0
2026-06-08 15:50:00,35.6,56.6,7.0,3,113.6,9.5
2026-06-08 15:55:00,34.0,54.7,6.0,2,5.0,0.4
2026-06-08 16:00:00,32.2,56.0,6.0,3,51.1,4.3
2026-06-08 16:05:00,35.3,49.9,6.0,2,134.2,11.1
2026-06-08 16:10:00,33.2,58.5,11.0,3,134.8,11.2
2026-06-08 16:15:00,37.9,51.5,7.0,2,31.5,2.6
2026-06-08 16:20:00,35.7,49.5,8.0,3,89.8,7.5
2026-06-08 16:25:00,34.1,58.1,8.0,3,26.6,2.1
2026-06-08 16:30:00,34.4,54.3,8.0,2,133.9,11.2
2026-06-08 16:35:00,32.6,56.5,8.0,2,5.0,0.4
2026-06-08 16:40:00,33.8,52.2,8.0,3,10.0,0.8
2026-06-08 16:45:00,37.0,53.4,9.0,2,90.8,7.6
2026-06-08 16:50:00,38.8,51.5,6.0,2,149.5,12.5
2026-06-08 16:55:00,36.5,52.7,7.0,2,246.9,20.5
2026-06-08 17:00:00,35.3,52.8,4.0,3,141.8,11.8
2026-06-08 17:05:00,34.7,62.0,4.0,2,50.4,4.2
2026-06-08 17:10:00,33.8,52.3,5.0,3,34.1,2.8
2026-06-08 17:15:00,39.2,48.0,11.0,3,57.0,4.8
2026-06-08 17:20:00,35.2,56.1,8.0,2,205.7,17.1
2026-06-08 17:25:00,39.3,48.0,10.0,2,173.1,14.4
2026-06-08 17:30:00,38.0,48.0,9.0,3,30.4,2.5
2026-06-08 17:35:00,32.4,60.4,9.0,2,64.7,5.4
2026-06-08 17:40:00,34.3,56.8,6.0,3,32.8,2.7
2026-06-08 17:45:00,34.3,56.5,9.0,2,93.8,7.8
2026-06-08 17:50:00,35.4,54.4,9.0,3,89.8,7.5
2026-06-08 17:55:00,35.4,51.9,14.0,3,10.0,0.8
2026-06-08 18:00:00,39.7,48.5,5.0,3,75.2,6.3
2026-06-08 18:05:00,32.6,56.7,7.0,3,153.3,12.8
2026-06-08 18:10:00,34.9,56.7,6.0,3,156.3,13.0
2026-06-08 18:15:00,35.6,54.8,5.0,3,58.7,4.9
2026-06-08 18:20:00,34.5,52.4,7.0,3,38.3,3.2
2026-06-08 18:25:00,34.7,56.8,9.0,3,207.3,17.3
2026-06-08 18:30:00,32.7,52.3,6.0,2,50.5,4.2
2026-06-08 18:35:00,34.7,53.8,5.0,3,138.4,11.5
2026-06-08 18:40:00,35.4,50.8,7.0,3,148.0,12.3
2026-06-08 18:45:00,35.1,51.9,6.0,3,213.3,17.8
2026-06-08 18:50:00,35.5,59.0,9.0,3,194.9,16.2
2026-06-08 18:55:00,37.0,48.2,7.0,3,180.5,15.0
2026-06-08 19:00:00,35.2,52.6,5.0,3,10.0,0.8
2026-06-08 19:05:00,34.0,57.0,6.0,3,52.6,4.4
2026-06-08 19:10:00,32.3,56.8,6.0,3,10.0,0.8
2026-06-08 19:15:00,33.1,57.3,6.0,3,221.7,18.5
2026-06-08 19:20:00,33.6,59.6,5.0,3,71.9,6.0
2026-06-08 19:25:00,34.2,57.1,6.0,3,35.8,3.0
2026-06-08 19:30:00,33.2,55.7,5.0,3,130.3,10.9
2026-06-08 19:35:00,32.6,57.2,5.0,3,158.3,13.2
2026-06-08 19:40:00,32.3,59.1,5.0,3,144.9,12.1
2026-06-08 19:45:00,31.6,60.2,5.0,3,104.6,8.7
2026-06-08 19:50:00,33.6,56.4,5.0,3,208.5,17.4
2026-06-08 19:55:00,31.9,59.2,5.0,3,73.7,6.1
2026-06-08 20:00:00,31.9,59.4,5.0,3,10.0,0.8
2026-06-08 20:05:00,32.7,57.6,5.0,3,68.4,5.7
2026-06-08 20:10:00,31.4,57.9,5.0,3,65.0,5.4
2026-06-08 20:15:00,33.8,58.3,4.0,3,159.6,13.3
2026-06-08 20:20:00,34.3,56.8,6.0,2,36.4,3.0
2026-06-08 20:25:00,32.5,53.7,5.0,3,185.3,15.4
2026-06-08 20:30:00,32.7,56.1,5.0,3,36.7,3.1
2026-06-08 20:35:00,34.1,55.4,6.0,3,10.0,0.8
2026-06-08 20:40:00,32.3,57.8,5.0,3,277.0,23.1
2026-06-08 20:45:00,32.2,60.9,5.0,3,121.3,10.1
2026-06-08 20:50:00,35.0,62.2,5.0,3,10.0,0.8
2026-06-08 20:55:00,34.5,50.8,6.0,3,10.0,0.8
2026-06-08 21:00:00,33.6,57.9,5.0,3,124.1,10.4
2026-06-08 21:05:00,34.1,57.1,4.0,3,58.9,4.9
2026-06-08 21:10:00,29.8,60.4,4.0,3,213.4,17.9
2026-06-08 21:15:00,34.7,57.4,5.0,3,59.2,4.9
2026-06-08 21:20:00,33.3,57.9,5.0,3,97.8,8.1
2026-06-08 21:25:00,34.2,56.1,5.0,3,51.6,4.3
2026-06-08 21:30:00,33.3,57.7,5.0,3,92.3,7.7
2026-06-08 21:35:00,32.8,59.1,5.0,3,109.9,9.2
2026-06-08 21:40:00,32.3,59.4,6.0,3,222.4,18.5
2026-06-08 21:45:00,33.2,58.1,4.0,3,131.1,11.0
2026-06-08 21:50:00,32.2,57.5,6.0,3,112.2,9.4
2026-06-08 21:55:00,34.0,62.4,5.0,3,170.3,14.2
2026-06-08 22:00:00,29.7,61.9,6.0,3,220.2,18.3
2026-06-08 22:05:00,31.2,61.3,4.0,3,10.0,0.8
2026-06-08 22:10:00,35.0,55.4,5.0,3,46.5,3.9
2026-06-08 22:15:00,31.1,60.3,5.0,3,122.9,10.2
2026-06-08 22:20:00,31.7,59.7,5.0,3,104.8,8.7
2026-06-08 22:25:00,30.7,56.7,5.0,3,50.9,4.2
2026-06-08 22:30:00,32.5,57.3,5.0,2,5.0,0.4
2026-06-08 22:35:00,30.9,58.7,5.0,3,10.0,0.8
2026-06-08 22:40:00,31.8,58.1,4.0,3,79.9,6.7
2026-06-08 22:45:00,33.3,55.9,4.0,3,137.9,11.5
2026-06-08 22:50:00,31.0,60.1,5.0,3,231.7,19.3
2026-06-08 22:55:00,33.2,60.7,4.0,3,107.4,9.0
2026-06-08 23:00:00,33.3,59.7,4.0,3,105.6,8.7
2026-06-08 23:05:00,33.7,57.5,4.0,3,36.0,3.0
2026-06-08 23:10:00,32.0,58.7,4.0,3,105.1,8.8
2026-06-08 23:15:00,37.8,56.4,4.0,3,61.2,5.1
2026-06-08 23:20:00,33.7,57.1,4.0,3,154.7,12.9
2026-06-08 23:25:00,32.4,60.4,4.0,3,145.2,12.1
2026-06-08 23:30:00,30.2,63.3,4.0,3,229.4,19.1
2026-06-08 23:35:00,31.6,59.6,5.0,3,129.9,10.9
2026-06-08 23:40:00,34.4,59.0,4.0,3,152.5,12.7
2026-06-08 23:45:00,34.9,57.9,4.0,3,10.0,0.8
2026-06-08 23:50:00,34.5,57.8,5.0,3,134.8,11.2
2026-06-08 23:55:00,33.2,59.8,5.0,3,170.1,14.2
2026-06-09 00:00:00,29.9,60.8,5.0,3,115.1,9.5
2026-06-09 00:05:00,32.0,59.0,4.0,2,16.1,1.3
2026-06-09 00:10:00,29.9,59.5,4.0,3,101.1,8.4
2026-06-09 00:15:00,29.6,62.1,4.0,3,89.3,7.4
2026-06-09 00:20:00,31.7,61.8,4.0,2,5.0,0.4
2026-06-09 00:25:00,32.1,61.0,4.0,3,249.9,20.8
2026-06-09 00:30:00,32.6,61.7,4.0,3,10.0,0.9
2026-06-09 00:35:00,32.1,59.1,5.0,2,104.5,8.7
2026-06-09 00:40:00,32.1,61.2,5.0,3,215.6,18.0
2026-06-09 00:45:00,30.2,60.0,5.0,3,140.5,11.7
2026-06-09 00:50:00,31.3,61.6,5.0,3,62.0,5.2
2026-06-09 00:55:00,29.6,64.3,4.0,3,152.4,12.7
2026-06-09 01:00:00,28.9,64.4,4.0,3,141.3,11.8
2026-06-09 01:05:00,31.5,63.0,5.0,2,212.2,17.7
2026-06-09 01:10:00,30.1,61.0,5.0,3,18.0,1.5
2026-06-09 01:15:00,31.6,59.9,5.0,3,198.2,16.5
2026-06-09 01:20:00,31.8,58.3,4.0,3,123.3,10.3
2026-06-09 01:25:00,30.2,62.0,4.0,3,36.4,3.0
2026-06-09 01:30:00,31.3,60.9,4.0,3,240.8,20.1
2026-06-09 01:35:00,30.2,62.0,4.0,3,158.6,13.2
2026-06-09 01:40:00,29.1,62.5,4.0,3,139.6,11.6
2026-06-09 01:45:00,30.9,60.2,4.0,3,196.8,16.4
2026-06-09 01:50:00,30.3,62.4,4.0,3,107.9,9.0
2026-06-09 01:55:00,30.4,61.4,4.0,3,181.4,15.1
2026-06-09 02:00:00,32.5,55.9,5.0,3,176.0,14.7
2026-06-09 02:05:00,28.6,59.9,4.0,3,57.5,4.8
2026-06-09 02:10:00,30.7,59.9,4.0,3,91.3,7.6
2026-06-09 02:15:00,29.2,60.3,4.0,3,64.8,5.4
2026-06-09 02:20:00,31.3,58.4,4.0,3,228.2,19.0
2026-06-09 02:25:00,30.6,60.5,4.0,3,10.0,0.8
2026-06-09 02:30:00,30.7,61.0,4.0,3,136.4,11.4
2026-06-09 02:35:00,29.2,62.0,4.0,3,225.7,18.8
2026-06-09 02:40:00,29.4,68.5,4.0,3,10.0,0.8
2026-06-09 02:45:00,31.3,57.4,4.0,3,110.9,9.2
2026-06-09 02:50:00,32.3,61.8,4.0,3,211.8,17.6
2026-06-09 02:55:00,30.8,60.8,4.0,2,113.9,9.5
2026-06-09 03:00:00,28.9,62.4,4.0,3,73.7,6.1
2026-06-09 03:05:00,30.2,63.3,4.0,3,118.1,9.8
2026-06-09 03:10:00,32.4,57.2,4.0,3,85.9,7.2
2026-06-09 03:15:00,29.9,60.4,5.0,3,21.8,1.7
2026-06-09 03:20:00,31.3,64.4,5.0,3,72.1,6.0
2026-06-09 03:25:00,29.0,58.5,4.0,3,48.6,4.0
2026-06-09 03:30:00,29.8,61.9,4.0,3,10.0,0.8
2026-06-09 03:35:00,30.5,61.8,4.0,3,232.4,19.4
2026-06-09 03:40:00,30.2,65.2,4.0,3,144.4,12.0
2026-06-09 03:45:00,29.0,62.8,4.0,3,71.4,6.0
2026-06-09 03:50:00,29.0,70.2,4.0,3,63.2,5.3
2026-06-09 03:55:00,30.9,62.5,4.0,3,67.8,5.6
2026-06-09 04:00:00,30.9,54.6,5.0,3,38.9,3.2
2026-06-09 04:05:00,31.2,56.5,4.0,3,70.9,5.9
2026-06-09 04:10:00,31.5,60.4,5.0,3,25.0,2.1
2026-06-09 04:15:00,29.8,59.7,4.0,3,166.8,13.9
2026-06-09 04:20:00,29.3,65.0,4.0,3,10.0,0.8
2026-06-09 04:25:00,31.1,59.3,6.0,3,122.8,10.2
2026-06-09 04:30:00,30.4,58.6,5.0,3,27.2,2.3
2026-06-09 04:35:00,28.6,62.3,6.0,3,185.1,15.4
2026-06-09 04:40:00,28.6,67.0,4.0,2,98.9,8.2
2026-06-09 04:45:00,30.2,56.8,6.0,3,89.9,7.5
2026-06-09 04:50:00,29.4,66.1,5.0,3,136.2,11.3
2026-06-09 04:55:00,29.6,65.8,5.0,3,50.2,4.2
2026-06-09 05:00:00,30.5,61.1,5.0,3,219.4,18.3
2026-06-09 05:05:00,30.2,59.3,5.0,3,10.0,0.8
2026-06-09 05:10:00,30.7,62.6,5.0,3,46.4,3.8
2026-06-09 05:15:00,27.7,65.2,5.0,3,18.5,1.5
2026-06-09 05:20:00,29.7,59.9,6.0,3,99.0,8.2
2026-06-09 05:25:00,30.2,66.3,5.0,3,113.0,9.4
2026-06-09 05:30:00,28.1,63.7,6.0,3,10.0,0.8
2026-06-09 05:35:00,28.9,61.2,6.0,3,12.2,1.0
2026-06-09 05:40:00,28.7,65.2,6.0,3,10.0,0.8
2026-06-09 05:45:00,29.5,63.2,5.0,3,10.0,0.8
2026-06-09 05:50:00,31.0,64.1,4.0,3,44.6,3.7
2026-06-09 05:55:00,31.4,59.6,5.0,3,257.9,21.5
2026-06-09 06:00:00,28.5,64.2,5.0,3,117.3,9.9
2026-06-09 06:05:00,29.7,63.8,5.0,3,46.6,3.9
2026-06-09 06:10:00,29.8,63.4,6.0,3,81.4,6.8
2026-06-09 06:15:00,29.6,63.8,6.0,1,27.5,2.3
2026-06-09 06:20:00,29.6,63.8,5.0,2,47.7,4.0
2026-06-09 06:25:00,29.5,63.8,7.0,0,3.5,0.4
2026-06-09 06:30:00,30.8,60.6,5.0,1,11.1,0.9
2026-06-09 06:35:00,30.2,64.0,5.0,0,5.1,0.4
2026-06-09 06:40:00,28.3,64.6,4.0,0,4.7,0.5
2026-06-09 06:45:00,30.0,64.3,4.0,3,10.0,0.8
2026-06-09 06:50:00,30.1,65.3,4.0,1,63.8,5.3
2026-06-09 06:55:00,29.5,62.1,6.0,0,7.1,0.6
2026-06-09 07:00:00,30.1,68.2,6.0,0,3.5,0.3
2026-06-09 07:05:00,29.0,62.4,4.0,0,3.5,0.3
2026-06-09 07:10:00,29.1,62.2,6.0,0,7.6,0.6
2026-06-09 07:15:00,29.0,65.4,6.0,0,3.7,0.3
2026-06-09 07:20:00,26.6,68.8,4.0,3,10.0,0.8
2026-06-09 07:25:00,28.8,64.6,8.0,0,4.1,0.3
2026-06-09 07:30:00,28.1,67.4,7.0,0,6.5,0.5
2026-06-09 07:35:00,27.5,67.0,6.0,3,29.7,2.5
2026-06-09 07:40:00,30.4,66.9,7.0,3,10.0,0.8
2026-06-09 07:45:00,29.4,63.4,4.0,0,6.9,0.5
2026-06-09 07:50:00,28.8,62.3,5.0,0,8.3,0.7
2026-06-09 07:55:00,28.2,64.0,7.0,0,4.8,0.4
2026-06-09 08:00:00,29.1,65.0,6.0,0,4.9,0.3
2026-06-09 08:05:00,29.8,64.0,8.0,0,5.2,0.5
2026-06-09 08:10:00,27.8,66.3,9.0,0,4.3,0.4
2026-06-09 08:15:00,28.7,62.4,8.0,3,180.4,14.9
2026-06-09 08:20:00,29.7,65.6,6.0,0,6.4,0.5
2026-06-09 08:25:00,26.6,71.0,7.0,0,4.8,0.4
2026-06-09 08:30:00,28.7,64.5,4.0,3,271.4,22.6
2026-06-09 08:35:00,28.2,69.6,7.0,0,3.5,0.3
2026-06-09 08:40:00,28.6,66.7,8.0,3,180.9,15.1
2026-06-09 08:45:00,28.2,70.5,7.0,0,3.5,0.3
2026-06-09 08:50:00,28.9,65.3,9.0,0,5.2,0.5
2026-06-09 08:55:00,30.9,61.5,7.0,0,6.7,0.6
2026-06-09 09:00:00,29.0,66.1,7.0,1,89.4,7.4
2026-06-09 09:05:00,29.6,62.2,10.0,3,35.3,2.9
2026-06-09 09:10:00,31.5,61.3,5.0,3,105.8,8.8
2026-06-09 09:15:00,28.7,67.8,9.0,1,28.2,2.3
2026-06-09 09:20:00,31.3,62.6,9.0,1,55.7,4.6
2026-06-09 09:25:00,29.3,63.6,8.0,0,4.1,0.3
2026-06-09 09:30:00,31.3,61.1,6.0,0,3.5,0.3
2026-06-09 09:35:00,30.1,64.2,7.0,0,8.6,0.7
2026-06-09 09:40:00,29.6,64.9,5.0,0,4.8,0.5
2026-06-09 09:45:00,29.2,65.6,5.0,3,150.1,12.5
2026-06-09 09:50:00,28.6,65.5,6.0,1,10.0,0.8
2026-06-09 09:55:00,29.4,61.5,5.0,0,7.3,0.6
2026-06-09 10:00:00,31.3,59.5,6.0,0,7.6,0.6
2026-06-09 10:05:00,30.3,63.3,5.0,0,8.5,0.7
2026-06-09 10:10:00,29.9,64.7,7.0,0,5.4,0.4
2026-06-09 10:15:00,30.0,64.2,8.0,3,140.0,11.7
2026-06-09 10:20:00,31.4,59.3,9.0,1,104.0,8.7
2026-06-09 10:25:00,31.7,60.0,5.0,0,3.5,0.3
2026-06-09 10:30:00,29.5,60.8,5.0,0,3.5,0.3
2026-06-09 10:35:00,29.5,60.3,6.0,0,5.0,0.5
2026-06-09 10:40:00,30.7,61.9,7.0,0,8.9,0.7
2026-06-09 10:45:00,32.0,63.0,6.0,0,5.6,0.5
2026-06-09 10:50:00,31.6,60.7,7.0,0,8.2,0.7
2026-06-09 10:55:00,28.9,68.4,7.0,0,3.6,0.3
2026-06-09 11:00:00,31.5,60.0,4.0,0,8.4,0.8
2026-06-09 11:05:00,30.7,61.7,6.0,0,6.8,0.6
2026-06-09 11:10:00,31.4,58.2,5.0,0,5.8,0.5
2026-06-09 11:15:00,33.5,56.5,5.0,0,7.4,0.5
2026-06-09 11:20:00,30.2,59.5,6.0,0,4.4,0.4
2026-06-09 11:25:00,30.0,59.0,7.0,1,23.9,2.0
2026-06-09 11:30:00,30.8,58.7,6.0,0,6.4,0.5
2026-06-09 11:35:00,32.1,59.7,6.0,3,236.3,19.7
2026-06-09 11:40:00,32.4,57.3,9.0,0,3.8,0.3
2026-06-09 11:45:00,32.2,58.1,5.0,1,95.4,8.0
2026-06-09 11:50:00,33.0,59.1,7.0,0,4.3,0.4
2026-06-09 11:55:00,29.8,59.3,7.0,3,10.0,0.8
2026-06-09 12:00:00,34.1,56.6,7.0,0,3.7,0.3
2026-06-09 12:05:00,32.4,61.2,5.0,1,81.7,6.8
2026-06-09 12:10:00,33.6,59.5,5.0,0,3.7,0.3
2026-06-09 12:15:00,31.3,62.0,7.0,3,118.2,9.8
2026-06-09 12:20:00,32.8,58.3,8.0,1,87.2,7.3
2026-06-09 12:25:00,33.0,56.5,6.0,3,100.3,8.4
2026-06-09 12:30:00,34.1,56.2,4.0,0,3.5,0.3
2026-06-09 12:35:00,31.0,65.4,6.0,0,10.1,0.8
2026-06-09 12:40:00,32.8,59.1,9.0,0,3.5,0.3
2026-06-09 12:45:00,31.6,60.0,5.0,0,7.6,0.6
2026-06-09 12:50:00,33.3,59.0,6.0,0,3.5,0.3
2026-06-09 12:55:00,33.6,57.3,7.0,3,75.1,6.3
2026-06-09 13:00:00,34.9,55.4,7.0,0,4.3,0.4
2026-06-09 13:05:00,32.8,57.5,6.0,1,52.6,4.4
2026-06-09 13:10:00,34.5,54.3,7.0,0,4.8,0.4
2026-06-09 13:15:00,35.0,57.2,7.0,1,144.0,12.0
2026-06-09 13:20:00,31.5,55.1,5.0,3,10.0,0.8
2026-06-09 13:25:00,34.1,57.3,5.0,3,10.0,0.8
2026-06-09 13:30:00,34.5,54.2,6.0,1,33.8,2.8
2026-06-09 13:35:00,33.1,52.7,7.0,0,8.3,0.7
2026-06-09 13:40:00,32.0,56.9,7.0,0,6.2,0.5
2026-06-09 13:45:00,34.5,55.3,7.0,0,3.5,0.3
2026-06-09 13:50:00,32.0,59.7,5.0,0,5.0,0.4
2026-06-09 13:55:00,33.2,59.4,7.0,0,7.9,0.7
2026-06-09 14:00:00,34.1,57.8,5.0,2,243.9,20.3
2026-06-09 14:05:00,35.2,50.8,7.0,2,176.9,14.7
2026-06-09 14:10:00,33.3,57.7,7.0,0,7.6,0.5
2026-06-09 14:15:00,33.2,58.6,6.0,3,218.5,18.2
2026-06-09 14:20:00,34.3,56.1,5.0,3,180.1,14.9
2026-06-09 14:25:00,35.6,55.3,6.0,2,5.0,0.4
2026-06-09 14:30:00,37.4,48.0,7.0,1,144.7,12.2
2026-06-09 14:35:00,32.0,55.9,7.0,0,4.2,0.4
2026-06-09 14:40:00,34.6,58.5,8.0,0,3.5,0.3
2026-06-09 14:45:00,32.6,56.9,6.0,2,259.2,21.6
2026-06-09 14:50:00,35.6,59.4,8.0,2,215.7,18.0
2026-06-09 14:55:00,32.8,54.3,5.0,3,10.0,0.8
2026-06-09 15:00:00,34.1,59.1,6.0,2,14.7,1.2
2026-06-09 15:05:00,34.2,54.2,6.0,2,158.0,13.2
2026-06-09 15:10:00,34.9,56.6,8.0,3,10.0,0.8
2026-06-09 15:15:00,35.5,53.4,6.0,3,107.5,9.0
2026-06-09 15:20:00,35.7,54.1,8.0,3,98.0,8.2
2026-06-09 15:25:00,35.0,55.9,8.0,6,134.0,11.2
2026-06-09 15:30:00,33.2,55.3,7.0,3,10.0,0.8
2026-06-09 15:35:00,36.0,55.3,7.0,2,82.5,6.9
2026-06-09 15:40:00,34.9,54.2,6.0,3,285.9,23.8
2026-06-09 15:45:00,36.6,53.2,8.0,3,214.1,17.8
2026-06-09 15:50:00,34.0,49.9,7.0,2,5.0,0.4
2026-06-09 15:55:00,32.8,56.4,8.0,2,25.8,2.2
2026-06-09 16:00:00,35.5,56.8,10.0,3,10.0,0.8
2026-06-09 16:05:00,37.5,53.3,7.0,2,156.5,13.0
2026-06-09 16:10:00,35.8,55.6,10.0,3,220.4,18.4
2026-06-09 16:15:00,35.3,54.2,8.0,2,146.7,12.2
2026-06-09 16:20:00,34.2,59.1,9.0,2,312.5,26.0
2026-06-09 16:25:00,38.2,51.6,6.0,2,111.4,9.3
2026-06-09 16:30:00,34.0,53.9,7.0,6,135.8,11.3
2026-06-09 16:35:00,34.5,56.9,7.0,6,108.5,9.0
2026-06-09 16:40:00,36.4,55.0,10.0,6,120.4,10.0
2026-06-09 16:45:00,32.8,58.2,7.0,2,5.0,0.4
2026-06-09 16:50:00,37.5,50.8,9.0,3,125.2,10.4
2026-06-09 16:55:00,36.5,53.4,8.0,2,20.5,1.7
2026-06-09 17:00:00,37.2,55.8,8.0,3,168.7,14.1
2026-06-09 17:05:00,36.6,53.9,5.0,2,62.0,5.2
2026-06-09 17:10:00,35.4,49.7,4.0,2,73.5,6.1
2026-06-09 17:15:00,33.8,53.9,8.0,3,30.8,2.6
2026-06-09 17:20:00,35.4,52.0,8.0,2,70.6,5.9
2026-06-09 17:25:00,33.9,53.4,6.0,3,159.5,13.3
2026-06-09 17:30:00,36.5,48.0,9.0,6,127.3,10.6
2026-06-09 17:35:00,37.1,57.3,14.0,2,121.2,10.1
2026-06-09 17:40:00,38.3,48.2,12.0,2,212.7,17.7
2026-06-09 17:45:00,36.3,50.6,9.0,3,300.5,25.0
2026-06-09 17:50:00,37.3,48.0,9.0,3,208.9,17.4
2026-06-09 17:55:00,35.1,56.6,10.0,3,170.0,14.2
2026-06-09 18:00:00,33.8,55.4,6.0,3,10.0,0.8
2026-06-09 18:05:00,35.5,52.8,7.0,3,180.1,15.0
2026-06-09 18:10:00,34.0,54.6,6.0,3,145.4,12.1
2026-06-09 18:15:00,35.1,55.8,6.0,2,126.6,10.5
2026-06-09 18:20:00,32.8,55.4,5.0,3,33.3,2.8
2026-06-09 18:25:00,33.1,51.0,7.0,3,76.5,6.4
2026-06-09 18:30:00,35.7,50.1,4.0,3,97.2,8.1
2026-06-09 18:35:00,36.2,49.4,6.0,3,152.2,12.7
2026-06-09 18:40:00,32.9,57.4,4.0,3,10.0,0.8
2026-06-09 18:45:00,35.8,56.0,6.0,2,5.0,0.4
2026-06-09 18:50:00,33.7,59.7,5.0,3,109.6,9.1
2026-06-09 18:55:00,34.7,50.2,8.0,2,124.1,10.3
2026-06-09 19:00:00,36.0,54.9,5.0,3,241.3,20.1
2026-06-09 19:05:00,35.1,53.2,5.0,3,152.0,12.7
2026-06-09 19:10:00,35.1,61.3,5.0,3,10.3,0.9
2026-06-09 19:15:00,36.6,56.0,5.0,3,128.8,10.7
2026-06-09 19:20:00,33.1,60.8,6.0,3,147.5,12.3
2026-06-09 19:25:00,32.7,59.2,6.0,3,10.0,0.7
2026-06-09 19:30:00,33.0,57.9,5.0,3,131.9,11.0
2026-06-09 19:35:00,33.7,55.3,5.0,3,106.3,8.9
2026-06-09 19:40:00,30.8,58.3,5.0,3,10.0,0.8
2026-06-09 19:45:00,33.7,54.4,5.0,3,273.4,22.9
2026-06-09 19:50:00,33.3,58.1,5.0,3,132.3,11.0
2026-06-09 19:55:00,35.1,58.2,5.0,3,86.9,7.2
2026-06-09 20:00:00,33.9,55.8,5.0,3,29.3,2.4
2026-06-09 20:05:00,32.6,56.4,5.0,3,114.8,9.6
2026-06-09 20:10:00,34.3,53.1,5.0,3,141.8,11.8
2026-06-09 20:15:00,34.4,56.6,6.0,3,221.9,18.5
2026-06-09 20:20:00,32.3,60.8,5.0,3,94.8,7.9
2026-06-09 20:25:00,32.7,60.5,5.0,3,10.0,0.8
2026-06-09 20:30:00,30.3,63.2,5.0,3,98.0,8.2
2026-06-09 20:35:00,31.9,59.5,5.0,3,97.3,8.1
2026-06-09 20:40:00,32.4,58.3,6.0,3,249.4,20.8
2026-06-09 20:45:00,33.5,59.7,4.0,3,130.5,10.9
2026-06-09 20:50:00,32.1,56.1,5.0,3,138.7,11.6
2026-06-09 20:55:00,32.7,56.9,5.0,3,56.7,4.6
2026-06-09 21:00:00,31.0,63.0,5.0,3,136.1,11.3
2026-06-09 21:05:00,33.1,55.8,4.0,3,31.1,2.6
2026-06-09 21:10:00,33.5,57.4,5.0,3,119.4,10.0
2026-06-09 21:15:00,33.4,58.7,5.0,3,174.8,14.6
2026-06-09 21:20:00,32.9,58.2,4.0,3,103.8,8.6
2026-06-09 21:25:00,30.6,62.2,5.0,3,202.1,16.8
2026-06-09 21:30:00,31.9,61.8,4.0,3,227.4,19.0
2026-06-09 21:35:00,32.2,59.5,5.0,3,205.0,17.2
2026-06-09 21:40:00,32.2,61.3,4.0,3,110.4,9.3
2026-06-09 21:45:00,32.9,56.2,4.0,3,22.9,1.9
2026-06-09 21:50:00,34.9,55.9,4.0,3,17.4,1.4
2026-06-09 21:55:00,34.0,61.6,5.0,3,152.8,12.7
2026-06-09 22:00:00,30.7,64.0,4.0,3,128.6,10.7
2026-06-09 22:05:00,33.1,55.7,4.0,3,99.9,8.2
2026-06-09 22:10:00,33.1,58.1,5.0,3,58.3,4.9
2026-06-09 22:15:00,31.0,60.3,5.0,3,106.1,8.9
2026-06-09 22:20:00,33.4,58.6,5.0,3,10.0,0.8
2026-06-09 22:25:00,31.9,61.6,4.0,3,48.3,4.0
2026-06-09 22:30:00,30.1,64.3,4.0,3,87.2,7.3
2026-06-09 22:35:00,32.8,58.4,5.0,3,166.7,13.9
2026-06-09 22:40:00,32.5,60.8,4.0,3,190.7,15.9
2026-06-09 22:45:00,31.8,60.5,5.0,3,10.0,0.8
2026-06-09 22:50:00,32.1,59.0,4.0,3,10.0,0.8
2026-06-09 22:55:00,31.1,56.7,4.0,3,167.9,14.0
2026-06-09 23:00:00,33.0,61.2,4.0,3,114.1,9.5
2026-06-09 23:05:00,31.8,61.2,5.0,3,160.3,13.4
2026-06-09 23:10:00,32.2,60.7,5.0,3,50.2,4.1
2026-06-09 23:15:00,32.6,58.4,4.0,3,55.1,4.6
2026-06-09 23:20:00,29.8,64.4,5.0,3,40.1,3.3
2026-06-09 23:25:00,30.3,61.4,4.0,3,10.0,0.8
2026-06-09 23:30:00,27.8,60.9,4.0,3,10.0,0.8
2026-06-09 23:35:00,33.0,57.7,4.0,3,11.1,1.0
2026-06-09 23:40:00,29.7,62.5,4.0,3,23.4,1.9
2026-06-09 23:45:00,32.2,61.2,4.0,3,19.4,1.6
2026-06-09 23:50:00,32.6,59.2,4.0,3,24.1,2.0
2026-06-09 23:55:00,33.0,60.3,5.0,3,84.2,7.0
2026-06-10 00:00:00,29.9,62.7,4.0,3,153.4,12.8
2026-06-10 00:05:00,31.4,60.8,4.0,3,10.0,0.8
2026-06-10 00:10:00,33.5,57.9,4.0,3,22.2,1.8
2026-06-10 00:15:00,33.6,60.2,4.0,3,25.5,2.2
2026-06-10 00:20:00,32.7,60.7,5.0,3,10.0,0.8
2026-06-10 00:25:00,31.9,61.0,4.0,3,202.4,16.9
2026-06-10 00:30:00,30.2,60.3,4.0,3,10.0,0.9
2026-06-10 00:35:00,32.3,58.0,4.0,3,141.3,11.8
2026-06-10 00:40:00,31.2,60.8,5.0,3,35.3,2.9
2026-06-10 00:45:00,32.1,61.3,5.0,3,216.3,17.9
2026-06-10 00:50:00,30.6,62.6,4.0,3,30.2,2.5
2026-06-10 00:55:00,31.2,61.5,5.0,3,23.9,2.0
2026-06-10 01:00:00,30.9,60.2,6.0,3,88.6,7.4
2026-06-10 01:05:00,31.0,59.5,4.0,2,5.0,0.4
2026-06-10 01:10:00,31.2,60.6,4.0,2,43.9,3.7
2026-06-10 01:15:00,30.2,61.9,4.0,3,236.7,19.7
2026-06-10 01:20:00,29.5,64.7,4.0,2,231.1,19.3
2026-06-10 01:25:00,32.3,58.4,5.0,3,148.0,12.3
2026-06-10 01:30:00,33.0,57.6,5.0,3,46.2,3.8
2026-06-10 01:35:00,31.2,64.1,4.0,3,120.2,10.0
2026-06-10 01:40:00,29.5,65.5,4.0,2,5.0,0.4
2026-06-10 01:45:00,30.1,60.5,5.0,3,54.0,4.5
2026-06-10 01:50:00,31.2,63.1,5.0,3,235.2,19.6
2026-06-10 01:55:00,32.0,57.7,5.0,3,173.1,14.4
2026-06-10 02:00:00,28.9,63.0,4.0,3,101.4,8.4
2026-06-10 02:05:00,30.1,61.5,5.0,3,121.4,10.1
2026-06-10 02:10:00,30.5,61.4,5.0,3,48.7,4.1
2026-06-10 02:15:00,31.3,61.9,4.0,3,104.8,8.7
2026-06-10 02:20:00,29.9,62.8,4.0,3,155.5,13.0
2026-06-10 02:25:00,28.5,66.1,4.0,3,182.8,15.2
2026-06-10 02:30:00,31.0,59.9,4.0,3,67.1,5.6
2026-06-10 02:35:00,31.5,61.0,4.0,3,10.0,0.9
2026-06-10 02:40:00,30.2,62.3,5.0,3,165.9,13.8
2026-06-10 02:45:00,30.7,58.0,5.0,3,49.6,4.1
2026-06-10 02:50:00,29.8,63.8,4.0,3,178.9,14.9
2026-06-10 02:55:00,29.3,63.7,4.0,3,10.0,0.8
2026-06-10 03:00:00,30.9,59.0,4.0,3,133.3,11.0
2026-06-10 03:05:00,30.2,60.8,4.0,3,86.7,7.2
2026-06-10 03:10:00,30.3,60.7,4.0,3,65.5,5.5
2026-06-10 03:15:00,31.4,59.3,5.0,3,232.7,19.3
2026-06-10 03:20:00,28.7,68.5,4.0,3,40.7,3.4
2026-06-10 03:25:00,29.2,68.5,4.0,3,224.5,18.6
2026-06-10 03:30:00,30.0,55.6,4.0,3,296.1,24.7
2026-06-10 03:35:00,29.2,64.6,4.0,3,10.0,0.8
2026-06-10 03:40:00,30.6,63.5,4.0,2,247.2,20.6
2026-06-10 03:45:00,29.6,62.3,4.0,3,24.7,2.1
2026-06-10 03:50:00,28.8,66.3,4.0,3,90.7,7.6
2026-06-10 03:55:00,29.9,66.3,4.0,3,85.1,7.1
2026-06-10 04:00:00,29.8,59.1,4.0,3,202.2,16.8
2026-06-10 04:05:00,30.6,61.7,5.0,3,202.0,16.8
2026-06-10 04:10:00,30.0,67.4,4.0,3,61.8,5.1
2026-06-10 04:15:00,30.1,59.0,5.0,3,35.9,2.9
2026-06-10 04:20:00,30.0,62.1,5.0,3,75.8,6.3
2026-06-10 04:25:00,29.4,62.2,5.0,3,124.1,10.3
2026-06-10 04:30:00,28.9,67.0,5.0,3,10.0,0.8
2026-06-10 04:35:00,29.9,65.6,4.0,3,10.0,0.8
2026-06-10 04:40:00,29.3,64.0,5.0,3,38.7,3.2
2026-06-10 04:45:00,31.4,60.0,4.0,3,64.8,5.4
2026-06-10 04:50:00,31.0,56.2,5.0,3,72.1,6.0
2026-06-10 04:55:00,30.3,65.5,4.0,3,10.0,0.7
2026-06-10 05:00:00,29.9,62.0,5.0,3,67.3,5.6
2026-06-10 05:05:00,29.4,63.2,5.0,3,10.0,0.8
2026-06-10 05:10:00,28.3,67.3,5.0,3,110.8,9.2
2026-06-10 05:15:00,29.3,64.1,5.0,3,10.0,0.8
2026-06-10 05:20:00,29.6,65.3,5.0,3,133.5,11.1
2026-06-10 05:25:00,29.7,64.3,4.0,3,89.6,7.5
2026-06-10 05:30:00,29.9,63.2,5.0,3,230.0,19.2
2026-06-10 05:35:00,30.4,62.6,4.0,3,130.0,10.8
2026-06-10 05:40:00,28.9,62.0,4.0,3,87.6,7.3
2026-06-10 05:45:00,28.9,64.0,6.0,3,100.0,8.3
2026-06-10 05:50:00,30.8,63.6,4.0,3,109.4,9.1
2026-06-10 05:55:00,30.2,60.4,5.0,3,52.5,4.4
2026-06-10 06:00:00,28.9,62.9,4.0,0,4.2,0.4
2026-06-10 06:05:00,29.1,62.3,5.0,0,6.9,0.6
2026-06-10 06:10:00,29.1,64.4,5.0,3,82.3,6.9
2026-06-10 06:15:00,29.3,66.6,6.0,2,135.2,11.3
2026-06-10 06:20:00,29.7,64.2,4.0,1,77.2,6.3
2026-06-10 06:25:00,31.5,56.0,5.0,1,70.9,5.9
2026-06-10 06:30:00,29.4,64.9,6.0,3,60.0,5.0
2026-06-10 06:35:00,29.8,62.1,6.0,2,119.7,10.0
2026-06-10 06:40:00,27.7,67.2,5.0,0,3.5,0.3
2026-06-10 06:45:00,28.8,64.2,6.0,3,73.2,6.1
2026-06-10 06:50:00,30.4,60.3,5.0,3,64.4,5.4
2026-06-10 06:55:00,29.6,63.1,6.0,2,5.0,0.4
2026-06-10 07:00:00,26.0,67.6,5.0,1,53.9,4.5
2026-06-10 07:05:00,29.6,63.9,6.0,1,70.4,5.9
2026-06-10 07:10:00,30.9,59.1,6.0,1,65.5,5.6
2026-06-10 07:15:00,26.6,65.0,4.0,0,5.2,0.4
2026-06-10 07:20:00,30.5,63.6,6.0,0,3.5,0.3
2026-06-10 07:25:00,26.0,71.0,5.0,3,72.1,6.0
2026-06-10 07:30:00,29.9,64.1,4.0,0,4.5,0.4
2026-06-10 07:35:00,28.8,62.8,5.0,3,100.7,8.4
2026-06-10 07:40:00,26.2,66.6,6.0,0,6.5,0.6
2026-06-10 07:45:00,29.3,62.0,4.0,1,148.7,12.4
2026-06-10 07:50:00,30.1,64.5,6.0,0,5.4,0.4
2026-06-10 07:55:00,29.2,61.8,5.0,1,10.0,0.8
2026-06-10 08:00:00,29.4,65.5,8.0,0,6.9,0.6
2026-06-10 08:05:00,28.3,66.6,5.0,1,55.7,4.6
2026-06-10 08:10:00,26.6,70.6,9.0,0,7.9,0.7
2026-06-10 08:15:00,29.5,65.8,7.0,0,13.0,1.1
2026-06-10 08:20:00,30.7,62.8,6.0,0,7.3,0.6
2026-06-10 08:25:00,30.0,59.0,9.0,3,153.4,12.8
2026-06-10 08:30:00,26.5,69.2,10.0,3,185.4,15.4
2026-06-10 08:35:00,27.0,67.3,6.0,0,6.7,0.7
2026-06-10 08:40:00,27.8,64.9,5.0,0,4.2,0.4
2026-06-10 08:45:00,26.9,70.4,7.0,3,49.4,4.1
2026-06-10 08:50:00,28.8,63.9,4.0,0,7.3,0.6
2026-06-10 08:55:00,29.2,62.4,4.0,0,8.6,0.7
2026-06-10 09:00:00,27.7,68.8,9.0,0,4.1,0.3
2026-06-10 09:05:00,30.2,61.3,7.0,0,4.4,0.4
2026-06-10 09:10:00,30.0,61.2,5.0,3,10.0,0.8
2026-06-10 09:15:00,28.7,61.9,12.0,1,19.6,1.6
2026-06-10 09:20:00,29.1,62.0,4.0,0,4.2,0.4
2026-06-10 09:25:00,27.1,65.2,7.0,1,37.4,3.1
2026-06-10 09:30:00,28.9,65.7,5.0,3,173.4,14.4
2026-06-10 09:35:00,29.3,61.2,9.0,0,3.5,0.3
2026-06-10 09:40:00,29.5,58.9,5.0,0,5.5,0.4
2026-06-10 09:45:00,29.7,63.8,6.0,0,3.5,0.3
2026-06-10 09:50:00,29.6,61.7,4.0,0,5.3,0.4
2026-06-10 09:55:00,29.0,64.1,10.0,0,6.1,0.5
2026-06-10 10:00:00,30.6,64.7,5.0,0,6.1,0.5
2026-06-10 10:05:00,31.4,60.9,7.0,0,4.5,0.4
2026-06-10 10:10:00,30.2,65.7,6.0,1,65.8,5.5
2026-06-10 10:15:00,30.6,61.7,5.0,0,3.5,0.3
2026-06-10 10:20:00,30.1,64.8,4.0,1,137.2,11.4
2026-06-10 10:25:00,29.6,62.0,6.0,1,88.2,7.4
2026-06-10 10:30:00,30.9,61.7,6.0,3,294.5,24.5
2026-06-10 10:35:00,29.7,61.0,7.0,0,7.9,0.7
2026-06-10 10:40:00,30.7,59.9,9.0,0,3.5,0.3
2026-06-10 10:45:00,30.3,61.8,7.0,0,5.7,0.5
2026-06-10 10:50:00,29.9,59.9,7.0,0,8.5,0.7
2026-06-10 10:55:00,29.9,63.2,6.0,0,5.7,0.5
2026-06-10 11:00:00,31.2,60.1,4.0,0,8.1,0.7
2026-06-10 11:05:00,29.9,63.4,6.0,1,19.1,1.6
2026-06-10 11:10:00,32.2,56.2,5.0,3,150.9,12.6
2026-06-10 11:15:00,32.0,61.3,6.0,0,6.5,0.5
2026-06-10 11:20:00,32.7,62.6,5.0,3,75.0,6.2
2026-06-10 11:25:00,31.1,64.6,4.0,0,3.5,0.3
2026-06-10 11:30:00,33.8,61.5,8.0,1,50.9,4.2
2026-06-10 11:35:00,31.3,60.8,6.0,0,8.1,0.7
2026-06-10 11:40:00,30.8,60.6,6.0,0,4.3,0.4
2026-06-10 11:45:00,30.6,63.0,5.0,0,4.6,0.4
2026-06-10 11:50:00,29.8,62.4,5.0,3,124.1,10.3
2026-06-10 11:55:00,33.4,53.3,5.0,0,6.9,0.6
2026-06-10 12:00:00,34.3,58.1,4.0,0,3.6,0.3
2026-06-10 12:05:00,33.4,56.9,7.0,0,7.4,0.6
2026-06-10 12:10:00,31.8,56.3,6.0,1,120.3,10.0
2026-06-10 12:15:00,34.8,54.0,7.0,0,6.3,0.5
2026-06-10 12:20:00,32.4,58.5,6.0,0,8.8,0.7
2026-06-10 12:25:00,32.5,58.9,6.0,0,7.8,0.6
2026-06-10 12:30:00,34.4,56.0,6.0,0,5.1,0.4
2026-06-10 12:35:00,33.5,60.7,7.0,0,4.7,0.4
2026-06-10 12:40:00,35.2,51.4,5.0,0,4.0,0.3
2026-06-10 12:45:00,33.0,57.7,8.0,0,5.0,0.4
2026-06-10 12:50:00,32.3,57.0,4.0,0,3.7,0.3
2026-06-10 12:55:00,32.1,62.6,6.0,3,118.1,9.8
2026-06-10 13:00:00,31.3,59.0,5.0,0,4.9,0.4
2026-06-10 13:05:00,33.1,56.8,6.0,0,3.5,0.3
2026-06-10 13:10:00,34.7,57.8,7.0,0,3.6,0.3
2026-06-10 13:15:00,34.1,59.5,7.0,3,101.1,8.3
2026-06-10 13:20:00,33.4,61.0,7.0,0,8.2,0.7
2026-06-10 13:25:00,32.3,54.6,6.0,0,3.5,0.3
2026-06-10 13:30:00,33.7,58.0,7.0,3,25.4,2.1
2026-06-10 13:35:00,34.6,56.0,5.0,0,3.5,0.2
2026-06-10 13:40:00,33.9,56.2,6.0,3,191.4,16.0
2026-06-10 13:45:00,33.6,57.0,6.0,0,4.0,0.3
2026-06-10 13:50:00,32.5,61.9,7.0,0,8.2,0.7
2026-06-10 13:55:00,34.4,58.3,6.0,3,34.7,2.9
2026-06-10 14:00:00,29.7,63.2,7.0,2,99.9,8.3
2026-06-10 14:05:00,34.7,55.6,7.0,1,36.9,3.2
2026-06-10 14:10:00,37.8,56.9,7.0,2,54.5,4.5
2026-06-10 14:15:00,32.0,57.3,6.0,3,189.1,15.8
2026-06-10 14:20:00,33.8,52.3,6.0,2,25.5,2.2
2026-06-10 14:25:00,34.2,55.1,6.0,3,152.0,12.6
2026-06-10 14:30:00,33.5,56.7,7.0,1,71.5,5.9
2026-06-10 14:35:00,35.6,57.2,6.0,0,3.6,0.3
2026-06-10 14:40:00,34.8,53.8,5.0,1,84.6,7.0
2026-06-10 14:45:00,34.4,56.6,5.0,4,55.3,4.6
2026-06-10 14:50:00,35.3,50.9,7.0,1,54.5,4.5
2026-06-10 14:55:00,34.2,58.3,7.0,3,229.2,19.1
2026-06-10 15:00:00,39.4,49.8,5.0,2,83.2,6.9
2026-06-10 15:05:00,35.2,53.8,7.0,2,276.8,23.1
2026-06-10 15:10:00,35.3,59.0,7.0,3,167.8,14.0
2026-06-10 15:15:00,32.7,59.6,8.0,2,154.5,12.9
2026-06-10 15:20:00,34.3,53.1,7.0,2,75.9,6.3
2026-06-10 15:25:00,36.6,52.6,7.0,2,122.2,10.2
2026-06-10 15:30:00,33.2,62.7,7.0,2,59.6,5.0
2026-06-10 15:35:00,32.1,62.2,6.0,2,148.2,12.3
2026-06-10 15:40:00,35.0,56.7,8.0,1,21.2,1.8
2026-06-10 15:45:00,36.9,48.4,8.0,2,5.0,0.4
2026-06-10 15:50:00,35.1,57.5,6.0,3,10.0,0.8
2026-06-10 15:55:00,34.5,53.8,8.0,2,159.9,13.3
2026-06-10 16:00:00,32.7,59.9,6.0,6,141.5,11.8
2026-06-10 16:05:00,36.2,51.5,4.0,2,5.0,0.4
2026-06-10 16:10:00,36.5,53.9,8.0,2,70.8,5.9
2026-06-10 16:15:00,32.9,55.2,9.0,2,179.7,15.0
2026-06-10 16:20:00,37.3,51.1,6.0,2,234.9,19.6
2026-06-10 16:25:00,36.7,54.0,5.0,2,5.0,0.4
2026-06-10 16:30:00,37.3,48.9,7.0,2,5.0,0.4
2026-06-10 16:35:00,36.4,58.4,7.0,2,94.8,7.9
2026-06-10 16:40:00,36.5,50.4,10.0,2,150.2,12.4
2026-06-10 16:45:00,36.3,50.5,8.0,3,10.0,0.8
2026-06-10 16:50:00,36.9,53.8,9.0,3,110.2,9.2
2026-06-10 16:55:00,32.8,59.7,8.0,2,46.4,3.9
2026-06-10 17:00:00,33.0,55.6,12.0,2,92.1,7.7
2026-06-10 17:05:00,34.3,52.1,6.0,3,252.0,21.0
2026-06-10 17:10:00,35.4,51.3,8.0,2,97.0,8.1
2026-06-10 17:15:00,36.3,50.0,4.0,3,69.5,5.8
2026-06-10 17:20:00,36.2,53.9,10.0,2,89.1,7.4
2026-06-10 17:25:00,37.6,51.3,11.0,3,10.0,0.8
2026-06-10 17:30:00,37.7,52.5,11.0,3,174.4,14.5
2026-06-10 17:35:00,34.1,56.3,8.0,3,248.2,20.6
2026-06-10 17:40:00,36.1,55.4,5.0,3,34.5,2.9
2026-06-10 17:45:00,34.1,54.2,8.0,3,57.7,4.8
2026-06-10 17:50:00,35.3,51.9,7.0,2,93.3,7.8
2026-06-10 17:55:00,36.2,53.4,11.0,3,248.4,20.7
2026-06-10 18:00:00,28.7,61.1,5.0,3,10.0,0.8
2026-06-10 18:05:00,38.8,50.9,5.0,3,10.5,0.9
2026-06-10 18:10:00,35.6,51.7,9.0,2,98.6,8.2
2026-06-10 18:15:00,33.6,57.6,7.0,3,10.0,0.8
2026-06-10 18:20:00,38.0,48.0,7.0,3,119.3,9.9
2026-06-10 18:25:00,34.0,54.2,5.0,3,79.5,6.6
2026-06-10 18:30:00,34.9,57.5,4.0,3,51.5,4.3
2026-06-10 18:35:00,33.8,52.6,7.0,3,181.6,15.2
2026-06-10 18:40:00,37.5,54.4,8.0,3,176.8,14.7
2026-06-10 18:45:00,34.5,51.1,4.0,3,231.9,19.3
2026-06-10 18:50:00,34.9,50.2,5.0,3,109.7,9.1
2026-06-10 18:55:00,36.7,48.4,5.0,3,172.6,14.4
2026-06-10 19:00:00,34.8,55.2,5.0,2,225.1,18.7
2026-06-10 19:05:00,33.9,57.7,6.0,3,10.0,0.8
2026-06-10 19:10:00,35.5,57.1,5.0,3,168.0,14.0
2026-06-10 19:15:00,37.5,54.5,5.0,3,172.3,14.3
2026-06-10 19:20:00,34.5,57.3,4.0,3,35.0,2.9
2026-06-10 19:25:00,34.2,53.7,5.0,3,157.7,13.1
2026-06-10 19:30:00,34.3,53.6,6.0,3,126.0,10.4
2026-06-10 19:35:00,35.8,55.6,5.0,3,145.3,12.1
2026-06-10 19:40:00,33.2,60.1,6.0,3,188.1,15.7
2026-06-10 19:45:00,33.6,54.0,5.0,3,120.1,10.0
2026-06-10 19:50:00,31.9,61.3,5.0,3,206.7,17.2
2026-06-10 19:55:00,32.4,53.3,5.0,3,10.0,0.8
2026-06-10 20:00:00,32.7,58.7,5.0,3,28.8,2.4
2026-06-10 20:05:00,33.3,57.0,6.0,3,90.6,7.5
2026-06-10 20:10:00,35.9,54.1,5.0,3,37.0,3.1
2026-06-10 20:15:00,34.2,56.4,5.0,3,127.6,10.6
2026-06-10 20:20:00,32.1,56.7,5.0,3,75.1,6.4
2026-06-10 20:25:00,32.4,59.1,4.0,3,78.6,6.5
2026-06-10 20:30:00,35.4,55.2,6.0,3,76.0,6.3
2026-06-10 20:35:00,35.0,57.4,6.0,3,125.8,10.5
2026-06-10 20:40:00,33.5,60.4,6.0,3,104.3,8.7
2026-06-10 20:45:00,32.8,58.0,5.0,3,137.2,11.4
2026-06-10 20:50:00,35.0,53.7,6.0,2,82.0,6.8
2026-06-10 20:55:00,32.0,56.2,5.0,3,70.6,5.9
2026-06-10 21:00:00,33.4,60.8,5.0,3,10.0,0.8
2026-06-10 21:05:00,36.2,58.0,5.0,3,170.0,14.2
2026-06-10 21:10:00,33.1,59.5,5.0,3,36.2,3.0
2026-06-10 21:15:00,31.7,59.2,5.0,3,129.6,10.9
2026-06-10 21:20:00,33.4,59.1,5.0,3,104.7,8.7
2026-06-10 21:25:00,32.1,61.2,4.0,3,299.5,25.0
2026-06-10 21:30:00,30.8,58.7,5.0,3,10.0,0.8
2026-06-10 21:35:00,33.9,57.2,4.0,3,47.0,4.0
2026-06-10 21:40:00,34.5,54.5,5.0,3,137.8,11.5
2026-06-10 21:45:00,32.4,58.2,6.0,3,10.0,0.8
2026-06-10 21:50:00,32.3,61.5,5.0,3,100.9,8.4
2026-06-10 21:55:00,31.4,61.4,6.0,3,10.0,0.8
2026-06-10 22:00:00,31.9,59.4,5.0,3,103.9,8.7
2026-06-10 22:05:00,31.3,54.6,4.0,3,108.0,9.0
2026-06-10 22:10:00,30.7,59.0,4.0,3,167.2,13.9
2026-06-10 22:15:00,34.9,56.7,5.0,3,128.6,10.7
2026-06-10 22:20:00,32.8,58.0,4.0,3,19.4,1.6
2026-06-10 22:25:00,33.0,58.3,4.0,3,109.7,9.1
2026-06-10 22:30:00,33.4,58.3,4.0,3,132.6,11.0
2026-06-10 22:35:00,33.3,56.9,4.0,3,24.6,2.0
2026-06-10 22:40:00,31.5,59.5,4.0,3,190.2,15.8
2026-06-10 22:45:00,32.5,58.4,5.0,3,154.1,12.9
2026-06-10 22:50:00,31.8,57.9,4.0,3,10.0,0.8
2026-06-10 22:55:00,32.8,61.9,5.0,3,106.4,8.9
2026-06-10 23:00:00,32.5,59.2,5.0,3,13.7,1.0
2026-06-10 23:05:00,31.2,57.3,4.0,3,10.0,0.8
2026-06-10 23:10:00,29.4,64.4,5.0,3,54.0,4.5
2026-06-10 23:15:00,32.2,58.8,4.0,3,71.2,5.9
2026-06-10 23:20:00,31.5,61.8,4.0,3,291.5,24.3
2026-06-10 23:25:00,28.4,61.2,4.0,3,56.4,4.6
2026-06-10 23:30:00,32.8,60.6,4.0,3,107.7,8.9
2026-06-10 23:35:00,33.7,59.2,4.0,3,131.0,10.9
2026-06-10 23:40:00,36.6,59.1,4.0,3,72.0,6.0
2026-06-10 23:45:00,31.2,60.3,4.0,3,127.9,10.7
2026-06-10 23:50:00,30.9,59.9,4.0,3,40.8,3.4
2026-06-10 23:55:00,29.8,61.8,4.0,3,10.0,0.8
2026-06-11 00:00:00,31.7,59.8,5.0,3,52.2,4.4
2026-06-11 00:05:00,31.7,57.6,4.0,3,10.0,0.8
2026-06-11 00:10:00,30.4,60.5,4.0,3,156.1,13.0
2026-06-11 00:15:00,31.2,64.7,4.0,3,96.6,8.0
2026-06-11 00:20:00,28.9,60.0,5.0,3,59.5,4.9
2026-06-11 00:25:00,32.6,59.9,5.0,3,153.6,12.8
2026-06-11 00:30:00,30.4,61.0,5.0,3,49.8,4.1
2026-06-11 00:35:00,31.4,63.1,5.0,3,10.0,0.8
2026-06-11 00:40:00,29.6,60.4,5.0,3,54.8,4.6
2026-06-11 00:45:00,30.7,61.2,4.0,2,197.2,16.4
2026-06-11 00:50:00,31.1,61.8,5.0,3,168.7,14.1
2026-06-11 00:55:00,31.4,60.3,5.0,3,190.0,15.8
2026-06-11 01:00:00,31.2,59.3,4.0,3,10.0,0.8
2026-06-11 01:05:00,32.1,59.4,4.0,3,49.9,4.2
2026-06-11 01:10:00,31.4,59.8,5.0,3,165.7,13.8
2026-06-11 01:15:00,31.6,59.6,4.0,3,10.0,0.8
2026-06-11 01:20:00,32.1,61.0,5.0,2,95.0,7.9
2026-06-11 01:25:00,31.3,61.2,4.0,3,74.2,6.2
2026-06-11 01:30:00,30.7,62.2,4.0,3,128.9,10.7
2026-06-11 01:35:00,31.7,60.5,4.0,3,224.7,18.7
2026-06-11 01:40:00,31.7,61.6,5.0,3,60.7,5.1
2026-06-11 01:45:00,31.3,62.7,4.0,3,10.0,0.8
2026-06-11 01:50:00,29.4,62.5,4.0,3,32.3,2.7
2026-06-11 01:55:00,30.0,63.6,6.0,3,311.8,25.9
2026-06-11 02:00:00,30.0,59.3,5.0,3,128.7,10.6
2026-06-11 02:05:00,31.1,55.3,5.0,3,208.5,17.4
2026-06-11 02:10:00,30.2,66.5,4.0,3,100.1,8.3
2026-06-11 02:15:00,31.5,59.3,4.0,3,31.2,2.6
2026-06-11 02:20:00,31.7,60.4,5.0,3,10.0,0.8
2026-06-11 02:25:00,31.6,57.0,4.0,3,60.3,5.0
2026-06-11 02:30:00,31.6,56.9,4.0,3,164.6,13.7
2026-06-11 02:35:00,29.1,62.0,4.0,2,43.8,3.6
2026-06-11 02:40:00,30.8,62.7,4.0,3,10.0,0.8
2026-06-11 02:45:00,29.6,61.7,4.0,3,164.8,13.7
2026-06-11 02:50:00,28.4,64.0,4.0,3,10.0,0.8
2026-06-11 02:55:00,29.9,60.7,4.0,3,74.4,6.2
2026-06-11 03:00:00,31.2,63.0,4.0,3,95.8,8.0
2026-06-11 03:05:00,30.3,63.8,5.0,3,154.2,12.8
2026-06-11 03:10:00,31.9,57.9,4.0,3,75.2,6.3
2026-06-11 03:15:00,30.0,63.8,4.0,3,147.1,12.3
2026-06-11 03:20:00,32.3,57.9,4.0,3,73.2,6.0
2026-06-11 03:25:00,30.0,61.4,4.0,3,135.0,11.2
2026-06-11 03:30:00,29.8,62.4,4.0,3,98.8,8.2
2026-06-11 03:35:00,28.4,66.3,4.0,3,118.0,9.8
2026-06-11 03:40:00,30.9,58.6,5.0,3,116.8,9.7
2026-06-11 03:45:00,29.3,64.5,4.0,3,91.9,7.7
2026-06-11 03:50:00,29.1,69.6,4.0,3,203.3,16.9
2026-06-11 03:55:00,31.1,60.8,4.0,3,153.0,12.8
2026-06-11 04:00:00,30.8,61.1,5.0,3,115.9,9.7
2026-06-11 04:05:00,30.8,60.8,4.0,3,53.0,4.4
2026-06-11 04:10:00,29.2,65.0,4.0,2,78.1,6.5
2026-06-11 04:15:00,29.5,59.0,5.0,3,313.6,26.1
2026-06-11 04:20:00,29.5,67.7,4.0,3,236.3,19.7
2026-06-11 04:25:00,30.4,64.2,5.0,3,13.2,1.1
2026-06-11 04:30:00,31.2,58.6,4.0,3,154.3,12.9
2026-06-11 04:35:00,30.0,62.4,4.0,2,5.0,0.4
2026-06-11 04:40:00,31.7,58.0,5.0,3,210.9,17.6
2026-06-11 04:45:00,30.5,62.3,5.0,3,144.9,12.0
2026-06-11 04:50:00,29.4,63.6,4.0,3,100.8,8.4
2026-06-11 04:55:00,30.5,62.1,5.0,3,47.4,4.0
2026-06-11 05:00:00,31.1,58.7,5.0,3,143.1,11.9
2026-06-11 05:05:00,31.3,59.5,4.0,2,14.0,1.1
2026-06-11 05:10:00,30.6,64.0,4.0,3,21.8,1.9
2026-06-11 05:15:00,29.5,62.2,6.0,3,68.2,5.7
2026-06-11 05:20:00,29.3,58.1,4.0,3,55.6,4.6
2026-06-11 05:25:00,30.0,62.3,5.0,3,146.7,12.2
2026-06-11 05:30:00,31.0,66.1,5.0,3,221.5,18.5
2026-06-11 05:35:00,29.9,64.5,5.0,3,59.3,4.9
2026-06-11 05:40:00,29.9,61.5,5.0,3,67.9,5.7
2026-06-11 05:45:00,29.5,63.3,6.0,3,215.4,18.0
2026-06-11 05:50:00,29.2,65.3,4.0,2,41.9,3.5
2026-06-11 05:55:00,29.3,60.0,5.0,3,54.6,4.6
2026-06-11 06:00:00,29.3,62.0,6.0,3,10.0,0.8
2026-06-11 06:05:00,30.8,62.2,6.0,3,264.9,22.1
2026-06-11 06:10:00,29.0,67.4,6.0,0,4.9,0.4
2026-06-11 06:15:00,29.3,62.9,5.0,0,6.1,0.5
2026-06-11 06:20:00,28.4,68.3,6.0,0,6.6,0.5
2026-06-11 06:25:00,29.9,61.3,5.0,0,5.3,0.4
2026-06-11 06:30:00,30.5,55.1,5.0,0,6.3,0.5
2026-06-11 06:35:00,30.7,63.1,6.0,1,77.1,6.4
2026-06-11 06:40:00,29.4,64.7,6.0,0,7.4,0.5
2026-06-11 06:45:00,29.7,64.6,6.0,0,3.5,0.4
2026-06-11 06:50:00,29.1,65.5,5.0,2,109.6,9.1
2026-06-11 06:55:00,29.7,63.5,5.0,3,190.2,15.8
2026-06-11 07:00:00,29.2,63.2,6.0,0,4.1,0.3
2026-06-11 07:05:00,28.9,63.7,8.0,1,175.6,14.6
2026-06-11 07:10:00,29.0,63.0,7.0,1,42.6,3.7
2026-06-11 07:15:00,29.3,62.7,6.0,0,3.8,0.3
2026-06-11 07:20:00,28.5,60.5,4.0,0,4.8,0.4
2026-06-11 07:25:00,28.5,61.9,4.0,1,39.3,3.3
2026-06-11 07:30:00,30.7,61.1,5.0,3,172.4,14.4
2026-06-11 07:35:00,31.8,54.4,7.0,0,8.0,0.7
2026-06-11 07:40:00,27.5,61.6,4.0,0,7.4,0.6
2026-06-11 07:45:00,27.4,65.7,6.0,0,5.3,0.4
2026-06-11 07:50:00,27.7,65.8,6.0,3,134.6,11.2
2026-06-11 07:55:00,28.7,63.8,6.0,1,100.6,8.3
2026-06-11 08:00:00,29.7,57.3,6.0,0,7.1,0.6
2026-06-11 08:05:00,29.4,67.1,5.0,0,9.7,0.8
2026-06-11 08:10:00,28.9,60.7,4.0,3,94.6,7.9
2026-06-11 08:15:00,29.3,61.6,8.0,0,3.5,0.3
2026-06-11 08:20:00,27.9,62.6,6.0,0,4.2,0.4
2026-06-11 08:25:00,28.4,68.0,4.0,0,5.0,0.4
2026-06-11 08:30:00,28.7,65.5,7.0,0,6.3,0.5
2026-06-11 08:35:00,26.9,66.0,13.0,3,10.0,0.7
2026-06-11 08:40:00,27.4,65.1,6.0,0,6.5,0.5
2026-06-11 08:45:00,27.4,66.8,10.0,0,3.5,0.3
2026-06-11 08:50:00,29.5,60.3,4.0,3,82.5,6.9
2026-06-11 08:55:00,29.0,64.9,6.0,0,5.9,0.5
2026-06-11 09:00:00,29.9,61.4,8.0,0,7.2,0.6
2026-06-11 09:05:00,27.2,68.1,6.0,1,179.4,15.0
2026-06-11 09:10:00,27.6,67.4,5.0,3,80.5,6.7
2026-06-11 09:15:00,30.0,61.2,6.0,3,89.9,7.5
2026-06-11 09:20:00,26.2,63.4,8.0,0,3.5,0.3
2026-06-11 09:25:00,30.6,61.1,10.0,3,152.2,12.7
2026-06-11 09:30:00,27.3,63.2,8.0,0,5.8,0.5
2026-06-11 09:35:00,30.2,62.5,5.0,0,4.3,0.4
2026-06-11 09:40:00,28.3,64.5,6.0,0,3.5,0.3
2026-06-11 09:45:00,30.4,60.6,6.0,0,7.5,0.6
2026-06-11 09:50:00,32.8,55.2,5.0,0,6.4,0.5
2026-06-11 09:55:00,26.8,70.3,6.0,0,3.7,0.3
2026-06-11 10:00:00,31.0,60.3,6.0,0,7.3,0.6
2026-06-11 10:05:00,28.2,70.3,5.0,0,9.7,0.8
2026-06-11 10:10:00,30.7,61.8,7.0,3,234.2,19.5
2026-06-11 10:15:00,30.0,63.5,7.0,3,94.7,7.9
2026-06-11 10:20:00,30.4,62.2,5.0,0,5.7,0.5
2026-06-11 10:25:00,29.2,64.5,6.0,3,83.3,6.8
2026-06-11 10:30:00,31.1,63.6,5.0,0,3.5,0.3
2026-06-11 10:35:00,28.6,67.0,5.0,0,4.9,0.4
2026-06-11 10:40:00,31.7,56.5,7.0,1,24.2,2.0
2026-06-11 10:45:00,29.8,64.8,7.0,0,3.5,0.3
2026-06-11 10:50:00,28.7,65.5,6.0,1,10.0,0.8
2026-06-11 10:55:00,32.1,59.9,7.0,1,103.2,8.6
2026-06-11 11:00:00,31.6,64.4,6.0,1,104.3,8.7
2026-06-11 11:05:00,33.8,61.1,5.0,3,233.8,19.5
2026-06-11 11:10:00,33.0,60.3,6.0,3,31.5,2.6
2026-06-11 11:15:00,30.8,60.2,7.0,0,5.3,0.4
2026-06-11 11:20:00,31.6,57.4,7.0,0,4.7,0.4
2026-06-11 11:25:00,31.8,61.8,4.0,0,7.1,0.6
2026-06-11 11:30:00,33.4,60.8,6.0,0,4.3,0.4
2026-06-11 11:35:00,32.2,54.5,6.0,0,7.3,0.6
2026-06-11 11:40:00,31.9,62.4,4.0,0,3.9,0.3
2026-06-11 11:45:00,31.5,59.8,5.0,0,5.3,0.4
2026-06-11 11:50:00,31.6,55.9,7.0,0,3.5,0.3
2026-06-11 11:55:00,33.1,59.1,8.0,3,98.6,8.1
2026-06-11 12:00:00,32.7,60.8,4.0,0,3.5,0.3
2026-06-11 12:05:00,32.3,58.3,8.0,0,7.1,0.6
2026-06-11 12:10:00,32.1,56.9,4.0,3,103.9,8.7
2026-06-11 12:15:00,32.1,63.8,8.0,0,7.6,0.6
2026-06-11 12:20:00,31.2,59.2,6.0,0,4.2,0.5
2026-06-11 12:25:00,31.9,62.7,5.0,3,31.6,2.6
2026-06-11 12:30:00,34.4,52.1,7.0,0,6.5,0.5
2026-06-11 12:35:00,32.5,59.9,5.0,1,18.1,1.5
2026-06-11 12:40:00,33.5,58.3,7.0,0,7.1,0.6
2026-06-11 12:45:00,30.0,65.0,6.0,3,71.4,6.0
2026-06-11 12:50:00,33.4,61.2,4.0,3,72.5,6.0
2026-06-11 12:55:00,32.6,56.7,5.0,3,169.6,14.1
2026-06-11 13:00:00,32.8,59.5,6.0,1,50.7,4.2
2026-06-11 13:05:00,33.6,53.3,7.0,0,3.5,0.3
2026-06-11 13:10:00,32.8,54.5,6.0,0,6.4,0.6
2026-06-11 13:15:00,30.9,59.6,7.0,0,5.5,0.5
2026-06-11 13:20:00,34.4,56.7,5.0,1,10.0,0.8
2026-06-11 13:25:00,33.7,61.1,7.0,2,227.5,19.0
2026-06-11 13:30:00,33.0,62.6,7.0,0,6.2,0.5
2026-06-11 13:35:00,32.3,58.0,5.0,3,75.9,6.4
2026-06-11 13:40:00,31.7,60.7,7.0,0,5.3,0.4
2026-06-11 13:45:00,33.6,59.3,6.0,0,3.5,0.3
2026-06-11 13:50:00,35.2,56.3,6.0,3,78.3,6.5
2026-06-11 13:55:00,33.6,56.4,6.0,1,47.4,4.0
2026-06-11 14:00:00,32.2,58.2,6.0,1,51.2,4.3
2026-06-11 14:05:00,34.5,55.1,7.0,3,143.0,11.9
2026-06-11 14:10:00,34.1,55.3,7.0,1,110.7,9.2
2026-06-11 14:15:00,35.4,53.5,7.0,1,123.8,10.2
2026-06-11 14:20:00,35.0,54.5,6.0,3,58.6,4.9
2026-06-11 14:25:00,29.9,59.8,6.0,2,71.6,6.0
2026-06-11 14:30:00,34.9,52.2,6.0,2,18.3,1.5
2026-06-11 14:35:00,32.7,59.5,7.0,1,60.4,4.9
2026-06-11 14:40:00,32.1,59.4,7.0,0,5.8,0.5
2026-06-11 14:45:00,33.9,60.6,6.0,2,165.4,13.8
2026-06-11 14:50:00,34.7,56.0,6.0,5,143.3,11.9
2026-06-11 14:55:00,31.8,57.5,5.0,2,114.3,9.5
2026-06-11 15:00:00,35.9,52.2,5.0,2,190.4,15.9
2026-06-11 15:05:00,36.0,53.6,7.0,6,197.0,16.4
2026-06-11 15:10:00,35.0,55.9,8.0,6,184.1,15.3
2026-06-11 15:15:00,33.8,55.4,6.0,2,175.8,14.6
2026-06-11 15:20:00,33.6,53.0,6.0,2,143.9,12.1
2026-06-11 15:25:00,36.4,51.4,6.0,2,127.7,10.5
2026-06-11 15:30:00,32.9,57.0,6.0,2,176.0,14.7
2026-06-11 15:35:00,36.4,54.7,6.0,2,170.4,14.2
2026-06-11 15:40:00,34.8,51.6,7.0,3,21.5,1.8
2026-06-11 15:45:00,34.8,55.4,6.0,2,173.8,14.5
2026-06-11 15:50:00,32.6,57.8,6.0,2,172.2,14.3
2026-06-11 15:55:00,34.8,53.9,6.0,2,94.6,7.9
2026-06-11 16:00:00,36.4,51.5,8.0,2,36.8,3.1
2026-06-11 16:05:00,33.5,54.3,8.0,2,102.1,8.6
2026-06-11 16:10:00,36.3,53.3,5.0,6,128.0,10.7
2026-06-11 16:15:00,35.7,56.2,7.0,2,68.5,5.7
2026-06-11 16:20:00,34.5,57.7,8.0,3,334.9,27.9
2026-06-11 16:25:00,36.8,49.9,8.0,2,27.7,2.3
2026-06-11 16:30:00,32.2,57.0,8.0,3,96.7,8.1
2026-06-11 16:35:00,36.0,48.3,9.0,2,224.6,18.8
2026-06-11 16:40:00,38.0,51.4,6.0,2,99.1,8.3
2026-06-11 16:45:00,37.7,52.9,8.0,2,18.1,1.5
2026-06-11 16:50:00,36.1,56.8,11.0,3,121.5,10.1
2026-06-11 16:55:00,35.1,50.2,8.0,3,77.9,6.4
2026-06-11 17:00:00,34.5,51.8,9.0,3,10.0,0.8
2026-06-11 17:05:00,35.1,54.6,10.0,2,204.4,17.0
2026-06-11 17:10:00,36.6,48.0,7.0,2,108.9,9.2
2026-06-11 17:15:00,34.2,55.7,6.0,3,56.1,4.7
2026-06-11 17:20:00,36.9,54.0,9.0,3,10.0,0.8
2026-06-11 17:25:00,39.4,48.0,4.0,3,149.5,12.5
2026-06-11 17:30:00,35.5,54.1,9.0,2,177.6,14.8
2026-06-11 17:35:00,33.2,52.9,10.0,3,138.2,11.5
2026-06-11 17:40:00,33.2,60.2,4.0,3,152.7,12.7
2026-06-11 17:45:00,37.0,52.7,9.0,2,71.2,5.9
2026-06-11 17:50:00,35.5,52.0,8.0,2,146.4,12.2
2026-06-11 17:55:00,37.2,48.4,12.0,2,149.9,12.5
2026-06-11 18:00:00,33.7,56.8,8.0,3,15.0,1.2
2026-06-11 18:05:00,36.0,56.9,7.0,3,10.0,0.8
2026-06-11 18:10:00,34.3,53.0,8.0,2,108.2,9.0
2026-06-11 18:15:00,33.3,55.0,5.0,2,51.0,4.2
2026-06-11 18:20:00,33.9,53.5,6.0,3,10.0,0.8
2026-06-11 18:25:00,32.5,61.3,6.0,3,136.7,11.4
2026-06-11 18:30:00,38.1,48.0,5.0,3,66.7,5.6
2026-06-11 18:35:00,34.4,58.5,6.0,3,10.0,0.9
2026-06-11 18:40:00,35.7,52.5,6.0,3,149.8,12.5
2026-06-11 18:45:00,33.7,55.5,6.0,2,131.2,10.9
2026-06-11 18:50:00,32.8,55.8,6.0,3,178.0,14.8
2026-06-11 18:55:00,34.2,55.8,6.0,3,96.2,8.0
2026-06-11 19:00:00,35.5,52.4,6.0,3,50.1,4.2
2026-06-11 19:05:00,33.3,59.1,5.0,3,81.7,6.8
2026-06-11 19:10:00,32.8,59.8,5.0,3,204.4,17.0
2026-06-11 19:15:00,34.2,53.4,6.0,3,194.4,16.2
2026-06-11 19:20:00,34.7,56.6,6.0,3,81.4,6.8
2026-06-11 19:25:00,36.2,52.5,5.0,3,113.3,9.4
2026-06-11 19:30:00,34.5,55.4,5.0,3,501.6,41.8
2026-06-11 19:35:00,34.9,58.3,5.0,3,287.4,23.9
2026-06-11 19:40:00,35.0,53.1,5.0,3,105.5,8.8
2026-06-11 19:45:00,32.4,59.9,5.0,3,227.3,18.9
2026-06-11 19:50:00,32.7,58.4,5.0,2,146.8,12.2
2026-06-11 19:55:00,32.5,57.2,5.0,3,135.3,11.3
2026-06-11 20:00:00,31.5,59.9,6.0,3,232.0,19.3
2026-06-11 20:05:00,34.5,56.5,5.0,3,38.8,3.2
2026-06-11 20:10:00,33.8,54.3,5.0,3,166.8,13.9
2026-06-11 20:15:00,33.5,55.7,5.0,3,191.7,16.0
2026-06-11 20:20:00,29.7,58.7,5.0,3,100.0,8.3
2026-06-11 20:25:00,36.3,53.5,5.0,3,64.5,5.4
2026-06-11 20:30:00,32.1,61.3,6.0,3,122.0,10.1
2026-06-11 20:35:00,36.3,55.3,4.0,2,6.3,0.5
2026-06-11 20:40:00,31.3,56.3,6.0,3,10.0,0.8
2026-06-11 20:45:00,32.2,57.8,6.0,3,67.5,5.6
2026-06-11 20:50:00,30.3,60.8,5.0,3,53.7,4.5
2026-06-11 20:55:00,33.9,58.2,5.0,3,177.3,14.8
2026-06-11 21:00:00,31.2,58.3,5.0,3,147.5,12.3
2026-06-11 21:05:00,31.2,57.2,5.0,3,159.0,13.2
2026-06-11 21:10:00,30.8,59.8,4.0,3,205.8,17.2
2026-06-11 21:15:00,34.0,58.1,4.0,2,288.9,24.1
2026-06-11 21:20:00,33.9,57.5,4.0,3,10.0,0.8
2026-06-11 21:25:00,35.5,54.0,5.0,3,244.6,20.4
2026-06-11 21:30:00,31.8,62.3,5.0,3,182.8,15.3
2026-06-11 21:35:00,33.1,57.6,5.0,3,10.0,0.8
2026-06-11 21:40:00,30.9,60.2,5.0,3,170.7,14.2
2026-06-11 21:45:00,32.3,57.3,4.0,3,152.2,12.7
2026-06-11 21:50:00,32.0,60.9,5.0,3,138.5,11.5
2026-06-11 21:55:00,33.5,58.5,5.0,3,20.5,1.7
2026-06-11 22:00:00,33.6,58.2,6.0,3,101.4,8.4
2026-06-11 22:05:00,33.6,55.5,4.0,3,160.9,13.4
2026-06-11 22:10:00,30.9,62.2,5.0,3,106.2,8.8
2026-06-11 22:15:00,33.6,59.1,6.0,3,10.0,0.8
2026-06-11 22:20:00,32.1,60.9,5.0,3,71.1,5.9
2026-06-11 22:25:00,31.6,59.5,5.0,3,134.2,11.1
2026-06-11 22:30:00,31.1,59.8,5.0,3,86.9,7.2
2026-06-11 22:35:00,31.3,59.4,4.0,3,268.5,22.4
2026-06-11 22:40:00,34.7,61.0,4.0,3,169.3,14.1
2026-06-11 22:45:00,32.6,57.5,4.0,3,165.8,13.8
2026-06-11 22:50:00,32.4,56.5,4.0,3,119.2,10.0
2026-06-11 22:55:00,31.7,58.7,5.0,3,64.8,5.4
2026-06-11 23:00:00,36.4,56.9,4.0,3,252.9,21.1
2026-06-11 23:05:00,34.3,60.8,5.0,3,71.2,5.9
2026-06-11 23:10:00,30.5,59.0,4.0,3,110.3,9.2
2026-06-11 23:15:00,31.4,59.7,4.0,3,96.7,8.1
2026-06-11 23:20:00,31.5,60.8,5.0,3,10.0,0.8
2026-06-11 23:25:00,32.1,62.1,4.0,3,143.2,11.9
2026-06-11 23:30:00,30.6,62.1,4.0,3,190.1,15.8
2026-06-11 23:35:00,32.7,62.2,4.0,3,53.9,4.6
2026-06-11 23:40:00,34.6,59.3,4.0,3,78.3,6.5
2026-06-11 23:45:00,29.4,61.4,4.0,3,32.1,2.7
2026-06-11 23:50:00,29.8,62.7,5.0,3,262.3,21.9
2026-06-11 23:55:00,31.0,58.7,4.0,3,142.5,11.9
2026-06-12 00:00:00,30.8,58.6,7.0,3,220.3,18.4
2026-06-12 00:05:00,33.8,60.0,4.0,3,68.2,5.7
2026-06-12 00:10:00,32.6,59.9,7.0,3,153.5,12.8
2026-06-12 00:15:00,32.5,61.0,5.0,3,10.0,0.8
2026-06-12 00:20:00,31.0,59.7,4.0,3,51.8,4.3
2026-06-12 00:25:00,30.9,62.7,5.0,3,283.5,23.6
2026-06-12 00:30:00,29.5,63.0,4.0,3,140.7,11.7
2026-06-12 00:35:00,32.3,59.8,5.0,3,75.9,6.4
2026-06-12 00:40:00,31.9,60.5,4.0,3,10.0,0.8
2026-06-12 00:45:00,32.9,59.9,5.0,3,120.9,10.1
2026-06-12 00:50:00,31.0,59.7,4.0,3,67.9,5.7
2026-06-12 00:55:00,31.1,60.3,4.0,3,179.6,15.0
2026-06-12 01:00:00,30.8,61.7,5.0,3,10.0,0.8
2026-06-12 01:05:00,31.5,59.5,5.0,3,183.3,15.3
2026-06-12 01:10:00,29.3,60.6,4.0,3,65.1,5.4
2026-06-12 01:15:00,31.3,61.0,4.0,3,13.7,1.1
2026-06-12 01:20:00,30.6,62.8,5.0,3,121.2,10.1
2026-06-12 01:25:00,29.7,64.4,5.0,2,227.1,18.9
2026-06-12 01:30:00,28.7,64.8,4.0,3,264.9,22.1
2026-06-12 01:35:00,30.5,62.9,5.0,3,168.6,14.0
2026-06-12 01:40:00,32.0,61.3,5.0,3,132.2,11.0
2026-06-12 01:45:00,32.2,59.5,5.0,3,57.7,4.8
2026-06-12 01:50:00,31.0,57.3,5.0,3,229.7,19.1
2026-06-12 01:55:00,32.4,61.0,4.0,3,135.6,11.3
2026-06-12 02:00:00,30.1,60.1,5.0,3,10.0,0.8
2026-06-12 02:05:00,31.2,57.9,4.0,3,172.0,14.3
2026-06-12 02:10:00,29.7,60.2,5.0,3,126.1,10.5
2026-06-12 02:15:00,29.6,68.9,4.0,2,111.4,9.3
2026-06-12 02:20:00,29.4,64.3,4.0,3,94.2,7.8
2026-06-12 02:25:00,27.8,63.2,4.0,3,214.1,17.8
2026-06-12 02:30:00,31.6,58.3,4.0,3,39.8,3.3
2026-06-12 02:35:00,29.4,63.3,4.0,3,58.3,4.9
2026-06-12 02:40:00,29.3,64.7,4.0,3,89.0,7.4
2026-06-12 02:45:00,28.8,64.8,5.0,3,140.8,11.7
2026-06-12 02:50:00,29.9,60.3,4.0,3,50.8,4.2
2026-06-12 02:55:00,32.1,60.0,4.0,3,16.8,1.4
2026-06-12 03:00:00,31.9,57.6,4.0,3,86.5,7.2
2026-06-12 03:05:00,27.9,68.1,5.0,3,59.9,5.0
2026-06-12 03:10:00,29.3,63.4,4.0,3,249.3,20.8
2026-06-12 03:15:00,28.6,62.6,4.0,3,10.0,0.8
2026-06-12 03:20:00,30.7,62.7,4.0,3,181.6,15.1
2026-06-12 03:25:00,30.0,63.1,4.0,3,10.0,0.8
2026-06-12 03:30:00,29.0,62.6,4.0,3,96.5,8.0
2026-06-12 03:35:00,29.8,64.2,5.0,2,166.5,13.9
2026-06-12 03:40:00,29.2,65.0,5.0,3,10.0,0.8
2026-06-12 03:45:00,31.4,62.8,4.0,3,10.0,0.8
2026-06-12 03:50:00,30.3,63.4,5.0,3,219.6,18.3
2026-06-12 03:55:00,30.4,61.0,4.0,3,167.2,13.9
2026-06-12 04:00:00,26.7,63.7,4.0,3,108.6,9.0
2026-06-12 04:05:00,29.4,63.9,4.0,3,114.6,9.5
2026-06-12 04:10:00,31.7,60.3,5.0,3,35.8,3.0
2026-06-12 04:15:00,30.9,60.9,5.0,3,62.5,5.2
2026-06-12 04:20:00,27.6,58.7,6.0,3,42.4,3.5
2026-06-12 04:25:00,29.2,65.5,5.0,3,56.8,4.7
2026-06-12 04:30:00,28.2,63.1,5.0,3,84.4,7.0
2026-06-12 04:35:00,31.3,61.9,4.0,3,220.2,18.3
2026-06-12 04:40:00,29.8,67.1,4.0,3,155.3,12.9
2026-06-12 04:45:00,28.7,64.0,4.0,3,130.4,10.9
2026-06-12 04:50:00,29.5,64.4,4.0,2,98.6,8.1
2026-06-12 04:55:00,26.8,68.0,4.0,3,15.7,1.3
2026-06-12 05:00:00,28.4,66.2,6.0,3,142.4,11.9
2026-06-12 05:05:00,29.4,63.7,5.0,3,10.0,0.9
2026-06-12 05:10:00,30.2,61.2,6.0,2,50.7,4.2
2026-06-12 05:15:00,27.6,64.5,5.0,3,42.1,3.5
2026-06-12 05:20:00,29.0,67.5,6.0,3,10.0,0.8
2026-06-12 05:25:00,30.3,63.0,4.0,2,174.1,14.5
2026-06-12 05:30:00,28.0,67.5,5.0,3,70.3,5.9
2026-06-12 05:35:00,29.6,64.0,5.0,3,77.7,6.5
2026-06-12 05:40:00,29.4,65.6,5.0,3,64.8,5.4
2026-06-12 05:45:00,31.0,59.1,5.0,3,101.4,8.5
2026-06-12 05:50:00,29.2,64.0,4.0,3,116.2,9.7
2026-06-12 05:55:00,29.2,64.9,6.0,3,220.8,18.4
2026-06-12 06:00:00,29.9,65.4,5.0,3,31.7,2.6
2026-06-12 06:05:00,27.9,71.0,5.0,3,29.6,2.6
2026-06-12 06:10:00,28.9,65.2,7.0,3,93.4,7.8
2026-06-12 06:15:00,28.7,63.4,5.0,0,5.2,0.4
2026-06-12 06:20:00,29.0,61.8,5.0,3,129.7,10.8
2026-06-12 06:25:00,29.9,61.0,5.0,3,106.3,8.9
2026-06-12 06:30:00,29.6,61.7,6.0,0,4.8,0.4
2026-06-12 06:35:00,28.4,59.3,5.0,3,263.7,22.0
2026-06-12 06:40:00,29.2,62.6,6.0,3,177.5,14.8
2026-06-12 06:45:00,30.5,63.3,6.0,3,223.8,18.6
2026-06-12 06:50:00,28.4,65.3,5.0,3,142.7,11.9
2026-06-12 06:55:00,29.2,63.4,6.0,3,110.3,9.2
2026-06-12 07:00:00,28.5,61.0,5.0,1,137.1,11.4
2026-06-12 07:05:00,28.6,67.2,5.0,0,3.5,0.3
2026-06-12 07:10:00,26.9,68.5,4.0,0,7.5,0.6
2026-06-12 07:15:00,30.3,62.1,6.0,0,5.6,0.5
2026-06-12 07:20:00,27.8,60.6,6.0,0,3.5,0.3
2026-06-12 07:25:00,29.8,61.7,7.0,0,8.2,0.7
2026-06-12 07:30:00,28.0,66.7,7.0,3,10.0,0.8
2026-06-12 07:35:00,28.0,65.5,8.0,0,6.4,0.5
2026-06-12 07:40:00,30.0,63.0,5.0,3,107.0,8.9
2026-06-12 07:45:00,29.8,64.5,6.0,0,7.3,0.5
2026-06-12 07:50:00,28.9,64.6,5.0,0,4.9,0.4
2026-06-12 07:55:00,29.5,64.9,7.0,2,36.4,3.0
2026-06-12 08:00:00,28.3,63.0,4.0,3,73.8,6.1
2026-06-12 08:05:00,28.6,61.7,8.0,0,5.5,0.5
2026-06-12 08:10:00,27.8,67.0,5.0,3,76.1,6.3
2026-06-12 08:15:00,29.6,64.7,8.0,3,189.2,15.8
2026-06-12 08:20:00,27.8,67.1,9.0,0,7.6,0.6
2026-06-12 08:25:00,30.2,62.5,4.0,0,6.4,0.5
2026-06-12 08:30:00,28.2,64.4,4.0,0,5.2,0.4
2026-06-12 08:35:00,28.6,65.1,7.0,0,4.2,0.4
2026-06-12 08:40:00,29.4,64.3,7.0,0,3.5,0.3
2026-06-12 08:45:00,28.6,65.7,6.0,0,7.3,0.6
2026-06-12 08:50:00,28.3,71.0,5.0,0,7.4,0.6
2026-06-12 08:55:00,28.6,62.4,5.0,1,111.0,9.2
2026-06-12 09:00:00,30.2,70.0,7.0,0,7.0,0.6
2026-06-12 09:05:00,28.4,62.0,5.0,0,7.8,0.6
2026-06-12 09:10:00,29.0,65.0,7.0,3,10.0,0.7
2026-06-12 09:15:00,29.2,60.9,5.0,0,3.6,0.3
2026-06-12 09:20:00,30.1,63.2,6.0,0,4.8,0.4
2026-06-12 09:25:00,29.1,66.3,8.0,0,4.5,0.4
2026-06-12 09:30:00,31.2,60.8,8.0,0,3.5,0.3
2026-06-12 09:35:00,29.0,66.4,4.0,1,10.0,0.8
2026-06-12 09:40:00,28.9,63.2,5.0,1,119.4,10.0
2026-06-12 09:45:00,29.0,59.2,8.0,3,197.8,16.5
2026-06-12 09:50:00,27.7,67.6,4.0,3,157.4,13.0
2026-06-12 09:55:00,28.0,65.7,9.0,0,4.3,0.4
2026-06-12 10:00:00,29.6,62.2,6.0,0,5.8,0.5
2026-06-12 10:05:00,31.4,59.9,5.0,3,121.3,10.1
2026-06-12 10:10:00,30.1,63.4,6.0,0,7.6,0.6
2026-06-12 10:15:00,29.6,61.4,8.0,0,6.5,0.5
2026-06-12 10:20:00,31.5,61.5,4.0,3,173.0,14.4
2026-06-12 10:25:00,31.9,62.7,7.0,0,4.2,0.4
2026-06-12 10:30:00,31.6,65.0,8.0,0,7.4,0.6
2026-06-12 10:35:00,29.2,66.9,6.0,0,6.1,0.5
2026-06-12 10:40:00,29.6,63.6,6.0,0,3.5,0.3
2026-06-12 10:45:00,32.2,60.3,6.0,0,5.9,0.5
2026-06-12 10:50:00,30.4,61.3,7.0,0,7.1,0.6
2026-06-12 10:55:00,29.9,61.8,5.0,0,6.6,0.5
2026-06-12 11:00:00,32.4,61.1,6.0,3,10.0,0.8
2026-06-12 11:05:00,32.7,57.8,6.0,0,3.5,0.2
2026-06-12 11:10:00,31.0,62.0,7.0,0,3.7,0.3
2026-06-12 11:15:00,31.8,57.6,10.0,1,103.8,8.6
2026-06-12 11:20:00,32.6,62.0,5.0,0,9.7,0.8
2026-06-12 11:25:00,30.3,61.5,6.0,0,3.8,0.3
2026-06-12 11:30:00,31.6,62.9,5.0,1,157.2,13.0
2026-06-12 11:35:00,30.4,60.4,5.0,0,5.7,0.5
2026-06-12 11:40:00,30.5,60.1,5.0,0,3.5,0.3
2026-06-12 11:45:00,31.0,64.4,4.0,0,8.2,0.7
2026-06-12 11:50:00,32.1,58.0,8.0,0,7.2,0.6
2026-06-12 11:55:00,31.2,57.1,7.0,3,134.5,11.2
2026-06-12 12:00:00,31.9,57.2,6.0,0,9.0,0.8
2026-06-12 12:05:00,32.7,60.7,5.0,0,3.5,0.3
2026-06-12 12:10:00,31.4,62.5,6.0,0,8.0,0.6
2026-06-12 12:15:00,33.1,56.0,5.0,0,3.5,0.3
2026-06-12 12:20:00,33.9,55.1,6.0,3,10.0,0.8
2026-06-12 12:25:00,32.6,60.4,7.0,0,8.7,0.7
2026-06-12 12:30:00,32.4,62.3,5.0,0,3.5,0.3
2026-06-12 12:35:00,33.1,57.8,5.0,1,77.8,6.5
2026-06-12 12:40:00,30.4,63.5,6.0,0,7.7,0.6
2026-06-12 12:45:00,33.2,60.0,8.0,3,131.7,11.0
2026-06-12 12:50:00,36.1,58.6,7.0,1,150.1,12.5
2026-06-12 12:55:00,32.5,56.0,4.0,0,5.7,0.5
2026-06-12 13:00:00,33.1,55.9,7.0,0,6.9,0.6
2026-06-12 13:05:00,34.1,54.7,7.0,0,6.7,0.6
2026-06-12 13:10:00,35.2,56.5,6.0,0,6.5,0.4
2026-06-12 13:15:00,34.4,54.9,8.0,0,10.4,0.9
2026-06-12 13:20:00,30.8,62.1,6.0,0,9.3,0.8
2026-06-12 13:25:00,33.9,56.7,6.0,3,10.0,0.8
2026-06-12 13:30:00,36.2,52.7,7.0,3,29.8,2.5
2026-06-12 13:35:00,34.0,56.5,7.0,0,6.7,0.6
2026-06-12 13:40:00,32.0,62.1,6.0,0,6.0,0.5
2026-06-12 13:45:00,33.6,54.3,6.0,0,8.6,0.7
2026-06-12 13:50:00,31.8,59.3,7.0,3,59.9,5.0
2026-06-12 13:55:00,34.7,52.0,7.0,0,8.7,0.7
2026-06-12 14:00:00,32.7,58.0,7.0,2,128.9,10.7
2026-06-12 14:05:00,34.1,55.4,7.0,0,5.8,0.5
2026-06-12 14:10:00,32.8,59.9,5.0,3,74.8,6.1
2026-06-12 14:15:00,33.3,56.8,6.0,2,48.6,4.0
2026-06-12 14:20:00,36.2,52.3,6.0,2,34.6,2.9
2026-06-12 14:25:00,34.2,55.1,7.0,0,5.7,0.5
2026-06-12 14:30:00,33.2,61.0,7.0,4,55.2,4.6
2026-06-12 14:35:00,32.4,54.1,7.0,2,111.4,9.3
2026-06-12 14:40:00,31.4,57.5,5.0,1,10.0,0.8
2026-06-12 14:45:00,32.2,58.1,6.0,1,43.7,3.6
2026-06-12 14:50:00,34.2,54.2,6.0,2,181.3,15.1
2026-06-12 14:55:00,35.4,55.5,6.0,1,10.0,0.8
2026-06-12 15:00:00,34.1,55.5,7.0,2,120.4,10.0
2026-06-12 15:05:00,37.0,52.9,8.0,2,105.0,8.8
2026-06-12 15:10:00,33.9,56.1,8.0,2,5.0,0.4
2026-06-12 15:15:00,34.5,55.0,6.0,3,116.4,9.7
2026-06-12 15:20:00,33.4,53.6,6.0,1,50.2,4.2
2026-06-12 15:25:00,36.2,53.7,6.0,2,84.4,7.0
2026-06-12 15:30:00,37.7,48.0,7.0,3,161.8,13.5
2026-06-12 15:35:00,32.5,56.0,8.0,2,5.0,0.4
2026-06-12 15:40:00,34.4,56.4,8.0,3,310.7,25.9
2026-06-12 15:45:00,36.6,55.5,7.0,1,73.0,6.1
2026-06-12 15:50:00,32.9,62.2,7.0,3,39.7,3.3
2026-06-12 15:55:00,35.7,52.9,8.0,3,110.3,9.2
2026-06-12 16:00:00,37.3,49.9,6.0,2,104.5,8.7
2026-06-12 16:05:00,35.5,55.1,9.0,2,99.6,8.3
2026-06-12 16:10:00,36.2,57.4,9.0,2,95.5,8.0
2026-06-12 16:15:00,38.1,54.6,7.0,3,91.1,7.6
2026-06-12 16:20:00,38.4,48.4,8.0,2,97.6,8.1
2026-06-12 16:25:00,35.3,53.8,8.0,3,10.0,0.8
2026-06-12 16:30:00,34.6,56.8,7.0,3,10.0,0.8
2026-06-12 16:35:00,34.0,57.6,7.0,2,139.2,11.6
2026-06-12 16:40:00,36.9,53.7,7.0,2,144.2,12.0
2026-06-12 16:45:00,33.3,55.2,11.0,2,126.4,10.4
2026-06-12 16:50:00,35.0,55.7,7.0,6,103.0,8.6
2026-06-12 16:55:00,35.6,55.9,8.0,3,14.6,1.1
2026-06-12 17:00:00,34.6,52.2,10.0,2,175.6,14.7
2026-06-12 17:05:00,36.0,56.9,8.0,6,128.1,10.7
2026-06-12 17:10:00,40.0,51.6,9.0,3,49.1,4.1
2026-06-12 17:15:00,35.3,51.9,10.0,2,5.0,0.4
2026-06-12 17:20:00,34.7,57.2,6.0,3,64.7,5.4
2026-06-12 17:25:00,37.3,54.1,4.0,3,10.0,0.9
2026-06-12 17:30:00,35.9,55.7,7.0,3,71.4,6.0
2026-06-12 17:35:00,38.1,55.3,13.0,2,21.8,1.8
2026-06-12 17:40:00,35.8,53.4,7.0,3,82.6,6.9
2026-06-12 17:45:00,35.1,55.1,9.0,2,134.4,11.2
2026-06-12 17:50:00,32.3,49.9,5.0,2,100.4,8.4
2026-06-12 17:55:00,32.6,60.1,12.0,4,67.0,5.6
2026-06-12 18:00:00,31.3,61.1,6.0,3,18.8,1.6
2026-06-12 18:05:00,35.2,57.8,5.0,3,164.6,13.7
2026-06-12 18:10:00,32.1,55.0,6.0,2,32.8,2.7
2026-06-12 18:15:00,36.7,55.1,9.0,3,10.0,0.8
2026-06-12 18:20:00,34.6,57.5,7.0,3,122.6,10.2
2026-06-12 18:25:00,34.1,53.5,6.0,2,134.0,11.2
2026-06-12 18:30:00,33.0,59.4,4.0,3,78.0,6.5
2026-06-12 18:35:00,35.6,54.9,8.0,3,105.8,8.8
2026-06-12 18:40:00,33.1,51.8,5.0,2,157.3,13.1
2026-06-12 18:45:00,32.8,58.3,5.0,2,40.9,3.4
2026-06-12 18:50:00,36.6,50.5,5.0,3,134.8,11.2
2026-06-12 18:55:00,35.1,49.7,8.0,2,49.7,4.1
2026-06-12 19:00:00,33.6,57.2,5.0,3,124.1,10.3
2026-06-12 19:05:00,34.8,54.8,4.0,3,10.0,0.9
2026-06-12 19:10:00,33.9,59.2,5.0,3,75.7,6.3
2026-06-12 19:15:00,34.4,55.8,5.0,3,139.3,11.6
2026-06-12 19:20:00,32.8,59.1,5.0,3,142.3,11.9
2026-06-12 19:25:00,36.7,53.9,5.0,3,28.1,2.3
2026-06-12 19:30:00,33.1,59.3,4.0,3,10.0,0.8
2026-06-12 19:35:00,36.0,51.5,5.0,3,148.5,12.4
2026-06-12 19:40:00,33.6,56.8,5.0,3,141.3,11.8
2026-06-12 19:45:00,35.0,54.4,5.0,3,10.0,0.8
2026-06-12 19:50:00,34.9,56.3,4.0,3,10.0,0.8
2026-06-12 19:55:00,35.5,54.7,5.0,3,62.2,5.2
2026-06-12 20:00:00,32.1,57.2,5.0,3,28.4,2.4
2026-06-12 20:05:00,34.8,55.0,5.0,3,107.6,9.0
2026-06-12 20:10:00,35.9,58.0,6.0,3,214.9,17.9
2026-06-12 20:15:00,32.9,54.1,4.0,3,10.0,0.8
2026-06-12 20:20:00,33.3,58.7,5.0,3,83.3,6.9
2026-06-12 20:25:00,32.5,60.7,6.0,3,27.0,2.2
2026-06-12 20:30:00,32.8,59.0,5.0,3,161.2,13.4
2026-06-12 20:35:00,35.7,58.9,4.0,3,166.9,13.9
2026-06-12 20:40:00,31.9,60.6,5.0,3,14.7,1.2
2026-06-12 20:45:00,31.9,59.5,5.0,3,190.5,15.8
2026-06-12 20:50:00,35.6,53.9,4.0,3,167.2,13.9
2026-06-12 20:55:00,34.2,57.1,5.0,3,79.0,6.6
2026-06-12 21:00:00,35.8,56.7,5.0,3,159.3,13.3
2026-06-12 21:05:00,32.0,58.8,4.0,3,10.0,0.8
2026-06-12 21:10:00,32.9,56.6,5.0,3,261.3,21.8
2026-06-12 21:15:00,31.7,56.8,4.0,3,98.3,8.2
2026-06-12 21:20:00,32.9,58.3,6.0,3,204.2,17.0
2026-06-12 21:25:00,30.1,57.7,4.0,3,40.6,3.3
2026-06-12 21:30:00,33.7,56.4,4.0,3,10.0,0.8
2026-06-12 21:35:00,33.2,53.1,4.0,3,134.4,11.2
2026-06-12 21:40:00,32.6,59.9,5.0,3,28.0,2.3
2026-06-12 21:45:00,32.1,60.9,4.0,2,5.0,0.4
2026-06-12 21:50:00,31.4,59.5,5.0,3,37.5,3.1
2026-06-12 21:55:00,33.8,60.7,4.0,2,92.2,7.7
2026-06-12 22:00:00,30.3,63.2,4.0,3,114.2,9.5
2026-06-12 22:05:00,32.8,59.3,4.0,3,166.6,13.9
2026-06-12 22:10:00,35.0,56.2,5.0,3,124.5,10.4
2026-06-12 22:15:00,34.2,56.4,4.0,3,186.0,15.5
2026-06-12 22:20:00,29.8,62.2,5.0,3,75.3,6.3
2026-06-12 22:25:00,31.2,59.6,5.0,3,212.8,17.7
2026-06-12 22:30:00,32.6,59.6,4.0,3,165.4,13.8
2026-06-12 22:35:00,31.9,60.4,5.0,3,10.0,0.8
2026-06-12 22:40:00,30.0,60.5,5.0,2,96.4,8.0
2026-06-12 22:45:00,32.6,60.6,5.0,3,148.9,12.4
2026-06-12 22:50:00,32.0,58.7,4.0,3,95.3,7.9
2026-06-12 22:55:00,34.8,56.6,4.0,3,22.7,1.9
2026-06-12 23:00:00,31.3,59.1,4.0,2,17.3,1.4
2026-06-12 23:05:00,33.9,58.7,4.0,3,143.3,11.8
2026-06-12 23:10:00,29.4,64.9,4.0,3,129.9,10.8
2026-06-12 23:15:00,29.9,60.1,4.0,3,151.2,12.6
2026-06-12 23:20:00,33.1,60.2,4.0,3,10.0,0.8
2026-06-12 23:25:00,33.8,58.5,4.0,3,10.0,0.8
2026-06-12 23:30:00,30.0,58.0,5.0,3,62.0,5.2
2026-06-12 23:35:00,31.8,61.2,5.0,3,67.6,5.6
2026-06-12 23:40:00,29.2,61.0,4.0,3,134.0,11.2
2026-06-12 23:45:00,31.4,61.0,5.0,3,10.0,0.8
2026-06-12 23:50:00,33.3,61.0,6.0,3,147.7,12.3
2026-06-12 23:55:00,31.0,61.1,4.0,3,164.1,13.7
2026-06-13 00:00:00,31.2,61.2,5.0,3,169.7,14.1
2026-06-13 00:05:00,30.1,60.4,6.0,3,165.8,13.8
2026-06-13 00:10:00,30.7,62.1,6.0,3,10.0,0.8
2026-06-13 00:15:00,33.7,58.5,4.0,3,15.3,1.3
2026-06-13 00:20:00,31.6,57.6,4.0,3,74.5,6.2
2026-06-13 00:25:00,30.2,62.7,5.0,3,78.7,6.6
2026-06-13 00:30:00,31.1,62.4,5.0,3,10.0,0.8
2026-06-13 00:35:00,29.5,64.1,5.0,3,108.0,9.0
2026-06-13 00:40:00,30.2,64.5,4.0,2,59.3,4.9
2026-06-13 00:45:00,33.2,60.2,4.0,3,133.5,11.1
2026-06-13 00:50:00,31.3,61.4,6.0,3,123.3,10.3
2026-06-13 00:55:00,33.8,60.2,5.0,3,106.7,8.9
2026-06-13 01:00:00,30.7,59.8,5.0,3,129.2,10.8
2026-06-13 01:05:00,30.8,58.3,4.0,3,73.2,6.1
2026-06-13 01:10:00,31.4,59.5,4.0,3,142.4,11.9
2026-06-13 01:15:00,28.4,66.4,5.0,3,131.9,11.0
2026-06-13 01:20:00,31.0,59.7,4.0,2,96.0,8.0
2026-06-13 01:25:00,30.8,61.9,4.0,3,26.9,2.2
2026-06-13 01:30:00,32.2,60.3,5.0,3,258.6,21.6
2026-06-13 01:35:00,31.7,60.4,5.0,3,230.7,19.2
2026-06-13 01:40:00,29.8,60.3,4.0,2,171.7,14.3
2026-06-13 01:45:00,32.0,60.2,5.0,3,158.0,13.2
2026-06-13 01:50:00,30.6,60.7,5.0,3,197.1,16.4
2026-06-13 01:55:00,30.0,65.1,4.0,3,124.9,10.3
2026-06-13 02:00:00,30.6,64.2,5.0,3,67.4,5.6
2026-06-13 02:05:00,30.1,61.3,5.0,3,196.9,16.4
2026-06-13 02:10:00,32.1,63.5,4.0,3,123.8,10.3
2026-06-13 02:15:00,30.7,62.1,4.0,3,161.7,13.5
2026-06-13 02:20:00,30.6,57.5,5.0,3,235.0,19.6
2026-06-13 02:25:00,31.4,60.1,5.0,3,10.0,0.8
2026-06-13 02:30:00,31.6,63.9,4.0,3,140.4,11.7
2026-06-13 02:35:00,31.2,58.6,5.0,3,20.7,1.7
2026-06-13 02:40:00,31.9,59.4,4.0,3,85.6,7.1
2026-06-13 02:45:00,31.0,57.6,4.0,3,32.7,2.7
2026-06-13 02:50:00,30.5,58.7,4.0,3,203.2,16.9
2026-06-13 02:55:00,31.7,57.8,4.0,3,141.8,11.8
2026-06-13 03:00:00,29.8,59.5,5.0,3,106.0,8.8
2026-06-13 03:05:00,29.9,60.8,4.0,2,70.1,5.8
2026-06-13 03:10:00,31.7,63.6,4.0,3,10.0,0.7
2026-06-13 03:15:00,31.6,59.5,5.0,3,53.9,4.5
2026-06-13 03:20:00,29.9,64.2,4.0,3,59.1,4.9
2026-06-13 03:25:00,29.4,65.8,4.0,3,127.5,10.6
2026-06-13 03:30:00,31.4,57.3,4.0,3,62.9,5.2
2026-06-13 03:35:00,30.7,59.0,4.0,3,72.6,6.1
2026-06-13 03:40:00,30.2,63.7,4.0,3,10.0,0.8
2026-06-13 03:45:00,29.5,61.5,4.0,3,182.3,15.1
2026-06-13 03:50:00,30.2,63.5,4.0,3,10.0,0.8
2026-06-13 03:55:00,29.8,66.5,4.0,3,39.1,3.3
2026-06-13 04:00:00,29.0,60.3,4.0,3,146.3,12.2
2026-06-13 04:05:00,29.8,61.8,5.0,3,177.2,14.8
2026-06-13 04:10:00,30.0,61.8,6.0,3,101.6,8.5
2026-06-13 04:15:00,29.3,62.2,4.0,3,132.2,11.0
2026-06-13 04:20:00,30.6,59.7,5.0,3,184.0,15.3
2026-06-13 04:25:00,31.0,59.3,4.0,3,10.0,0.8
2026-06-13 04:30:00,30.7,61.1,6.0,3,177.4,14.8
2026-06-13 04:35:00,29.4,63.8,5.0,3,10.0,0.7
2026-06-13 04:40:00,30.5,64.0,4.0,3,71.4,6.0
2026-06-13 04:45:00,29.8,62.6,4.0,3,136.5,11.4
2026-06-13 04:50:00,28.4,68.0,4.0,3,13.9,1.2
2026-06-13 04:55:00,30.4,60.1,4.0,3,81.9,6.8
2026-06-13 05:00:00,29.7,60.5,6.0,3,10.0,0.8
2026-06-13 05:05:00,32.0,58.8,6.0,3,10.0,0.9
2026-06-13 05:10:00,30.9,62.1,6.0,3,28.4,2.4
2026-06-13 05:15:00,30.2,64.1,5.0,3,11.7,1.0
2026-06-13 05:20:00,29.8,66.0,5.0,3,85.5,7.1
2026-06-13 05:25:00,29.7,63.7,6.0,3,250.3,20.9
2026-06-13 05:30:00,28.6,66.4,7.0,2,29.5,2.5
2026-06-13 05:35:00,27.9,68.8,5.0,3,173.8,14.5
2026-06-13 05:40:00,28.7,63.0,6.0,3,177.2,14.8
2026-06-13 05:45:00,29.5,62.9,4.0,3,139.3,11.6
2026-06-13 05:50:00,27.6,71.0,6.0,3,10.0,0.8
2026-06-13 05:55:00,29.1,65.8,5.0,2,215.5,18.0
2026-06-13 06:00:00,29.1,65.1,5.0,2,154.1,12.8
2026-06-13 06:05:00,29.1,65.8,5.0,0,3.7,0.3
2026-06-13 06:10:00,28.7,62.0,5.0,0,6.2,0.5
2026-06-13 06:15:00,29.0,62.9,6.0,0,6.1,0.5
2026-06-13 06:20:00,30.9,59.3,6.0,0,7.6,0.5
2026-06-13 06:25:00,29.9,63.7,4.0,0,9.2,0.8
2026-06-13 06:30:00,28.8,63.8,5.0,2,5.0,0.4
2026-06-13 06:35:00,29.2,64.1,4.0,3,203.2,16.9
2026-06-13 06:40:00,29.3,63.1,6.0,0,8.1,0.7
2026-06-13 06:45:00,28.6,61.6,6.0,3,132.1,11.0
2026-06-13 06:50:00,28.6,66.6,5.0,3,144.9,12.1
2026-06-13 06:55:00,30.2,58.8,5.0,1,63.8,5.3
2026-06-13 07:00:00,28.4,63.3,4.0,0,7.7,0.6
2026-06-13 07:05:00,27.7,62.9,8.0,3,170.1,14.2
2026-06-13 07:10:00,28.8,62.3,7.0,0,5.2,0.4
2026-06-13 07:15:00,29.0,64.6,4.0,3,143.8,12.0
2026-06-13 07:20:00,26.7,70.6,6.0,0,4.8,0.4
2026-06-13 07:25:00,28.8,60.6,4.0,0,7.1,0.5
2026-06-13 07:30:00,29.8,61.5,5.0,3,131.4,11.0
2026-06-13 07:35:00,29.4,59.3,4.0,1,109.7,9.2
2026-06-13 07:40:00,31.3,59.1,4.0,2,155.6,13.0
2026-06-13 07:45:00,30.3,62.3,5.0,1,184.0,15.3
2026-06-13 07:50:00,30.5,63.6,8.0,3,27.0,2.2
2026-06-13 07:55:00,32.0,54.4,4.0,0,6.8,0.6
2026-06-13 08:00:00,29.6,64.4,8.0,0,7.0,0.6
2026-06-13 08:05:00,29.0,61.7,8.0,0,3.7,0.4
2026-06-13 08:10:00,29.9,59.7,8.0,1,47.8,4.0
2026-06-13 08:15:00,28.1,65.5,10.0,0,3.6,0.3
2026-06-13 08:20:00,28.9,65.7,8.0,3,10.0,0.8
2026-06-13 08:25:00,28.0,65.3,10.0,0,4.6,0.4
2026-06-13 08:30:00,29.2,61.1,4.0,0,7.0,0.6
2026-06-13 08:35:00,28.0,65.3,8.0,0,5.6,0.5
2026-06-13 08:40:00,28.0,63.8,9.0,3,10.0,0.8
2026-06-13 08:45:00,29.2,65.2,5.0,1,126.1,10.4
2026-06-13 08:50:00,28.6,67.2,4.0,0,8.7,0.7
2026-06-13 08:55:00,26.6,70.0,4.0,0,3.6,0.3
2026-06-13 09:00:00,27.7,66.0,5.0,0,3.6,0.3
2026-06-13 09:05:00,28.1,68.2,7.0,3,10.0,0.8
2026-06-13 09:10:00,28.4,62.6,5.0,0,5.1,0.4
2026-06-13 09:15:00,29.8,67.2,6.0,0,4.5,0.3
2026-06-13 09:20:00,29.6,60.7,5.0,0,3.9,0.3
2026-06-13 09:25:00,30.5,57.0,6.0,3,54.3,4.5
2026-06-13 09:30:00,30.2,65.6,6.0,3,146.6,12.2
2026-06-13 09:35:00,30.5,60.1,5.0,0,5.7,0.5
2026-06-13 09:40:00,30.0,62.9,8.0,0,5.8,0.5
2026-06-13 09:45:00,29.6,60.7,9.0,1,99.1,8.3
2026-06-13 09:50:00,30.6,67.3,4.0,0,3.5,0.3
2026-06-13 09:55:00,30.4,66.3,7.0,0,4.3,0.4
2026-06-13 10:00:00,30.8,65.0,4.0,0,7.0,0.6
2026-06-13 10:05:00,31.8,60.4,4.0,1,82.9,6.8
2026-06-13 10:10:00,27.7,68.0,7.0,3,197.8,16.5
2026-06-13 10:15:00,30.0,62.6,9.0,0,5.0,0.4
2026-06-13 10:20:00,30.0,65.2,6.0,0,3.9,0.3
2026-06-13 10:25:00,31.6,59.6,8.0,0,4.8,0.5
2026-06-13 10:30:00,32.1,63.3,5.0,0,3.5,0.3
2026-06-13 10:35:00,28.7,63.4,6.0,0,9.1,0.8
2026-06-13 10:40:00,31.9,59.3,8.0,0,7.3,0.6
2026-06-13 10:45:00,29.0,63.0,5.0,0,10.4,0.9
2026-06-13 10:50:00,29.0,64.5,7.0,0,5.7,0.5
2026-06-13 10:55:00,30.1,61.7,6.0,3,35.1,2.9
2026-06-13 11:00:00,31.4,61.7,5.0,0,4.8,0.4
2026-06-13 11:05:00,30.1,61.4,5.0,3,90.0,7.5
2026-06-13 11:10:00,32.5,60.8,4.0,3,54.5,4.5
2026-06-13 11:15:00,32.5,62.5,8.0,0,3.8,0.3
2026-06-13 11:20:00,32.9,58.4,6.0,3,119.1,9.9
2026-06-13 11:25:00,31.3,66.0,6.0,0,6.4,0.5
2026-06-13 11:30:00,31.7,62.8,5.0,1,106.1,8.7
2026-06-13 11:35:00,31.8,65.1,7.0,3,10.0,0.9
2026-06-13 11:40:00,33.6,57.0,7.0,0,4.6,0.4
2026-06-13 11:45:00,28.7,60.7,6.0,0,3.6,0.3
2026-06-13 11:50:00,30.7,59.9,7.0,1,48.6,4.0
2026-06-13 11:55:00,31.8,58.5,7.0,0,8.1,0.7
2026-06-13 12:00:00,31.6,57.9,6.0,0,5.6,0.5
2026-06-13 12:05:00,32.5,53.4,8.0,0,6.0,0.5
2026-06-13 12:10:00,32.7,61.1,5.0,0,5.9,0.5
2026-06-13 12:15:00,32.1,54.9,4.0,1,115.7,9.6
2026-06-13 12:20:00,32.9,60.6,6.0,1,10.0,0.8
2026-06-13 12:25:00,33.5,62.8,6.0,3,52.9,4.4
2026-06-13 12:30:00,32.6,56.8,6.0,1,72.6,6.0
2026-06-13 12:35:00,32.3,60.2,8.0,3,29.0,2.4
2026-06-13 12:40:00,32.6,57.7,7.0,0,6.3,0.5
2026-06-13 12:45:00,32.8,60.5,6.0,0,3.5,0.3
2026-06-13 12:50:00,30.9,58.4,6.0,0,3.5,0.2
2026-06-13 12:55:00,33.3,57.3,6.0,0,9.2,0.8
2026-06-13 13:00:00,32.9,60.9,7.0,3,155.6,13.0
2026-06-13 13:05:00,34.9,54.7,6.0,0,5.4,0.4
2026-06-13 13:10:00,34.1,51.8,6.0,3,10.0,0.8
2026-06-13 13:15:00,34.8,58.2,5.0,0,6.3,0.5
2026-06-13 13:20:00,32.3,55.5,5.0,3,132.8,11.1
2026-06-13 13:25:00,33.0,58.0,6.0,2,59.1,4.9
2026-06-13 13:30:00,32.0,60.9,6.0,3,181.3,15.1
2026-06-13 13:35:00,32.6,58.8,5.0,0,7.1,0.6
2026-06-13 13:40:00,34.9,61.4,6.0,0,4.8,0.4
2026-06-13 13:45:00,35.2,56.2,5.0,2,180.0,15.0
2026-06-13 13:50:00,32.1,58.7,7.0,3,10.0,0.7
2026-06-13 13:55:00,32.9,59.5,6.0,0,3.5,0.3
2026-06-13 14:00:00,34.1,56.3,7.0,2,67.6,5.6
2026-06-13 14:05:00,35.1,54.8,6.0,1,50.3,4.2
2026-06-13 14:10:00,31.7,59.2,6.0,2,5.0,0.4
2026-06-13 14:15:00,31.9,57.4,6.0,2,55.5,4.6
2026-06-13 14:20:00,34.9,55.4,7.0,1,184.5,15.4
2026-06-13 14:25:00,31.4,57.8,6.0,0,3.5,0.3
2026-06-13 14:30:00,33.6,51.9,7.0,0,3.5,0.3
2026-06-13 14:35:00,34.5,58.1,6.0,0,4.1,0.3
2026-06-13 14:40:00,34.8,53.6,7.0,0,4.0,0.3
2026-06-13 14:45:00,34.0,56.3,7.0,1,13.3,1.1
2026-06-13 14:50:00,33.7,54.5,6.0,2,31.4,2.6
2026-06-13 14:55:00,35.4,52.5,6.0,2,48.1,4.0
2026-06-13 15:00:00,35.4,51.9,8.0,1,88.7,7.4
2026-06-13 15:05:00,34.2,57.6,8.0,1,125.7,10.5
2026-06-13 15:10:00,35.1,57.1,8.0,2,5.0,0.4
2026-06-13 15:15:00,35.6,54.0,4.0,1,38.1,3.2
2026-06-13 15:20:00,37.4,50.8,6.0,2,90.7,7.6
2026-06-13 15:25:00,36.1,49.7,7.0,1,66.9,5.6
2026-06-13 15:30:00,36.7,54.5,6.0,2,5.0,0.5
2026-06-13 15:35:00,34.2,54.0,6.0,2,90.1,7.5
2026-06-13 15:40:00,34.3,53.0,7.0,2,5.0,0.4
2026-06-13 15:45:00,34.7,55.0,7.0,2,14.5,1.2
2026-06-13 15:50:00,34.9,54.0,7.0,3,44.9,3.7
2026-06-13 15:55:00,33.7,52.8,7.0,1,40.7,3.4
2026-06-13 16:00:00,37.5,48.5,7.0,2,142.8,11.9
2026-06-13 16:05:00,36.9,53.1,7.0,2,154.5,12.9
2026-06-13 16:10:00,35.1,52.8,9.0,2,38.0,3.2
2026-06-13 16:15:00,36.6,53.9,8.0,2,142.6,11.9
2026-06-13 16:20:00,35.9,53.8,9.0,3,26.1,2.3
2026-06-13 16:25:00,36.7,55.0,8.0,6,197.0,16.4
2026-06-13 16:30:00,33.6,54.0,6.0,6,186.6,15.6
2026-06-13 16:35:00,35.4,54.5,7.0,2,5.0,0.3
2026-06-13 16:40:00,35.5,55.3,9.0,3,242.4,20.2
2026-06-13 16:45:00,36.5,51.4,5.0,2,176.1,14.7
2026-06-13 16:50:00,34.7,57.3,8.0,2,191.8,16.0
2026-06-13 16:55:00,31.8,54.0,8.0,2,83.5,7.0
2026-06-13 17:00:00,33.8,53.3,14.0,2,65.6,5.5
2026-06-13 17:05:00,35.6,48.9,7.0,2,5.0,0.4
2026-06-13 17:10:00,35.8,51.4,8.0,3,222.7,18.6
2026-06-13 17:15:00,38.7,49.8,13.0,2,95.2,7.9
2026-06-13 17:20:00,36.7,54.8,7.0,3,184.5,15.4
2026-06-13 17:25:00,35.8,53.0,11.0,6,155.3,12.9
2026-06-13 17:30:00,35.6,52.0,9.0,2,151.4,12.6
2026-06-13 17:35:00,37.6,48.0,8.0,2,128.2,10.7
2026-06-13 17:40:00,34.6,51.4,10.0,2,111.7,9.3
2026-06-13 17:45:00,35.4,54.7,8.0,2,5.0,0.4
2026-06-13 17:50:00,33.8,58.1,14.0,2,110.1,9.2
2026-06-13 17:55:00,38.2,49.6,4.0,2,32.7,2.7
2026-06-13 18:00:00,35.4,57.2,6.0,3,139.6,11.6
2026-06-13 18:05:00,33.5,53.4,6.0,3,181.9,15.2
2026-06-13 18:10:00,34.5,53.8,6.0,2,210.7,17.6
2026-06-13 18:15:00,35.6,52.8,7.0,3,156.6,13.0
2026-06-13 18:20:00,34.3,59.2,5.0,3,245.1,20.4
2026-06-13 18:25:00,33.8,56.0,7.0,3,108.7,9.1
2026-06-13 18:30:00,33.6,51.0,6.0,3,10.0,0.8
2026-06-13 18:35:00,35.3,56.6,7.0,3,61.6,5.1
2026-06-13 18:40:00,34.1,60.3,6.0,3,153.0,12.8
2026-06-13 18:45:00,33.9,54.9,6.0,3,76.3,6.4
2026-06-13 18:50:00,32.4,54.7,6.0,3,209.8,17.5
2026-06-13 18:55:00,34.8,56.9,5.0,2,146.9,12.2
2026-06-13 19:00:00,33.8,60.6,6.0,3,31.4,2.6
2026-06-13 19:05:00,33.6,58.3,5.0,3,184.2,15.3
2026-06-13 19:10:00,34.3,51.8,5.0,3,10.0,0.8
2026-06-13 19:15:00,35.1,56.3,5.0,3,134.5,11.2
2026-06-13 19:20:00,35.0,55.6,5.0,3,33.7,2.8
2026-06-13 19:25:00,34.8,52.7,5.0,3,10.0,0.8
2026-06-13 19:30:00,33.7,59.2,6.0,2,120.8,10.1
2026-06-13 19:35:00,33.3,57.7,5.0,3,99.9,8.3
2026-06-13 19:40:00,32.6,60.5,5.0,2,103.1,8.6
2026-06-13 19:45:00,33.3,54.2,5.0,3,10.0,0.8
2026-06-13 19:50:00,34.1,56.7,5.0,3,172.8,14.4
2026-06-13 19:55:00,33.0,55.0,5.0,3,73.3,6.1
2026-06-13 20:00:00,33.6,57.4,5.0,3,113.2,9.4
2026-06-13 20:05:00,32.1,61.6,5.0,3,100.2,8.4
2026-06-13 20:10:00,31.1,56.5,5.0,3,154.6,12.9
2026-06-13 20:15:00,34.6,53.0,6.0,3,43.8,3.6
2026-06-13 20:20:00,32.8,59.7,5.0,3,203.5,17.0
2026-06-13 20:25:00,32.3,58.2,4.0,3,284.9,23.7
2026-06-13 20:30:00,31.9,61.1,5.0,3,10.0,0.8
2026-06-13 20:35:00,34.1,54.7,5.0,2,25.9,2.2
2026-06-13 20:40:00,35.4,55.2,6.0,3,245.3,20.4
2026-06-13 20:45:00,32.9,59.1,5.0,2,36.3,3.0
2026-06-13 20:50:00,33.2,57.8,5.0,3,56.5,4.7
2026-06-13 20:55:00,35.0,51.7,6.0,3,60.5,5.0
2026-06-13 21:00:00,30.2,65.8,5.0,3,179.5,15.0
2026-06-13 21:05:00,35.8,55.8,5.0,3,10.0,0.8
2026-06-13 21:10:00,36.5,52.2,5.0,2,249.2,20.8
2026-06-13 21:15:00,28.9,62.2,4.0,3,157.7,13.2
2026-06-13 21:20:00,32.7,59.0,4.0,3,153.5,12.8
2026-06-13 21:25:00,31.8,60.9,4.0,2,30.2,2.5
2026-06-13 21:30:00,32.5,60.1,5.0,3,98.6,8.2
2026-06-13 21:35:00,32.3,58.1,4.0,3,95.2,7.9
2026-06-13 21:40:00,34.1,53.6,4.0,3,57.9,4.8
2026-06-13 21:45:00,32.7,59.1,5.0,3,168.6,14.0
2026-06-13 21:50:00,31.5,56.1,4.0,3,70.8,5.9
2026-06-13 21:55:00,32.6,60.6,4.0,3,202.9,16.9
2026-06-13 22:00:00,33.0,56.8,4.0,3,205.7,17.1
2026-06-13 22:05:00,30.5,61.7,4.0,3,10.0,0.8
2026-06-13 22:10:00,29.8,59.9,5.0,3,10.0,0.8
2026-06-13 22:15:00,35.1,55.3,4.0,2,101.3,8.4
2026-06-13 22:20:00,31.3,58.2,5.0,3,88.6,7.3
2026-06-13 22:25:00,32.0,60.5,5.0,3,22.2,1.8
2026-06-13 22:30:00,31.6,58.3,5.0,3,44.4,3.7
2026-06-13 22:35:00,33.0,59.6,5.0,3,33.1,2.8
2026-06-13 22:40:00,34.8,55.4,5.0,2,107.8,9.0
2026-06-13 22:45:00,33.0,57.7,4.0,3,274.5,22.9
2026-06-13 22:50:00,30.0,61.0,5.0,3,205.8,17.2
2026-06-13 22:55:00,30.2,61.0,5.0,3,30.9,2.6
2026-06-13 23:00:00,31.2,59.3,4.0,3,10.0,0.8
2026-06-13 23:05:00,31.5,61.5,4.0,3,54.8,4.6
2026-06-13 23:10:00,28.8,61.6,5.0,3,10.0,0.8
2026-06-13 23:15:00,33.5,60.2,4.0,3,167.3,13.9
2026-06-13 23:20:00,29.9,61.4,4.0,3,110.2,9.2
2026-06-13 23:25:00,34.7,59.6,5.0,3,54.3,4.5
2026-06-13 23:30:00,35.3,57.7,4.0,3,97.5,8.2
2026-06-13 23:35:00,31.5,59.3,5.0,3,10.0,0.8
2026-06-13 23:40:00,32.8,60.4,4.0,3,84.4,7.0
2026-06-13 23:45:00,29.7,60.8,4.0,3,248.6,20.7
2026-06-13 23:50:00,33.1,61.8,4.0,3,44.5,3.7
2026-06-13 23:55:00,31.0,60.9,5.0,3,113.7,9.5
2026-06-14 00:00:00,30.1,59.7,5.0,3,36.0,3.0
2026-06-14 00:05:00,31.1,60.0,5.0,3,34.6,2.9
2026-06-14 00:10:00,30.9,59.5,4.0,3,177.9,14.8
2026-06-14 00:15:00,31.1,62.3,5.0,3,10.0,0.8
2026-06-14 00:20:00,32.6,60.7,4.0,3,88.9,7.3
2026-06-14 00:25:00,30.5,61.2,4.0,3,27.6,2.3
2026-06-14 00:30:00,33.6,59.2,4.0,3,225.9,18.9
2026-06-14 00:35:00,29.8,61.7,4.0,3,44.0,3.7
2026-06-14 00:40:00,33.5,60.1,4.0,3,10.0,0.8
2026-06-14 00:45:00,30.2,62.2,4.0,3,90.7,7.5
2026-06-14 00:50:00,31.5,61.5,4.0,3,91.1,7.6
2026-06-14 00:55:00,30.9,60.7,5.0,3,201.3,16.8
2026-06-14 01:00:00,30.5,60.4,4.0,2,100.1,8.3
2026-06-14 01:05:00,31.5,61.4,4.0,3,56.7,4.7
2026-06-14 01:10:00,32.2,62.0,4.0,2,113.9,9.5
2026-06-14 01:15:00,31.9,61.6,5.0,3,142.2,11.8
2026-06-14 01:20:00,30.4,64.3,5.0,2,245.8,20.4
2026-06-14 01:25:00,31.0,61.1,4.0,3,16.9,1.4
2026-06-14 01:30:00,30.1,60.4,5.0,3,200.6,16.7
2026-06-14 01:35:00,29.9,60.8,4.0,2,111.1,9.3
2026-06-14 01:40:00,29.7,64.9,5.0,3,182.6,15.2
2026-06-14 01:45:00,30.4,58.5,4.0,3,153.8,12.8
2026-06-14 01:50:00,31.0,63.4,4.0,3,178.3,14.9
2026-06-14 01:55:00,29.0,62.1,5.0,3,127.7,10.6
2026-06-14 02:00:00,30.3,66.5,4.0,3,115.0,9.6
2026-06-14 02:05:00,32.0,59.2,4.0,3,10.0,0.8
2026-06-14 02:10:00,31.6,61.7,5.0,3,45.9,3.8
2026-06-14 02:15:00,29.7,68.5,5.0,3,179.2,14.9
2026-06-14 02:20:00,28.8,63.4,4.0,3,175.9,14.7
2026-06-14 02:25:00,30.8,60.3,4.0,3,183.1,15.3
2026-06-14 02:30:00,27.7,64.2,4.0,3,67.1,5.5
2026-06-14 02:35:00,31.6,57.6,5.0,3,252.6,21.0
2026-06-14 02:40:00,30.1,61.4,4.0,3,89.9,7.5
2026-06-14 02:45:00,32.4,57.4,5.0,3,145.4,12.1
2026-06-14 02:50:00,28.4,61.8,4.0,2,138.7,11.6
2026-06-14 02:55:00,31.3,59.9,6.0,3,349.4,29.1
2026-06-14 03:00:00,29.7,63.7,4.0,3,59.8,5.0
2026-06-14 03:05:00,29.5,60.8,4.0,3,168.2,14.1
2026-06-14 03:10:00,28.4,64.4,5.0,3,10.0,0.8
2026-06-14 03:15:00,30.5,64.7,4.0,3,72.4,6.0
2026-06-14 03:20:00,30.5,58.0,4.0,3,157.4,13.1
2026-06-14 03:25:00,31.7,64.1,4.0,3,50.6,4.2
2026-06-14 03:30:00,30.9,59.1,4.0,2,76.2,6.4
2026-06-14 03:35:00,29.2,63.9,5.0,3,108.4,9.0
2026-06-14 03:40:00,28.8,67.2,4.0,3,124.9,10.4
2026-06-14 03:45:00,28.4,68.5,5.0,3,119.1,9.9
2026-06-14 03:50:00,31.4,61.0,4.0,3,10.0,0.8
2026-06-14 03:55:00,29.0,62.1,5.0,3,302.3,25.2
2026-06-14 04:00:00,31.2,58.2,4.0,3,10.0,0.8
2026-06-14 04:05:00,30.2,60.5,4.0,3,34.2,2.9
2026-06-14 04:10:00,30.0,67.3,4.0,3,10.0,0.8
2026-06-14 04:15:00,29.3,62.6,4.0,3,14.4,1.2
2026-06-14 04:20:00,30.4,62.5,5.0,3,98.7,8.2
2026-06-14 04:25:00,29.6,60.3,5.0,3,191.6,16.0
2026-06-14 04:30:00,29.3,60.6,4.0,3,48.3,4.0
2026-06-14 04:35:00,30.4,61.7,4.0,3,113.8,9.5
2026-06-14 04:40:00,29.5,62.4,4.0,3,130.0,10.8
2026-06-14 04:45:00,28.8,63.8,5.0,3,10.0,0.8
2026-06-14 04:50:00,30.3,58.0,5.0,3,10.0,0.8
2026-06-14 04:55:00,29.6,62.9,4.0,3,16.5,1.4
2026-06-14 05:00:00,30.0,65.8,5.0,3,218.2,18.2
2026-06-14 05:05:00,29.1,62.2,5.0,3,29.8,2.5
2026-06-14 05:10:00,28.4,67.0,6.0,3,35.4,2.9
2026-06-14 05:15:00,31.1,53.6,5.0,3,129.7,10.8
2026-06-14 05:20:00,31.0,59.3,6.0,3,155.2,12.9
2026-06-14 05:25:00,30.4,57.9,5.0,2,84.8,7.1
2026-06-14 05:30:00,29.2,66.4,6.0,3,10.0,0.8
2026-06-14 05:35:00,29.3,65.5,4.0,3,163.6,13.6
2026-06-14 05:40:00,30.8,59.1,6.0,3,141.8,11.8
2026-06-14 05:45:00,29.2,64.5,5.0,3,47.5,4.0
2026-06-14 05:50:00,28.9,66.8,7.0,3,10.0,0.8
2026-06-14 05:55:00,31.3,63.4,6.0,3,168.1,14.0
2026-06-14 06:00:00,29.2,63.1,4.0,3,128.9,10.7
2026-06-14 06:05:00,30.9,56.9,5.0,3,113.9,9.5
2026-06-14 06:10:00,28.0,64.0,6.0,0,3.5,0.3
2026-06-14 06:15:00,29.7,64.7,6.0,3,10.0,0.8
2026-06-14 06:20:00,31.1,65.2,6.0,3,297.5,24.8
2026-06-14 06:25:00,29.3,63.6,5.0,3,10.0,0.8
2026-06-14 06:30:00,29.0,63.0,5.0,0,7.3,0.6
2026-06-14 06:35:00,28.2,70.2,6.0,3,49.2,4.1
2026-06-14 06:40:00,30.2,63.2,5.0,1,44.2,3.7
2026-06-14 06:45:00,28.6,62.4,5.0,0,8.4,0.7
2026-06-14 06:50:00,29.2,63.7,5.0,1,146.1,12.2
2026-06-14 06:55:00,28.1,67.6,5.0,0,3.6,0.3
2026-06-14 07:00:00,30.6,61.5,5.0,0,3.5,0.3
2026-06-14 07:05:00,30.1,64.3,5.0,3,183.0,15.2
2026-06-14 07:10:00,28.8,60.5,6.0,1,10.0,0.8
2026-06-14 07:15:00,27.6,62.8,4.0,0,5.6,0.5
2026-06-14 07:20:00,30.6,59.9,6.0,3,106.1,8.8
2026-06-14 07:25:00,28.5,64.2,5.0,3,115.1,9.6
2026-06-14 07:30:00,27.6,67.0,6.0,3,10.0,0.8
2026-06-14 07:35:00,26.9,68.8,5.0,3,10.0,0.8
2026-06-14 07:40:00,28.2,71.0,5.0,3,132.1,11.0
2026-06-14 07:45:00,27.3,64.9,7.0,0,8.5,0.7
2026-06-14 07:50:00,28.2,64.6,5.0,0,3.5,0.3
2026-06-14 07:55:00,29.7,61.3,6.0,0,3.5,0.3
2026-06-14 08:00:00,28.3,67.7,8.0,0,3.5,0.3
2026-06-14 08:05:00,29.1,66.6,6.0,0,6.0,0.5
2026-06-14 08:10:00,27.9,64.6,4.0,0,3.5,0.3
2026-06-14 08:15:00,28.8,69.3,4.0,3,62.6,5.2
2026-06-14 08:20:00,30.9,59.5,9.0,0,7.3,0.6
2026-06-14 08:25:00,28.4,67.4,7.0,3,266.0,22.2
2026-06-14 08:30:00,29.2,67.2,7.0,0,6.9,0.6
2026-06-14 08:35:00,27.0,63.7,5.0,0,8.5,0.7
2026-06-14 08:40:00,30.4,63.3,10.0,3,10.0,0.8
2026-06-14 08:45:00,28.2,58.7,5.0,0,7.7,0.6
2026-06-14 08:50:00,29.9,64.6,7.0,1,78.3,6.5
2026-06-14 08:55:00,28.6,62.0,7.0,0,3.5,0.3
2026-06-14 09:00:00,30.0,63.9,4.0,0,4.9,0.4
2026-06-14 09:05:00,30.1,64.2,5.0,0,7.8,0.6
2026-06-14 09:10:00,28.8,67.1,5.0,0,3.5,0.3
2026-06-14 09:15:00,30.5,64.0,8.0,0,4.7,0.4
2026-06-14 09:20:00,28.5,65.0,5.0,3,63.8,5.3
2026-06-14 09:25:00,30.2,61.4,4.0,0,5.6,0.5
2026-06-14 09:30:00,28.9,64.1,4.0,1,10.0,0.8
2026-06-14 09:35:00,29.7,60.4,5.0,1,110.9,9.2
2026-06-14 09:40:00,28.8,63.9,4.0,0,5.4,0.4
2026-06-14 09:45:00,29.4,62.8,8.0,0,6.1,0.6
2026-06-14 09:50:00,28.1,63.6,8.0,0,4.1,0.2
2026-06-14 09:55:00,29.6,59.0,6.0,0,3.6,0.3
2026-06-14 10:00:00,30.4,59.3,6.0,0,6.4,0.5
2026-06-14 10:05:00,29.7,56.2,7.0,0,5.1,0.4
2026-06-14 10:10:00,30.3,61.6,7.0,0,9.7,0.8
2026-06-14 10:15:00,30.5,62.8,5.0,0,3.5,0.3
2026-06-14 10:20:00,29.6,57.3,5.0,3,116.4,9.7
2026-06-14 10:25:00,30.2,62.9,7.0,0,5.4,0.4
2026-06-14 10:30:00,29.2,63.5,6.0,1,46.7,3.9
2026-06-14 10:35:00,33.0,56.0,7.0,0,3.5,0.2
2026-06-14 10:40:00,31.5,59.7,5.0,0,6.2,0.5
2026-06-14 10:45:00,30.6,64.2,5.0,0,5.1,0.4
2026-06-14 10:50:00,31.6,58.4,7.0,3,60.7,5.1
2026-06-14 10:55:00,28.1,65.4,5.0,3,30.1,2.5
2026-06-14 11:00:00,29.0,65.1,4.0,0,6.5,0.5
2026-06-14 11:05:00,31.3,58.7,5.0,0,4.1,0.3
2026-06-14 11:10:00,30.3,64.7,6.0,0,3.5,0.4
2026-06-14 11:15:00,31.5,61.4,9.0,0,8.1,0.7
2026-06-14 11:20:00,32.0,59.0,5.0,0,7.3,0.6
2026-06-14 11:25:00,32.8,64.1,6.0,0,7.4,0.6
2026-06-14 11:30:00,30.5,64.4,9.0,1,10.0,0.7
2026-06-14 11:35:00,32.2,55.3,5.0,0,7.3,0.6
2026-06-14 11:40:00,31.8,59.0,7.0,1,58.1,4.8
2026-06-14 11:45:00,32.1,65.4,5.0,1,10.0,0.8
2026-06-14 11:50:00,31.2,58.5,7.0,3,106.7,8.9
2026-06-14 11:55:00,33.3,57.8,9.0,0,5.7,0.5
2026-06-14 12:00:00,32.7,61.6,7.0,3,278.4,23.1
2026-06-14 12:05:00,34.8,56.9,7.0,1,112.8,9.5
2026-06-14 12:10:00,31.9,61.8,5.0,1,115.1,9.6
2026-06-14 12:15:00,33.6,59.0,6.0,0,6.7,0.6
2026-06-14 12:20:00,32.7,58.6,5.0,0,3.7,0.3
2026-06-14 12:25:00,32.4,57.1,4.0,0,4.7,0.4
2026-06-14 12:30:00,33.5,58.4,4.0,0,7.8,0.6
2026-06-14 12:35:00,32.5,57.9,5.0,3,43.4,3.7
2026-06-14 12:40:00,29.8,61.9,6.0,3,10.0,0.8
2026-06-14 12:45:00,29.4,67.4,8.0,0,9.6,0.8
2026-06-14 12:50:00,34.2,55.3,5.0,0,6.2,0.5
2026-06-14 12:55:00,34.2,60.5,7.0,0,3.5,0.3
2026-06-14 13:00:00,35.6,54.4,5.0,0,6.2,0.5
2026-06-14 13:05:00,33.4,56.8,5.0,0,8.3,0.7
2026-06-14 13:10:00,32.0,54.7,4.0,1,10.3,0.9
2026-06-14 13:15:00,33.0,63.3,8.0,0,4.9,0.4
2026-06-14 13:20:00,33.4,57.2,6.0,3,149.2,12.4
2026-06-14 13:25:00,32.3,53.0,6.0,0,3.5,0.3
2026-06-14 13:30:00,35.3,56.7,7.0,3,68.8,5.7
2026-06-14 13:35:00,36.0,52.9,8.0,3,10.3,0.9
2026-06-14 13:40:00,34.0,53.8,6.0,0,7.4,0.6
2026-06-14 13:45:00,33.4,59.6,5.0,3,155.8,13.0
2026-06-14 13:50:00,31.9,52.9,8.0,1,91.4,7.6
2026-06-14 13:55:00,35.2,52.5,5.0,0,4.8,0.4
2026-06-14 14:00:00,34.3,54.9,7.0,2,136.5,11.5
2026-06-14 14:05:00,33.8,58.2,6.0,2,209.5,17.5
2026-06-14 14:10:00,34.9,60.3,7.0,1,34.2,2.8
2026-06-14 14:15:00,33.4,56.1,5.0,1,51.3,4.3
2026-06-14 14:20:00,34.4,56.6,8.0,3,142.7,11.8
2026-06-14 14:25:00,32.1,64.8,6.0,0,4.8,0.5
2026-06-14 14:30:00,35.7,54.0,6.0,2,200.5,16.7
2026-06-14 14:35:00,34.0,57.1,7.0,3,41.3,3.4
2026-06-14 14:40:00,35.9,50.7,6.0,2,5.0,0.4
2026-06-14 14:45:00,33.9,60.8,7.0,3,10.0,0.8
2026-06-14 14:50:00,34.0,54.2,6.0,3,182.5,15.2
2026-06-14 14:55:00,32.5,58.3,6.0,1,160.9,13.4
2026-06-14 15:00:00,36.1,53.9,6.0,2,5.0,0.4
2026-06-14 15:05:00,33.8,56.2,6.0,2,261.9,21.8
2026-06-14 15:10:00,34.4,54.4,6.0,3,41.5,3.5
2026-06-14 15:15:00,35.0,55.2,8.0,3,125.1,10.4
2026-06-14 15:20:00,35.2,58.3,7.0,2,58.4,4.9
2026-06-14 15:25:00,32.7,62.2,7.0,2,70.0,5.8
2026-06-14 15:30:00,34.7,54.6,7.0,2,54.6,4.6
2026-06-14 15:35:00,36.1,52.4,8.0,2,5.0,0.4
2026-06-14 15:40:00,34.5,53.4,6.0,2,39.7,3.3
2026-06-14 15:45:00,34.7,60.9,7.0,3,90.2,7.5
2026-06-14 15:50:00,35.3,54.6,6.0,3,146.7,12.2
2026-06-14 15:55:00,34.9,57.2,7.0,3,123.0,10.2
2026-06-14 16:00:00,34.0,57.1,9.0,2,57.6,4.9
2026-06-14 16:05:00,35.5,58.9,4.0,2,60.9,5.1
2026-06-14 16:10:00,37.1,51.6,6.0,2,23.6,2.0
2026-06-14 16:15:00,34.0,52.9,7.0,2,171.5,14.3
2026-06-14 16:20:00,35.0,58.7,8.0,3,218.1,18.3
2026-06-14 16:25:00,33.5,58.1,10.0,3,160.7,13.4
2026-06-14 16:30:00,37.0,53.3,5.0,2,92.8,7.8
2026-06-14 16:35:00,35.4,57.5,10.0,2,111.5,9.3
2026-06-14 16:40:00,34.3,56.3,9.0,2,107.1,8.9
2026-06-14 16:45:00,35.7,57.3,7.0,1,47.2,3.9
2026-06-14 16:50:00,33.8,56.2,6.0,3,10.0,0.8
2026-06-14 16:55:00,34.0,57.5,7.0,2,59.2,4.9
2026-06-14 17:00:00,33.1,57.9,11.0,3,71.8,6.0
2026-06-14 17:05:00,33.8,54.7,8.0,3,116.0,9.7
2026-06-14 17:10:00,38.1,50.3,8.0,2,44.9,3.7
2026-06-14 17:15:00,34.4,53.9,6.0,3,68.2,5.6
2026-06-14 17:20:00,36.5,53.4,10.0,3,208.0,17.3
2026-06-14 17:25:00,34.2,53.9,8.0,3,144.3,12.0
2026-06-14 17:30:00,37.0,53.3,8.0,2,5.0,0.4
2026-06-14 17:35:00,33.8,56.8,8.0,3,10.0,0.8
2026-06-14 17:40:00,35.7,54.1,7.0,2,156.4,13.0
2026-06-14 17:45:00,35.8,54.1,6.0,6,161.4,13.4
2026-06-14 17:50:00,39.8,48.0,5.0,2,88.5,7.4
2026-06-14 17:55:00,36.8,51.5,7.0,3,71.9,6.0
2026-06-14 18:00:00,33.6,51.3,4.0,3,106.6,8.9
2026-06-14 18:05:00,35.9,53.0,7.0,3,34.2,2.8
2026-06-14 18:10:00,38.4,48.0,5.0,3,164.5,13.7
2026-06-14 18:15:00,31.8,58.1,5.0,3,153.4,12.8
2026-06-14 18:20:00,33.2,54.4,6.0,3,138.7,11.6
2026-06-14 18:25:00,34.3,49.6,5.0,3,168.9,14.1
2026-06-14 18:30:00,33.9,61.6,4.0,3,222.5,18.5
2026-06-14 18:35:00,34.1,54.7,6.0,2,195.6,16.3
2026-06-14 18:40:00,32.4,61.1,9.0,3,177.6,14.8
2026-06-14 18:45:00,37.1,50.6,7.0,3,175.8,14.6
2026-06-14 18:50:00,32.2,62.0,8.0,3,103.3,8.6
2026-06-14 18:55:00,34.3,52.0,4.0,3,53.9,4.5
2026-06-14 19:00:00,35.5,54.5,5.0,3,285.0,23.8
2026-06-14 19:05:00,34.0,53.4,5.0,3,141.4,11.8
2026-06-14 19:10:00,32.7,63.4,6.0,3,20.1,1.7
2026-06-14 19:15:00,32.2,57.4,6.0,3,98.1,8.2
2026-06-14 19:20:00,33.7,58.1,5.0,2,129.4,10.8
2026-06-14 19:25:00,33.0,58.1,4.0,3,74.2,6.2
2026-06-14 19:30:00,34.3,55.5,5.0,3,177.8,14.8
2026-06-14 19:35:00,32.1,59.3,6.0,3,77.4,6.4
2026-06-14 19:40:00,35.2,57.6,5.0,3,10.0,0.8
2026-06-14 19:45:00,34.2,57.2,5.0,3,156.5,13.0
2026-06-14 19:50:00,34.3,55.9,6.0,3,58.0,4.8
2026-06-14 19:55:00,36.0,54.7,6.0,3,10.0,0.8
2026-06-14 20:00:00,32.8,61.8,5.0,3,184.7,15.4
2026-06-14 20:05:00,32.4,57.3,6.0,3,10.0,0.8
2026-06-14 20:10:00,32.7,53.9,6.0,3,18.0,1.5
2026-06-14 20:15:00,33.2,55.0,6.0,3,112.1,9.3
2026-06-14 20:20:00,33.3,55.1,5.0,2,223.3,18.6
2026-06-14 20:25:00,32.3,56.4,5.0,3,117.3,9.8
2026-06-14 20:30:00,30.6,58.2,6.0,3,57.2,4.8
2026-06-14 20:35:00,32.6,57.9,5.0,3,137.1,11.4
2026-06-14 20:40:00,34.0,57.0,5.0,3,178.7,14.9
2026-06-14 20:45:00,33.6,57.4,4.0,2,70.1,5.8
2026-06-14 20:50:00,35.1,53.8,5.0,3,24.0,2.0
2026-06-14 20:55:00,36.2,56.3,5.0,3,111.4,9.2
2026-06-14 21:00:00,34.0,58.0,4.0,3,116.5,9.7
2026-06-14 21:05:00,34.9,59.2,5.0,3,210.3,17.5
2026-06-14 21:10:00,34.0,58.6,5.0,3,123.6,10.4
2026-06-14 21:15:00,35.4,55.1,4.0,3,10.0,0.9
2026-06-14 21:20:00,35.6,58.1,4.0,3,307.8,25.6
2026-06-14 21:25:00,34.3,57.3,5.0,3,114.3,9.4
2026-06-14 21:30:00,33.9,58.6,5.0,3,126.8,10.6
2026-06-14 21:35:00,32.6,59.6,5.0,3,94.9,7.9
2026-06-14 21:40:00,32.8,57.9,4.0,3,128.2,10.7
2026-06-14 21:45:00,32.4,58.6,4.0,3,141.6,11.8
2026-06-14 21:50:00,33.8,56.9,5.0,2,24.1,2.0
2026-06-14 21:55:00,31.8,57.4,5.0,3,172.1,14.3
2026-06-14 22:00:00,31.9,55.1,4.0,3,90.5,7.5
2026-06-14 22:05:00,28.7,60.8,4.0,3,10.0,0.8
2026-06-14 22:10:00,34.7,57.0,5.0,3,65.3,5.4
2026-06-14 22:15:00,31.9,61.3,4.0,3,85.0,7.1
2026-06-14 22:20:00,32.8,59.9,5.0,3,43.3,3.6
2026-06-14 22:25:00,34.3,56.5,5.0,3,10.0,0.8
2026-06-14 22:30:00,32.6,57.3,6.0,3,61.4,5.1
2026-06-14 22:35:00,34.3,56.7,4.0,3,178.9,14.9
2026-06-14 22:40:00,30.4,58.7,6.0,3,131.2,10.9
2026-06-14 22:45:00,35.7,51.7,4.0,3,10.0,0.8
2026-06-14 22:50:00,33.8,54.5,4.0,3,10.0,0.7
2026-06-14 22:55:00,32.5,61.3,4.0,3,10.0,0.8
2026-06-14 23:00:00,34.6,61.5,4.0,3,124.8,10.5
2026-06-14 23:05:00,29.8,62.6,5.0,3,10.0,0.8
2026-06-14 23:10:00,31.4,60.5,4.0,3,95.5,8.0
2026-06-14 23:15:00,34.6,56.6,4.0,3,160.4,13.4
2026-06-14 23:20:00,28.5,62.0,5.0,3,137.8,11.5
2026-06-14 23:25:00,33.0,60.6,5.0,3,72.4,6.0
2026-06-14 23:30:00,32.9,60.9,4.0,3,239.6,20.0
2026-06-14 23:35:00,35.6,59.2,5.0,3,48.9,4.1
2026-06-14 23:40:00,29.0,63.7,6.0,3,114.4,9.5
2026-06-14 23:45:00,34.9,61.5,4.0,3,68.8,5.7
2026-06-14 23:50:00,30.9,60.2,4.0,3,85.1,7.1
2026-06-14 23:55:00,31.1,64.9,4.0,3,174.8,14.6
2026-06-15 00:00:00,29.9,58.9,5.0,3,159.4,13.3
2026-06-15 00:05:00,30.0,60.6,4.0,3,10.0,0.8
2026-06-15 00:10:00,31.9,60.4,4.0,3,11.9,1.0
2026-06-15 00:15:00,30.0,62.4,5.0,3,175.2,14.6
2026-06-15 00:20:00,32.3,59.6,6.0,3,10.0,0.8
2026-06-15 00:25:00,30.6,60.5,4.0,3,13.0,1.1
2026-06-15 00:30:00,29.9,64.8,4.0,3,132.6,11.0
2026-06-15 00:35:00,30.7,60.3,4.0,3,187.9,15.7
2026-06-15 00:40:00,31.8,58.8,5.0,3,176.8,14.7
2026-06-15 00:45:00,31.1,63.2,4.0,3,10.0,0.8
2026-06-15 00:50:00,31.4,61.7,4.0,2,245.1,20.4
2026-06-15 00:55:00,32.3,61.4,4.0,3,78.4,6.5
2026-06-15 01:00:00,31.7,60.3,4.0,3,68.8,5.7
2026-06-15 01:05:00,30.4,59.3,4.0,3,49.4,4.1
2026-06-15 01:10:00,29.8,62.6,4.0,3,10.0,0.8
2026-06-15 01:15:00,30.8,58.6,5.0,3,222.6,18.5
2026-06-15 01:20:00,31.2,61.0,4.0,2,190.0,15.8
2026-06-15 01:25:00,29.4,64.1,5.0,3,92.2,7.7
2026-06-15 01:30:00,29.9,64.1,4.0,3,16.4,1.4
2026-06-15 01:35:00,30.1,61.9,4.0,3,133.9,11.2
2026-06-15 01:40:00,30.5,62.8,4.0,3,87.3,7.3
2026-06-15 01:45:00,30.0,60.6,5.0,3,176.1,14.7
2026-06-15 01:50:00,31.4,62.0,5.0,3,59.0,4.9
2026-06-15 01:55:00,29.3,64.2,4.0,3,64.0,5.3
2026-06-15 02:00:00,28.5,62.7,4.0,3,104.7,8.7
2026-06-15 02:05:00,29.9,63.8,4.0,3,163.2,13.6
2026-06-15 02:10:00,30.1,64.8,6.0,3,16.4,1.3
2026-06-15 02:15:00,28.6,64.7,4.0,3,10.0,0.8
2026-06-15 02:20:00,29.6,61.0,5.0,3,147.7,12.3
2026-06-15 02:25:00,29.8,63.1,4.0,3,127.6,10.6
2026-06-15 02:30:00,29.8,64.0,4.0,3,107.4,9.0
2026-06-15 02:35:00,30.4,59.8,5.0,3,110.3,9.2
2026-06-15 02:40:00,29.5,60.7,4.0,3,105.7,8.7
2026-06-15 02:45:00,31.9,60.8,4.0,3,221.8,18.5
2026-06-15 02:50:00,30.8,63.1,5.0,3,121.5,10.1
2026-06-15 02:55:00,29.4,68.4,4.0,3,86.0,7.2
2026-06-15 03:00:00,29.9,63.9,4.0,3,11.9,1.0
2026-06-15 03:05:00,29.9,59.4,4.0,3,69.4,5.8
2026-06-15 03:10:00,31.0,65.5,4.0,3,152.1,12.7
2026-06-15 03:15:00,29.2,66.0,4.0,3,168.5,13.9
2026-06-15 03:20:00,30.6,56.4,4.0,3,10.0,0.8
2026-06-15 03:25:00,29.8,60.0,5.0,3,181.3,15.1
2026-06-15 03:30:00,31.3,58.9,4.0,3,92.7,7.7
2026-06-15 03:35:00,31.1,62.4,4.0,3,310.4,25.9
2026-06-15 03:40:00,30.0,56.5,5.0,3,210.4,17.5
2026-06-15 03:45:00,29.5,62.7,4.0,3,87.0,7.2
2026-06-15 03:50:00,30.3,63.6,4.0,3,10.0,0.8
2026-06-15 03:55:00,29.6,56.0,4.0,3,12.0,1.0
2026-06-15 04:00:00,31.4,61.9,4.0,3,55.5,4.5
2026-06-15 04:05:00,29.7,65.1,4.0,3,260.4,21.6
2026-06-15 04:10:00,29.2,61.5,6.0,3,75.0,6.2
2026-06-15 04:15:00,29.1,60.9,6.0,3,121.1,10.1
2026-06-15 04:20:00,28.3,63.1,5.0,3,89.3,7.5
2026-06-15 04:25:00,30.2,55.1,5.0,3,84.6,7.0
2026-06-15 04:30:00,28.7,63.8,5.0,3,64.9,5.4
2026-06-15 04:35:00,30.7,61.7,4.0,3,230.4,19.2
2026-06-15 04:40:00,28.2,62.3,6.0,3,177.8,14.8
2026-06-15 04:45:00,29.7,65.4,4.0,3,10.0,0.8
2026-06-15 04:50:00,30.8,61.2,5.0,3,10.0,0.8
2026-06-15 04:55:00,27.3,67.7,4.0,3,173.2,14.4
2026-06-15 05:00:00,31.3,59.7,5.0,3,196.6,16.4
2026-06-15 05:05:00,29.1,65.6,5.0,3,20.5,1.7
2026-06-15 05:10:00,29.6,65.9,7.0,3,64.0,5.3
2026-06-15 05:15:00,30.0,61.7,6.0,3,198.8,16.7
2026-06-15 05:20:00,30.1,64.0,5.0,3,158.3,13.2
2026-06-15 05:25:00,29.7,64.7,5.0,3,102.5,8.5
2026-06-15 05:30:00,30.4,62.8,6.0,3,152.7,12.7
2026-06-15 05:35:00,30.0,66.1,6.0,3,80.6,6.7
2026-06-15 05:40:00,31.1,59.3,4.0,3,67.0,5.7
2026-06-15 05:45:00,30.0,61.7,5.0,3,196.6,16.3
2026-06-15 05:50:00,31.3,58.9,4.0,3,44.4,3.7
2026-06-15 05:55:00,30.3,63.6,5.0,3,61.7,5.2
2026-06-15 06:00:00,27.6,65.8,4.0,3,252.4,21.0
2026-06-15 06:05:00,31.6,58.8,4.0,1,135.6,11.3
2026-06-15 06:10:00,28.7,68.0,4.0,3,27.4,2.3
2026-06-15 06:15:00,30.6,65.4,5.0,3,249.6,20.8
2026-06-15 06:20:00,29.2,63.2,6.0,3,118.6,10.0
2026-06-15 06:25:00,30.2,59.6,5.0,3,103.5,8.6
2026-06-15 06:30:00,28.6,68.6,5.0,3,149.0,12.4
2026-06-15 06:35:00,29.8,63.9,6.0,3,176.9,14.7
2026-06-15 06:40:00,29.0,65.1,6.0,3,223.0,18.6
2026-06-15 06:45:00,30.6,62.0,7.0,1,150.1,12.5
2026-06-15 06:50:00,29.6,61.7,6.0,0,3.5,0.3
2026-06-15 06:55:00,30.1,61.7,4.0,1,50.2,4.2
2026-06-15 07:00:00,26.4,69.7,5.0,3,83.3,6.9
2026-06-15 07:05:00,28.7,63.5,6.0,1,79.0,6.6
2026-06-15 07:10:00,29.3,64.7,4.0,0,3.5,0.3
2026-06-15 07:15:00,29.0,64.1,5.0,0,7.2,0.7
2026-06-15 07:20:00,29.9,60.2,4.0,1,42.8,3.6
2026-06-15 07:25:00,28.4,68.9,4.0,0,3.5,0.3
2026-06-15 07:30:00,28.9,65.7,7.0,1,66.4,5.6
2026-06-15 07:35:00,30.1,63.2,6.0,0,9.0,0.8
2026-06-15 07:40:00,26.3,69.5,5.0,1,97.3,8.1
2026-06-15 07:45:00,29.4,59.2,5.0,0,9.5,0.8
2026-06-15 07:50:00,28.4,63.8,8.0,0,3.5,0.3
2026-06-15 07:55:00,27.8,62.3,5.0,0,4.1,0.3
2026-06-15 08:00:00,29.1,64.2,7.0,0,6.9,0.6
2026-06-15 08:05:00,30.1,63.1,8.0,1,61.6,5.1
2026-06-15 08:10:00,29.8,63.2,9.0,3,142.3,11.9
2026-06-15 08:15:00,28.5,67.6,5.0,1,84.6,7.0
2026-06-15 08:20:00,29.7,59.4,4.0,1,32.4,2.7
2026-06-15 08:25:00,29.7,61.0,4.0,0,8.6,0.6
2026-06-15 08:30:00,28.6,65.6,8.0,0,5.8,0.5
2026-06-15 08:35:00,27.9,66.3,10.0,0,4.2,0.4
2026-06-15 08:40:00,28.0,62.4,8.0,0,4.7,0.4
2026-06-15 08:45:00,29.6,66.0,5.0,1,22.7,1.9
2026-06-15 08:50:00,28.6,68.3,9.0,0,5.7,0.5
2026-06-15 08:55:00,27.5,67.3,5.0,0,4.4,0.5
2026-06-15 09:00:00,27.4,62.9,5.0,0,7.9,0.7
2026-06-15 09:05:00,30.2,62.7,6.0,3,63.8,5.3
2026-06-15 09:10:00,28.7,65.4,5.0,1,48.2,4.0
2026-06-15 09:15:00,29.6,62.5,5.0,1,72.7,6.1
2026-06-15 09:20:00,30.6,64.9,8.0,3,54.9,4.6
2026-06-15 09:25:00,27.8,65.6,5.0,0,4.1,0.3
2026-06-15 09:30:00,29.2,68.8,4.0,1,127.8,10.6
2026-06-15 09:35:00,29.1,65.8,7.0,0,6.4,0.5
2026-06-15 09:40:00,29.7,63.7,5.0,3,113.8,9.5
2026-06-15 09:45:00,30.6,63.9,5.0,1,57.1,4.8
2026-06-15 09:50:00,27.8,69.6,8.0,0,7.0,0.6
2026-06-15 09:55:00,29.9,64.9,5.0,0,5.5,0.5
2026-06-15 10:00:00,31.4,60.6,6.0,1,85.6,7.1
2026-06-15 10:05:00,30.0,61.2,6.0,0,5.0,0.4
2026-06-15 10:10:00,30.1,60.1,6.0,0,5.5,0.5
2026-06-15 10:15:00,30.7,56.4,6.0,1,20.7,1.7
2026-06-15 10:20:00,30.6,62.3,4.0,1,107.1,8.9
2026-06-15 10:25:00,30.9,60.6,6.0,0,3.8,0.3
2026-06-15 10:30:00,30.9,60.7,8.0,0,7.0,0.6
2026-06-15 10:35:00,29.1,66.2,7.0,1,47.2,3.9
2026-06-15 10:40:00,31.4,60.5,6.0,0,5.2,0.3
2026-06-15 10:45:00,31.6,64.7,7.0,3,167.8,14.0
2026-06-15 10:50:00,30.5,60.7,7.0,0,5.0,0.4
2026-06-15 10:55:00,28.6,62.5,5.0,0,3.5,0.3
2026-06-15 11:00:00,31.6,57.2,8.0,3,22.0,1.8
2026-06-15 11:05:00,31.9,61.5,6.0,1,55.2,4.6
2026-06-15 11:10:00,30.4,64.9,6.0,3,10.0,0.8
2026-06-15 11:15:00,31.3,59.3,8.0,3,13.1,1.1
2026-06-15 11:20:00,30.2,59.8,4.0,0,9.4,0.7
2026-06-15 11:25:00,32.4,62.7,4.0,0,7.2,0.6
2026-06-15 11:30:00,31.9,56.3,7.0,3,60.8,5.1
2026-06-15 11:35:00,29.9,65.3,7.0,0,3.5,0.2
2026-06-15 11:40:00,32.1,58.1,8.0,0,6.6,0.5
2026-06-15 11:45:00,31.6,61.2,4.0,1,68.8,5.7
2026-06-15 11:50:00,32.3,61.8,7.0,3,216.2,18.0
2026-06-15 11:55:00,31.3,61.9,4.0,1,39.8,3.3
2026-06-15 12:00:00,31.8,59.2,7.0,0,4.3,0.4
2026-06-15 12:05:00,31.9,63.3,6.0,1,12.6,1.0
2026-06-15 12:10:00,32.1,60.2,8.0,1,87.7,7.3
2026-06-15 12:15:00,32.8,67.6,6.0,0,3.7,0.3
2026-06-15 12:20:00,32.9,54.0,8.0,0,4.0,0.3
2026-06-15 12:25:00,32.5,54.6,5.0,0,6.5,0.6
2026-06-15 12:30:00,32.3,61.7,6.0,1,109.4,9.1
2026-06-15 12:35:00,32.3,59.1,7.0,1,10.0,0.8
2026-06-15 12:40:00,35.5,56.2,9.0,0,5.2,0.4
2026-06-15 12:45:00,31.9,57.1,8.0,3,28.8,2.4
2026-06-15 12:50:00,32.1,59.6,7.0,1,77.8,6.5
2026-06-15 12:55:00,36.4,53.9,7.0,0,5.4,0.4
2026-06-15 13:00:00,33.9,55.0,7.0,2,5.0,0.4
2026-06-15 13:05:00,31.8,60.3,6.0,0,6.1,0.5
2026-06-15 13:10:00,34.3,52.2,5.0,0,7.4,0.6
2026-06-15 13:15:00,32.3,59.9,7.0,1,77.1,6.4
2026-06-15 13:20:00,34.4,59.3,6.0,1,48.5,4.0
2026-06-15 13:25:00,33.1,54.4,6.0,3,146.7,12.2
2026-06-15 13:30:00,32.9,54.6,5.0,1,48.3,4.0
2026-06-15 13:35:00,35.2,57.4,7.0,1,117.2,9.8
2026-06-15 13:40:00,34.0,52.8,7.0,0,10.1,0.8
2026-06-15 13:45:00,34.5,57.6,5.0,3,202.8,16.9
2026-06-15 13:50:00,33.9,56.5,5.0,0,5.0,0.4
2026-06-15 13:55:00,32.9,56.9,8.0,0,4.7,0.4
2026-06-15 14:00:00,35.0,58.3,7.0,2,135.8,11.2
2026-06-15 14:05:00,35.9,55.9,6.0,3,35.2,2.9
2026-06-15 14:10:00,34.3,56.3,7.0,1,169.9,14.2
2026-06-15 14:15:00,36.7,48.0,6.0,2,155.1,12.9
2026-06-15 14:20:00,35.3,56.1,6.0,3,222.6,18.5
2026-06-15 14:25:00,34.4,52.9,6.0,0,5.7,0.5
2026-06-15 14:30:00,34.5,54.8,7.0,2,82.6,6.9
2026-06-15 14:35:00,34.3,55.6,5.0,0,6.9,0.6
2026-06-15 14:40:00,32.3,62.5,6.0,1,128.2,10.7
2026-06-15 14:45:00,34.0,55.3,6.0,0,7.7,0.7
2026-06-15 14:50:00,34.4,52.1,7.0,1,91.8,7.7
2026-06-15 14:55:00,33.5,60.1,6.0,3,153.7,12.8
2026-06-15 15:00:00,35.4,55.8,6.0,2,5.0,0.4
2026-06-15 15:05:00,35.0,56.3,7.0,2,85.5,7.2
2026-06-15 15:10:00,36.0,56.8,6.0,2,115.1,9.6
2026-06-15 15:15:00,35.9,57.4,6.0,2,45.2,3.8
2026-06-15 15:20:00,35.2,52.4,8.0,2,156.2,13.0
2026-06-15 15:25:00,33.1,53.7,7.0,2,5.0,0.4
2026-06-15 15:30:00,37.4,53.8,8.0,3,17.7,1.5
2026-06-15 15:35:00,34.8,54.3,6.0,2,113.8,9.5
2026-06-15 15:40:00,34.9,54.4,7.0,2,251.3,20.9
2026-06-15 15:45:00,34.5,52.7,6.0,3,68.3,5.7
2026-06-15 15:50:00,34.3,56.7,9.0,3,33.2,2.8
2026-06-15 15:55:00,37.1,53.2,5.0,2,146.7,12.2
2026-06-15 16:00:00,37.6,51.3,10.0,3,80.1,6.7
2026-06-15 16:05:00,36.2,49.9,8.0,2,212.8,17.7
2026-06-15 16:10:00,35.3,56.9,8.0,2,89.4,7.4
2026-06-15 16:15:00,36.4,53.5,9.0,2,116.2,9.7
2026-06-15 16:20:00,35.6,56.3,6.0,1,122.5,10.2
2026-06-15 16:25:00,35.2,49.3,9.0,2,66.2,5.5
2026-06-15 16:30:00,36.0,53.5,9.0,2,68.9,5.7
2026-06-15 16:35:00,34.8,53.0,8.0,2,139.6,11.6
2026-06-15 16:40:00,35.9,53.5,8.0,2,26.9,2.2
2026-06-15 16:45:00,35.8,55.7,11.0,3,137.7,11.5
2026-06-15 16:50:00,36.4,53.7,9.0,2,165.0,13.8
2026-06-15 16:55:00,34.6,54.9,7.0,2,138.1,11.5
2026-06-15 17:00:00,36.9,52.3,10.0,2,5.2,0.4
2026-06-15 17:05:00,34.0,51.1,7.0,3,45.4,3.8
2026-06-15 17:10:00,34.6,52.2,7.0,2,175.6,14.6
2026-06-15 17:15:00,34.7,57.8,10.0,2,264.3,22.0
2026-06-15 17:20:00,33.7,54.3,6.0,6,197.0,16.4
2026-06-15 17:25:00,37.4,54.9,9.0,2,169.3,14.1
2026-06-15 17:30:00,33.9,57.9,10.0,2,5.0,0.4
2026-06-15 17:35:00,34.4,57.4,13.0,2,285.3,23.8
2026-06-15 17:40:00,37.8,52.2,10.0,3,135.1,11.4
2026-06-15 17:45:00,34.6,53.5,5.0,2,5.0,0.4
2026-06-15 17:50:00,35.3,53.6,5.0,3,118.2,9.8
2026-06-15 17:55:00,33.8,57.4,13.0,3,10.0,0.8
2026-06-15 18:00:00,36.0,48.0,5.0,3,135.5,11.3
2026-06-15 18:05:00,36.1,56.5,4.0,3,197.3,16.4
2026-06-15 18:10:00,35.9,52.0,5.0,3,81.7,6.8
2026-06-15 18:15:00,35.5,53.5,7.0,2,5.0,0.4
2026-06-15 18:20:00,34.7,54.4,6.0,3,167.5,14.0
2026-06-15 18:25:00,33.7,55.6,7.0,3,12.7,1.1
2026-06-15 18:30:00,33.2,52.7,6.0,3,238.3,19.8
2026-06-15 18:35:00,36.8,52.8,4.0,3,156.2,13.0
2026-06-15 18:40:00,35.9,54.9,4.0,3,164.9,13.7
2026-06-15 18:45:00,33.4,50.6,5.0,3,44.8,3.7
2026-06-15 18:50:00,34.7,51.1,6.0,3,165.1,13.8
2026-06-15 18:55:00,34.1,57.7,4.0,2,5.0,0.4
2026-06-15 19:00:00,32.4,59.4,6.0,3,139.4,11.6
2026-06-15 19:05:00,34.2,56.3,5.0,3,168.4,14.0
2026-06-15 19:10:00,33.4,55.0,4.0,3,217.5,18.1
2026-06-15 19:15:00,32.7,59.0,5.0,3,60.3,5.0
2026-06-15 19:20:00,32.0,55.5,6.0,3,217.5,18.2
2026-06-15 19:25:00,31.8,58.1,6.0,3,170.4,14.2
2026-06-15 19:30:00,33.5,53.5,4.0,3,10.0,0.8
2026-06-15 19:35:00,33.9,55.6,6.0,3,248.9,20.7
2026-06-15 19:40:00,32.8,54.9,5.0,2,78.4,6.5
2026-06-15 19:45:00,34.9,56.5,5.0,3,57.3,4.8
2026-06-15 19:50:00,33.9,57.0,6.0,3,122.1,10.2
2026-06-15 19:55:00,34.8,53.6,6.0,3,125.9,10.5
2026-06-15 20:00:00,33.1,59.7,4.0,3,20.2,1.6
2026-06-15 20:05:00,32.3,56.2,5.0,3,180.6,15.0
2026-06-15 20:10:00,33.5,56.9,5.0,3,66.0,5.5
2026-06-15 20:15:00,31.6,57.7,6.0,3,10.0,0.8
2026-06-15 20:20:00,34.1,57.9,6.0,3,32.5,2.7
2026-06-15 20:25:00,32.0,59.9,5.0,3,10.0,0.8
2026-06-15 20:30:00,34.7,58.5,5.0,3,10.0,0.8
2026-06-15 20:35:00,32.9,57.8,5.0,3,191.8,16.0
2026-06-15 20:40:00,34.9,49.3,5.0,3,10.0,0.8
2026-06-15 20:45:00,31.8,57.9,4.0,3,134.9,11.2
2026-06-15 20:50:00,32.4,61.4,6.0,3,53.4,4.4
2026-06-15 20:55:00,33.9,55.9,6.0,3,199.8,16.6
2026-06-15 21:00:00,34.5,52.9,5.0,3,102.8,8.6
2026-06-15 21:05:00,35.3,56.7,4.0,3,10.0,0.8
2026-06-15 21:10:00,32.9,59.0,5.0,3,156.1,13.1
2026-06-15 21:15:00,35.5,54.3,6.0,3,70.9,5.9
2026-06-15 21:20:00,32.4,58.0,6.0,3,163.6,13.6
2026-06-15 21:25:00,34.4,55.0,5.0,3,133.2,11.1
2026-06-15 21:30:00,31.4,60.3,5.0,3,11.6,1.0
2026-06-15 21:35:00,33.4,57.7,4.0,3,93.1,7.8
2026-06-15 21:40:00,29.3,59.0,4.0,3,54.3,4.5
2026-06-15 21:45:00,31.1,59.6,5.0,3,81.8,6.8
2026-06-15 21:50:00,33.5,56.1,4.0,2,5.0,0.4
2026-06-15 21:55:00,30.9,62.6,5.0,3,92.4,7.6
2026-06-15 22:00:00,32.7,60.2,5.0,3,10.0,0.8
2026-06-15 22:05:00,33.4,57.6,5.0,3,130.7,10.9
2026-06-15 22:10:00,31.4,59.8,5.0,3,75.3,6.3
2026-06-15 22:15:00,30.7,62.2,4.0,3,10.0,0.8
2026-06-15 22:20:00,31.4,59.3,4.0,3,10.0,0.8
2026-06-15 22:25:00,30.7,61.7,6.0,3,10.0,0.8
2026-06-15 22:30:00,32.0,61.9,5.0,3,276.0,23.0
2026-06-15 22:35:00,32.3,57.9,5.0,3,101.4,8.4
2026-06-15 22:40:00,31.7,62.5,4.0,3,137.0,11.4
2026-06-15 22:45:00,34.6,59.3,4.0,3,231.0,19.2
2026-06-15 22:50:00,31.1,60.4,5.0,3,344.6,28.7
2026-06-15 22:55:00,34.1,56.3,4.0,3,41.8,3.5
2026-06-15 23:00:00,29.9,61.8,4.0,3,58.4,4.9
2026-06-15 23:05:00,32.0,59.8,5.0,3,15.7,1.3
2026-06-15 23:10:00,34.1,57.8,5.0,3,91.0,7.6
2026-06-15 23:15:00,34.0,59.9,5.0,3,10.0,0.8
2026-06-15 23:20:00,31.1,59.2,4.0,3,219.4,18.3
2026-06-15 23:25:00,32.9,59.2,4.0,3,148.4,12.4
2026-06-15 23:30:00,32.6,59.4,6.0,3,86.2,7.3
2026-06-15 23:35:00,30.9,58.8,5.0,3,10.0,0.8
2026-06-15 23:40:00,33.0,60.6,4.0,3,231.1,19.3
2026-06-15 23:45:00,35.3,58.0,5.0,3,65.6,5.5
2026-06-15 23:50:00,32.7,61.8,4.0,3,257.4,21.4
2026-06-15 23:55:00,32.9,59.3,5.0,3,78.2,6.5
2026-06-16 00:00:00,32.2,59.4,5.0,3,111.1,9.3
2026-06-16 00:05:00,29.5,60.8,4.0,3,10.0,0.8
2026-06-16 00:10:00,31.9,60.2,5.0,3,211.0,17.6
2026-06-16 00:15:00,30.1,61.6,5.0,3,10.0,0.8
2026-06-16 00:20:00,30.6,62.2,5.0,3,173.1,14.4
2026-06-16 00:25:00,34.0,58.6,5.0,3,226.3,18.9
2026-06-16 00:30:00,31.0,63.8,5.0,3,10.0,0.9
2026-06-16 00:35:00,30.4,62.0,5.0,3,186.8,15.6
2026-06-16 00:40:00,32.8,58.1,4.0,3,231.5,19.4
2026-06-16 00:45:00,30.2,60.0,4.0,3,143.0,11.9
2026-06-16 00:50:00,30.8,61.8,4.0,3,156.7,13.1
2026-06-16 00:55:00,32.9,58.0,4.0,3,138.8,11.6
2026-06-16 01:00:00,30.7,62.3,4.0,3,110.9,9.2
2026-06-16 01:05:00,29.2,64.7,5.0,2,5.0,0.4
2026-06-16 01:10:00,31.2,62.2,4.0,3,14.8,1.2
2026-06-16 01:15:00,30.3,60.3,4.0,3,100.2,8.4
2026-06-16 01:20:00,32.1,61.0,6.0,3,78.3,6.6
2026-06-16 01:25:00,30.1,62.6,4.0,3,270.2,22.5
2026-06-16 01:30:00,31.6,59.1,5.0,2,45.5,3.8
2026-06-16 01:35:00,32.3,58.9,5.0,3,99.1,8.3
2026-06-16 01:40:00,29.9,63.1,4.0,3,102.2,8.5
2026-06-16 01:45:00,30.5,60.4,4.0,2,42.7,3.6
2026-06-16 01:50:00,31.0,61.4,4.0,3,121.6,10.1
2026-06-16 01:55:00,29.9,64.8,5.0,3,144.7,12.1
2026-06-16 02:00:00,30.5,63.9,4.0,3,36.8,3.1
2026-06-16 02:05:00,30.0,62.6,4.0,3,188.7,15.7
2026-06-16 02:10:00,29.9,63.1,4.0,3,97.9,8.2
2026-06-16 02:15:00,30.3,60.6,5.0,3,169.6,14.1
2026-06-16 02:20:00,30.3,60.7,4.0,3,25.6,2.1
2026-06-16 02:25:00,30.4,58.1,4.0,3,93.0,7.8
2026-06-16 02:30:00,29.5,63.7,4.0,3,235.9,19.7
2026-06-16 02:35:00,29.6,64.6,4.0,3,280.1,23.3
2026-06-16 02:40:00,30.1,62.1,4.0,3,164.0,13.7
2026-06-16 02:45:00,30.2,60.0,5.0,2,75.7,6.3
2026-06-16 02:50:00,29.7,63.0,4.0,3,10.0,0.8
2026-06-16 02:55:00,30.6,64.7,4.0,3,10.0,0.8
2026-06-16 03:00:00,27.8,67.9,4.0,2,136.1,11.3
2026-06-16 03:05:00,29.0,63.7,4.0,3,163.9,13.7
2026-06-16 03:10:00,29.4,68.0,4.0,3,279.5,23.3
2026-06-16 03:15:00,28.8,70.6,4.0,3,71.0,5.9
2026-06-16 03:20:00,31.4,58.8,4.0,3,88.5,7.4
2026-06-16 03:25:00,29.7,62.1,4.0,3,129.4,10.8
2026-06-16 03:30:00,29.9,64.0,4.0,2,213.5,17.9
2026-06-16 03:35:00,29.2,61.3,4.0,3,326.7,27.2
2026-06-16 03:40:00,29.7,64.7,4.0,3,122.0,10.2
2026-06-16 03:45:00,28.5,64.8,4.0,3,123.5,10.3
2026-06-16 03:50:00,29.5,63.9,5.0,3,72.6,6.0
2026-06-16 03:55:00,28.7,62.9,4.0,3,115.0,9.6
2026-06-16 04:00:00,29.2,61.7,6.0,3,205.2,17.1
2026-06-16 04:05:00,26.9,62.6,4.0,3,48.8,4.1
2026-06-16 04:10:00,28.4,69.0,4.0,3,189.9,15.8
2026-06-16 04:15:00,31.1,62.9,6.0,2,96.5,7.9
2026-06-16 04:20:00,30.4,63.4,4.0,2,133.7,11.1
2026-06-16 04:25:00,30.9,61.7,6.0,3,193.7,16.1
2026-06-16 04:30:00,31.0,54.6,4.0,3,36.1,3.0
2026-06-16 04:35:00,30.2,60.1,4.0,3,176.1,14.7
2026-06-16 04:40:00,29.1,63.3,4.0,3,286.8,23.9
2026-06-16 04:45:00,28.5,62.1,5.0,3,10.0,0.8
2026-06-16 04:50:00,30.7,56.7,5.0,3,92.8,7.7
2026-06-16 04:55:00,29.6,60.5,4.0,3,128.5,10.7
2026-06-16 05:00:00,31.7,60.0,5.0,3,139.8,11.6
2026-06-16 05:05:00,29.1,64.1,6.0,3,22.2,1.8
2026-06-16 05:10:00,31.2,62.6,5.0,3,10.0,0.8
2026-06-16 05:15:00,29.3,68.0,6.0,3,40.7,3.4
2026-06-16 05:20:00,30.7,62.9,5.0,3,114.4,9.5
2026-06-16 05:25:00,31.0,60.6,5.0,3,64.3,5.4
2026-06-16 05:30:00,28.5,68.7,4.0,3,182.1,15.2
2026-06-16 05:35:00,29.0,60.8,4.0,3,212.0,17.7
2026-06-16 05:40:00,28.5,60.6,5.0,3,29.9,2.5
2026-06-16 05:45:00,28.3,63.4,5.0,3,134.8,11.2
2026-06-16 05:50:00,30.0,64.3,6.0,3,114.3,9.5
2026-06-16 05:55:00,29.2,64.2,5.0,3,329.5,27.5
2026-06-16 06:00:00,29.2,61.7,4.0,0,3.5,0.3
2026-06-16 06:05:00,29.7,61.7,5.0,3,68.3,5.7
2026-06-16 06:10:00,27.5,64.0,7.0,3,141.6,11.8
2026-06-16 06:15:00,30.3,59.7,5.0,3,281.1,23.4
2026-06-16 06:20:00,28.8,67.6,5.0,0,10.3,0.9
2026-06-16 06:25:00,29.6,63.0,4.0,3,10.0,0.8
2026-06-16 06:30:00,29.7,66.7,5.0,3,235.6,19.6
2026-06-16 06:35:00,30.4,60.3,5.0,0,3.5,0.3
2026-06-16 06:40:00,29.1,65.0,6.0,0,7.3,0.6
2026-06-16 06:45:00,27.2,67.4,5.0,3,51.2,4.3
2026-06-16 06:50:00,29.2,65.7,4.0,3,10.0,0.8
2026-06-16 06:55:00,29.3,64.3,5.0,1,88.4,7.4
2026-06-16 07:00:00,27.6,68.6,5.0,0,7.0,0.6
2026-06-16 07:05:00,28.9,65.6,4.0,3,133.2,11.1
2026-06-16 07:10:00,28.3,62.5,4.0,1,32.8,2.7
2026-06-16 07:15:00,27.3,68.4,7.0,0,3.5,0.3
2026-06-16 07:20:00,29.5,63.1,5.0,0,6.0,0.5
2026-06-16 07:25:00,28.1,63.6,6.0,3,123.5,10.3
2026-06-16 07:30:00,28.3,66.8,5.0,1,83.1,6.9
2026-06-16 07:35:00,28.2,67.5,4.0,0,3.5,0.3
2026-06-16 07:40:00,30.1,61.3,5.0,0,3.8,0.3
2026-06-16 07:45:00,28.7,63.7,6.0,1,10.0,0.8
2026-06-16 07:50:00,28.8,61.1,8.0,0,5.4,0.4
2026-06-16 07:55:00,28.3,60.8,5.0,0,5.8,0.5
2026-06-16 08:00:00,29.1,63.3,6.0,1,29.9,2.5
2026-06-16 08:05:00,30.1,64.3,8.0,3,160.0,13.4
2026-06-16 08:10:00,29.4,62.0,9.0,0,8.0,0.7
2026-06-16 08:15:00,29.4,66.8,5.0,0,4.1,0.3
2026-06-16 08:20:00,29.3,63.1,6.0,0,6.2,0.5
2026-06-16 08:25:00,27.1,66.4,9.0,1,110.7,9.2
2026-06-16 08:30:00,27.6,65.4,7.0,0,7.4,0.6
2026-06-16 08:35:00,28.4,67.3,8.0,1,56.4,4.7
2026-06-16 08:40:00,27.8,63.5,9.0,3,172.0,14.3
2026-06-16 08:45:00,27.4,66.1,7.0,0,5.4,0.3
2026-06-16 08:50:00,26.5,66.4,7.0,1,25.7,2.1
2026-06-16 08:55:00,27.1,65.5,5.0,0,5.5,0.5
2026-06-16 09:00:00,28.9,64.3,6.0,0,3.5,0.3
2026-06-16 09:05:00,29.1,63.7,6.0,0,3.5,0.3
2026-06-16 09:10:00,28.3,67.7,8.0,1,36.5,3.0
2026-06-16 09:15:00,29.3,63.6,7.0,0,3.8,0.3
2026-06-16 09:20:00,28.7,65.9,7.0,1,10.0,0.8
2026-06-16 09:25:00,30.4,62.4,4.0,1,80.8,6.7
2026-06-16 09:30:00,29.0,67.5,8.0,0,8.3,0.6
2026-06-16 09:35:00,30.0,61.9,5.0,3,96.3,8.0
2026-06-16 09:40:00,29.4,62.8,6.0,1,44.8,3.8
2026-06-16 09:45:00,27.7,67.9,9.0,3,260.5,21.7
2026-06-16 09:50:00,29.1,63.2,8.0,3,228.4,19.0
2026-06-16 09:55:00,27.8,67.1,5.0,1,53.4,4.4
2026-06-16 10:00:00,30.1,67.7,5.0,0,8.3,0.7
2026-06-16 10:05:00,29.4,61.3,6.0,0,8.0,0.7
2026-06-16 10:10:00,30.6,65.2,5.0,0,6.2,0.5
2026-06-16 10:15:00,28.7,63.4,4.0,3,145.5,12.1
2026-06-16 10:20:00,30.2,65.4,5.0,1,85.0,7.1
2026-06-16 10:25:00,30.8,63.1,4.0,0,6.5,0.5
2026-06-16 10:30:00,31.2,62.4,7.0,0,4.7,0.4
2026-06-16 10:35:00,29.3,63.3,7.0,0,4.8,0.4
2026-06-16 10:40:00,30.2,61.9,8.0,0,3.5,0.3
2026-06-16 10:45:00,30.4,60.6,7.0,0,5.9,0.5
2026-06-16 10:50:00,32.0,60.0,6.0,0,6.4,0.5
2026-06-16 10:55:00,28.5,64.3,7.0,0,4.3,0.4
2026-06-16 11:00:00,30.6,62.2,5.0,0,7.3,0.6
2026-06-16 11:05:00,34.7,52.1,4.0,3,137.5,11.5
2026-06-16 11:10:00,31.3,60.8,6.0,0,8.0,0.7
2026-06-16 11:15:00,29.6,66.3,7.0,3,210.2,17.5
2026-06-16 11:20:00,31.0,63.4,5.0,0,3.5,0.3
2026-06-16 11:25:00,28.6,64.9,5.0,0,10.1,0.8
2026-06-16 11:30:00,31.9,65.9,6.0,0,6.6,0.4
2026-06-16 11:35:00,32.5,57.5,7.0,0,8.6,0.7
2026-06-16 11:40:00,30.6,61.6,6.0,0,4.1,0.3
2026-06-16 11:45:00,31.1,57.5,10.0,3,109.9,9.2
2026-06-16 11:50:00,32.7,57.6,6.0,3,10.0,0.8
2026-06-16 11:55:00,29.7,67.5,7.0,1,81.5,6.8
2026-06-16 12:00:00,31.2,60.0,4.0,0,8.4,0.7
2026-06-16 12:05:00,32.4,55.2,7.0,0,6.8,0.7
2026-06-16 12:10:00,31.8,62.2,6.0,0,4.9,0.4
2026-06-16 12:15:00,32.4,60.0,6.0,3,96.9,8.1
2026-06-16 12:20:00,31.3,62.8,9.0,3,76.5,6.4
2026-06-16 12:25:00,32.9,57.5,6.0,0,3.5,0.3
2026-06-16 12:30:00,32.5,56.4,4.0,0,5.5,0.5
2026-06-16 12:35:00,33.3,57.2,5.0,3,118.5,9.9
2026-06-16 12:40:00,32.9,59.6,7.0,0,7.1,0.6
2026-06-16 12:45:00,32.9,58.1,6.0,0,5.7,0.5
2026-06-16 12:50:00,31.1,62.0,6.0,0,5.7,0.5
2026-06-16 12:55:00,33.2,56.4,4.0,3,10.0,0.8
2026-06-16 13:00:00,32.9,59.1,8.0,0,4.5,0.4
2026-06-16 13:05:00,33.1,57.6,7.0,0,3.5,0.3
2026-06-16 13:10:00,34.5,53.6,6.0,3,13.9,1.2
2026-06-16 13:15:00,32.5,59.0,5.0,3,207.8,17.3
2026-06-16 13:20:00,34.9,53.8,8.0,1,10.0,0.8
2026-06-16 13:25:00,35.0,56.2,7.0,3,113.1,9.4
2026-06-16 13:30:00,34.2,58.2,6.0,0,5.9,0.5
2026-06-16 13:35:00,32.2,60.4,7.0,3,81.9,6.8
2026-06-16 13:40:00,30.8,57.0,6.0,3,69.2,5.8
2026-06-16 13:45:00,34.6,52.8,5.0,1,10.0,0.8
2026-06-16 13:50:00,33.4,55.5,6.0,0,3.6,0.3
2026-06-16 13:55:00,32.5,56.5,5.0,0,7.4,0.6
2026-06-16 14:00:00,35.8,52.5,6.0,2,75.9,6.3
2026-06-16 14:05:00,32.8,59.6,7.0,2,189.6,15.8
2026-06-16 14:10:00,33.5,58.2,7.0,1,61.7,5.0
2026-06-16 14:15:00,34.8,54.0,5.0,3,93.3,7.8
2026-06-16 14:20:00,32.5,59.1,6.0,3,122.0,10.2
2026-06-16 14:25:00,33.9,56.8,5.0,1,96.3,8.0
2026-06-16 14:30:00,35.6,54.0,6.0,0,7.2,0.6
2026-06-16 14:35:00,34.4,58.2,6.0,1,32.9,2.7
2026-06-16 14:40:00,35.9,52.1,7.0,2,217.2,18.1
2026-06-16 14:45:00,35.7,54.1,6.0,2,52.7,4.5
2026-06-16 14:50:00,34.1,53.3,6.0,2,5.0,0.5
2026-06-16 14:55:00,30.7,57.4,6.0,3,10.0,0.8
2026-06-16 15:00:00,33.4,53.4,5.0,2,52.8,4.4
2026-06-16 15:05:00,36.0,51.3,7.0,6,161.2,13.4
2026-06-16 15:10:00,32.8,57.3,7.0,2,62.2,5.2
2026-06-16 15:15:00,34.5,54.5,7.0,3,72.1,6.0
2026-06-16 15:20:00,35.4,53.6,8.0,2,81.5,6.7
2026-06-16 15:25:00,36.9,51.8,8.0,6,197.0,16.4
2026-06-16 15:30:00,34.1,59.5,9.0,2,99.2,8.3
2026-06-16 15:35:00,34.0,53.3,6.0,2,81.7,6.8
2026-06-16 15:40:00,34.8,52.1,7.0,2,5.0,0.4
2026-06-16 15:45:00,35.4,52.3,7.0,2,79.2,6.6
2026-06-16 15:50:00,34.7,54.8,7.0,3,124.7,10.4
2026-06-16 15:55:00,36.4,54.2,6.0,2,120.6,10.0
2026-06-16 16:00:00,34.3,56.6,9.0,2,216.6,18.0
2026-06-16 16:05:00,35.6,55.9,8.0,6,165.0,13.8
2026-06-16 16:10:00,36.1,53.0,6.0,2,53.7,4.5
2026-06-16 16:15:00,34.9,53.6,5.0,3,94.4,7.9
2026-06-16 16:20:00,36.7,56.3,7.0,3,10.0,0.8
2026-06-16 16:25:00,35.7,48.0,7.0,3,109.6,9.1
2026-06-16 16:30:00,36.6,52.8,9.0,2,96.5,8.0
2026-06-16 16:35:00,35.8,54.5,6.0,2,88.3,7.3
2026-06-16 16:40:00,36.0,57.6,8.0,2,57.7,4.8
2026-06-16 16:45:00,34.5,51.1,5.0,2,59.8,5.0
2026-06-16 16:50:00,34.5,54.0,6.0,2,5.0,0.4
2026-06-16 16:55:00,37.3,48.8,7.0,2,132.9,11.1
2026-06-16 17:00:00,36.7,48.0,8.0,2,150.1,12.6
2026-06-16 17:05:00,33.7,55.2,6.0,3,104.3,8.7
2026-06-16 17:10:00,35.9,55.7,9.0,2,65.6,5.5
2026-06-16 17:15:00,31.3,61.8,4.0,3,46.4,3.9
2026-06-16 17:20:00,34.5,53.4,8.0,3,26.1,2.2
2026-06-16 17:25:00,37.2,53.8,8.0,3,125.1,10.4
2026-06-16 17:30:00,35.3,53.4,5.0,3,117.2,9.8
2026-06-16 17:35:00,35.8,55.0,9.0,2,136.9,11.4
2026-06-16 17:40:00,30.2,62.9,4.0,3,148.5,12.4
2026-06-16 17:45:00,34.9,53.9,7.0,2,5.0,0.4
2026-06-16 17:50:00,36.1,56.1,10.0,2,213.1,17.8
2026-06-16 17:55:00,36.4,49.4,4.0,2,37.8,3.1
2026-06-16 18:00:00,36.2,54.8,7.0,3,290.8,24.2
2026-06-16 18:05:00,34.2,58.0,4.0,3,158.3,13.2
2026-06-16 18:10:00,34.3,57.6,5.0,2,77.3,6.4
2026-06-16 18:15:00,32.2,54.2,8.0,3,43.9,3.7
2026-06-16 18:20:00,34.2,54.6,5.0,3,218.4,18.2
2026-06-16 18:25:00,32.4,58.0,8.0,2,170.0,14.2
2026-06-16 18:30:00,31.4,59.4,6.0,3,85.5,7.1
2026-06-16 18:35:00,32.7,57.1,6.0,3,85.9,7.1
2026-06-16 18:40:00,37.2,55.8,7.0,3,28.4,2.4
2026-06-16 18:45:00,34.1,51.8,7.0,3,158.3,13.2
2026-06-16 18:50:00,34.9,53.8,6.0,3,81.5,6.9
2026-06-16 18:55:00,33.7,51.2,5.0,3,185.8,15.5
2026-06-16 19:00:00,31.5,60.2,4.0,2,5.0,0.4
2026-06-16 19:05:00,35.2,55.7,4.0,3,160.2,13.3
2026-06-16 19:10:00,31.0,67.1,6.0,3,34.5,2.9
2026-06-16 19:15:00,33.2,59.2,6.0,3,24.9,2.1
2026-06-16 19:20:00,33.9,56.7,5.0,3,130.5,10.9
2026-06-16 19:25:00,34.2,56.2,4.0,3,218.3,18.2
2026-06-16 19:30:00,32.9,56.4,5.0,2,60.4,5.0
2026-06-16 19:35:00,31.4,59.2,5.0,3,202.2,16.8
2026-06-16 19:40:00,32.8,57.9,5.0,3,243.0,20.2
2026-06-16 19:45:00,32.9,52.6,5.0,3,123.8,10.4
2026-06-16 19:50:00,32.9,57.6,5.0,3,189.4,15.8
2026-06-16 19:55:00,35.3,54.6,5.0,3,209.8,17.5
2026-06-16 20:00:00,31.6,62.7,6.0,2,41.3,3.4
2026-06-16 20:05:00,33.8,56.4,5.0,3,286.7,23.9
2026-06-16 20:10:00,33.5,55.4,5.0,3,146.3,12.2
2026-06-16 20:15:00,34.7,56.3,6.0,3,77.2,6.4
2026-06-16 20:20:00,33.1,57.6,6.0,3,212.8,17.7
2026-06-16 20:25:00,34.4,55.8,5.0,3,10.0,0.7
2026-06-16 20:30:00,33.1,54.7,5.0,3,206.6,17.2
2026-06-16 20:35:00,33.9,56.3,5.0,3,229.7,19.1
2026-06-16 20:40:00,31.2,58.2,5.0,3,201.1,16.8
2026-06-16 20:45:00,29.6,60.6,5.0,3,29.1,2.4
2026-06-16 20:50:00,33.9,58.1,6.0,3,131.5,11.0
2026-06-16 20:55:00,33.9,55.2,5.0,3,207.8,17.3
2026-06-16 21:00:00,33.4,57.1,4.0,3,158.3,13.2
2026-06-16 21:05:00,32.0,59.8,4.0,2,140.4,11.7
2026-06-16 21:10:00,34.9,55.7,4.0,3,115.4,9.6
2026-06-16 21:15:00,32.1,63.7,5.0,2,24.4,2.0
2026-06-16 21:20:00,33.4,58.0,4.0,3,131.0,10.9
2026-06-16 21:25:00,33.6,55.0,5.0,3,383.2,31.9
2026-06-16 21:30:00,35.3,54.2,5.0,3,24.8,2.1
2026-06-16 21:35:00,32.3,56.8,5.0,3,10.0,0.7
2026-06-16 21:40:00,31.8,57.4,4.0,3,29.0,2.4
2026-06-16 21:45:00,30.5,61.2,6.0,3,299.4,24.9
2026-06-16 21:50:00,35.0,54.0,5.0,3,175.4,14.6
2026-06-16 21:55:00,33.4,56.9,6.0,2,157.1,13.1
2026-06-16 22:00:00,32.7,60.6,4.0,3,62.8,5.2
2026-06-16 22:05:00,36.6,53.9,5.0,3,308.1,25.8
2026-06-16 22:10:00,32.5,59.9,4.0,3,11.8,1.0
2026-06-16 22:15:00,30.2,57.5,6.0,3,59.7,5.0
2026-06-16 22:20:00,31.8,58.6,5.0,3,10.0,0.8
2026-06-16 22:25:00,30.6,58.7,5.0,2,117.9,9.8
2026-06-16 22:30:00,31.5,60.1,4.0,3,118.0,9.8
2026-06-16 22:35:00,31.5,57.6,6.0,3,153.0,12.8
2026-06-16 22:40:00,31.2,63.8,6.0,3,124.5,10.4
2026-06-16 22:45:00,30.0,57.8,4.0,3,216.8,18.1
2026-06-16 22:50:00,34.4,59.1,5.0,3,76.3,6.4
2026-06-16 22:55:00,32.5,60.3,5.0,3,86.3,7.3
2026-06-16 23:00:00,31.4,61.0,4.0,3,138.0,11.5
2026-06-16 23:05:00,33.2,59.6,5.0,3,273.0,22.8
2026-06-16 23:10:00,32.7,62.6,5.0,3,152.1,12.8
2026-06-16 23:15:00,32.3,63.7,4.0,3,85.9,7.2
2026-06-16 23:20:00,33.1,59.3,4.0,3,181.9,15.2
2026-06-16 23:25:00,32.1,60.4,5.0,3,92.5,7.7
2026-06-16 23:30:00,33.1,58.8,4.0,3,133.7,11.1
2026-06-16 23:35:00,33.2,57.8,4.0,3,95.6,8.0
2026-06-16 23:40:00,32.1,60.8,5.0,3,10.0,0.8
2026-06-16 23:45:00,31.4,60.9,5.0,3,53.8,4.5
2026-06-16 23:50:00,34.6,56.3,4.0,3,245.5,20.5
2026-06-16 23:55:00,30.9,61.5,5.0,3,137.4,11.4
2026-06-17 00:00:00,31.9,60.6,5.0,3,124.0,10.3
2026-06-17 00:05:00,31.9,59.3,4.0,3,113.6,9.5
2026-06-17 00:10:00,30.7,60.2,4.0,2,5.0,0.4
2026-06-17 00:15:00,30.4,61.9,5.0,2,163.8,13.6
2026-06-17 00:20:00,31.0,63.1,4.0,3,85.0,7.0
2026-06-17 00:25:00,30.8,61.6,5.0,3,114.4,9.5
2026-06-17 00:30:00,29.6,63.1,4.0,3,77.3,6.5
2026-06-17 00:35:00,30.6,60.0,5.0,3,132.7,11.2
2026-06-17 00:40:00,31.8,59.7,5.0,3,17.5,1.5
2026-06-17 00:45:00,33.0,60.1,4.0,3,171.0,14.2
2026-06-17 00:50:00,32.1,58.1,5.0,3,103.5,8.6
2026-06-17 00:55:00,28.2,63.4,4.0,3,10.0,0.8
2026-06-17 01:00:00,31.3,61.3,4.0,3,84.2,7.0
2026-06-17 01:05:00,30.2,61.8,4.0,3,75.2,6.3
2026-06-17 01:10:00,31.2,61.2,5.0,3,198.1,16.5
2026-06-17 01:15:00,30.7,61.4,4.0,3,94.7,7.9
2026-06-17 01:20:00,30.6,60.3,4.0,3,40.1,3.3
2026-06-17 01:25:00,30.7,59.3,4.0,3,10.0,0.8
2026-06-17 01:30:00,30.7,61.1,4.0,3,58.0,4.8
2026-06-17 01:35:00,32.0,61.8,4.0,3,212.9,17.7
2026-06-17 01:40:00,30.7,63.0,4.0,3,149.9,12.5
2026-06-17 01:45:00,31.8,59.2,4.0,3,32.8,2.7
2026-06-17 01:50:00,31.6,59.5,5.0,3,93.7,7.8
2026-06-17 01:55:00,31.4,59.6,4.0,3,116.4,9.7
2026-06-17 02:00:00,28.3,63.9,4.0,3,247.4,20.6
2026-06-17 02:05:00,31.5,60.8,4.0,3,109.8,9.1
2026-06-17 02:10:00,29.8,65.2,5.0,3,62.6,5.2
2026-06-17 02:15:00,31.1,66.2,4.0,3,140.0,11.7
2026-06-17 02:20:00,29.2,61.6,5.0,3,165.0,13.8
2026-06-17 02:25:00,29.0,65.4,5.0,3,176.2,14.7
2026-06-17 02:30:00,32.5,59.9,4.0,3,174.5,14.5
2026-06-17 02:35:00,29.2,62.8,4.0,3,297.4,24.7
2026-06-17 02:40:00,31.6,57.5,4.0,3,10.0,0.8
2026-06-17 02:45:00,30.4,62.4,4.0,3,97.4,8.1
2026-06-17 02:50:00,29.8,67.8,4.0,3,107.8,9.0
2026-06-17 02:55:00,30.2,62.7,5.0,3,10.0,0.8
2026-06-17 03:00:00,28.4,62.9,5.0,2,243.7,20.3
2026-06-17 03:05:00,29.8,62.1,4.0,3,10.7,0.9
2026-06-17 03:10:00,28.7,61.5,4.0,3,86.1,7.2
2026-06-17 03:15:00,29.4,63.2,4.0,3,76.7,6.4
2026-06-17 03:20:00,30.8,62.5,4.0,3,63.5,5.3
2026-06-17 03:25:00,30.1,60.3,4.0,3,10.0,0.8
2026-06-17 03:30:00,28.3,57.1,4.0,3,10.1,0.8
2026-06-17 03:35:00,30.7,61.7,5.0,3,58.4,4.9
2026-06-17 03:40:00,29.8,61.3,4.0,3,86.8,7.2
2026-06-17 03:45:00,29.2,61.7,4.0,3,133.6,11.1
2026-06-17 03:50:00,30.6,59.4,4.0,3,84.8,7.1
2026-06-17 03:55:00,29.6,63.8,4.0,3,48.9,4.1
2026-06-17 04:00:00,28.4,64.1,5.0,2,27.3,2.3
2026-06-17 04:05:00,31.6,62.0,5.0,3,138.9,11.6
2026-06-17 04:10:00,29.6,65.5,4.0,3,130.1,10.8
2026-06-17 04:15:00,29.5,62.5,6.0,3,25.8,2.1
2026-06-17 04:20:00,29.2,62.4,5.0,3,280.2,23.2
2026-06-17 04:25:00,30.9,61.1,4.0,3,10.0,0.8
2026-06-17 04:30:00,29.1,63.5,5.0,3,165.8,13.8
2026-06-17 04:35:00,28.0,61.3,5.0,3,187.4,15.6
2026-06-17 04:40:00,28.9,69.2,4.0,3,198.8,16.6
2026-06-17 04:45:00,31.0,62.5,6.0,3,136.1,11.2
2026-06-17 04:50:00,30.5,60.3,4.0,3,10.0,0.8
2026-06-17 04:55:00,29.4,58.4,4.0,3,279.3,23.3
2026-06-17 05:00:00,30.8,60.9,4.0,3,10.0,0.8
2026-06-17 05:05:00,30.2,61.0,5.0,3,12.9,1.1
2026-06-17 05:10:00,29.3,63.6,5.0,3,59.8,5.0
2026-06-17 05:15:00,29.3,59.1,5.0,3,10.0,0.8
2026-06-17 05:20:00,29.8,61.9,5.0,2,58.1,4.8
2026-06-17 05:25:00,28.7,63.8,5.0,3,10.0,0.8
2026-06-17 05:30:00,29.5,63.0,5.0,3,28.9,2.4
2026-06-17 05:35:00,29.8,62.4,5.0,3,10.0,0.8
2026-06-17 05:40:00,27.9,66.0,5.0,3,116.6,9.7
2026-06-17 05:45:00,29.3,66.9,5.0,3,67.7,5.5
2026-06-17 05:50:00,29.2,62.8,5.0,3,84.5,7.1
2026-06-17 05:55:00,30.4,60.0,5.0,3,131.1,10.9
2026-06-17 06:00:00,27.6,62.9,6.0,3,95.0,7.9
2026-06-17 06:05:00,28.9,63.3,4.0,1,39.6,3.3
2026-06-17 06:10:00,28.8,61.7,5.0,3,48.8,4.1
2026-06-17 06:15:00,30.1,64.4,5.0,1,71.8,6.0
2026-06-17 06:20:00,29.2,63.7,7.0,0,8.8,0.7
2026-06-17 06:25:00,30.9,63.2,6.0,3,146.2,12.2
2026-06-17 06:30:00,29.8,65.9,5.0,1,70.9,5.9
2026-06-17 06:35:00,28.9,62.6,5.0,3,82.0,6.8
2026-06-17 06:40:00,29.4,62.9,6.0,0,4.7,0.5
2026-06-17 06:45:00,28.9,67.0,5.0,0,5.4,0.4
2026-06-17 06:50:00,30.0,63.1,4.0,0,3.5,0.3
2026-06-17 06:55:00,28.0,66.8,6.0,1,62.5,5.2
2026-06-17 07:00:00,27.9,68.2,6.0,3,34.7,2.9
2026-06-17 07:05:00,29.3,65.8,4.0,3,93.2,7.8
2026-06-17 07:10:00,30.2,63.2,4.0,3,217.6,18.1
2026-06-17 07:15:00,26.4,71.0,4.0,3,55.6,4.6
2026-06-17 07:20:00,30.3,61.9,5.0,0,4.4,0.4
2026-06-17 07:25:00,28.7,65.8,6.0,0,5.5,0.5
2026-06-17 07:30:00,26.7,67.2,7.0,0,5.7,0.4
2026-06-17 07:35:00,26.0,71.0,6.0,1,83.4,7.0
2026-06-17 07:40:00,27.1,65.3,4.0,3,163.2,13.6
2026-06-17 07:45:00,28.8,60.4,5.0,0,4.7,0.4
2026-06-17 07:50:00,28.8,66.0,7.0,0,4.2,0.4
2026-06-17 07:55:00,29.5,60.9,5.0,0,6.0,0.5
2026-06-17 08:00:00,28.1,62.7,8.0,3,18.8,1.6
2026-06-17 08:05:00,27.5,69.3,8.0,3,107.8,9.0
2026-06-17 08:10:00,28.2,67.5,8.0,3,129.8,10.8
2026-06-17 08:15:00,28.7,63.6,7.0,1,21.5,1.8
2026-06-17 08:20:00,29.0,56.7,8.0,3,29.3,2.4
2026-06-17 08:25:00,27.8,67.1,4.0,3,74.6,6.2
2026-06-17 08:30:00,29.7,64.6,9.0,0,4.9,0.4
2026-06-17 08:35:00,28.0,66.8,4.0,3,22.4,1.9
2026-06-17 08:40:00,27.7,67.1,7.0,0,8.1,0.6
2026-06-17 08:45:00,28.1,64.9,6.0,0,6.0,0.5
2026-06-17 08:50:00,29.9,61.7,5.0,0,4.4,0.4
2026-06-17 08:55:00,28.6,62.0,4.0,0,7.7,0.6
2026-06-17 09:00:00,28.5,63.2,7.0,0,3.5,0.3
2026-06-17 09:05:00,30.3,62.9,8.0,0,4.7,0.4
2026-06-17 09:10:00,31.7,60.8,6.0,1,137.7,11.5
2026-06-17 09:15:00,29.5,65.2,6.0,1,50.6,4.2
2026-06-17 09:20:00,30.7,58.1,9.0,0,3.5,0.3
2026-06-17 09:25:00,30.4,58.0,6.0,3,30.5,2.5
2026-06-17 09:30:00,28.6,63.8,6.0,0,5.0,0.4
2026-06-17 09:35:00,29.3,61.2,6.0,3,104.2,8.7
2026-06-17 09:40:00,27.9,66.2,11.0,1,145.7,12.1
2026-06-17 09:45:00,29.1,60.8,5.0,3,246.9,20.6
2026-06-17 09:50:00,28.6,67.5,8.0,1,10.0,0.8
2026-06-17 09:55:00,28.8,62.4,4.0,0,8.2,0.7
2026-06-17 10:00:00,29.4,67.0,5.0,0,5.9,0.5
2026-06-17 10:05:00,30.0,63.8,6.0,1,10.0,0.8
2026-06-17 10:10:00,30.9,59.1,6.0,0,3.5,0.3
2026-06-17 10:15:00,30.1,67.2,6.0,0,4.7,0.4
2026-06-17 10:20:00,28.2,65.7,6.0,3,142.1,11.8
2026-06-17 10:25:00,29.4,63.9,5.0,3,108.4,9.0
2026-06-17 10:30:00,28.6,64.4,8.0,0,6.0,0.5
2026-06-17 10:35:00,30.6,62.9,5.0,0,6.1,0.5
2026-06-17 10:40:00,30.9,62.6,7.0,3,230.5,19.2
2026-06-17 10:45:00,30.6,60.0,7.0,0,5.2,0.4
2026-06-17 10:50:00,29.4,63.0,5.0,0,7.0,0.6
2026-06-17 10:55:00,30.6,62.1,6.0,0,6.7,0.6
2026-06-17 11:00:00,31.2,62.3,6.0,0,5.2,0.4
2026-06-17 11:05:00,30.5,63.4,8.0,1,61.0,5.1
2026-06-17 11:10:00,32.5,59.3,6.0,3,10.0,0.8
2026-06-17 11:15:00,32.6,57.4,11.0,1,113.0,9.4
2026-06-17 11:20:00,32.8,57.0,7.0,0,6.0,0.5
2026-06-17 11:25:00,31.1,58.2,7.0,3,224.4,18.7
2026-06-17 11:30:00,33.0,59.5,7.0,1,76.2,6.4
2026-06-17 11:35:00,31.2,59.4,4.0,0,5.2,0.4
2026-06-17 11:40:00,32.4,58.6,8.0,0,5.6,0.5
2026-06-17 11:45:00,31.2,61.4,4.0,0,5.9,0.5
2026-06-17 11:50:00,31.5,60.4,7.0,3,73.4,6.1
2026-06-17 11:55:00,29.1,64.1,5.0,1,59.8,5.0
2026-06-17 12:00:00,32.4,56.8,5.0,3,131.2,10.9
2026-06-17 12:05:00,32.9,58.9,9.0,3,166.3,13.9
2026-06-17 12:10:00,32.3,58.4,6.0,3,149.2,12.4
2026-06-17 12:15:00,34.7,55.2,4.0,3,75.1,6.3
2026-06-17 12:20:00,31.5,63.3,8.0,1,78.7,6.6
2026-06-17 12:25:00,32.1,60.8,4.0,3,180.2,15.0
2026-06-17 12:30:00,31.7,58.7,8.0,0,7.5,0.6
2026-06-17 12:35:00,32.1,59.1,6.0,0,6.4,0.4
2026-06-17 12:40:00,33.9,60.7,4.0,3,71.2,5.9
2026-06-17 12:45:00,34.4,55.1,8.0,0,5.5,0.5
2026-06-17 12:50:00,32.0,59.8,7.0,0,4.7,0.4
2026-06-17 12:55:00,32.0,61.3,4.0,3,70.8,5.9
2026-06-17 13:00:00,32.1,59.8,6.0,3,102.8,8.6
2026-06-17 13:05:00,34.9,53.8,6.0,0,6.8,0.6
2026-06-17 13:10:00,34.7,53.2,6.0,0,6.1,0.4
2026-06-17 13:15:00,33.3,57.3,6.0,1,64.0,5.3
2026-06-17 13:20:00,31.8,61.4,7.0,3,151.6,12.7
2026-06-17 13:25:00,31.9,63.0,7.0,3,19.5,1.6
2026-06-17 13:30:00,33.6,53.0,6.0,3,29.4,2.4
2026-06-17 13:35:00,34.0,60.8,6.0,0,5.3,0.4
2026-06-17 13:40:00,31.0,60.2,6.0,2,5.0,0.4
2026-06-17 13:45:00,33.0,60.2,6.0,1,159.2,13.3
2026-06-17 13:50:00,35.3,52.2,5.0,0,4.9,0.5
2026-06-17 13:55:00,33.1,53.5,5.0,3,10.0,0.8
2026-06-17 14:00:00,36.3,50.1,6.0,2,93.7,7.8
2026-06-17 14:05:00,35.1,53.9,6.0,0,5.6,0.6
2026-06-17 14:10:00,32.6,58.8,6.0,0,4.2,0.4
2026-06-17 14:15:00,33.7,56.4,7.0,2,183.4,15.3
2026-06-17 14:20:00,34.0,55.3,6.0,2,45.3,3.8
2026-06-17 14:25:00,32.8,60.0,6.0,5,160.2,13.3
2026-06-17 14:30:00,32.8,57.4,6.0,2,26.3,2.2
2026-06-17 14:35:00,36.3,53.9,7.0,2,197.6,16.5
2026-06-17 14:40:00,32.8,64.8,7.0,3,82.7,6.9
2026-06-17 14:45:00,35.7,53.9,6.0,3,200.3,16.7
2026-06-17 14:50:00,33.5,54.9,7.0,3,390.3,32.5
2026-06-17 14:55:00,34.1,57.0,8.0,2,38.8,3.2
2026-06-17 15:00:00,35.8,55.3,6.0,5,98.5,8.2
2026-06-17 15:05:00,34.2,56.2,8.0,2,42.8,3.6
2026-06-17 15:10:00,35.8,54.1,5.0,2,79.9,6.7
2026-06-17 15:15:00,32.2,61.0,7.0,2,5.0,0.4
2026-06-17 15:20:00,35.6,56.9,7.0,2,32.6,2.7
2026-06-17 15:25:00,31.6,58.2,5.0,3,129.1,10.8
2026-06-17 15:30:00,34.7,53.6,8.0,2,243.9,20.3
2026-06-17 15:35:00,36.2,54.2,7.0,2,154.4,13.0
2026-06-17 15:40:00,35.8,52.3,6.0,2,146.4,12.2
2026-06-17 15:45:00,33.2,58.6,7.0,2,147.5,12.3
2026-06-17 15:50:00,33.4,57.4,8.0,2,147.7,12.2
2026-06-17 15:55:00,34.1,61.5,5.0,6,127.5,10.6
2026-06-17 16:00:00,35.8,56.9,4.0,3,252.2,21.0
2026-06-17 16:05:00,32.5,54.6,8.0,3,110.6,9.2
2026-06-17 16:10:00,35.5,52.7,7.0,2,67.0,5.6
2026-06-17 16:15:00,36.0,48.9,10.0,6,87.2,7.3
2026-06-17 16:20:00,35.1,49.4,7.0,2,93.5,7.8
2026-06-17 16:25:00,36.3,53.3,8.0,2,127.6,10.6
2026-06-17 16:30:00,35.9,50.7,8.0,2,62.2,5.2
2026-06-17 16:35:00,34.7,58.5,6.0,2,202.2,16.7
2026-06-17 16:40:00,32.6,59.6,8.0,2,5.0,0.4
2026-06-17 16:45:00,35.7,53.0,6.0,2,75.0,6.1
2026-06-17 16:50:00,34.1,54.6,6.0,2,186.3,15.5
2026-06-17 16:55:00,34.7,58.1,6.0,3,117.0,9.8
2026-06-17 17:00:00,36.5,57.5,5.0,3,96.6,8.0
2026-06-17 17:05:00,38.1,48.3,8.0,3,103.8,8.5
2026-06-17 17:10:00,35.6,50.7,7.0,3,104.2,8.8
2026-06-17 17:15:00,36.6,51.7,9.0,3,78.9,6.6
2026-06-17 17:20:00,33.1,57.6,4.0,3,263.6,22.0
2026-06-17 17:25:00,36.1,51.7,8.0,6,178.3,14.9
2026-06-17 17:30:00,35.5,55.0,7.0,2,177.6,14.9
2026-06-17 17:35:00,37.8,56.7,9.0,3,156.2,13.0
2026-06-17 17:40:00,34.7,50.7,9.0,2,60.8,5.1
2026-06-17 17:45:00,35.2,52.9,9.0,2,124.3,10.4
2026-06-17 17:50:00,37.5,48.0,6.0,3,45.0,3.8
2026-06-17 17:55:00,35.5,51.4,8.0,3,164.0,13.7
2026-06-17 18:00:00,32.7,56.0,5.0,3,195.5,16.3
2026-06-17 18:05:00,39.1,48.0,8.0,2,123.6,10.3
2026-06-17 18:10:00,32.8,58.1,6.0,3,10.0,0.8
2026-06-17 18:15:00,34.5,55.3,6.0,3,199.0,16.6
2026-06-17 18:20:00,35.2,54.9,4.0,3,187.2,15.7
2026-06-17 18:25:00,35.1,53.4,5.0,3,140.7,11.7
2026-06-17 18:30:00,34.3,54.5,6.0,3,247.1,20.6
2026-06-17 18:35:00,34.3,54.1,6.0,3,196.5,16.4
2026-06-17 18:40:00,34.2,54.5,6.0,3,72.2,6.0
2026-06-17 18:45:00,32.7,58.0,4.0,3,120.8,10.1
2026-06-17 18:50:00,38.4,48.0,5.0,2,269.6,22.5
2026-06-17 18:55:00,34.3,55.9,6.0,3,233.1,19.4
2026-06-17 19:00:00,34.8,52.9,6.0,3,67.8,5.6
2026-06-17 19:05:00,33.6,55.6,4.0,3,74.6,6.2
2026-06-17 19:10:00,33.5,52.9,5.0,3,134.7,11.2
2026-06-17 19:15:00,33.4,55.7,4.0,3,90.4,7.5
2026-06-17 19:20:00,31.9,59.0,5.0,3,327.7,27.3
2026-06-17 19:25:00,33.8,57.2,6.0,3,230.1,19.2
2026-06-17 19:30:00,33.5,53.7,5.0,3,302.7,25.2
2026-06-17 19:35:00,35.6,54.9,6.0,3,218.0,18.2
2026-06-17 19:40:00,32.4,60.4,5.0,3,128.8,10.7
2026-06-17 19:45:00,33.2,55.7,5.0,3,10.0,0.8
2026-06-17 19:50:00,32.8,57.3,5.0,3,140.8,11.7
2026-06-17 19:55:00,36.0,48.8,5.0,3,10.9,0.9
2026-06-17 20:00:00,32.2,56.5,6.0,3,10.0,0.9
2026-06-17 20:05:00,34.2,56.9,5.0,3,212.8,17.7
2026-06-17 20:10:00,34.8,57.7,6.0,3,11.9,1.0
2026-06-17 20:15:00,33.2,56.1,5.0,3,45.6,3.8
2026-06-17 20:20:00,31.4,64.8,5.0,3,66.3,5.5
2026-06-17 20:25:00,31.5,59.7,6.0,3,121.0,10.1
2026-06-17 20:30:00,34.6,53.2,6.0,3,102.8,8.6
2026-06-17 20:35:00,31.6,61.7,5.0,3,174.0,14.5
2026-06-17 20:40:00,34.0,53.9,5.0,3,159.0,13.2
2026-06-17 20:45:00,33.6,57.6,6.0,3,10.0,0.8
2026-06-17 20:50:00,33.9,54.6,6.0,3,243.1,20.3
2026-06-17 20:55:00,34.1,53.5,5.0,3,10.0,0.8
2026-06-17 21:00:00,31.4,61.2,4.0,3,18.7,1.6
2026-06-17 21:05:00,31.4,58.9,4.0,3,262.3,21.9
2026-06-17 21:10:00,33.9,60.4,5.0,3,100.2,8.4
2026-06-17 21:15:00,31.9,57.0,5.0,3,206.4,17.2
2026-06-17 21:20:00,28.8,58.7,5.0,3,169.7,14.0
2026-06-17 21:25:00,33.8,56.3,4.0,3,146.2,12.2
2026-06-17 21:30:00,31.3,64.9,5.0,3,44.0,3.7
2026-06-17 21:35:00,33.5,59.0,6.0,3,88.2,7.4
2026-06-17 21:40:00,34.9,57.3,4.0,3,253.3,21.1
2026-06-17 21:45:00,32.8,59.2,5.0,3,44.9,3.7
2026-06-17 21:50:00,34.3,55.8,5.0,3,111.6,9.3
2026-06-17 21:55:00,33.0,63.1,4.0,3,150.9,12.6
2026-06-17 22:00:00,34.5,57.7,4.0,3,70.6,5.9
2026-06-17 22:05:00,30.6,61.1,5.0,3,44.3,3.7
2026-06-17 22:10:00,32.1,60.9,4.0,3,89.4,7.4
2026-06-17 22:15:00,33.1,55.7,4.0,3,87.6,7.3
2026-06-17 22:20:00,31.9,57.5,5.0,3,10.0,0.8
2026-06-17 22:25:00,33.8,57.0,4.0,2,37.6,3.1
2026-06-17 22:30:00,31.5,61.4,4.0,3,129.4,10.8
2026-06-17 22:35:00,35.2,53.7,5.0,3,222.0,18.5
2026-06-17 22:40:00,35.2,56.1,5.0,3,10.0,0.8
2026-06-17 22:45:00,32.6,58.2,5.0,3,121.2,10.1
2026-06-17 22:50:00,32.9,55.3,5.0,3,10.0,0.8
2026-06-17 22:55:00,33.9,56.4,5.0,3,235.0,19.6
2026-06-17 23:00:00,29.7,62.3,6.0,3,53.0,4.4
2026-06-17 23:05:00,29.5,59.4,4.0,3,105.9,8.8
2026-06-17 23:10:00,34.2,61.1,5.0,3,16.0,1.3
2026-06-17 23:15:00,32.4,60.7,5.0,3,278.9,23.2
2026-06-17 23:20:00,31.5,61.0,4.0,3,288.4,24.0
2026-06-17 23:25:00,31.9,60.3,4.0,3,10.0,0.8
2026-06-17 23:30:00,27.5,61.1,4.0,3,10.0,0.8
2026-06-17 23:35:00,31.5,59.5,4.0,3,178.8,14.9
2026-06-17 23:40:00,30.5,61.6,6.0,3,180.8,15.1
2026-06-17 23:45:00,33.6,58.3,6.0,3,70.8,5.9
2026-06-17 23:50:00,33.7,59.5,4.0,3,12.0,1.0
2026-06-17 23:55:00,33.0,58.3,4.0,3,237.2,19.8
2026-06-18 00:00:00,32.0,60.7,4.0,3,81.2,6.8
2026-06-18 00:05:00,29.6,62.7,4.0,3,76.1,6.3
2026-06-18 00:10:00,32.2,57.6,4.0,3,115.4,9.6
2026-06-18 00:15:00,32.3,59.9,4.0,3,10.0,0.8
2026-06-18 00:20:00,33.0,57.2,4.0,2,116.2,9.8
2026-06-18 00:25:00,34.1,55.8,5.0,3,49.2,4.1
2026-06-18 00:30:00,29.4,61.3,5.0,3,15.8,1.3
2026-06-18 00:35:00,31.0,64.8,4.0,3,10.0,0.9
2026-06-18 00:40:00,30.6,62.3,5.0,2,67.6,5.6
2026-06-18 00:45:00,31.7,62.3,5.0,3,28.7,2.4
2026-06-18 00:50:00,31.5,61.3,5.0,3,99.4,8.3
2026-06-18 00:55:00,31.2,61.0,4.0,3,33.8,2.8
2026-06-18 01:00:00,31.8,61.4,5.0,3,91.4,7.6
2026-06-18 01:05:00,29.8,61.3,5.0,2,218.9,18.3
2026-06-18 01:10:00,29.9,63.1,5.0,3,10.0,0.8
2026-06-18 01:15:00,29.9,64.3,5.0,3,157.5,13.1
2026-06-18 01:20:00,30.5,62.7,5.0,3,190.6,15.9
2026-06-18 01:25:00,29.7,64.7,4.0,3,162.0,13.5
2026-06-18 01:30:00,30.8,61.4,5.0,3,117.7,9.8
2026-06-18 01:35:00,30.7,64.1,4.0,3,175.9,14.7
2026-06-18 01:40:00,30.1,61.7,4.0,3,49.6,4.2
2026-06-18 01:45:00,31.6,63.7,4.0,2,89.2,7.4
2026-06-18 01:50:00,30.8,62.1,4.0,3,34.0,2.8
2026-06-18 01:55:00,31.8,59.2,4.0,3,97.6,8.1
2026-06-18 02:00:00,30.1,59.4,4.0,3,56.0,4.7
2026-06-18 02:05:00,30.3,60.0,4.0,3,224.7,18.7
2026-06-18 02:10:00,29.7,60.5,4.0,3,282.1,23.5
2026-06-18 02:15:00,30.3,61.7,5.0,3,336.0,28.0
2026-06-18 02:20:00,31.1,57.7,5.0,3,185.8,15.5
2026-06-18 02:25:00,29.9,65.6,4.0,3,136.6,11.4
2026-06-18 02:30:00,30.9,61.3,4.0,3,10.0,0.8
2026-06-18 02:35:00,29.4,63.4,4.0,3,68.0,5.7
2026-06-18 02:40:00,31.2,57.8,4.0,3,39.7,3.3
2026-06-18 02:45:00,29.7,61.0,4.0,3,46.2,3.8
2026-06-18 02:50:00,31.3,55.1,6.0,3,223.9,18.7
2026-06-18 02:55:00,30.4,65.7,4.0,3,232.6,19.4
2026-06-18 03:00:00,31.4,56.5,4.0,3,67.8,5.6
2026-06-18 03:05:00,28.7,61.0,4.0,3,50.9,4.2
2026-06-18 03:10:00,28.3,68.3,4.0,3,85.6,7.2
2026-06-18 03:15:00,29.2,64.4,4.0,3,10.0,0.8
2026-06-18 03:20:00,28.4,65.0,4.0,3,218.3,18.2
2026-06-18 03:25:00,28.4,65.6,4.0,3,177.8,14.8
2026-06-18 03:30:00,30.5,63.7,4.0,3,10.0,0.8
2026-06-18 03:35:00,29.9,62.6,5.0,2,51.5,4.2
2026-06-18 03:40:00,29.4,59.4,5.0,3,10.0,0.8
2026-06-18 03:45:00,29.5,64.7,4.0,3,251.3,20.9
2026-06-18 03:50:00,29.2,64.5,4.0,3,179.5,15.0
2026-06-18 03:55:00,31.6,62.4,4.0,3,268.4,22.4
2026-06-18 04:00:00,28.9,61.0,5.0,3,39.1,3.3
2026-06-18 04:05:00,28.3,63.4,6.0,2,157.6,13.1
2026-06-18 04:10:00,30.5,62.5,6.0,3,265.8,22.2
2026-06-18 04:15:00,29.4,60.9,5.0,3,24.5,2.0
2026-06-18 04:20:00,31.8,53.1,4.0,3,122.1,10.2
2026-06-18 04:25:00,29.1,64.4,4.0,3,10.0,0.8
2026-06-18 04:30:00,30.6,63.6,5.0,3,64.0,5.3
2026-06-18 04:35:00,30.8,60.6,5.0,3,125.5,10.5
2026-06-18 04:40:00,29.1,65.3,4.0,2,37.8,3.1
2026-06-18 04:45:00,28.9,65.3,4.0,3,73.0,6.1
2026-06-18 04:50:00,30.5,61.5,6.0,3,165.0,13.8
2026-06-18 04:55:00,30.3,62.2,5.0,3,37.9,3.2
2026-06-18 05:00:00,28.2,68.3,5.0,3,109.6,9.1
2026-06-18 05:05:00,28.5,62.9,4.0,3,80.2,6.7
2026-06-18 05:10:00,27.2,68.6,6.0,3,79.1,6.6
2026-06-18 05:15:00,30.1,59.9,6.0,3,180.3,15.0
2026-06-18 05:20:00,29.3,62.0,5.0,3,47.9,4.0
2026-06-18 05:25:00,29.4,66.0,5.0,3,93.1,7.8
2026-06-18 05:30:00,28.0,63.2,5.0,3,66.5,5.5
2026-06-18 05:35:00,28.5,64.5,5.0,3,249.7,20.7
2026-06-18 05:40:00,29.1,69.0,5.0,3,104.9,8.7
2026-06-18 05:45:00,28.9,66.5,5.0,3,105.6,8.8
2026-06-18 05:50:00,29.7,61.5,5.0,3,83.1,6.9
2026-06-18 05:55:00,30.1,61.2,4.0,3,145.1,12.1
2026-06-18 06:00:00,31.3,60.3,5.0,3,70.0,5.8
2026-06-18 06:05:00,29.3,66.4,6.0,3,66.0,5.5
2026-06-18 06:10:00,30.3,60.2,6.0,3,66.1,5.4
2026-06-18 06:15:00,28.5,62.9,6.0,3,111.6,9.3
2026-06-18 06:20:00,27.8,67.5,6.0,2,114.6,9.5
2026-06-18 06:25:00,29.0,60.9,6.0,0,3.5,0.3
2026-06-18 06:30:00,27.8,64.2,5.0,1,40.3,3.4
2026-06-18 06:35:00,29.3,63.6,6.0,3,201.1,16.8
2026-06-18 06:40:00,28.6,64.8,5.0,3,77.6,6.5
2026-06-18 06:45:00,27.5,63.8,6.0,3,10.0,0.8
2026-06-18 06:50:00,30.9,62.0,6.0,1,126.2,10.5
2026-06-18 06:55:00,28.8,65.6,6.0,3,10.0,0.8
2026-06-18 07:00:00,27.1,65.4,6.0,3,360.9,30.1
2026-06-18 07:05:00,29.9,66.7,5.0,0,8.6,0.7
2026-06-18 07:10:00,28.1,66.3,5.0,1,29.5,2.5
2026-06-18 07:15:00,30.1,60.0,5.0,0,8.7,0.7
2026-06-18 07:20:00,28.1,69.4,5.0,3,33.0,2.8
2026-06-18 07:25:00,28.3,63.9,6.0,0,5.8,0.5
2026-06-18 07:30:00,29.3,64.1,4.0,3,272.5,22.7
2026-06-18 07:35:00,29.5,62.2,5.0,0,6.6,0.5
2026-06-18 07:40:00,29.7,64.5,6.0,2,152.3,12.7
2026-06-18 07:45:00,28.8,63.2,9.0,0,5.1,0.4
2026-06-18 07:50:00,29.5,62.3,5.0,0,6.5,0.5
2026-06-18 07:55:00,29.7,62.6,6.0,1,50.9,4.2
2026-06-18 08:00:00,29.0,62.8,5.0,0,5.7,0.5
2026-06-18 08:05:00,28.6,67.2,10.0,0,5.9,0.5
2026-06-18 08:10:00,27.1,63.8,5.0,3,84.2,7.0
2026-06-18 08:15:00,29.4,63.3,10.0,0,3.6,0.3
2026-06-18 08:20:00,28.8,64.5,5.0,0,9.1,0.8
2026-06-18 08:25:00,28.3,64.8,8.0,0,3.5,0.3
2026-06-18 08:30:00,30.2,64.5,6.0,3,20.8,1.7
2026-06-18 08:35:00,27.2,63.1,5.0,0,7.2,0.6
2026-06-18 08:40:00,30.6,63.0,8.0,0,3.9,0.3
2026-06-18 08:45:00,28.7,61.5,9.0,0,3.5,0.3
2026-06-18 08:50:00,29.1,62.6,6.0,0,7.4,0.6
2026-06-18 08:55:00,28.3,61.8,6.0,0,5.9,0.5
2026-06-18 09:00:00,27.5,65.6,6.0,0,3.5,0.3
2026-06-18 09:05:00,29.2,62.4,7.0,0,6.9,0.5
2026-06-18 09:10:00,29.7,67.0,4.0,0,4.8,0.4
2026-06-18 09:15:00,30.1,63.0,4.0,0,9.2,0.8
2026-06-18 09:20:00,29.1,65.0,4.0,0,3.5,0.3
2026-06-18 09:25:00,26.9,64.6,6.0,1,18.4,1.5
2026-06-18 09:30:00,27.6,68.0,4.0,1,105.9,8.8
2026-06-18 09:35:00,31.6,64.1,6.0,3,98.2,8.2
2026-06-18 09:40:00,28.1,67.6,5.0,0,4.3,0.4
2026-06-18 09:45:00,30.9,58.1,5.0,1,123.2,10.3
2026-06-18 09:50:00,28.3,64.1,5.0,0,7.2,0.6
2026-06-18 09:55:00,29.1,64.2,8.0,1,56.7,4.7
2026-06-18 10:00:00,31.0,60.1,6.0,3,160.3,13.4
2026-06-18 10:05:00,29.4,69.1,8.0,3,85.3,7.1
2026-06-18 10:10:00,32.1,58.8,6.0,0,4.7,0.4
2026-06-18 10:15:00,30.4,62.0,4.0,0,3.9,0.3
2026-06-18 10:20:00,30.9,60.1,5.0,0,6.0,0.5
2026-06-18 10:25:00,30.0,63.2,6.0,0,7.8,0.6
2026-06-18 10:30:00,31.1,64.2,6.0,0,5.5,0.5
2026-06-18 10:35:00,32.1,60.1,5.0,1,91.2,7.6
2026-06-18 10:40:00,30.2,61.9,5.0,0,5.1,0.4
2026-06-18 10:45:00,32.3,57.2,5.0,0,4.1,0.4
2026-06-18 10:50:00,29.6,65.9,6.0,1,71.1,5.9
2026-06-18 10:55:00,31.2,60.7,6.0,0,4.7,0.4
2026-06-18 11:00:00,32.3,58.7,5.0,0,3.5,0.3
2026-06-18 11:05:00,30.6,56.2,6.0,1,93.5,7.7
2026-06-18 11:10:00,32.0,59.3,6.0,0,8.0,0.7
2026-06-18 11:15:00,31.8,59.0,6.0,3,52.1,4.2
2026-06-18 11:20:00,30.8,57.1,5.0,3,10.0,0.8
2026-06-18 11:25:00,32.2,61.7,7.0,1,121.8,10.1
2026-06-18 11:30:00,31.9,58.5,8.0,3,49.9,4.2
2026-06-18 11:35:00,31.7,64.6,5.0,0,7.0,0.7
2026-06-18 11:40:00,31.7,63.5,5.0,0,3.5,0.3
2026-06-18 11:45:00,31.7,58.4,7.0,3,140.5,11.7
2026-06-18 11:50:00,31.4,63.8,4.0,1,10.1,0.8
2026-06-18 11:55:00,31.9,63.7,4.0,0,4.4,0.3
2026-06-18 12:00:00,32.1,58.1,5.0,0,7.1,0.6
2026-06-18 12:05:00,35.8,51.1,7.0,0,6.9,0.6
2026-06-18 12:10:00,31.2,55.5,5.0,0,5.4,0.4
2026-06-18 12:15:00,32.2,60.3,6.0,0,5.1,0.4
2026-06-18 12:20:00,32.3,56.8,4.0,0,5.6,0.5
2026-06-18 12:25:00,35.1,55.8,7.0,1,14.3,1.2
2026-06-18 12:30:00,31.3,59.3,8.0,0,4.7,0.4
2026-06-18 12:35:00,33.3,55.7,5.0,1,38.6,3.2
2026-06-18 12:40:00,33.1,56.5,7.0,0,7.7,0.6
2026-06-18 12:45:00,33.2,54.5,6.0,3,10.0,0.8
2026-06-18 12:50:00,34.2,54.8,6.0,0,7.0,0.6
2026-06-18 12:55:00,34.2,54.4,6.0,0,6.1,0.6
2026-06-18 13:00:00,32.9,57.9,6.0,1,43.9,3.7
2026-06-18 13:05:00,33.7,57.0,5.0,1,75.1,6.3
2026-06-18 13:10:00,31.3,57.7,5.0,2,5.0,0.5
2026-06-18 13:15:00,33.6,59.7,7.0,0,3.5,0.4
2026-06-18 13:20:00,32.5,58.2,5.0,3,66.6,5.5
2026-06-18 13:25:00,33.2,61.4,6.0,0,4.3,0.4
2026-06-18 13:30:00,31.5,60.8,6.0,0,4.3,0.3
2026-06-18 13:35:00,33.9,56.6,6.0,1,65.6,5.5
2026-06-18 13:40:00,31.5,58.9,7.0,3,128.4,10.7
2026-06-18 13:45:00,33.6,58.5,6.0,0,4.8,0.4
2026-06-18 13:50:00,32.0,59.5,7.0,0,5.9,0.5
2026-06-18 13:55:00,32.5,60.8,8.0,1,55.4,4.6
2026-06-18 14:00:00,35.9,57.6,6.0,2,36.5,3.0
2026-06-18 14:05:00,35.1,52.9,5.0,2,249.1,20.8
2026-06-18 14:10:00,35.9,55.2,6.0,2,117.2,9.8
2026-06-18 14:15:00,36.4,54.5,6.0,2,11.2,0.9
2026-06-18 14:20:00,33.1,58.1,7.0,3,210.2,17.5
2026-06-18 14:25:00,36.4,52.1,5.0,1,61.4,5.1
2026-06-18 14:30:00,32.1,57.2,7.0,2,111.2,9.3
2026-06-18 14:35:00,35.3,53.0,6.0,2,5.0,0.4
2026-06-18 14:40:00,33.5,55.1,7.0,2,112.9,9.4
2026-06-18 14:45:00,32.9,55.2,6.0,2,130.7,10.9
2026-06-18 14:50:00,35.1,54.4,7.0,1,75.7,6.3
2026-06-18 14:55:00,35.6,52.2,5.0,2,93.1,7.8
2026-06-18 15:00:00,36.3,54.1,7.0,6,154.2,12.8
2026-06-18 15:05:00,35.3,54.4,6.0,3,10.0,0.8
2026-06-18 15:10:00,35.2,54.8,6.0,3,284.4,23.7
2026-06-18 15:15:00,35.8,53.1,9.0,2,41.8,3.5
2026-06-18 15:20:00,35.5,54.2,6.0,3,145.4,12.1
2026-06-18 15:25:00,35.8,53.2,7.0,3,10.0,0.8
2026-06-18 15:30:00,35.3,56.0,6.0,2,239.4,20.0
2026-06-18 15:35:00,36.2,52.3,7.0,2,74.1,6.2
2026-06-18 15:40:00,32.8,57.9,7.0,3,118.0,9.8
2026-06-18 15:45:00,34.9,51.9,6.0,3,41.4,3.4
2026-06-18 15:50:00,33.2,58.2,8.0,3,10.0,0.8
2026-06-18 15:55:00,35.4,53.0,8.0,6,127.3,10.6
2026-06-18 16:00:00,38.1,49.0,6.0,2,5.0,0.4
2026-06-18 16:05:00,34.9,51.9,9.0,2,87.2,7.3
2026-06-18 16:10:00,35.8,50.7,7.0,2,191.3,15.9
2026-06-18 16:15:00,36.7,51.5,6.0,2,226.2,18.8
2026-06-18 16:20:00,32.5,60.5,7.0,2,5.0,0.4
2026-06-18 16:25:00,34.8,53.1,6.0,2,34.8,2.9
2026-06-18 16:30:00,36.1,48.1,9.0,2,70.8,5.9
2026-06-18 16:35:00,31.2,59.3,7.0,3,90.8,7.7
2026-06-18 16:40:00,34.1,52.8,10.0,2,112.9,9.5
2026-06-18 16:45:00,37.3,53.8,8.0,3,93.2,7.8
2026-06-18 16:50:00,37.1,51.2,7.0,2,5.0,0.4
2026-06-18 16:55:00,36.2,52.5,7.0,2,143.3,11.9
2026-06-18 17:00:00,37.2,55.2,13.0,3,129.6,10.8
2026-06-18 17:05:00,36.1,54.8,8.0,3,21.5,1.8
2026-06-18 17:10:00,36.7,49.0,7.0,3,27.7,2.3
2026-06-18 17:15:00,35.1,51.1,11.0,2,172.4,14.4
2026-06-18 17:20:00,35.9,48.3,10.0,2,31.0,2.5
2026-06-18 17:25:00,34.6,62.1,6.0,3,187.8,15.6
2026-06-18 17:30:00,37.9,48.7,8.0,2,96.3,8.0
2026-06-18 17:35:00,38.4,53.8,4.0,2,163.5,13.6
2026-06-18 17:40:00,38.1,49.4,8.0,2,238.0,19.8
2026-06-18 17:45:00,35.0,51.3,9.0,2,182.3,15.3
2026-06-18 17:50:00,34.0,55.5,10.0,3,172.0,14.3
2026-06-18 17:55:00,37.9,50.2,6.0,3,10.0,0.8
2026-06-18 18:00:00,35.6,55.8,5.0,3,10.0,0.8
2026-06-18 18:05:00,35.3,56.2,6.0,3,10.0,0.8
2026-06-18 18:10:00,33.6,54.3,8.0,3,203.4,17.0
2026-06-18 18:15:00,35.4,50.0,6.0,3,10.0,0.8
2026-06-18 18:20:00,32.8,53.5,5.0,3,53.5,4.5
2026-06-18 18:25:00,35.8,48.0,7.0,3,186.3,15.5
2026-06-18 18:30:00,37.1,51.3,6.0,2,59.3,4.9
2026-06-18 18:35:00,37.5,51.6,6.0,3,122.0,10.2
2026-06-18 18:40:00,35.9,50.3,7.0,3,91.6,7.6
2026-06-18 18:45:00,32.3,53.9,6.0,3,186.1,15.5
2026-06-18 18:50:00,35.0,54.3,5.0,3,85.4,7.1
2026-06-18 18:55:00,38.4,48.9,6.0,3,57.0,4.8
2026-06-18 19:00:00,32.9,56.7,6.0,3,171.1,14.3
2026-06-18 19:05:00,34.0,55.0,6.0,3,273.5,22.8
2026-06-18 19:10:00,36.0,54.1,5.0,3,10.0,0.7
2026-06-18 19:15:00,34.9,53.5,6.0,3,35.9,3.1
2026-06-18 19:20:00,37.5,50.6,5.0,3,78.0,6.5
2026-06-18 19:25:00,33.1,52.6,5.0,3,55.4,4.6
2026-06-18 19:30:00,32.7,57.3,6.0,3,110.3,9.2
2026-06-18 19:35:00,35.7,54.1,5.0,3,103.1,8.6
2026-06-18 19:40:00,32.4,57.3,5.0,3,10.0,0.8
2026-06-18 19:45:00,33.8,60.5,5.0,3,155.3,12.9
2026-06-18 19:50:00,34.0,56.2,5.0,3,94.3,7.9
2026-06-18 19:55:00,35.5,53.7,5.0,3,215.0,18.0
2026-06-18 20:00:00,34.3,57.2,5.0,3,198.9,16.6
2026-06-18 20:05:00,34.1,60.8,6.0,3,86.3,7.2
2026-06-18 20:10:00,32.9,58.2,5.0,3,151.7,12.6
2026-06-18 20:15:00,35.2,50.6,6.0,3,10.0,0.8
2026-06-18 20:20:00,39.2,52.0,5.0,3,10.0,0.8
2026-06-18 20:25:00,34.4,54.2,6.0,3,201.1,16.8
2026-06-18 20:30:00,33.6,52.9,5.0,3,92.9,7.7
2026-06-18 20:35:00,31.6,62.5,6.0,3,216.7,18.1
2026-06-18 20:40:00,32.6,61.1,7.0,3,201.6,16.8
2026-06-18 20:45:00,33.2,55.4,4.0,3,10.0,0.9
2026-06-18 20:50:00,32.7,56.0,5.0,3,162.5,13.5
2026-06-18 20:55:00,33.4,57.5,6.0,2,135.4,11.3
2026-06-18 21:00:00,35.5,54.0,5.0,2,81.7,6.8
2026-06-18 21:05:00,34.7,56.1,5.0,3,36.0,3.0
2026-06-18 21:10:00,32.6,56.9,4.0,3,78.3,6.5
2026-06-18 21:15:00,31.1,58.9,6.0,3,10.0,0.8
2026-06-18 21:20:00,34.9,53.5,4.0,2,41.5,3.5
2026-06-18 21:25:00,32.8,59.7,6.0,3,192.5,16.0
2026-06-18 21:30:00,30.3,62.6,4.0,3,148.0,12.3
2026-06-18 21:35:00,33.9,56.9,4.0,3,52.0,4.3
2026-06-18 21:40:00,34.4,56.6,4.0,3,36.5,3.0
2026-06-18 21:45:00,29.3,62.4,5.0,3,173.1,14.4
2026-06-18 21:50:00,31.7,59.1,4.0,3,35.7,3.0
2026-06-18 21:55:00,32.7,61.5,4.0,3,51.4,4.3
2026-06-18 22:00:00,33.3,55.4,4.0,3,40.5,3.5
2026-06-18 22:05:00,31.4,61.3,4.0,3,39.6,3.3
2026-06-18 22:10:00,31.0,59.8,4.0,3,164.8,13.7
2026-06-18 22:15:00,33.3,55.8,5.0,3,125.0,10.4
2026-06-18 22:20:00,31.5,63.8,4.0,3,55.5,4.5
2026-06-18 22:25:00,33.0,62.7,4.0,3,12.3,1.0
2026-06-18 22:30:00,30.6,60.0,4.0,3,103.4,8.6
2026-06-18 22:35:00,30.2,61.6,5.0,3,81.3,6.8
2026-06-18 22:40:00,33.3,57.0,4.0,3,173.4,14.4
2026-06-18 22:45:00,32.6,58.0,4.0,3,41.1,3.4
2026-06-18 22:50:00,33.5,55.6,5.0,3,142.8,11.9
2026-06-18 22:55:00,31.4,57.2,4.0,3,82.5,6.9
2026-06-18 23:00:00,30.5,63.8,4.0,3,130.4,10.9
2026-06-18 23:05:00,34.5,58.7,4.0,3,247.9,20.7
2026-06-18 23:10:00,29.1,61.9,5.0,3,81.9,6.8
2026-06-18 23:15:00,34.3,57.7,5.0,3,296.3,24.7
2026-06-18 23:20:00,34.4,59.1,5.0,3,86.1,7.2
2026-06-18 23:25:00,33.5,57.1,5.0,3,13.3,1.1
2026-06-18 23:30:00,30.7,59.8,4.0,3,242.9,20.2
2026-06-18 23:35:00,30.4,59.3,5.0,3,264.7,22.1
2026-06-18 23:40:00,31.6,62.4,4.0,3,22.6,1.9
2026-06-18 23:45:00,29.6,59.1,5.0,3,35.5,3.0
2026-06-18 23:50:00,30.2,59.5,4.0,3,177.0,14.8
2026-06-18 23:55:00,33.1,56.5,5.0,3,155.4,13.0
2026-06-19 00:00:00,32.4,58.5,5.0,3,33.7,2.8
2026-06-19 00:05:00,30.2,60.9,5.0,3,26.2,2.2
2026-06-19 00:10:00,32.4,61.1,5.0,3,130.1,10.8
2026-06-19 00:15:00,32.1,59.7,5.0,3,93.0,7.8
2026-06-19 00:20:00,33.4,58.4,4.0,3,155.8,13.0
2026-06-19 00:25:00,32.3,60.3,4.0,3,155.5,12.9
2026-06-19 00:30:00,32.9,58.8,5.0,3,185.4,15.4
2026-06-19 00:35:00,32.1,63.4,4.0,3,10.0,0.8
2026-06-19 00:40:00,32.8,58.6,4.0,3,269.1,22.4
2026-06-19 00:45:00,29.9,62.3,5.0,3,150.6,12.6
2026-06-19 00:50:00,31.4,61.7,5.0,3,66.9,5.6
2026-06-19 00:55:00,31.5,59.6,4.0,3,95.7,8.0
2026-06-19 01:00:00,30.7,61.5,5.0,3,162.1,13.6
2026-06-19 01:05:00,31.3,59.6,4.0,3,125.7,10.5
2026-06-19 01:10:00,31.5,60.7,4.0,3,126.9,10.6
2026-06-19 01:15:00,31.2,60.8,4.0,3,96.9,8.1
2026-06-19 01:20:00,30.7,61.0,4.0,3,251.8,21.0
2026-06-19 01:25:00,30.2,59.9,4.0,3,134.9,11.2
2026-06-19 01:30:00,31.9,62.9,5.0,3,205.2,17.1
2026-06-19 01:35:00,31.2,61.6,4.0,3,297.1,24.8
2026-06-19 01:40:00,29.9,59.6,5.0,3,189.7,15.8
2026-06-19 01:45:00,30.7,60.5,5.0,3,131.5,11.0
2026-06-19 01:50:00,29.3,60.4,4.0,3,10.0,0.8
2026-06-19 01:55:00,30.9,62.3,5.0,3,69.0,5.8
2026-06-19 02:00:00,30.2,62.0,4.0,3,291.6,24.3
2026-06-19 02:05:00,29.8,62.7,4.0,3,134.1,11.2
2026-06-19 02:10:00,32.2,57.1,4.0,3,10.0,0.8
2026-06-19 02:15:00,29.1,63.0,5.0,3,86.2,7.2
2026-06-19 02:20:00,31.2,62.5,5.0,3,10.0,0.8
2026-06-19 02:25:00,32.9,60.6,4.0,3,64.7,5.4
2026-06-19 02:30:00,31.6,62.0,4.0,3,69.6,5.8
2026-06-19 02:35:00,30.4,58.0,6.0,3,53.4,4.4
2026-06-19 02:40:00,29.1,63.3,4.0,2,138.7,11.6
2026-06-19 02:45:00,28.9,64.6,4.0,3,111.8,9.3
2026-06-19 02:50:00,29.9,60.8,4.0,3,10.0,0.8
2026-06-19 02:55:00,29.6,59.0,4.0,3,163.2,13.6
2026-06-19 03:00:00,29.2,60.4,4.0,2,137.9,11.5
2026-06-19 03:05:00,29.6,66.4,4.0,3,231.1,19.3
2026-06-19 03:10:00,29.8,59.6,4.0,3,10.0,0.8
2026-06-19 03:15:00,30.4,61.6,4.0,3,198.5,16.5
2026-06-19 03:20:00,28.6,64.0,4.0,3,162.7,13.6
2026-06-19 03:25:00,29.2,63.1,4.0,3,137.1,11.4
2026-06-19 03:30:00,29.8,61.7,4.0,3,109.2,9.2
2026-06-19 03:35:00,29.7,64.5,5.0,3,124.8,10.4
2026-06-19 03:40:00,31.8,59.4,4.0,3,181.2,15.1
2026-06-19 03:45:00,30.2,60.3,4.0,3,124.2,10.4
2026-06-19 03:50:00,28.2,65.2,5.0,3,341.9,28.5
2026-06-19 03:55:00,30.4,58.5,5.0,3,49.2,4.1
2026-06-19 04:00:00,30.3,63.1,5.0,3,249.8,20.8
2026-06-19 04:05:00,29.6,61.3,4.0,3,93.7,7.8
2026-06-19 04:10:00,28.5,63.3,4.0,3,70.2,5.8
2026-06-19 04:15:00,31.6,60.9,4.0,3,193.7,16.1
2026-06-19 04:20:00,28.6,63.7,5.0,3,78.0,6.5
2026-06-19 04:25:00,30.4,60.8,5.0,3,258.2,21.5
2026-06-19 04:30:00,29.9,65.6,5.0,3,39.3,3.2
2026-06-19 04:35:00,30.4,59.1,5.0,3,216.7,18.1
2026-06-19 04:40:00,31.5,61.1,4.0,3,158.0,13.2
2026-06-19 04:45:00,30.3,64.3,5.0,3,90.6,7.5
2026-06-19 04:50:00,29.2,66.8,5.0,3,18.6,1.6
2026-06-19 04:55:00,30.9,66.5,4.0,3,18.2,1.6
2026-06-19 05:00:00,29.0,62.8,4.0,3,30.2,2.5
2026-06-19 05:05:00,29.8,61.1,5.0,3,202.5,16.9
2026-06-19 05:10:00,28.4,66.8,6.0,3,109.0,9.1
2026-06-19 05:15:00,28.7,66.6,6.0,3,174.5,14.5
2026-06-19 05:20:00,29.7,61.4,6.0,3,118.5,9.9
2026-06-19 05:25:00,30.0,63.6,5.0,3,10.0,0.8
2026-06-19 05:30:00,28.0,71.0,6.0,3,136.3,11.4
2026-06-19 05:35:00,30.1,62.6,5.0,3,159.0,13.2
2026-06-19 05:40:00,28.9,66.3,5.0,3,10.0,0.7
2026-06-19 05:45:00,30.8,64.6,4.0,3,52.6,4.4
2026-06-19 05:50:00,29.3,68.9,5.0,2,99.4,8.3
2026-06-19 05:55:00,28.6,65.3,4.0,3,33.4,2.8
2026-06-19 06:00:00,29.4,66.1,7.0,3,10.0,0.8
2026-06-19 06:05:00,28.5,63.4,6.0,3,117.8,9.8
2026-06-19 06:10:00,30.5,62.0,5.0,0,8.7,0.7
2026-06-19 06:15:00,29.3,62.9,6.0,3,129.2,10.8
2026-06-19 06:20:00,29.2,60.1,5.0,1,28.2,2.3
2026-06-19 06:25:00,29.9,59.6,4.0,2,178.2,14.8
2026-06-19 06:30:00,28.4,66.0,5.0,3,220.6,18.4
2026-06-19 06:35:00,28.2,66.3,6.0,0,5.9,0.5
2026-06-19 06:40:00,29.7,61.1,6.0,3,176.0,14.7
2026-06-19 06:45:00,28.3,68.4,5.0,1,10.0,0.8
2026-06-19 06:50:00,28.3,63.1,6.0,3,78.1,6.5
2026-06-19 06:55:00,30.1,63.0,5.0,1,21.5,1.8
2026-06-19 07:00:00,29.5,62.3,4.0,1,118.2,9.8
2026-06-19 07:05:00,27.6,66.5,6.0,0,3.5,0.3
2026-06-19 07:10:00,28.3,67.3,5.0,3,78.3,6.5
2026-06-19 07:15:00,27.9,67.6,7.0,0,6.9,0.6
2026-06-19 07:20:00,30.9,62.9,4.0,0,3.5,0.3
2026-06-19 07:25:00,29.9,64.1,5.0,0,6.5,0.5
2026-06-19 07:30:00,28.5,61.8,6.0,0,4.7,0.3
2026-06-19 07:35:00,29.6,65.9,6.0,0,6.7,0.6
2026-06-19 07:40:00,27.4,64.0,5.0,0,6.6,0.6
2026-06-19 07:45:00,28.2,65.1,6.0,0,5.9,0.5
2026-06-19 07:50:00,29.1,63.1,6.0,1,10.0,0.8
2026-06-19 07:55:00,29.4,64.3,4.0,0,3.5,0.3
2026-06-19 08:00:00,28.7,63.3,6.0,0,4.3,0.4
2026-06-19 08:05:00,29.1,63.5,7.0,0,6.6,0.5
2026-06-19 08:10:00,28.9,68.0,7.0,0,5.9,0.6
2026-06-19 08:15:00,28.6,61.5,6.0,3,261.0,21.8
2026-06-19 08:20:00,28.5,64.8,5.0,0,9.2,0.8
2026-06-19 08:25:00,28.3,62.4,4.0,0,5.8,0.5
2026-06-19 08:30:00,29.1,65.5,8.0,1,119.4,10.0
2026-06-19 08:35:00,29.3,61.8,8.0,0,7.1,0.6
2026-06-19 08:40:00,29.0,64.1,8.0,3,149.6,12.4
2026-06-19 08:45:00,27.5,63.1,4.0,0,4.7,0.4
2026-06-19 08:50:00,27.7,69.1,7.0,0,3.8,0.3
2026-06-19 08:55:00,29.3,63.7,5.0,0,7.8,0.6
2026-06-19 09:00:00,31.0,61.4,6.0,0,4.1,0.3
2026-06-19 09:05:00,29.6,65.2,11.0,0,3.5,0.3
2026-06-19 09:10:00,29.0,61.1,8.0,0,3.5,0.3
2026-06-19 09:15:00,29.7,61.6,5.0,1,37.8,3.1
2026-06-19 09:20:00,28.2,65.7,6.0,0,6.2,0.5
2026-06-19 09:25:00,30.9,57.0,6.0,0,4.2,0.4
2026-06-19 09:30:00,29.6,59.2,6.0,0,3.5,0.3
2026-06-19 09:35:00,28.7,62.6,4.0,0,9.3,0.7
2026-06-19 09:40:00,29.2,61.1,7.0,0,3.5,0.3
2026-06-19 09:45:00,28.8,63.6,4.0,3,206.2,17.2
2026-06-19 09:50:00,30.9,62.5,4.0,0,4.7,0.4
2026-06-19 09:55:00,29.2,65.6,10.0,0,8.7,0.7
2026-06-19 10:00:00,30.6,65.9,6.0,0,5.6,0.5
2026-06-19 10:05:00,31.0,61.3,8.0,3,10.0,0.8
2026-06-19 10:10:00,29.6,63.6,5.0,1,105.9,8.8
2026-06-19 10:15:00,30.6,61.8,4.0,0,10.4,1.0
2026-06-19 10:20:00,30.7,62.4,5.0,0,7.1,0.6
2026-06-19 10:25:00,28.6,65.5,10.0,3,10.0,0.7
2026-06-19 10:30:00,30.7,63.8,4.0,0,3.5,0.3
2026-06-19 10:35:00,30.3,64.3,8.0,0,7.0,0.5
2026-06-19 10:40:00,30.5,63.1,7.0,0,4.4,0.5
2026-06-19 10:45:00,30.4,65.5,6.0,0,5.0,0.4
2026-06-19 10:50:00,30.7,61.8,5.0,0,3.5,0.3
2026-06-19 10:55:00,31.9,58.8,5.0,0,4.2,0.4
2026-06-19 11:00:00,30.5,60.9,7.0,0,6.9,0.6
2026-06-19 11:05:00,31.5,60.2,8.0,1,16.0,1.2
2026-06-19 11:10:00,32.6,56.1,6.0,3,68.6,5.7
2026-06-19 11:15:00,32.4,57.6,7.0,0,3.7,0.3
2026-06-19 11:20:00,32.3,56.4,6.0,3,191.0,15.9
2026-06-19 11:25:00,34.9,56.0,9.0,0,3.5,0.3
2026-06-19 11:30:00,32.5,59.7,6.0,0,6.3,0.5
2026-06-19 11:35:00,33.1,53.7,9.0,0,5.0,0.4
2026-06-19 11:40:00,31.5,58.8,5.0,0,7.3,0.6
2026-06-19 11:45:00,30.8,65.9,6.0,0,4.0,0.3
2026-06-19 11:50:00,31.5,61.9,8.0,0,7.5,0.5
2026-06-19 11:55:00,32.6,59.8,6.0,0,6.9,0.6
2026-06-19 12:00:00,33.3,56.0,7.0,0,6.5,0.6
2026-06-19 12:05:00,33.3,58.3,5.0,0,3.5,0.3
2026-06-19 12:10:00,32.6,58.7,6.0,0,5.4,0.5
2026-06-19 12:15:00,32.5,56.9,5.0,0,7.3,0.6
2026-06-19 12:20:00,32.7,57.3,6.0,3,245.1,20.4
2026-06-19 12:25:00,33.7,55.8,6.0,0,4.4,0.4
2026-06-19 12:30:00,33.8,53.1,5.0,0,3.5,0.3
2026-06-19 12:35:00,31.8,56.7,7.0,1,10.0,0.8
2026-06-19 12:40:00,33.7,56.5,5.0,0,4.1,0.3
2026-06-19 12:45:00,32.2,57.2,4.0,3,37.8,3.1
2026-06-19 12:50:00,33.4,56.7,5.0,0,3.6,0.3
2026-06-19 12:55:00,32.7,54.6,10.0,0,4.3,0.4
2026-06-19 13:00:00,35.3,56.2,7.0,0,3.5,0.3
2026-06-19 13:05:00,33.0,63.2,5.0,3,151.4,12.5
2026-06-19 13:10:00,33.7,59.4,7.0,0,7.0,0.6
2026-06-19 13:15:00,34.2,58.8,6.0,3,141.4,11.7
2026-06-19 13:20:00,32.5,60.2,6.0,0,6.7,0.6
2026-06-19 13:25:00,33.4,57.9,7.0,0,3.7,0.3
2026-06-19 13:30:00,33.2,57.7,6.0,1,23.8,2.0
2026-06-19 13:35:00,32.9,55.6,6.0,3,10.0,0.8
2026-06-19 13:40:00,33.0,59.6,7.0,0,4.6,0.4
2026-06-19 13:45:00,34.8,56.6,7.0,1,58.7,5.0
2026-06-19 13:50:00,32.8,56.9,6.0,3,30.1,2.5
2026-06-19 13:55:00,34.2,57.3,6.0,3,95.3,7.9
2026-06-19 14:00:00,34.7,53.4,6.0,5,196.0,16.3
2026-06-19 14:05:00,32.3,56.4,6.0,3,10.0,0.8
2026-06-19 14:10:00,35.0,56.6,7.0,2,77.9,6.5
2026-06-19 14:15:00,32.3,59.0,7.0,1,83.6,7.0
2026-06-19 14:20:00,35.2,54.0,7.0,2,92.8,7.7
2026-06-19 14:25:00,33.6,55.6,7.0,1,10.0,0.8
2026-06-19 14:30:00,34.3,56.0,6.0,3,328.0,27.3
2026-06-19 14:35:00,32.4,53.4,6.0,2,115.4,9.6
2026-06-19 14:40:00,34.5,53.5,6.0,1,83.1,6.9
2026-06-19 14:45:00,35.6,51.0,6.0,3,11.7,1.0
2026-06-19 14:50:00,33.1,57.0,7.0,1,66.3,5.5
2026-06-19 14:55:00,33.4,59.3,6.0,2,125.1,10.4
2026-06-19 15:00:00,35.7,54.9,7.0,2,27.9,2.3
2026-06-19 15:05:00,35.8,52.6,8.0,3,64.8,5.4
2026-06-19 15:10:00,31.8,56.7,8.0,2,247.2,20.6
2026-06-19 15:15:00,37.9,49.7,5.0,2,152.4,12.7
2026-06-19 15:20:00,35.8,58.1,6.0,2,100.1,8.3
2026-06-19 15:25:00,36.1,53.5,6.0,2,101.8,8.5
2026-06-19 15:30:00,34.9,55.2,6.0,2,94.1,7.8
2026-06-19 15:35:00,32.6,52.7,7.0,2,214.0,17.8
2026-06-19 15:40:00,36.0,50.9,5.0,2,174.7,14.6
2026-06-19 15:45:00,34.3,55.3,7.0,2,149.5,12.5
2026-06-19 15:50:00,35.9,52.5,7.0,1,35.4,2.9
2026-06-19 15:55:00,34.8,55.2,6.0,1,70.6,5.9
2026-06-19 16:00:00,36.0,53.6,7.0,2,293.3,24.4
2026-06-19 16:05:00,34.5,56.3,8.0,2,146.2,12.1
2026-06-19 16:10:00,37.0,48.0,8.0,3,137.2,11.4
2026-06-19 16:15:00,33.9,53.0,5.0,2,29.8,2.5
2026-06-19 16:20:00,39.0,49.9,9.0,2,157.7,13.1
2026-06-19 16:25:00,39.0,48.6,9.0,3,126.3,10.5
2026-06-19 16:30:00,38.1,50.4,7.0,2,141.6,11.8
2026-06-19 16:35:00,37.6,51.9,10.0,3,159.3,13.3
2026-06-19 16:40:00,35.5,52.1,8.0,2,208.2,17.3
2026-06-19 16:45:00,37.4,52.3,8.0,2,158.1,13.2
2026-06-19 16:50:00,35.5,55.1,9.0,2,110.8,9.2
2026-06-19 16:55:00,33.3,56.4,6.0,2,175.2,14.6
2026-06-19 17:00:00,38.4,52.6,8.0,3,15.9,1.3
2026-06-19 17:05:00,37.7,48.0,10.0,3,10.0,0.8
2026-06-19 17:10:00,35.7,51.9,6.0,2,5.0,0.5
2026-06-19 17:15:00,33.6,58.4,8.0,3,113.8,9.5
2026-06-19 17:20:00,34.7,52.2,10.0,3,25.2,2.1
2026-06-19 17:25:00,32.5,54.3,9.0,2,137.4,11.4
2026-06-19 17:30:00,37.4,51.3,8.0,2,144.5,12.0
2026-06-19 17:35:00,32.9,56.6,9.0,3,40.8,3.4
2026-06-19 17:40:00,36.2,51.5,8.0,6,187.6,15.6
2026-06-19 17:45:00,34.2,60.4,11.0,2,5.0,0.4
2026-06-19 17:50:00,33.2,57.1,14.0,2,109.7,9.1
2026-06-19 17:55:00,36.2,50.5,9.0,3,34.4,2.9
2026-06-19 18:00:00,34.2,51.3,8.0,3,34.3,2.9
2026-06-19 18:05:00,36.2,54.1,5.0,3,10.0,0.8
2026-06-19 18:10:00,32.6,54.4,5.0,3,10.9,0.9
2026-06-19 18:15:00,33.4,61.9,5.0,2,48.3,4.0
2026-06-19 18:20:00,30.6,60.3,5.0,2,65.9,5.5
2026-06-19 18:25:00,31.0,60.2,6.0,3,72.7,6.1
2026-06-19 18:30:00,37.9,51.8,7.0,2,172.1,14.3
2026-06-19 18:35:00,38.4,53.6,7.0,3,204.7,17.1
2026-06-19 18:40:00,34.9,48.0,5.0,3,283.7,23.6
2026-06-19 18:45:00,33.3,52.9,5.0,2,19.4,1.6
2026-06-19 18:50:00,34.2,58.0,6.0,3,186.4,15.5
2026-06-19 18:55:00,36.3,57.0,6.0,2,82.3,6.9
2026-06-19 19:00:00,33.4,53.7,6.0,3,126.2,10.5
2026-06-19 19:05:00,34.5,51.1,5.0,3,194.9,16.2
2026-06-19 19:10:00,34.1,56.1,5.0,3,91.3,7.6
2026-06-19 19:15:00,33.4,57.7,6.0,3,127.6,10.6
2026-06-19 19:20:00,33.4,56.9,5.0,3,168.2,14.1
2026-06-19 19:25:00,34.5,55.1,5.0,3,152.7,12.7
2026-06-19 19:30:00,32.8,53.0,5.0,2,27.7,2.3
2026-06-19 19:35:00,34.7,54.2,5.0,3,189.2,15.8
2026-06-19 19:40:00,33.5,55.9,4.0,3,164.7,13.7
2026-06-19 19:45:00,34.3,54.3,5.0,3,40.4,3.4
2026-06-19 19:50:00,36.0,49.1,5.0,3,161.6,13.5
2026-06-19 19:55:00,33.9,57.3,6.0,3,39.1,3.3
2026-06-19 20:00:00,34.8,57.5,5.0,3,169.4,14.1
2026-06-19 20:05:00,31.0,57.9,6.0,3,69.0,5.8
2026-06-19 20:10:00,32.9,57.2,5.0,2,117.6,9.8
2026-06-19 20:15:00,33.6,55.9,6.0,3,10.0,0.7
2026-06-19 20:20:00,36.3,53.1,5.0,3,10.0,0.8
2026-06-19 20:25:00,30.7,60.9,6.0,3,295.0,24.6
2026-06-19 20:30:00,33.4,58.2,6.0,3,12.6,1.0
2026-06-19 20:35:00,35.6,57.1,6.0,3,188.4,15.7
2026-06-19 20:40:00,32.4,60.4,6.0,3,164.4,13.7
2026-06-19 20:45:00,33.2,57.0,5.0,3,186.1,15.5
2026-06-19 20:50:00,34.0,62.5,6.0,3,16.3,1.4
2026-06-19 20:55:00,33.8,60.0,5.0,3,68.1,5.7
2026-06-19 21:00:00,35.3,54.6,4.0,3,19.3,1.6
2026-06-19 21:05:00,33.6,57.6,5.0,3,191.6,16.0
2026-06-19 21:10:00,34.9,52.4,5.0,3,235.3,19.6
2026-06-19 21:15:00,32.4,58.5,5.0,3,100.8,8.4
2026-06-19 21:20:00,31.8,62.2,5.0,3,293.5,24.5
2026-06-19 21:25:00,32.6,63.6,4.0,3,127.8,10.6
2026-06-19 21:30:00,31.2,59.3,6.0,3,86.6,7.2
2026-06-19 21:35:00,33.7,57.9,5.0,3,113.4,9.4
2026-06-19 21:40:00,32.4,59.6,4.0,3,147.3,12.3
2026-06-19 21:45:00,31.9,62.7,4.0,3,10.0,0.8
2026-06-19 21:50:00,33.7,55.4,4.0,2,126.1,10.5
2026-06-19 21:55:00,31.2,64.6,5.0,3,127.8,10.6
2026-06-19 22:00:00,33.4,57.2,4.0,3,90.6,7.5
2026-06-19 22:05:00,31.6,57.2,4.0,3,81.5,6.8
2026-06-19 22:10:00,34.0,56.7,4.0,3,93.1,7.8
2026-06-19 22:15:00,31.7,57.8,4.0,3,190.7,15.9
2026-06-19 22:20:00,33.2,58.8,5.0,3,105.0,8.8
2026-06-19 22:25:00,32.5,55.5,4.0,3,10.0,0.8
2026-06-19 22:30:00,33.3,58.2,4.0,3,111.0,9.2
2026-06-19 22:35:00,32.4,60.0,5.0,3,83.0,6.9
2026-06-19 22:40:00,29.8,63.9,4.0,3,104.9,8.7
2026-06-19 22:45:00,33.7,58.8,5.0,3,97.5,8.1
2026-06-19 22:50:00,32.1,61.7,4.0,3,135.4,11.3
2026-06-19 22:55:00,33.4,56.7,6.0,3,10.0,0.8
2026-06-19 23:00:00,33.3,60.1,5.0,2,5.0,0.4
2026-06-19 23:05:00,30.6,57.7,5.0,3,10.0,0.8
2026-06-19 23:10:00,30.3,61.0,5.0,3,96.3,8.0
2026-06-19 23:15:00,33.2,60.1,5.0,3,81.2,6.9
2026-06-19 23:20:00,31.4,61.3,4.0,3,19.9,1.7
2026-06-19 23:25:00,33.7,56.9,5.0,3,10.0,0.9
2026-06-19 23:30:00,31.7,59.8,5.0,3,126.1,10.5
2026-06-19 23:35:00,33.9,58.8,4.0,3,64.5,5.4
2026-06-19 23:40:00,32.8,59.1,4.0,2,73.4,6.1
2026-06-19 23:45:00,32.5,61.0,4.0,2,85.3,7.2
2026-06-19 23:50:00,31.3,60.3,5.0,3,133.4,11.1
2026-06-19 23:55:00,32.4,60.1,4.0,3,127.9,10.7
2026-06-20 00:00:00,33.1,58.5,4.0,3,167.0,13.9
2026-06-20 00:05:00,31.5,62.0,4.0,3,10.6,0.9
2026-06-20 00:10:00,32.3,61.4,5.0,3,106.4,8.9
2026-06-20 00:15:00,31.7,59.9,4.0,3,288.0,24.0
2026-06-20 00:20:00,31.8,64.2,4.0,3,126.0,10.5
2026-06-20 00:25:00,33.8,57.6,4.0,3,235.8,19.5
2026-06-20 00:30:00,33.1,60.6,5.0,3,166.2,13.8
2026-06-20 00:35:00,31.7,59.0,4.0,2,109.1,9.1
2026-06-20 00:40:00,31.9,61.2,4.0,2,174.0,14.5
2026-06-20 00:45:00,30.7,62.1,4.0,3,26.3,2.2
2026-06-20 00:50:00,31.4,59.1,5.0,3,316.4,26.4
2026-06-20 00:55:00,32.0,59.9,5.0,2,25.3,2.1
2026-06-20 01:00:00,31.7,63.1,5.0,3,226.9,18.9
2026-06-20 01:05:00,31.6,58.7,5.0,3,10.0,0.7
2026-06-20 01:10:00,29.9,63.0,5.0,3,90.9,7.6
2026-06-20 01:15:00,31.8,60.4,4.0,3,261.7,21.8
2026-06-20 01:20:00,30.9,60.9,5.0,3,161.1,13.4
2026-06-20 01:25:00,30.0,59.2,6.0,3,10.0,0.7
2026-06-20 01:30:00,32.2,60.7,4.0,3,43.4,3.5
2026-06-20 01:35:00,32.3,59.2,4.0,2,68.2,5.7
2026-06-20 01:40:00,31.2,62.5,4.0,3,35.3,2.9
2026-06-20 01:45:00,31.6,60.5,4.0,3,235.3,19.6
2026-06-20 01:50:00,31.6,60.2,5.0,3,150.4,12.5
2026-06-20 01:55:00,32.2,59.9,5.0,3,77.9,6.5
2026-06-20 02:00:00,31.3,58.1,4.0,3,36.5,3.0
2026-06-20 02:05:00,29.0,67.6,5.0,2,202.2,16.8
2026-06-20 02:10:00,32.7,57.4,4.0,3,163.9,13.7
2026-06-20 02:15:00,31.7,59.0,4.0,3,94.1,7.8
2026-06-20 02:20:00,29.9,65.6,5.0,2,161.0,13.4
2026-06-20 02:25:00,29.3,64.0,5.0,3,120.9,10.1
2026-06-20 02:30:00,31.0,60.3,4.0,2,25.0,2.1
2026-06-20 02:35:00,30.2,63.1,4.0,3,158.4,13.2
2026-06-20 02:40:00,30.8,62.7,5.0,3,120.3,10.0
2026-06-20 02:45:00,31.3,60.1,4.0,3,10.0,0.8
2026-06-20 02:50:00,29.8,64.9,4.0,3,180.2,15.0
2026-06-20 02:55:00,29.2,60.5,4.0,3,196.1,16.3
2026-06-20 03:00:00,30.4,62.2,4.0,3,290.4,24.2
2026-06-20 03:05:00,29.4,65.1,4.0,2,91.1,7.6
2026-06-20 03:10:00,30.1,63.5,5.0,2,132.4,11.0
2026-06-20 03:15:00,28.6,59.0,4.0,3,50.1,4.2
2026-06-20 03:20:00,29.7,62.3,4.0,3,217.9,18.2
2026-06-20 03:25:00,30.7,58.1,4.0,3,217.5,18.1
2026-06-20 03:30:00,30.6,64.3,4.0,2,169.2,14.1
2026-06-20 03:35:00,29.2,62.5,4.0,3,198.9,16.6
2026-06-20 03:40:00,28.8,66.9,4.0,3,119.0,9.9
2026-06-20 03:45:00,30.0,59.2,5.0,2,124.9,10.3
2026-06-20 03:50:00,30.6,62.1,5.0,3,24.3,1.9
2026-06-20 03:55:00,30.4,61.5,4.0,3,79.4,6.6
2026-06-20 04:00:00,29.3,70.8,4.0,3,10.0,0.7
2026-06-20 04:05:00,30.1,65.3,4.0,3,10.0,0.8
2026-06-20 04:10:00,31.4,62.8,4.0,3,171.3,14.3
2026-06-20 04:15:00,30.0,67.6,5.0,3,31.2,2.6
2026-06-20 04:20:00,28.1,66.4,4.0,3,10.0,0.8
2026-06-20 04:25:00,30.0,62.1,4.0,3,116.0,9.7
2026-06-20 04:30:00,31.9,58.5,6.0,3,176.6,14.7
2026-06-20 04:35:00,28.5,65.8,5.0,3,160.7,13.4
2026-06-20 04:40:00,29.8,55.5,6.0,3,18.3,1.5
2026-06-20 04:45:00,29.6,63.1,4.0,3,52.2,4.4
2026-06-20 04:50:00,29.9,63.1,5.0,3,141.4,11.9
2026-06-20 04:55:00,30.0,62.0,4.0,3,184.8,15.4
2026-06-20 05:00:00,30.7,58.3,5.0,3,143.5,12.0
2026-06-20 05:05:00,29.8,62.6,5.0,3,182.0,15.2
2026-06-20 05:10:00,30.9,57.9,5.0,3,90.4,7.4
2026-06-20 05:15:00,29.6,66.9,5.0,3,140.2,11.7
2026-06-20 05:20:00,29.4,63.0,6.0,3,124.2,10.3
2026-06-20 05:25:00,29.1,59.7,4.0,3,10.0,0.8
2026-06-20 05:30:00,28.0,65.3,6.0,3,10.0,0.8
2026-06-20 05:35:00,29.9,64.6,5.0,3,29.5,2.5
2026-06-20 05:40:00,31.6,60.4,5.0,3,40.3,3.4
2026-06-20 05:45:00,30.1,60.5,6.0,3,222.2,18.5
2026-06-20 05:50:00,30.3,60.7,5.0,3,94.6,7.9
2026-06-20 05:55:00,29.3,63.1,5.0,3,31.0,2.6
2026-06-20 06:00:00,29.2,63.0,5.0,3,87.9,7.3
2026-06-20 06:05:00,30.3,59.7,7.0,3,122.9,10.2
2026-06-20 06:10:00,31.2,60.7,4.0,3,66.2,5.5
2026-06-20 06:15:00,30.8,58.8,5.0,0,3.8,0.3
2026-06-20 06:20:00,30.1,64.4,4.0,2,131.9,11.0
2026-06-20 06:25:00,29.4,65.7,6.0,2,133.8,11.2
2026-06-20 06:30:00,29.6,61.3,5.0,3,53.7,4.5
2026-06-20 06:35:00,28.7,63.2,4.0,3,69.6,5.8
2026-06-20 06:40:00,28.1,64.8,5.0,3,123.3,10.3
2026-06-20 06:45:00,28.4,65.1,5.0,3,89.3,7.4
2026-06-20 06:50:00,29.5,64.0,6.0,3,63.4,5.4
2026-06-20 06:55:00,29.1,65.0,4.0,3,37.3,3.1
2026-06-20 07:00:00,27.4,67.6,5.0,3,133.8,11.2
2026-06-20 07:05:00,29.0,67.8,6.0,0,6.5,0.5
2026-06-20 07:10:00,28.7,64.7,7.0,0,3.5,0.3
2026-06-20 07:15:00,27.7,62.9,7.0,3,70.4,5.8
2026-06-20 07:20:00,28.6,60.8,5.0,1,69.3,5.8
2026-06-20 07:25:00,28.7,68.5,7.0,0,3.8,0.4
2026-06-20 07:30:00,28.3,66.4,5.0,0,5.7,0.5
2026-06-20 07:35:00,30.0,63.1,4.0,2,103.5,8.6
2026-06-20 07:40:00,26.9,68.4,7.0,2,5.0,0.4
2026-06-20 07:45:00,26.8,67.8,6.0,3,154.6,12.9
2026-06-20 07:50:00,29.0,65.1,6.0,0,3.8,0.3
2026-06-20 07:55:00,29.1,63.0,5.0,3,243.0,20.2
2026-06-20 08:00:00,29.3,66.1,7.0,3,10.0,0.8
2026-06-20 08:05:00,28.3,63.8,6.0,0,8.9,0.8
2026-06-20 08:10:00,27.9,63.5,6.0,0,4.1,0.3
2026-06-20 08:15:00,28.9,60.1,5.0,0,7.0,0.6
2026-06-20 08:20:00,28.4,64.3,6.0,0,7.3,0.5
2026-06-20 08:25:00,30.6,64.7,4.0,0,3.5,0.3
2026-06-20 08:30:00,28.5,63.7,4.0,0,5.0,0.4
2026-06-20 08:35:00,28.8,61.0,7.0,0,3.8,0.3
2026-06-20 08:40:00,31.7,60.6,8.0,1,90.3,7.5
2026-06-20 08:45:00,28.7,62.9,5.0,0,7.3,0.6
2026-06-20 08:50:00,29.5,67.0,5.0,3,83.2,6.9
2026-06-20 08:55:00,29.6,65.7,4.0,3,10.0,0.8
2026-06-20 09:00:00,30.3,59.1,4.0,0,5.3,0.4
2026-06-20 09:05:00,29.8,62.5,4.0,3,83.6,7.0
2026-06-20 09:10:00,29.7,61.2,8.0,0,7.3,0.6
2026-06-20 09:15:00,29.6,60.4,4.0,3,271.1,22.6
2026-06-20 09:20:00,28.8,64.3,7.0,1,74.6,6.2
2026-06-20 09:25:00,29.8,64.9,6.0,0,8.8,0.7
2026-06-20 09:30:00,31.7,59.8,7.0,1,70.1,5.8
2026-06-20 09:35:00,30.8,60.1,8.0,1,159.9,13.3
2026-06-20 09:40:00,29.8,57.6,6.0,3,157.1,13.1
2026-06-20 09:45:00,30.4,60.4,8.0,1,10.0,0.8
2026-06-20 09:50:00,28.5,66.2,9.0,1,10.0,0.8
2026-06-20 09:55:00,29.2,60.6,9.0,1,117.3,9.8
2026-06-20 10:00:00,31.5,63.5,5.0,3,46.1,3.8
2026-06-20 10:05:00,32.1,58.6,4.0,3,145.4,12.1
2026-06-20 10:10:00,29.6,63.7,6.0,1,10.0,0.8
2026-06-20 10:15:00,29.9,61.9,6.0,0,9.0,0.8
2026-06-20 10:20:00,32.9,56.2,4.0,3,10.0,0.8
2026-06-20 10:25:00,30.6,62.8,6.0,3,10.0,0.8
2026-06-20 10:30:00,32.5,58.0,4.0,0,3.5,0.3
2026-06-20 10:35:00,30.7,59.9,8.0,3,162.6,13.6
2026-06-20 10:40:00,30.7,56.5,7.0,0,3.5,0.3
2026-06-20 10:45:00,30.1,65.4,5.0,0,3.5,0.3
2026-06-20 10:50:00,31.5,60.7,6.0,3,77.5,6.5
2026-06-20 10:55:00,32.0,62.4,6.0,0,7.8,0.6
2026-06-20 11:00:00,30.8,63.0,7.0,1,108.0,9.0
2026-06-20 11:05:00,31.5,63.1,6.0,3,85.4,7.1
2026-06-20 11:10:00,32.9,56.9,7.0,3,100.7,8.4
2026-06-20 11:15:00,31.8,56.7,4.0,1,80.3,6.7
2026-06-20 11:20:00,31.4,62.4,6.0,0,7.0,0.6
2026-06-20 11:25:00,33.0,58.4,9.0,3,82.5,6.9
2026-06-20 11:30:00,33.1,56.8,6.0,0,6.9,0.6
2026-06-20 11:35:00,31.4,62.3,6.0,1,10.0,0.8
2026-06-20 11:40:00,32.1,60.2,5.0,1,112.5,9.4
2026-06-20 11:45:00,30.6,63.3,9.0,3,219.8,18.2
2026-06-20 11:50:00,30.9,58.9,7.0,0,6.6,0.5
2026-06-20 11:55:00,32.0,62.0,4.0,1,122.0,10.2
2026-06-20 12:00:00,33.0,58.1,8.0,0,4.7,0.4
2026-06-20 12:05:00,31.9,62.5,5.0,1,66.5,5.5
2026-06-20 12:10:00,32.1,61.9,7.0,1,60.3,5.0
2026-06-20 12:15:00,31.8,61.7,8.0,0,5.7,0.5
2026-06-20 12:20:00,33.5,57.0,9.0,1,127.3,10.6
2026-06-20 12:25:00,30.7,63.5,7.0,0,6.2,0.5
2026-06-20 12:30:00,31.8,62.7,6.0,3,10.0,0.8
2026-06-20 12:35:00,30.9,62.9,4.0,0,5.7,0.5
2026-06-20 12:40:00,33.4,58.0,6.0,3,34.4,2.9
2026-06-20 12:45:00,30.9,63.2,5.0,0,4.2,0.4
2026-06-20 12:50:00,33.0,56.8,6.0,0,8.7,0.7
2026-06-20 12:55:00,34.8,59.1,5.0,0,3.5,0.3
2026-06-20 13:00:00,35.5,49.5,7.0,0,4.7,0.4
2026-06-20 13:05:00,31.5,60.3,6.0,2,60.8,5.1
2026-06-20 13:10:00,33.9,55.3,7.0,1,10.0,0.8
2026-06-20 13:15:00,32.4,57.1,6.0,0,8.4,0.6
2026-06-20 13:20:00,32.2,59.9,6.0,3,124.9,10.4
2026-06-20 13:25:00,33.5,54.1,5.0,0,7.4,0.6
2026-06-20 13:30:00,35.0,60.2,6.0,1,98.4,8.2
2026-06-20 13:35:00,34.3,52.2,7.0,2,196.5,16.4
2026-06-20 13:40:00,32.8,55.7,5.0,1,10.0,0.8
2026-06-20 13:45:00,34.4,52.9,6.0,0,3.5,0.3
2026-06-20 13:50:00,31.0,61.5,7.0,3,10.0,0.9
2026-06-20 13:55:00,32.7,60.9,6.0,0,3.5,0.3
2026-06-20 14:00:00,33.2,58.1,5.0,1,92.9,7.8
2026-06-20 14:05:00,34.5,58.9,7.0,1,58.8,4.9
2026-06-20 14:10:00,34.1,53.8,5.0,1,63.4,5.3
2026-06-20 14:15:00,34.1,57.4,5.0,3,37.9,3.2
2026-06-20 14:20:00,34.1,55.1,5.0,2,167.2,13.9
2026-06-20 14:25:00,34.4,56.0,6.0,0,3.5,0.3
2026-06-20 14:30:00,35.1,57.3,6.0,3,180.7,15.1
2026-06-20 14:35:00,34.6,51.2,5.0,3,30.8,2.5
2026-06-20 14:40:00,33.9,60.8,7.0,2,98.8,8.2
2026-06-20 14:45:00,34.9,54.5,6.0,3,177.0,14.8
2026-06-20 14:50:00,35.5,50.3,7.0,3,10.0,0.8
2026-06-20 14:55:00,33.5,54.9,6.0,2,81.0,6.9
2026-06-20 15:00:00,35.1,54.7,7.0,3,285.8,23.8
2026-06-20 15:05:00,36.8,51.1,8.0,1,144.0,12.0
2026-06-20 15:10:00,33.7,51.6,6.0,2,42.1,3.5
2026-06-20 15:15:00,37.6,51.9,6.0,2,32.6,2.7
2026-06-20 15:20:00,33.3,55.0,8.0,2,173.9,14.5
2026-06-20 15:25:00,34.7,56.4,7.0,2,75.3,6.3
2026-06-20 15:30:00,33.9,53.5,7.0,2,123.0,10.2
2026-06-20 15:35:00,38.2,56.0,7.0,2,287.7,24.0
2026-06-20 15:40:00,34.5,56.3,8.0,6,172.0,14.3
2026-06-20 15:45:00,34.5,55.6,7.0,1,10.0,0.8
2026-06-20 15:50:00,34.7,56.3,7.0,3,164.8,13.7
2026-06-20 15:55:00,35.3,50.3,7.0,3,166.9,13.9
2026-06-20 16:00:00,35.2,53.0,5.0,2,107.9,9.0
2026-06-20 16:05:00,35.5,58.0,9.0,2,41.2,3.4
2026-06-20 16:10:00,30.4,58.6,7.0,2,168.3,14.0
2026-06-20 16:15:00,35.8,53.4,6.0,2,184.0,15.3
2026-06-20 16:20:00,35.7,52.6,5.0,3,70.9,5.9
2026-06-20 16:25:00,37.3,55.3,6.0,2,5.0,0.4
2026-06-20 16:30:00,37.7,50.9,4.0,2,197.3,16.4
2026-06-20 16:35:00,35.4,51.1,6.0,3,105.9,8.8
2026-06-20 16:40:00,37.0,58.2,7.0,2,29.6,2.5
2026-06-20 16:45:00,34.1,52.2,9.0,2,225.8,18.9
2026-06-20 16:50:00,36.9,52.1,8.0,2,199.5,16.6
2026-06-20 16:55:00,34.9,52.6,8.0,2,110.1,9.2
2026-06-20 17:00:00,33.7,53.8,12.0,3,342.4,28.5
2026-06-20 17:05:00,35.5,50.8,4.0,3,10.0,0.9
2026-06-20 17:10:00,38.3,49.2,9.0,3,55.3,4.6
2026-06-20 17:15:00,36.1,55.9,9.0,3,75.8,6.3
2026-06-20 17:20:00,38.5,48.0,11.0,4,51.7,4.3
2026-06-20 17:25:00,34.5,58.4,4.0,2,34.1,2.8
2026-06-20 17:30:00,37.7,54.4,7.0,3,120.1,10.0
2026-06-20 17:35:00,34.7,56.1,6.0,3,165.5,13.8
2026-06-20 17:40:00,36.2,53.3,5.0,3,148.7,12.4
2026-06-20 17:45:00,36.2,53.8,14.0,3,10.2,0.8
2026-06-20 17:50:00,37.0,56.1,7.0,2,185.7,15.6
2026-06-20 17:55:00,36.3,48.0,11.0,3,172.8,14.4
2026-06-20 18:00:00,33.5,57.9,7.0,2,132.7,11.2
2026-06-20 18:05:00,36.3,50.9,4.0,3,172.2,14.3
2026-06-20 18:10:00,37.8,53.5,5.0,3,111.4,9.3
2026-06-20 18:15:00,33.8,54.0,6.0,3,49.8,4.1
2026-06-20 18:20:00,31.6,59.9,6.0,3,130.2,10.7
2026-06-20 18:25:00,35.7,49.4,6.0,3,80.4,6.7
2026-06-20 18:30:00,34.2,50.6,8.0,3,100.9,8.4
2026-06-20 18:35:00,34.6,54.5,7.0,3,106.8,8.9
2026-06-20 18:40:00,35.8,57.3,7.0,3,28.1,2.3
2026-06-20 18:45:00,34.0,56.9,7.0,3,108.4,9.0
2026-06-20 18:50:00,34.3,56.5,8.0,3,199.2,16.6
2026-06-20 18:55:00,34.6,57.1,5.0,3,164.8,13.7
2026-06-20 19:00:00,36.2,52.4,4.0,3,88.1,7.3
2026-06-20 19:05:00,34.2,57.0,5.0,2,39.6,3.3
2026-06-20 19:10:00,32.5,56.3,5.0,3,83.6,7.0
2026-06-20 19:15:00,32.6,56.8,5.0,3,259.8,21.5
2026-06-20 19:20:00,34.4,55.0,5.0,3,28.6,2.4
2026-06-20 19:25:00,32.6,56.3,5.0,3,162.0,13.5
2026-06-20 19:30:00,32.1,58.0,6.0,3,212.4,17.7
2026-06-20 19:35:00,35.1,54.0,5.0,3,10.0,0.8
2026-06-20 19:40:00,35.1,52.9,5.0,3,90.4,7.5
2026-06-20 19:45:00,33.7,55.9,5.0,3,202.8,16.9
2026-06-20 19:50:00,34.6,55.5,5.0,3,41.1,3.3
2026-06-20 19:55:00,34.5,52.8,4.0,3,118.3,9.9
2026-06-20 20:00:00,34.4,57.0,6.0,3,10.0,0.8
2026-06-20 20:05:00,34.4,55.0,6.0,3,69.8,5.8
2026-06-20 20:10:00,29.9,61.2,5.0,3,228.1,19.0
2026-06-20 20:15:00,33.2,55.9,5.0,3,10.0,0.8
2026-06-20 20:20:00,34.3,58.4,5.0,3,10.0,0.8
2026-06-20 20:25:00,33.0,59.5,5.0,3,101.9,8.5
2026-06-20 20:30:00,33.6,54.7,6.0,3,152.0,12.7
2026-06-20 20:35:00,34.7,56.9,5.0,3,62.2,5.2
2026-06-20 20:40:00,33.7,59.8,6.0,3,78.1,6.5
2026-06-20 20:45:00,35.7,52.7,6.0,3,170.4,14.2
2026-06-20 20:50:00,35.2,53.4,6.0,3,213.0,17.7
2026-06-20 20:55:00,33.4,58.7,5.0,2,140.9,11.7
2026-06-20 21:00:00,32.7,55.7,5.0,3,150.8,12.6
2026-06-20 21:05:00,28.8,60.2,4.0,3,188.5,15.7
2026-06-20 21:10:00,32.5,56.4,5.0,3,102.5,8.5
2026-06-20 21:15:00,31.0,61.1,4.0,3,50.1,4.2
2026-06-20 21:20:00,33.3,56.3,5.0,3,10.0,0.8
2026-06-20 21:25:00,33.2,57.2,5.0,3,10.0,0.8
2026-06-20 21:30:00,34.0,55.6,4.0,3,94.0,7.8
2026-06-20 21:35:00,35.1,58.2,4.0,3,219.4,18.3
2026-06-20 21:40:00,33.0,56.3,5.0,3,22.2,1.9
2026-06-20 21:45:00,36.4,52.2,5.0,3,375.6,31.3
2026-06-20 21:50:00,33.3,54.9,5.0,3,89.6,7.5
2026-06-20 21:55:00,31.1,60.9,4.0,3,16.8,1.4
2026-06-20 22:00:00,31.5,61.0,5.0,3,56.6,4.7
2026-06-20 22:05:00,31.8,61.7,6.0,3,98.7,8.2
2026-06-20 22:10:00,33.2,55.6,4.0,3,225.3,18.8
2026-06-20 22:15:00,30.9,59.7,4.0,3,115.2,9.6
2026-06-20 22:20:00,31.9,63.8,4.0,3,10.0,0.8
2026-06-20 22:25:00,32.1,58.4,4.0,3,259.8,21.6
2026-06-20 22:30:00,31.7,58.3,5.0,3,50.9,4.2
2026-06-20 22:35:00,33.5,57.7,5.0,3,33.6,2.8
2026-06-20 22:40:00,33.3,58.9,4.0,3,146.3,12.2
2026-06-20 22:45:00,34.0,58.3,4.0,3,192.6,16.1
2026-06-20 22:50:00,31.8,58.1,4.0,3,190.0,15.8
2026-06-20 22:55:00,34.1,56.1,5.0,3,10.0,0.8
2026-06-20 23:00:00,29.6,61.1,5.0,3,248.2,20.6
2026-06-20 23:05:00,29.5,60.5,4.0,3,12.7,1.1
2026-06-20 23:10:00,29.8,59.6,4.0,3,160.8,13.4
2026-06-20 23:15:00,32.1,62.9,4.0,3,145.5,12.1
2026-06-20 23:20:00,34.3,58.3,4.0,3,158.0,13.2
2026-06-20 23:25:00,31.0,60.3,4.0,3,86.0,7.2
2026-06-20 23:30:00,31.2,60.2,4.0,3,206.7,17.2
2026-06-20 23:35:00,31.7,60.3,4.0,3,107.9,9.0
2026-06-20 23:40:00,33.1,60.2,4.0,3,228.4,19.0
2026-06-20 23:45:00,31.2,60.0,6.0,3,10.0,0.8
2026-06-20 23:50:00,31.1,62.4,4.0,3,262.3,21.9
2026-06-20 23:55:00,29.6,62.5,4.0,3,10.0,0.8
2026-06-21 00:00:00,31.2,60.4,4.0,3,256.5,21.3
2026-06-21 00:05:00,33.4,58.1,4.0,3,61.2,5.1
2026-06-21 00:10:00,32.0,61.6,4.0,2,11.9,1.0
2026-06-21 00:15:00,31.0,60.6,4.0,3,143.1,11.9
2026-06-21 00:20:00,33.5,57.2,5.0,3,66.5,5.5
2026-06-21 00:25:00,31.2,62.1,4.0,3,25.5,2.1
2026-06-21 00:30:00,33.7,57.7,4.0,3,68.2,5.7
2026-06-21 00:35:00,33.7,60.0,5.0,3,177.4,14.8
2026-06-21 00:40:00,32.0,56.6,5.0,3,141.4,11.8
2026-06-21 00:45:00,30.1,61.1,6.0,3,217.2,18.1
2026-06-21 00:50:00,34.8,59.5,5.0,3,155.4,13.0
2026-06-21 00:55:00,32.4,59.8,4.0,3,139.8,11.6
2026-06-21 01:00:00,31.0,61.9,4.0,3,255.3,21.2
2026-06-21 01:05:00,32.1,57.9,4.0,3,149.6,12.5
2026-06-21 01:10:00,31.9,60.3,5.0,3,21.2,1.8
2026-06-21 01:15:00,32.5,58.9,5.0,3,10.0,0.8
2026-06-21 01:20:00,30.7,61.7,4.0,3,270.7,22.6
2026-06-21 01:25:00,31.6,63.6,5.0,3,99.6,8.3
2026-06-21 01:30:00,30.2,64.1,4.0,3,112.6,9.4
2026-06-21 01:35:00,31.9,61.1,5.0,3,55.7,4.6
2026-06-21 01:40:00,31.2,62.0,4.0,3,10.0,0.8
2026-06-21 01:45:00,31.5,58.7,4.0,3,280.7,23.4
2026-06-21 01:50:00,31.1,59.9,4.0,3,10.0,0.8
2026-06-21 01:55:00,31.0,58.3,5.0,3,20.5,1.7
2026-06-21 02:00:00,29.8,59.6,4.0,3,79.3,6.6
2026-06-21 02:05:00,31.7,57.7,4.0,3,66.0,5.5
2026-06-21 02:10:00,32.5,58.6,4.0,3,56.0,4.7
2026-06-21 02:15:00,30.2,59.1,4.0,3,168.0,14.1
2026-06-21 02:20:00,31.4,60.2,5.0,3,205.8,17.3
2026-06-21 02:25:00,31.3,60.1,4.0,3,103.2,8.7
2026-06-21 02:30:00,30.8,58.4,4.0,3,133.6,11.1
2026-06-21 02:35:00,29.1,67.4,4.0,3,26.4,2.2
2026-06-21 02:40:00,29.3,60.2,4.0,3,159.3,13.3
2026-06-21 02:45:00,29.9,65.2,5.0,3,84.3,7.0
2026-06-21 02:50:00,28.4,59.4,4.0,3,75.1,6.3
2026-06-21 02:55:00,32.4,58.4,5.0,3,193.2,16.1
2026-06-21 03:00:00,30.7,58.2,5.0,3,10.0,0.8
2026-06-21 03:05:00,30.3,60.1,4.0,3,199.4,16.6
2026-06-21 03:10:00,28.0,69.7,4.0,3,103.4,8.6
2026-06-21 03:15:00,28.4,63.9,4.0,3,66.3,5.5
2026-06-21 03:20:00,30.3,59.0,4.0,3,263.2,21.9
2026-06-21 03:25:00,32.4,59.5,4.0,3,179.2,14.9
2026-06-21 03:30:00,29.6,62.0,4.0,3,10.0,0.8
2026-06-21 03:35:00,31.2,60.6,4.0,3,193.8,16.2
2026-06-21 03:40:00,29.8,60.3,5.0,3,160.8,13.4
2026-06-21 03:45:00,30.4,59.4,4.0,3,10.0,0.8
2026-06-21 03:50:00,31.6,57.7,4.0,3,102.1,8.5
2026-06-21 03:55:00,29.9,64.2,4.0,3,179.6,15.0
2026-06-21 04:00:00,29.4,62.8,4.0,3,10.0,0.8
2026-06-21 04:05:00,31.6,56.9,5.0,3,177.6,14.9
2026-06-21 04:10:00,30.2,62.4,4.0,3,74.6,6.2
2026-06-21 04:15:00,31.3,60.3,5.0,3,93.0,7.8
2026-06-21 04:20:00,29.4,64.9,5.0,3,208.8,17.4
2026-06-21 04:25:00,31.6,58.3,4.0,3,41.3,3.4
2026-06-21 04:30:00,30.4,61.5,5.0,3,11.5,1.0
2026-06-21 04:35:00,30.6,62.4,5.0,3,170.9,14.2
2026-06-21 04:40:00,30.3,59.2,4.0,3,117.5,9.8
2026-06-21 04:45:00,29.6,65.4,5.0,3,69.2,5.8
2026-06-21 04:50:00,30.1,62.2,4.0,3,10.0,0.8
2026-06-21 04:55:00,29.7,60.0,5.0,2,120.9,10.1
2026-06-21 05:00:00,30.9,58.8,5.0,2,122.4,10.2
2026-06-21 05:05:00,29.8,62.7,6.0,3,72.5,6.0
2026-06-21 05:10:00,28.6,63.6,6.0,3,55.3,4.5
2026-06-21 05:15:00,28.4,66.7,5.0,3,85.5,7.1
2026-06-21 05:20:00,28.4,64.5,5.0,3,10.0,0.8
2026-06-21 05:25:00,30.6,62.3,5.0,3,45.5,3.8
2026-06-21 05:30:00,28.9,62.5,4.0,3,142.0,11.8
2026-06-21 05:35:00,30.3,62.1,5.0,3,98.7,8.2
2026-06-21 05:40:00,30.1,65.2,5.0,3,88.6,7.4
2026-06-21 05:45:00,29.9,62.4,4.0,3,21.7,1.8
2026-06-21 05:50:00,30.4,60.8,5.0,3,24.5,2.0
2026-06-21 05:55:00,30.1,60.6,6.0,3,80.7,6.7
2026-06-21 06:00:00,27.3,66.8,6.0,3,102.7,8.6
2026-06-21 06:05:00,29.4,66.4,5.0,1,99.5,8.3
2026-06-21 06:10:00,30.1,59.8,5.0,0,5.7,0.5
2026-06-21 06:15:00,31.2,60.7,5.0,1,61.6,5.1
2026-06-21 06:20:00,31.3,57.2,4.0,3,31.4,2.6
2026-06-21 06:25:00,28.5,64.2,5.0,3,121.3,10.1
2026-06-21 06:30:00,29.4,64.1,6.0,3,121.0,10.1
2026-06-21 06:35:00,28.3,62.1,6.0,3,14.5,1.2
2026-06-21 06:40:00,31.1,60.1,5.0,1,69.8,5.9
2026-06-21 06:45:00,30.7,62.2,6.0,3,212.7,17.7
2026-06-21 06:50:00,30.1,62.8,4.0,3,32.6,2.7
2026-06-21 06:55:00,29.9,63.5,5.0,3,26.2,2.2
2026-06-21 07:00:00,30.8,59.0,5.0,0,5.6,0.5
2026-06-21 07:05:00,30.7,62.2,5.0,0,5.4,0.4
2026-06-21 07:10:00,30.6,60.2,5.0,0,6.7,0.6
2026-06-21 07:15:00,29.8,64.6,6.0,0,5.6,0.5
2026-06-21 07:20:00,28.9,58.7,6.0,1,106.2,8.8
2026-06-21 07:25:00,30.2,61.6,4.0,0,7.4,0.6
2026-06-21 07:30:00,30.2,62.5,6.0,0,7.0,0.6
2026-06-21 07:35:00,29.1,67.2,7.0,0,3.5,0.3
2026-06-21 07:40:00,28.9,64.4,5.0,0,5.7,0.5
2026-06-21 07:45:00,30.6,62.1,5.0,0,5.1,0.4
2026-06-21 07:50:00,31.2,61.6,4.0,0,6.0,0.5
2026-06-21 07:55:00,28.5,67.9,8.0,1,103.8,8.6
2026-06-21 08:00:00,28.9,63.2,9.0,0,5.0,0.4
2026-06-21 08:05:00,29.6,59.7,6.0,0,3.5,0.3
2026-06-21 08:10:00,29.8,59.0,9.0,1,94.9,7.9
2026-06-21 08:15:00,28.6,66.2,5.0,0,6.4,0.5
2026-06-21 08:20:00,31.3,61.1,6.0,0,6.9,0.6
2026-06-21 08:25:00,29.7,62.3,4.0,0,3.5,0.3
2026-06-21 08:30:00,29.8,61.4,4.0,0,9.0,0.8
2026-06-21 08:35:00,31.2,61.1,5.0,0,7.4,0.6
2026-06-21 08:40:00,28.7,65.0,5.0,3,49.6,4.0
2026-06-21 08:45:00,29.1,65.0,7.0,0,3.7,0.3
2026-06-21 08:50:00,27.8,63.2,8.0,0,3.5,0.3
2026-06-21 08:55:00,29.0,59.8,6.0,3,10.0,0.8
2026-06-21 09:00:00,28.2,63.1,4.0,0,5.9,0.5
2026-06-21 09:05:00,30.6,58.4,5.0,3,10.0,0.8
2026-06-21 09:10:00,30.3,58.8,9.0,0,5.8,0.6
2026-06-21 09:15:00,29.5,67.1,7.0,1,23.2,1.9
2026-06-21 09:20:00,29.7,57.6,9.0,3,198.9,16.6
2026-06-21 09:25:00,30.6,62.8,9.0,3,185.5,15.5
2026-06-21 09:30:00,28.5,67.0,5.0,0,6.7,0.6
2026-06-21 09:35:00,30.0,65.0,8.0,0,6.5,0.5
2026-06-21 09:40:00,30.6,62.3,5.0,0,6.7,0.6
2026-06-21 09:45:00,27.8,69.1,8.0,0,3.5,0.3
2026-06-21 09:50:00,30.6,66.0,8.0,0,5.2,0.4
2026-06-21 09:55:00,27.9,65.0,4.0,0,6.2,0.5
2026-06-21 10:00:00,30.6,62.9,7.0,0,5.0,0.4
2026-06-21 10:05:00,29.5,66.2,5.0,0,6.8,0.6
2026-06-21 10:10:00,32.4,57.5,6.0,3,28.4,2.4
2026-06-21 10:15:00,29.5,62.8,5.0,0,7.7,0.6
2026-06-21 10:20:00,28.9,62.8,7.0,3,161.9,13.4
2026-06-21 10:25:00,30.9,62.5,5.0,0,3.8,0.3
2026-06-21 10:30:00,30.3,58.1,5.0,1,94.7,7.9
2026-06-21 10:35:00,29.1,67.1,5.0,0,5.4,0.3
2026-06-21 10:40:00,31.4,62.0,6.0,0,4.4,0.3
2026-06-21 10:45:00,28.5,66.0,7.0,3,48.9,4.1
2026-06-21 10:50:00,29.6,58.0,8.0,0,4.7,0.4
2026-06-21 10:55:00,30.1,60.3,7.0,0,3.5,0.3
2026-06-21 11:00:00,33.1,61.5,7.0,3,15.9,1.3
2026-06-21 11:05:00,33.6,56.8,7.0,0,6.3,0.5
2026-06-21 11:10:00,33.4,53.4,7.0,3,83.3,6.9
2026-06-21 11:15:00,32.1,60.0,8.0,0,11.2,0.9
2026-06-21 11:20:00,29.6,64.9,10.0,0,6.3,0.5
2026-06-21 11:25:00,32.7,59.8,7.0,1,101.5,8.6
2026-06-21 11:30:00,33.8,56.5,7.0,0,10.1,0.8
2026-06-21 11:35:00,33.6,59.9,5.0,1,89.2,7.4
2026-06-21 11:40:00,32.7,56.9,7.0,3,82.4,6.9
2026-06-21 11:45:00,30.9,62.6,8.0,0,8.1,0.7
2026-06-21 11:50:00,31.7,60.4,4.0,0,4.0,0.3
2026-06-21 11:55:00,34.3,55.8,8.0,0,6.3,0.5
2026-06-21 12:00:00,31.7,59.2,6.0,1,95.3,7.9
2026-06-21 12:05:00,32.0,58.8,6.0,0,7.1,0.6
2026-06-21 12:10:00,34.3,56.1,7.0,0,7.0,0.6
2026-06-21 12:15:00,32.8,57.7,5.0,0,4.1,0.3
2026-06-21 12:20:00,31.9,61.6,7.0,1,69.6,5.7
2026-06-21 12:25:00,35.0,53.6,5.0,0,5.9,0.5
2026-06-21 12:30:00,33.8,60.8,8.0,0,8.8,0.7
2026-06-21 12:35:00,32.8,57.0,7.0,0,3.5,0.3
2026-06-21 12:40:00,32.0,62.0,6.0,0,7.6,0.6
2026-06-21 12:45:00,35.6,56.4,7.0,0,7.9,0.6
2026-06-21 12:50:00,33.2,58.2,6.0,0,3.5,0.4
2026-06-21 12:55:00,34.8,55.5,7.0,0,4.2,0.4
2026-06-21 13:00:00,34.9,52.9,6.0,0,4.9,0.4
2026-06-21 13:05:00,33.3,56.0,6.0,0,7.3,0.6
2026-06-21 13:10:00,33.3,57.9,4.0,2,137.3,11.4
2026-06-21 13:15:00,35.6,53.6,7.0,0,5.5,0.6
2026-06-21 13:20:00,35.6,56.8,5.0,0,4.4,0.4
2026-06-21 13:25:00,31.7,58.7,8.0,1,10.0,0.8
2026-06-21 13:30:00,34.5,54.4,6.0,2,194.4,16.2
2026-06-21 13:35:00,33.8,52.2,7.0,0,5.7,0.5
2026-06-21 13:40:00,32.7,60.0,7.0,3,192.2,16.0
2026-06-21 13:45:00,34.2,57.3,7.0,0,6.4,0.5
2026-06-21 13:50:00,32.4,61.3,6.0,1,45.6,3.8
2026-06-21 13:55:00,33.4,59.9,5.0,3,10.0,0.8
2026-06-21 14:00:00,33.5,58.4,6.0,2,61.4,5.1
2026-06-21 14:05:00,33.9,58.1,6.0,5,199.9,16.7
2026-06-21 14:10:00,34.6,56.7,6.0,3,80.0,6.7
2026-06-21 14:15:00,33.2,58.7,6.0,2,50.1,4.2
2026-06-21 14:20:00,36.9,48.1,6.0,0,5.2,0.4
2026-06-21 14:25:00,35.4,51.7,4.0,3,303.9,25.3
2026-06-21 14:30:00,37.2,49.1,6.0,3,10.0,0.8
2026-06-21 14:35:00,34.4,58.5,6.0,2,102.1,8.5
2026-06-21 14:40:00,33.9,54.2,6.0,2,163.6,13.6
2026-06-21 14:45:00,37.2,50.7,6.0,2,83.6,7.0
2026-06-21 14:50:00,33.8,56.2,6.0,0,8.8,0.7
2026-06-21 14:55:00,34.4,52.5,7.0,2,5.0,0.4
2026-06-21 15:00:00,36.5,53.8,8.0,6,145.0,12.2
2026-06-21 15:05:00,33.8,51.3,7.0,2,79.4,6.6
2026-06-21 15:10:00,36.5,50.4,7.0,3,55.2,4.6
2026-06-21 15:15:00,36.3,53.6,7.0,2,112.4,9.4
2026-06-21 15:20:00,37.2,49.4,8.0,3,77.5,6.5
2026-06-21 15:25:00,36.7,55.6,7.0,2,39.3,3.3
2026-06-21 15:30:00,37.3,52.1,7.0,2,5.0,0.4
2026-06-21 15:35:00,35.3,56.8,8.0,2,124.3,10.4
2026-06-21 15:40:00,34.3,56.2,7.0,3,118.2,9.8
2026-06-21 15:45:00,38.4,50.8,6.0,3,169.8,14.2
2026-06-21 15:50:00,33.4,54.2,7.0,2,5.0,0.4
2026-06-21 15:55:00,33.5,58.4,7.0,2,175.5,14.6
2026-06-21 16:00:00,36.9,53.4,7.0,2,279.7,23.3
2026-06-21 16:05:00,38.5,55.5,9.0,2,30.3,2.4
2026-06-21 16:10:00,36.3,54.9,5.0,2,127.4,10.6
2026-06-21 16:15:00,37.5,50.8,7.0,2,123.3,10.3
2026-06-21 16:20:00,33.0,57.2,7.0,2,5.0,0.4
2026-06-21 16:25:00,35.3,55.0,7.0,2,5.0,0.4
2026-06-21 16:30:00,33.2,59.0,8.0,2,5.0,0.4
2026-06-21 16:35:00,37.2,55.1,6.0,3,117.6,9.8
2026-06-21 16:40:00,33.7,55.4,10.0,3,244.2,20.3
2026-06-21 16:45:00,34.1,52.6,8.0,6,173.3,14.5
2026-06-21 16:50:00,36.8,48.2,7.0,3,72.0,6.0
2026-06-21 16:55:00,37.6,49.0,5.0,2,76.3,6.4
2026-06-21 17:00:00,35.8,51.8,7.0,3,197.8,16.5
2026-06-21 17:05:00,37.1,56.2,8.0,2,290.2,24.2
2026-06-21 17:10:00,37.1,56.3,7.0,3,91.8,7.6
2026-06-21 17:15:00,35.7,56.2,14.0,3,173.8,14.5
2026-06-21 17:20:00,34.2,58.7,4.0,3,48.6,4.0
2026-06-21 17:25:00,37.1,50.0,9.0,3,26.4,2.2
2026-06-21 17:30:00,37.2,48.0,8.0,3,10.0,0.8
2026-06-21 17:35:00,37.7,48.5,8.0,3,82.5,7.0
2026-06-21 17:40:00,36.7,48.0,4.0,2,144.7,12.0
2026-06-21 17:45:00,34.1,52.2,8.0,2,31.0,2.6
2026-06-21 17:50:00,37.4,50.3,9.0,4,82.4,6.9
2026-06-21 17:55:00,36.1,53.6,10.0,6,156.9,13.2
2026-06-21 18:00:00,34.3,55.5,7.0,3,42.8,3.6
2026-06-21 18:05:00,34.6,52.9,8.0,3,134.6,11.2
2026-06-21 18:10:00,33.9,57.1,4.0,3,164.7,13.7
2026-06-21 18:15:00,36.7,50.7,6.0,3,195.7,16.3
2026-06-21 18:20:00,32.7,56.9,9.0,3,177.4,14.8
2026-06-21 18:25:00,33.4,53.1,7.0,3,201.3,16.8
2026-06-21 18:30:00,34.6,57.7,4.0,3,165.2,13.8
2026-06-21 18:35:00,37.9,51.2,6.0,3,10.0,0.9
2026-06-21 18:40:00,37.0,54.0,4.0,2,30.3,2.5
2026-06-21 18:45:00,32.3,54.0,5.0,3,129.6,10.8
2026-06-21 18:50:00,37.5,52.1,9.0,3,41.2,3.4
2026-06-21 18:55:00,37.5,53.1,7.0,3,92.5,7.7
2026-06-21 19:00:00,32.9,52.5,4.0,3,100.8,8.4
2026-06-21 19:05:00,31.1,62.0,5.0,3,10.0,0.8
2026-06-21 19:10:00,34.4,52.5,5.0,3,13.4,1.0
2026-06-21 19:15:00,36.1,53.9,5.0,3,61.0,5.1
2026-06-21 19:20:00,36.7,56.8,5.0,3,10.0,0.8
2026-06-21 19:25:00,33.3,58.9,5.0,3,220.2,18.3
2026-06-21 19:30:00,36.9,49.0,5.0,3,115.7,9.6
2026-06-21 19:35:00,31.5,58.4,5.0,3,115.2,9.6
2026-06-21 19:40:00,34.0,58.7,5.0,3,195.0,16.2
2026-06-21 19:45:00,33.9,54.1,6.0,3,167.8,14.0
2026-06-21 19:50:00,36.1,52.6,5.0,3,168.0,14.0
2026-06-21 19:55:00,36.3,52.3,5.0,3,195.2,16.3
2026-06-21 20:00:00,35.3,56.3,6.0,3,131.5,11.0
2026-06-21 20:05:00,32.0,55.3,6.0,3,133.6,11.2
2026-06-21 20:10:00,35.1,56.7,5.0,3,144.5,12.0
2026-06-21 20:15:00,34.6,54.6,5.0,3,10.0,0.8
2026-06-21 20:20:00,31.5,59.1,6.0,3,10.0,0.8
2026-06-21 20:25:00,31.0,59.1,6.0,3,10.0,0.8
2026-06-21 20:30:00,35.4,56.3,4.0,3,166.7,14.0
2026-06-21 20:35:00,33.7,56.8,6.0,3,58.4,4.9
2026-06-21 20:40:00,32.1,61.5,6.0,3,81.0,6.8
2026-06-21 20:45:00,33.6,59.0,6.0,3,119.0,9.9
2026-06-21 20:50:00,34.4,54.4,5.0,3,230.0,19.2
2026-06-21 20:55:00,33.8,59.6,5.0,3,163.2,13.6
2026-06-21 21:00:00,31.0,60.3,6.0,3,122.7,10.2
2026-06-21 21:05:00,36.1,55.4,5.0,3,141.5,11.8
2026-06-21 21:10:00,34.8,57.9,5.0,3,302.1,25.2
2026-06-21 21:15:00,32.8,56.1,6.0,3,17.7,1.6
2026-06-21 21:20:00,32.9,55.4,4.0,3,227.4,19.0
2026-06-21 21:25:00,33.9,57.1,5.0,3,107.0,8.9
2026-06-21 21:30:00,31.7,57.9,5.0,2,46.6,4.0
2026-06-21 21:35:00,33.8,61.1,5.0,3,98.1,8.2
2026-06-21 21:40:00,31.4,57.9,4.0,3,160.1,13.3
2026-06-21 21:45:00,33.2,57.8,5.0,3,10.0,0.8
2026-06-21 21:50:00,31.6,59.5,4.0,3,11.0,0.9
2026-06-21 21:55:00,31.7,61.4,4.0,3,139.5,11.6
2026-06-21 22:00:00,35.0,54.5,4.0,3,145.3,12.1
2026-06-21 22:05:00,32.7,55.4,4.0,2,5.0,0.4
2026-06-21 22:10:00,32.9,60.9,4.0,3,155.3,12.9
2026-06-21 22:15:00,29.7,61.3,5.0,3,167.8,14.0
2026-06-21 22:20:00,31.8,60.8,5.0,3,281.7,23.5
2026-06-21 22:25:00,33.3,59.5,4.0,3,48.3,4.0
2026-06-21 22:30:00,32.9,60.2,4.0,3,139.3,11.6
2026-06-21 22:35:00,29.5,60.7,4.0,3,170.8,14.2
2026-06-21 22:40:00,32.9,57.0,4.0,3,137.9,11.5
2026-06-21 22:45:00,33.2,54.2,4.0,3,95.5,8.0
2026-06-21 22:50:00,34.5,54.9,4.0,3,36.6,3.0
2026-06-21 22:55:00,31.7,59.5,6.0,3,86.7,7.2
2026-06-21 23:00:00,28.2,61.3,4.0,3,219.2,18.3
2026-06-21 23:05:00,30.6,59.3,4.0,3,298.0,24.8
2026-06-21 23:10:00,30.4,61.2,5.0,3,10.0,0.8
2026-06-21 23:15:00,33.8,61.2,4.0,2,31.0,2.7
2026-06-21 23:20:00,27.4,62.7,4.0,3,106.7,8.9
2026-06-21 23:25:00,31.6,58.7,5.0,3,10.0,0.8
2026-06-21 23:30:00,35.0,60.4,4.0,3,41.0,3.4
2026-06-21 23:35:00,32.4,58.8,5.0,3,125.9,10.5
2026-06-21 23:40:00,34.1,61.2,4.0,3,10.0,0.8
2026-06-21 23:45:00,29.4,61.3,5.0,3,65.5,5.5
2026-06-21 23:50:00,29.4,61.8,4.0,3,52.0,4.3
2026-06-21 23:55:00,35.1,60.8,4.0,2,136.0,11.3
2026-06-22 00:00:00,32.0,58.2,4.0,3,122.0,10.2
2026-06-22 00:05:00,32.0,58.6,4.0,3,67.8,5.6
2026-06-22 00:10:00,30.5,60.8,6.0,3,208.0,17.3
2026-06-22 00:15:00,32.0,59.9,5.0,3,99.2,8.3
2026-06-22 00:20:00,30.4,65.0,6.0,3,27.7,2.4
2026-06-22 00:25:00,33.3,57.8,4.0,3,10.0,0.8
2026-06-22 00:30:00,35.3,55.7,4.0,3,29.0,2.4
2026-06-22 00:35:00,32.5,58.4,4.0,3,86.6,7.2
2026-06-22 00:40:00,31.1,61.1,4.0,3,148.4,12.4
2026-06-22 00:45:00,28.7,63.4,4.0,3,167.1,13.9
2026-06-22 00:50:00,29.8,60.8,4.0,3,184.6,15.4
2026-06-22 00:55:00,33.8,58.7,4.0,3,153.4,12.8
2026-06-22 01:00:00,30.3,65.1,4.0,3,189.3,15.8
2026-06-22 01:05:00,30.9,61.1,5.0,2,82.3,6.9
2026-06-22 01:10:00,31.8,60.4,4.0,3,74.1,6.2
2026-06-22 01:15:00,32.6,62.0,4.0,3,88.0,7.3
2026-06-22 01:20:00,31.0,59.7,4.0,3,50.9,4.2
2026-06-22 01:25:00,30.8,59.8,4.0,2,68.2,5.7
2026-06-22 01:30:00,31.3,59.7,4.0,3,33.7,2.8
2026-06-22 01:35:00,30.6,60.5,4.0,3,224.7,18.7
2026-06-22 01:40:00,30.7,58.2,4.0,3,87.9,7.3
2026-06-22 01:45:00,31.6,60.3,4.0,3,10.0,0.8
2026-06-22 01:50:00,31.4,60.7,5.0,3,28.7,2.4
2026-06-22 01:55:00,33.2,57.7,5.0,3,288.9,24.1
2026-06-22 02:00:00,31.2,61.2,4.0,3,126.4,10.5
2026-06-22 02:05:00,32.0,60.0,4.0,3,145.2,12.0
2026-06-22 02:10:00,29.5,60.0,4.0,3,57.3,4.9
2026-06-22 02:15:00,31.3,61.1,5.0,3,10.0,0.8
2026-06-22 02:20:00,29.9,63.9,5.0,3,10.0,0.7
2026-06-22 02:25:00,31.2,56.7,4.0,3,46.7,3.9
2026-06-22 02:30:00,31.5,63.6,5.0,3,49.1,4.1
2026-06-22 02:35:00,30.8,58.2,4.0,3,103.2,8.6
2026-06-22 02:40:00,33.4,54.5,5.0,3,177.4,14.8
2026-06-22 02:45:00,32.3,59.4,6.0,3,105.9,8.8
2026-06-22 02:50:00,32.0,60.7,4.0,3,141.0,11.8
2026-06-22 02:55:00,31.6,61.8,5.0,3,183.9,15.3
2026-06-22 03:00:00,32.1,60.1,4.0,3,230.9,19.2
2026-06-22 03:05:00,28.7,63.0,4.0,3,21.8,1.8
2026-06-22 03:10:00,31.7,59.7,4.0,3,139.7,11.6
2026-06-22 03:15:00,29.2,62.7,4.0,3,143.7,12.1
2026-06-22 03:20:00,29.7,63.1,4.0,3,126.2,10.5
2026-06-22 03:25:00,30.8,61.0,4.0,3,67.5,5.6
2026-06-22 03:30:00,31.5,58.5,5.0,2,165.0,13.8
2026-06-22 03:35:00,29.0,62.9,4.0,2,12.1,1.0
2026-06-22 03:40:00,29.7,58.2,5.0,2,133.4,11.1
2026-06-22 03:45:00,30.3,63.7,4.0,3,16.9,1.4
2026-06-22 03:50:00,30.1,62.7,4.0,3,88.2,7.4
2026-06-22 03:55:00,31.1,54.9,4.0,2,11.0,0.9
2026-06-22 04:00:00,33.7,58.0,4.0,3,124.0,10.3
2026-06-22 04:05:00,30.5,61.4,5.0,3,196.4,16.4
2026-06-22 04:10:00,29.3,61.1,4.0,3,89.6,7.5
2026-06-22 04:15:00,28.7,61.9,5.0,3,10.0,0.8
2026-06-22 04:20:00,29.7,61.1,5.0,3,14.1,1.2
2026-06-22 04:25:00,29.1,61.5,5.0,2,164.8,13.7
2026-06-22 04:30:00,30.6,59.2,5.0,3,10.0,0.8
2026-06-22 04:35:00,30.5,65.9,4.0,3,94.1,7.8
2026-06-22 04:40:00,29.6,64.0,4.0,3,10.0,0.8
2026-06-22 04:45:00,32.1,64.0,5.0,3,32.9,2.7
2026-06-22 04:50:00,29.3,64.2,4.0,3,243.6,20.3
2026-06-22 04:55:00,29.9,64.0,5.0,3,86.8,7.2
2026-06-22 05:00:00,30.5,59.9,5.0,3,109.0,9.1
2026-06-22 05:05:00,30.8,61.0,5.0,3,10.0,0.7
2026-06-22 05:10:00,31.1,60.7,5.0,3,97.7,8.1
2026-06-22 05:15:00,30.3,63.4,6.0,3,10.0,0.8
2026-06-22 05:20:00,30.9,61.0,5.0,3,114.2,9.5
2026-06-22 05:25:00,29.3,64.4,5.0,2,105.0,8.8
2026-06-22 05:30:00,30.8,62.0,6.0,3,10.0,0.8
2026-06-22 05:35:00,30.8,60.7,5.0,3,218.3,18.2
2026-06-22 05:40:00,31.3,59.7,5.0,3,272.1,22.7
2026-06-22 05:45:00,28.4,63.7,5.0,3,45.0,3.8
2026-06-22 05:50:00,29.1,66.3,5.0,3,10.0,0.8
2026-06-22 05:55:00,30.7,60.8,5.0,3,62.4,5.2
2026-06-22 06:00:00,27.3,67.5,5.0,2,112.8,9.4
2026-06-22 06:05:00,30.1,62.2,5.0,3,10.0,0.8
2026-06-22 06:10:00,30.6,63.9,6.0,3,71.4,5.9
2026-06-22 06:15:00,29.1,60.1,6.0,3,24.1,2.0
2026-06-22 06:20:00,29.3,64.4,5.0,3,202.7,16.9
2026-06-22 06:25:00,28.7,62.2,6.0,2,89.5,7.5
2026-06-22 06:30:00,29.2,64.7,4.0,3,10.0,0.8
2026-06-22 06:35:00,29.2,63.6,5.0,0,5.6,0.5
2026-06-22 06:40:00,29.1,61.1,6.0,3,10.0,0.8
2026-06-22 06:45:00,29.0,64.9,5.0,0,7.0,0.6
2026-06-22 06:50:00,29.4,64.0,5.0,3,179.2,14.9
2026-06-22 06:55:00,29.4,63.1,5.0,3,49.4,4.1
2026-06-22 07:00:00,31.3,60.3,5.0,0,3.5,0.3
2026-06-22 07:05:00,28.8,64.8,6.0,0,6.2,0.4
2026-06-22 07:10:00,29.6,66.0,6.0,0,4.5,0.4
2026-06-22 07:15:00,28.6,63.9,4.0,0,4.5,0.4
2026-06-22 07:20:00,28.6,67.1,6.0,0,8.6,0.7
2026-06-22 07:25:00,27.4,66.4,5.0,0,4.2,0.4
2026-06-22 07:30:00,27.5,69.5,4.0,0,4.5,0.4
2026-06-22 07:35:00,27.9,65.2,6.0,0,3.5,0.3
2026-06-22 07:40:00,29.5,61.7,4.0,0,3.7,0.3
2026-06-22 07:45:00,30.5,59.2,5.0,3,236.6,19.7
2026-06-22 07:50:00,27.3,66.6,6.0,0,3.5,0.3
2026-06-22 07:55:00,28.7,62.6,5.0,0,7.9,0.7
2026-06-22 08:00:00,27.6,69.5,5.0,0,6.2,0.5
2026-06-22 08:05:00,28.9,62.1,4.0,0,7.1,0.6
2026-06-22 08:10:00,30.4,60.3,5.0,0,6.4,0.5
2026-06-22 08:15:00,28.7,65.9,4.0,1,42.6,3.6
2026-06-22 08:20:00,29.1,66.7,6.0,0,3.6,0.3
2026-06-22 08:25:00,30.8,63.1,5.0,0,7.1,0.6
2026-06-22 08:30:00,29.7,65.5,4.0,0,5.1,0.4
2026-06-22 08:35:00,28.3,64.9,6.0,1,66.4,5.5
2026-06-22 08:40:00,29.3,63.4,5.0,0,6.7,0.6
2026-06-22 08:45:00,28.2,70.0,7.0,3,106.3,8.9
2026-06-22 08:50:00,29.6,67.2,7.0,0,3.5,0.3
2026-06-22 08:55:00,29.7,64.7,9.0,0,3.5,0.3
2026-06-22 09:00:00,28.2,68.0,7.0,0,4.1,0.3
2026-06-22 09:05:00,29.9,64.8,4.0,0,6.1,0.5
2026-06-22 09:10:00,29.6,60.3,4.0,1,45.9,3.8
2026-06-22 09:15:00,30.3,62.0,4.0,0,3.5,0.3
2026-06-22 09:20:00,30.7,65.1,5.0,0,10.0,0.8
2026-06-22 09:25:00,30.3,63.9,4.0,0,8.0,0.7
2026-06-22 09:30:00,29.4,63.3,5.0,0,8.1,0.8
2026-06-22 09:35:00,30.8,65.0,6.0,0,8.4,0.7
2026-06-22 09:40:00,28.8,65.3,5.0,3,123.0,10.2
2026-06-22 09:45:00,28.3,67.0,7.0,0,6.6,0.5
2026-06-22 09:50:00,26.2,69.3,5.0,3,131.1,10.9
2026-06-22 09:55:00,29.7,64.3,5.0,3,138.7,11.6
2026-06-22 10:00:00,29.8,64.3,8.0,0,3.5,0.3
2026-06-22 10:05:00,31.2,63.9,6.0,3,85.5,7.1
2026-06-22 10:10:00,28.5,67.9,6.0,1,151.7,12.6
2026-06-22 10:15:00,30.0,61.7,7.0,0,6.4,0.5
2026-06-22 10:20:00,31.3,61.7,7.0,1,86.9,7.2
2026-06-22 10:25:00,29.6,66.0,6.0,0,4.5,0.4
2026-06-22 10:30:00,31.2,60.8,7.0,0,5.0,0.4
2026-06-22 10:35:00,30.1,59.7,6.0,0,7.2,0.6
2026-06-22 10:40:00,30.7,59.7,7.0,1,62.2,5.2
2026-06-22 10:45:00,31.4,58.9,5.0,0,4.4,0.5
2026-06-22 10:50:00,31.8,59.2,6.0,3,89.5,7.5
2026-06-22 10:55:00,30.8,60.0,6.0,3,211.1,17.6
2026-06-22 11:00:00,31.3,63.2,7.0,0,4.3,0.4
2026-06-22 11:05:00,31.7,59.4,5.0,1,78.6,6.5
2026-06-22 11:10:00,32.9,61.3,4.0,3,38.8,3.2
2026-06-22 11:15:00,31.0,58.5,7.0,0,7.4,0.6
2026-06-22 11:20:00,32.0,58.8,6.0,3,119.1,9.9
2026-06-22 11:25:00,31.7,60.3,6.0,0,3.9,0.3
2026-06-22 11:30:00,32.1,61.4,8.0,3,68.4,5.8
2026-06-22 11:35:00,31.1,63.8,6.0,0,4.9,0.4
2026-06-22 11:40:00,30.1,61.3,5.0,1,85.4,7.1
2026-06-22 11:45:00,32.7,61.0,4.0,3,160.8,13.4
2026-06-22 11:50:00,33.2,53.8,5.0,0,5.3,0.4
2026-06-22 11:55:00,30.2,64.5,7.0,0,6.7,0.6
2026-06-22 12:00:00,33.6,53.8,5.0,0,7.0,0.6
2026-06-22 12:05:00,34.4,57.0,7.0,1,169.2,14.1
2026-06-22 12:10:00,33.9,59.5,4.0,0,4.2,0.4
2026-06-22 12:15:00,32.7,60.8,5.0,3,217.0,18.1
2026-06-22 12:20:00,32.1,55.4,5.0,0,3.5,0.3
2026-06-22 12:25:00,33.3,56.5,7.0,0,8.1,0.7
2026-06-22 12:30:00,33.5,59.1,6.0,0,3.5,0.3
2026-06-22 12:35:00,33.3,59.3,5.0,0,6.3,0.5
2026-06-22 12:40:00,33.0,58.8,7.0,3,58.1,4.8
2026-06-22 12:45:00,32.0,54.2,7.0,0,5.4,0.4
2026-06-22 12:50:00,33.7,60.0,7.0,1,86.7,7.2
2026-06-22 12:55:00,33.7,60.4,7.0,3,17.8,1.5
2026-06-22 13:00:00,34.1,56.5,5.0,0,6.0,0.5
2026-06-22 13:05:00,34.0,56.8,7.0,0,6.1,0.5
2026-06-22 13:10:00,35.8,54.7,6.0,0,5.0,0.4
2026-06-22 13:15:00,33.1,61.4,6.0,0,5.3,0.4
2026-06-22 13:20:00,35.3,54.8,6.0,0,6.2,0.5
2026-06-22 13:25:00,33.0,57.3,5.0,0,6.0,0.5
2026-06-22 13:30:00,35.1,55.5,8.0,1,45.7,3.8
2026-06-22 13:35:00,35.3,54.1,6.0,0,3.5,0.3
2026-06-22 13:40:00,33.5,57.0,6.0,2,142.5,11.9
2026-06-22 13:45:00,35.7,48.9,6.0,0,5.4,0.4
2026-06-22 13:50:00,34.4,56.9,7.0,1,15.9,1.3
2026-06-22 13:55:00,32.8,61.2,7.0,1,76.0,6.3
2026-06-22 14:00:00,34.1,58.3,6.0,2,33.4,2.8
2026-06-22 14:05:00,36.2,55.6,5.0,3,38.3,3.2
2026-06-22 14:10:00,35.9,53.6,6.0,2,178.9,14.9
2026-06-22 14:15:00,33.1,57.3,6.0,0,7.1,0.6
2026-06-22 14:20:00,34.4,58.3,6.0,1,163.5,13.5
2026-06-22 14:25:00,34.9,57.0,6.0,0,4.1,0.3
2026-06-22 14:30:00,33.9,59.6,5.0,3,185.5,15.5
2026-06-22 14:35:00,38.0,49.6,7.0,2,80.0,6.7
2026-06-22 14:40:00,34.9,53.3,7.0,2,138.5,11.5
2026-06-22 14:45:00,34.5,54.6,6.0,2,151.5,12.6
2026-06-22 14:50:00,36.3,51.0,6.0,2,40.3,3.4
2026-06-22 14:55:00,34.1,52.6,7.0,2,138.5,11.5
2026-06-22 15:00:00,36.8,53.6,7.0,2,41.9,3.5
2026-06-22 15:05:00,33.2,57.5,7.0,2,5.0,0.4
2026-06-22 15:10:00,34.8,55.4,7.0,2,115.1,9.6
2026-06-22 15:15:00,36.9,53.3,7.0,2,268.8,22.5
2026-06-22 15:20:00,37.6,48.5,8.0,3,126.6,10.4
2026-06-22 15:25:00,34.4,54.3,6.0,2,48.9,4.1
2026-06-22 15:30:00,34.2,54.9,7.0,2,139.9,11.7
2026-06-22 15:35:00,36.2,53.4,8.0,3,97.9,8.2
2026-06-22 15:40:00,34.6,51.9,7.0,1,57.6,4.8
2026-06-22 15:45:00,35.1,52.5,9.0,2,163.9,13.7
2026-06-22 15:50:00,36.6,51.9,7.0,2,9.6,0.8
2026-06-22 15:55:00,34.7,57.3,5.0,3,87.8,7.3
2026-06-22 16:00:00,33.0,57.1,7.0,3,42.4,3.5
2026-06-22 16:05:00,34.0,57.8,7.0,3,180.3,15.0
2026-06-22 16:10:00,36.0,53.0,9.0,2,51.8,4.3
2026-06-22 16:15:00,33.2,56.3,9.0,2,197.5,16.5
2026-06-22 16:20:00,35.5,55.0,8.0,2,151.1,12.6
2026-06-22 16:25:00,33.9,55.2,8.0,2,105.5,8.8
2026-06-22 16:30:00,38.5,49.2,11.0,2,5.0,0.4
2026-06-22 16:35:00,39.2,48.0,7.0,3,120.1,10.0
2026-06-22 16:40:00,34.4,53.7,8.0,2,55.0,4.6
2026-06-22 16:45:00,36.4,54.8,7.0,2,140.6,11.7
2026-06-22 16:50:00,34.5,57.8,6.0,2,5.0,0.4
2026-06-22 16:55:00,35.5,52.1,5.0,3,261.5,21.8
2026-06-22 17:00:00,39.3,48.0,12.0,3,102.1,8.5
2026-06-22 17:05:00,35.2,56.7,6.0,2,163.3,13.6
2026-06-22 17:10:00,35.6,53.9,8.0,2,188.3,15.7
2026-06-22 17:15:00,34.4,51.2,10.0,2,240.4,20.0
2026-06-22 17:20:00,38.1,48.0,5.0,3,127.6,10.6
2026-06-22 17:25:00,30.3,56.8,6.0,2,199.4,16.6
2026-06-22 17:30:00,35.3,52.7,8.0,2,131.3,10.9
2026-06-22 17:35:00,36.0,50.0,7.0,2,160.7,13.4
2026-06-22 17:40:00,34.9,56.4,5.0,2,72.2,6.0
2026-06-22 17:45:00,37.6,49.2,10.0,2,56.9,4.7
2026-06-22 17:50:00,38.2,50.8,7.0,3,64.0,5.3
2026-06-22 17:55:00,33.6,62.5,9.0,3,47.9,4.0
2026-06-22 18:00:00,38.7,50.6,6.0,2,134.1,11.2
2026-06-22 18:05:00,32.6,56.6,7.0,3,98.7,8.1
2026-06-22 18:10:00,37.3,51.6,6.0,3,209.8,17.5
2026-06-22 18:15:00,35.3,55.8,5.0,3,63.6,5.3
2026-06-22 18:20:00,34.2,56.7,8.0,2,35.8,3.0
2026-06-22 18:25:00,34.4,52.3,5.0,3,62.0,5.2
2026-06-22 18:30:00,35.0,53.2,5.0,3,10.0,0.8
2026-06-22 18:35:00,35.4,52.1,5.0,3,322.9,26.9
2026-06-22 18:40:00,33.5,55.2,4.0,3,52.4,4.3
2026-06-22 18:45:00,34.7,59.6,5.0,2,66.7,5.6
2026-06-22 18:50:00,33.7,57.4,6.0,3,10.0,0.8
2026-06-22 18:55:00,33.0,56.3,4.0,3,120.4,10.1
2026-06-22 19:00:00,33.3,59.6,6.0,3,126.5,10.5
2026-06-22 19:05:00,32.9,57.6,4.0,3,174.3,14.5
2026-06-22 19:10:00,33.9,52.2,5.0,3,121.6,10.2
2026-06-22 19:15:00,35.0,58.5,5.0,3,10.0,0.8
2026-06-22 19:20:00,34.6,54.8,6.0,2,270.9,22.6
2026-06-22 19:25:00,37.2,48.0,6.0,3,37.9,3.2
2026-06-22 19:30:00,31.4,55.2,5.0,3,198.6,16.5
2026-06-22 19:35:00,35.1,57.2,5.0,3,186.5,15.5
2026-06-22 19:40:00,34.5,51.6,5.0,3,142.4,11.9
2026-06-22 19:45:00,35.6,57.1,5.0,3,234.5,19.5
2026-06-22 19:50:00,35.4,54.4,5.0,3,84.1,7.0
2026-06-22 19:55:00,34.2,57.3,5.0,3,206.8,17.1
2026-06-22 20:00:00,34.1,55.9,5.0,3,66.4,5.5
2026-06-22 20:05:00,32.8,58.8,5.0,3,257.4,21.3
2026-06-22 20:10:00,34.7,56.4,4.0,3,59.9,5.0
2026-06-22 20:15:00,31.2,59.3,5.0,3,10.0,0.8
2026-06-22 20:20:00,34.9,53.3,5.0,3,10.0,0.8
2026-06-22 20:25:00,33.8,57.5,5.0,3,227.1,18.8
2026-06-22 20:30:00,33.2,53.5,5.0,3,236.9,19.7
2026-06-22 20:35:00,33.5,59.0,5.0,3,22.3,1.9
2026-06-22 20:40:00,33.6,57.3,6.0,3,45.0,3.8
2026-06-22 20:45:00,35.7,55.7,4.0,3,10.0,0.8
2026-06-22 20:50:00,38.4,48.0,5.0,3,10.0,0.8
2026-06-22 20:55:00,35.6,52.5,5.0,3,80.4,6.7
2026-06-22 21:00:00,32.4,57.5,6.0,3,79.7,6.6
2026-06-22 21:05:00,34.2,58.1,5.0,3,10.0,0.8
2026-06-22 21:10:00,34.3,54.9,4.0,3,10.0,0.8
2026-06-22 21:15:00,31.9,63.7,5.0,3,267.8,22.4
2026-06-22 21:20:00,31.4,58.8,5.0,3,205.7,17.1
2026-06-22 21:25:00,33.2,55.8,4.0,3,116.7,9.7
2026-06-22 21:30:00,34.5,56.2,5.0,2,42.3,3.5
2026-06-22 21:35:00,30.9,58.0,6.0,3,119.3,9.9
2026-06-22 21:40:00,32.2,56.4,5.0,3,105.3,8.8
2026-06-22 21:45:00,34.1,58.8,5.0,3,94.0,7.8
2026-06-22 21:50:00,33.3,58.6,6.0,2,118.4,10.0
2026-06-22 21:55:00,35.4,56.7,5.0,2,5.0,0.4
2026-06-22 22:00:00,30.5,62.9,4.0,3,106.1,8.8
2026-06-22 22:05:00,36.0,56.4,4.0,3,10.0,0.8
2026-06-22 22:10:00,30.3,58.6,4.0,3,82.3,6.9
2026-06-22 22:15:00,29.6,62.6,4.0,3,10.0,0.8
2026-06-22 22:20:00,32.5,56.5,5.0,3,86.7,7.2
2026-06-22 22:25:00,30.9,59.2,4.0,3,141.7,11.8
2026-06-22 22:30:00,32.5,58.6,6.0,3,55.2,4.6
2026-06-22 22:35:00,32.5,58.4,5.0,3,127.1,10.6
2026-06-22 22:40:00,32.3,55.4,4.0,3,95.6,8.0
2026-06-22 22:45:00,31.4,57.8,5.0,3,144.0,12.1
2026-06-22 22:50:00,33.2,58.0,5.0,3,136.1,11.3
2026-06-22 22:55:00,32.1,57.8,6.0,3,29.8,2.5
2026-06-22 23:00:00,34.4,60.5,6.0,3,10.0,0.8
2026-06-22 23:05:00,32.0,62.2,6.0,3,10.0,0.8
2026-06-22 23:10:00,30.6,59.3,4.0,3,24.2,2.0
2026-06-22 23:15:00,29.2,61.9,5.0,2,35.9,3.0
2026-06-22 23:20:00,32.0,62.6,4.0,3,175.9,14.7
2026-06-22 23:25:00,30.0,61.1,5.0,3,168.5,14.0
2026-06-22 23:30:00,29.8,60.8,4.0,3,63.2,5.3
2026-06-22 23:35:00,33.3,60.8,4.0,3,79.0,6.6
2026-06-22 23:40:00,29.0,61.5,4.0,2,36.5,3.0
2026-06-22 23:45:00,34.9,60.5,4.0,3,10.0,0.8
2026-06-22 23:50:00,32.6,59.0,4.0,3,10.0,0.7
2026-06-22 23:55:00,32.3,59.3,5.0,3,141.3,11.8
2026-06-23 00:00:00,30.5,62.4,4.0,3,66.9,5.6
2026-06-23 00:05:00,32.7,59.7,4.0,3,75.3,6.3
2026-06-23 00:10:00,31.8,60.4,4.0,3,163.6,13.6
2026-06-23 00:15:00,30.9,58.3,4.0,3,143.7,12.0
2026-06-23 00:20:00,32.0,59.6,5.0,3,84.6,7.0
2026-06-23 00:25:00,29.7,63.1,5.0,3,209.6,17.5
2026-06-23 00:30:00,29.8,60.7,5.0,3,58.0,4.8
2026-06-23 00:35:00,30.4,62.3,5.0,3,20.3,1.7
2026-06-23 00:40:00,32.2,60.3,4.0,3,10.0,0.8
2026-06-23 00:45:00,31.8,60.0,4.0,3,210.6,17.5
2026-06-23 00:50:00,33.1,61.1,5.0,3,49.3,4.1
2026-06-23 00:55:00,30.6,60.7,4.0,3,106.2,8.8
2026-06-23 01:00:00,31.6,59.6,4.0,2,90.3,7.5
2026-06-23 01:05:00,31.0,60.5,5.0,3,269.9,22.5
2026-06-23 01:10:00,30.3,61.9,4.0,3,35.1,3.0
2026-06-23 01:15:00,31.5,61.5,5.0,3,115.1,9.6
2026-06-23 01:20:00,31.1,58.2,4.0,3,114.5,9.5
2026-06-23 01:25:00,30.5,63.0,5.0,3,109.2,9.1
2026-06-23 01:30:00,31.2,60.7,4.0,3,185.8,15.5
2026-06-23 01:35:00,31.0,61.8,5.0,3,138.6,11.5
2026-06-23 01:40:00,31.0,64.9,4.0,3,121.5,10.1
2026-06-23 01:45:00,30.7,60.4,5.0,3,252.7,21.1
2026-06-23 01:50:00,29.9,60.2,5.0,3,10.0,0.8
2026-06-23 01:55:00,31.2,60.9,4.0,3,10.0,0.8
2026-06-23 02:00:00,29.7,63.7,5.0,3,99.3,8.3
2026-06-23 02:05:00,29.5,65.2,5.0,3,151.0,12.6
2026-06-23 02:10:00,30.4,60.5,4.0,3,101.4,8.4
2026-06-23 02:15:00,31.5,58.1,4.0,3,47.0,3.8
2026-06-23 02:20:00,30.9,57.3,5.0,3,216.3,18.0
2026-06-23 02:25:00,30.1,58.9,4.0,3,176.4,14.7
2026-06-23 02:30:00,30.0,61.4,4.0,3,52.1,4.3
2026-06-23 02:35:00,31.4,60.0,4.0,3,249.4,20.8
2026-06-23 02:40:00,28.0,70.3,5.0,3,68.4,5.7
2026-06-23 02:45:00,31.5,56.1,4.0,3,81.2,6.8
2026-06-23 02:50:00,28.5,65.4,4.0,3,10.0,0.8
2026-06-23 02:55:00,29.1,62.0,4.0,3,128.2,10.7
2026-06-23 03:00:00,29.6,63.3,4.0,2,31.4,2.6
2026-06-23 03:05:00,32.4,57.0,5.0,3,274.4,22.9
2026-06-23 03:10:00,31.9,61.6,4.0,3,271.0,22.6
2026-06-23 03:15:00,30.9,63.2,4.0,3,73.6,6.1
2026-06-23 03:20:00,30.5,61.1,5.0,3,57.5,4.8
2026-06-23 03:25:00,28.2,68.5,4.0,3,106.9,8.9
2026-06-23 03:30:00,30.3,63.5,5.0,3,230.5,19.2
2026-06-23 03:35:00,29.6,66.2,4.0,3,123.0,10.2
2026-06-23 03:40:00,29.3,63.2,4.0,3,175.3,14.6
2026-06-23 03:45:00,30.3,64.0,4.0,3,166.2,13.8
2026-06-23 03:50:00,29.7,60.8,4.0,3,204.7,17.1
2026-06-23 03:55:00,31.1,58.3,4.0,3,180.8,15.1
2026-06-23 04:00:00,28.0,71.0,5.0,3,48.9,4.1
2026-06-23 04:05:00,30.1,59.4,5.0,3,118.8,9.9
2026-06-23 04:10:00,29.1,62.8,4.0,2,77.6,6.4
2026-06-23 04:15:00,29.6,58.1,4.0,3,65.6,5.6
2026-06-23 04:20:00,30.3,59.6,4.0,3,187.3,15.7
2026-06-23 04:25:00,28.8,61.9,5.0,3,150.7,12.6
2026-06-23 04:30:00,30.2,60.3,5.0,3,154.3,12.9
2026-06-23 04:35:00,29.8,63.5,5.0,3,137.1,11.4
2026-06-23 04:40:00,29.3,65.0,4.0,3,10.0,0.8
2026-06-23 04:45:00,29.5,60.6,4.0,3,154.2,12.8
2026-06-23 04:50:00,29.8,60.7,5.0,3,10.0,0.8
2026-06-23 04:55:00,29.2,66.6,5.0,3,16.3,1.4
2026-06-23 05:00:00,29.9,66.3,5.0,2,60.1,5.0
2026-06-23 05:05:00,29.6,65.8,5.0,3,204.1,17.0
2026-06-23 05:10:00,29.3,60.2,4.0,3,71.0,5.9
2026-06-23 05:15:00,31.3,63.0,5.0,3,10.0,0.8
2026-06-23 05:20:00,30.2,66.2,5.0,3,50.4,4.2
2026-06-23 05:25:00,29.5,59.8,4.0,3,170.6,14.2
2026-06-23 05:30:00,30.0,64.8,5.0,3,63.5,5.3
2026-06-23 05:35:00,28.9,64.8,5.0,3,202.9,16.9
2026-06-23 05:40:00,29.5,62.7,5.0,3,185.1,15.4
2026-06-23 05:45:00,29.6,63.4,5.0,3,193.3,16.1
2026-06-23 05:50:00,28.7,65.6,5.0,3,162.4,13.5
2026-06-23 05:55:00,30.2,64.7,4.0,3,10.0,0.8
2026-06-23 06:00:00,29.1,66.3,5.0,3,82.1,6.8
2026-06-23 06:05:00,29.3,60.7,7.0,1,20.2,1.7
2026-06-23 06:10:00,29.1,62.8,6.0,1,112.7,9.4
2026-06-23 06:15:00,32.3,59.3,6.0,3,143.5,12.0
2026-06-23 06:20:00,29.0,67.4,6.0,0,6.4,0.5
2026-06-23 06:25:00,27.7,60.8,5.0,3,34.5,2.9
2026-06-23 06:30:00,28.1,64.4,5.0,3,150.0,12.5
2026-06-23 06:35:00,30.3,59.2,5.0,3,198.9,16.5
2026-06-23 06:40:00,30.8,58.7,5.0,1,70.8,5.9
2026-06-23 06:45:00,29.0,66.2,4.0,0,7.5,0.6
2026-06-23 06:50:00,30.8,60.4,6.0,1,10.0,0.8
2026-06-23 06:55:00,30.3,57.5,4.0,0,5.7,0.4
2026-06-23 07:00:00,29.0,63.7,7.0,1,75.1,6.3
2026-06-23 07:05:00,28.9,69.1,7.0,0,5.7,0.5
2026-06-23 07:10:00,29.4,59.1,8.0,1,119.8,10.0
2026-06-23 07:15:00,30.2,63.5,5.0,3,10.0,0.8
2026-06-23 07:20:00,29.6,66.9,5.0,0,3.5,0.3
2026-06-23 07:25:00,28.4,64.9,6.0,0,5.3,0.4
2026-06-23 07:30:00,29.0,68.7,6.0,0,6.5,0.5
2026-06-23 07:35:00,31.4,58.8,5.0,2,84.2,7.0
2026-06-23 07:40:00,29.5,66.8,4.0,0,4.6,0.4
2026-06-23 07:45:00,30.1,65.3,6.0,0,4.7,0.4
2026-06-23 07:50:00,29.8,62.8,5.0,3,10.0,0.8
2026-06-23 07:55:00,29.5,59.8,4.0,0,6.5,0.5
2026-06-23 08:00:00,29.2,61.3,4.0,0,6.2,0.4
2026-06-23 08:05:00,30.1,56.7,11.0,0,6.4,0.5
2026-06-23 08:10:00,29.9,64.1,8.0,0,3.5,0.3
2026-06-23 08:15:00,29.4,64.6,7.0,3,113.5,9.5
2026-06-23 08:20:00,28.3,65.3,6.0,0,6.3,0.5
2026-06-23 08:25:00,29.5,63.0,8.0,1,10.0,0.8
2026-06-23 08:30:00,29.0,67.3,4.0,1,99.5,8.3
2026-06-23 08:35:00,28.7,65.2,7.0,1,10.0,0.8
2026-06-23 08:40:00,32.1,58.0,7.0,0,3.5,0.3
2026-06-23 08:45:00,27.4,66.8,4.0,0,5.0,0.3
2026-06-23 08:50:00,30.1,67.3,6.0,3,319.9,26.7
2026-06-23 08:55:00,28.1,66.9,5.0,0,9.4,0.8
2026-06-23 09:00:00,29.8,62.0,5.0,3,100.4,8.4
2026-06-23 09:05:00,32.5,58.7,5.0,1,55.2,4.6
2026-06-23 09:10:00,28.6,65.8,4.0,1,42.3,3.5
2026-06-23 09:15:00,28.9,63.2,8.0,1,118.4,9.9
2026-06-23 09:20:00,29.6,62.0,9.0,3,10.0,0.8
2026-06-23 09:25:00,28.7,64.5,5.0,3,154.1,12.8
2026-06-23 09:30:00,30.6,65.3,8.0,0,6.6,0.5
2026-06-23 09:35:00,29.1,65.8,6.0,0,6.2,0.5
2026-06-23 09:40:00,30.4,61.0,6.0,0,3.8,0.3
2026-06-23 09:45:00,28.2,67.4,4.0,0,8.6,0.7
2026-06-23 09:50:00,27.7,66.1,5.0,0,6.1,0.5
2026-06-23 09:55:00,29.4,64.3,7.0,0,3.5,0.3
2026-06-23 10:00:00,28.9,64.7,5.0,0,4.1,0.3
2026-06-23 10:05:00,32.4,54.8,5.0,0,6.0,0.5
2026-06-23 10:10:00,28.9,57.5,6.0,1,112.9,9.4
2026-06-23 10:15:00,29.5,63.9,4.0,0,5.0,0.4
2026-06-23 10:20:00,31.1,59.3,7.0,1,10.0,0.9
2026-06-23 10:25:00,30.0,59.1,7.0,3,134.0,11.2
2026-06-23 10:30:00,28.9,62.4,7.0,0,7.7,0.6
2026-06-23 10:35:00,33.0,60.6,7.0,0,3.5,0.3
2026-06-23 10:40:00,29.5,64.2,6.0,1,10.0,0.7
2026-06-23 10:45:00,30.4,63.8,8.0,1,10.0,0.9
2026-06-23 10:50:00,30.4,63.1,5.0,0,5.8,0.5
2026-06-23 10:55:00,31.5,58.6,6.0,0,4.2,0.4
2026-06-23 11:00:00,32.6,60.6,6.0,3,155.6,13.0
2026-06-23 11:05:00,31.2,62.3,6.0,0,5.8,0.6
2026-06-23 11:10:00,31.7,59.8,6.0,3,297.6,24.8
2026-06-23 11:15:00,31.8,60.1,6.0,0,4.4,0.4
2026-06-23 11:20:00,32.9,60.2,5.0,0,5.6,0.5
2026-06-23 11:25:00,30.8,59.7,5.0,3,10.0,0.8
2026-06-23 11:30:00,34.3,58.7,4.0,3,171.5,14.3
2026-06-23 11:35:00,31.3,62.1,7.0,0,8.5,0.7
2026-06-23 11:40:00,32.1,59.5,5.0,0,3.5,0.3
2026-06-23 11:45:00,30.8,65.2,5.0,0,9.6,0.8
2026-06-23 11:50:00,30.7,58.5,5.0,3,103.3,8.6
2026-06-23 11:55:00,31.1,59.9,7.0,3,142.0,11.8
2026-06-23 12:00:00,32.0,58.0,5.0,1,85.4,7.1
2026-06-23 12:05:00,32.7,59.5,4.0,1,10.0,0.8
2026-06-23 12:10:00,32.0,62.6,7.0,0,12.5,0.9
2026-06-23 12:15:00,33.9,54.2,5.0,0,4.5,0.4
2026-06-23 12:20:00,32.3,67.5,6.0,3,45.8,3.8
2026-06-23 12:25:00,32.1,57.8,8.0,0,8.3,0.7
2026-06-23 12:30:00,32.7,59.5,5.0,0,7.3,0.6
2026-06-23 12:35:00,34.2,56.2,6.0,0,7.0,0.6
2026-06-23 12:40:00,33.4,57.6,5.0,3,10.0,0.8
2026-06-23 12:45:00,33.0,56.1,8.0,3,250.8,20.9
2026-06-23 12:50:00,31.5,63.1,6.0,0,4.0,0.2
2026-06-23 12:55:00,31.8,57.8,6.0,0,3.6,0.3
2026-06-23 13:00:00,32.3,54.3,5.0,1,34.1,2.9
2026-06-23 13:05:00,35.3,51.2,7.0,0,4.5,0.3
2026-06-23 13:10:00,34.4,59.3,7.0,1,109.7,9.1
2026-06-23 13:15:00,32.8,61.4,5.0,1,93.7,7.8
2026-06-23 13:20:00,33.1,52.4,6.0,0,4.6,0.5
2026-06-23 13:25:00,32.8,60.2,7.0,3,263.3,21.9
2026-06-23 13:30:00,32.7,53.1,8.0,1,10.0,0.8
2026-06-23 13:35:00,34.3,55.7,6.0,3,276.6,23.0
2026-06-23 13:40:00,33.4,54.0,6.0,1,74.5,6.2
2026-06-23 13:45:00,36.2,55.0,6.0,0,3.5,0.3
2026-06-23 13:50:00,35.2,55.8,6.0,0,3.9,0.3
2026-06-23 13:55:00,35.3,56.7,7.0,3,40.5,3.4
2026-06-23 14:00:00,35.5,53.5,6.0,2,5.0,0.4
2026-06-23 14:05:00,33.9,55.6,7.0,2,5.0,0.4
2026-06-23 14:10:00,35.4,50.7,5.0,3,92.1,7.7
2026-06-23 14:15:00,34.0,53.5,7.0,3,212.7,17.7
2026-06-23 14:20:00,36.9,54.8,7.0,3,91.7,7.6
2026-06-23 14:25:00,35.1,55.5,7.0,3,45.1,3.8
2026-06-23 14:30:00,34.9,55.1,7.0,1,19.0,1.6
2026-06-23 14:35:00,34.7,58.1,7.0,1,34.0,2.8
2026-06-23 14:40:00,37.0,49.3,6.0,2,160.1,13.3
2026-06-23 14:45:00,32.5,59.4,6.0,1,37.5,3.0
2026-06-23 14:50:00,37.1,49.5,7.0,3,142.1,11.8
2026-06-23 14:55:00,34.3,59.1,6.0,4,71.9,6.0
2026-06-23 15:00:00,33.4,57.6,8.0,2,54.4,4.5
2026-06-23 15:05:00,34.3,57.5,7.0,1,43.2,3.6
2026-06-23 15:10:00,33.1,55.2,7.0,2,114.6,9.5
2026-06-23 15:15:00,36.3,58.0,7.0,2,129.6,10.8
2026-06-23 15:20:00,33.9,60.3,7.0,2,104.9,8.7
2026-06-23 15:25:00,35.6,54.9,8.0,3,10.0,0.8
2026-06-23 15:30:00,36.9,55.1,6.0,6,196.2,16.3
2026-06-23 15:35:00,34.4,54.6,8.0,1,60.9,5.1
2026-06-23 15:40:00,35.0,51.8,7.0,6,165.3,13.8
2026-06-23 15:45:00,33.6,58.0,7.0,3,10.0,0.8
2026-06-23 15:50:00,34.8,52.8,8.0,3,311.9,26.0
2026-06-23 15:55:00,38.9,53.1,5.0,2,5.0,0.4
2026-06-23 16:00:00,37.1,54.6,10.0,2,5.0,0.4
2026-06-23 16:05:00,35.5,54.4,8.0,2,66.4,5.5
2026-06-23 16:10:00,35.0,54.8,7.0,2,101.7,8.5
2026-06-23 16:15:00,35.8,55.8,7.0,2,207.9,17.3
2026-06-23 16:20:00,36.1,53.9,6.0,2,252.4,20.9
2026-06-23 16:25:00,35.3,53.1,9.0,6,147.9,12.3
2026-06-23 16:30:00,36.7,49.1,6.0,2,125.9,10.5
2026-06-23 16:35:00,34.5,57.1,10.0,2,92.0,7.7
2026-06-23 16:40:00,34.5,55.8,9.0,2,92.1,7.7
2026-06-23 16:45:00,36.5,59.1,8.0,2,94.5,7.9
2026-06-23 16:50:00,34.1,55.1,5.0,2,44.7,3.6
2026-06-23 16:55:00,37.0,53.0,6.0,2,204.0,17.0
2026-06-23 17:00:00,36.0,54.1,8.0,2,65.9,5.5
2026-06-23 17:05:00,32.8,58.6,8.0,2,125.0,10.4
2026-06-23 17:10:00,36.2,50.3,11.0,3,78.8,6.6
2026-06-23 17:15:00,33.0,56.3,4.0,3,177.3,14.7
2026-06-23 17:20:00,37.2,54.2,6.0,2,123.8,10.3
2026-06-23 17:25:00,35.5,52.8,11.0,3,81.0,6.9
2026-06-23 17:30:00,39.3,51.8,8.0,2,5.0,0.4
2026-06-23 17:35:00,37.9,51.4,7.0,3,126.2,10.6
2026-06-23 17:40:00,34.1,56.4,4.0,2,18.2,1.5
2026-06-23 17:45:00,32.4,60.4,11.0,3,110.0,9.3
2026-06-23 17:50:00,34.7,54.0,7.0,3,10.0,0.8
2026-06-23 17:55:00,33.8,51.6,11.0,3,52.2,4.4
2026-06-23 18:00:00,38.2,50.1,8.0,3,168.6,14.0
2026-06-23 18:05:00,35.0,52.1,8.0,3,134.1,11.2
2026-06-23 18:10:00,36.6,48.0,6.0,3,103.7,8.6
2026-06-23 18:15:00,34.5,54.6,5.0,3,10.0,0.8
2026-06-23 18:20:00,34.7,55.2,5.0,3,150.3,12.5
2026-06-23 18:25:00,34.9,57.2,9.0,3,64.9,5.3
2026-06-23 18:30:00,36.9,49.2,6.0,3,50.9,4.2
2026-06-23 18:35:00,35.5,54.0,7.0,3,31.9,2.7
2026-06-23 18:40:00,33.2,59.3,7.0,3,112.3,9.4
2026-06-23 18:45:00,37.8,49.7,5.0,3,95.4,8.0
2026-06-23 18:50:00,34.5,56.3,6.0,3,69.8,5.8
2026-06-23 18:55:00,34.2,59.5,8.0,3,223.8,18.6
2026-06-23 19:00:00,30.5,55.7,5.0,3,108.3,9.0
2026-06-23 19:05:00,35.2,55.1,5.0,3,10.0,0.8
2026-06-23 19:10:00,34.5,58.0,5.0,3,49.1,4.1
2026-06-23 19:15:00,34.5,54.5,5.0,3,123.9,10.4
2026-06-23 19:20:00,33.8,59.3,5.0,3,164.0,13.7
2026-06-23 19:25:00,33.6,57.8,6.0,3,17.6,1.5
2026-06-23 19:30:00,33.9,60.1,6.0,3,17.8,1.4
2026-06-23 19:35:00,35.0,56.0,5.0,3,147.9,12.3
2026-06-23 19:40:00,35.3,58.6,6.0,3,111.8,9.3
2026-06-23 19:45:00,34.1,56.4,5.0,3,137.6,11.5
2026-06-23 19:50:00,35.7,50.7,6.0,3,45.1,3.8
2026-06-23 19:55:00,34.3,54.1,6.0,3,178.1,14.8
2026-06-23 20:00:00,33.1,59.6,6.0,3,173.0,14.4
2026-06-23 20:05:00,34.1,58.5,6.0,3,160.3,13.4
2026-06-23 20:10:00,31.8,58.1,5.0,2,125.4,10.5
2026-06-23 20:15:00,34.1,60.2,6.0,3,64.4,5.5
2026-06-23 20:20:00,31.6,58.2,5.0,3,62.8,5.2
2026-06-23 20:25:00,32.3,59.2,6.0,3,88.7,7.4
2026-06-23 20:30:00,30.9,60.6,5.0,3,10.0,0.8
2026-06-23 20:35:00,33.5,54.2,6.0,3,68.8,5.7
2026-06-23 20:40:00,36.1,54.1,6.0,3,180.9,15.2
2026-06-23 20:45:00,33.6,61.9,6.0,3,30.3,2.5
2026-06-23 20:50:00,34.7,53.8,6.0,3,263.1,21.9
2026-06-23 20:55:00,37.1,54.6,6.0,3,10.0,0.8
2026-06-23 21:00:00,33.8,55.0,4.0,3,19.4,1.6
2026-06-23 21:05:00,32.1,56.9,5.0,3,42.0,3.5
2026-06-23 21:10:00,32.3,55.8,4.0,3,153.1,12.8
2026-06-23 21:15:00,33.2,59.5,5.0,2,195.3,16.3
2026-06-23 21:20:00,32.2,57.0,4.0,3,71.9,6.1
2026-06-23 21:25:00,32.4,60.9,5.0,3,10.0,0.8
2026-06-23 21:30:00,34.6,55.5,4.0,3,149.3,12.4
2026-06-23 21:35:00,34.7,56.6,4.0,3,125.5,10.6
2026-06-23 21:40:00,30.7,60.8,5.0,3,34.9,2.9
2026-06-23 21:45:00,32.0,55.7,6.0,3,254.7,21.2
2026-06-23 21:50:00,32.5,58.7,5.0,3,166.9,13.9
2026-06-23 21:55:00,34.1,57.6,6.0,3,153.0,12.8
2026-06-23 22:00:00,34.2,59.3,4.0,3,50.0,4.2
2026-06-23 22:05:00,36.5,53.2,5.0,3,12.3,1.0
2026-06-23 22:10:00,31.8,57.7,5.0,3,229.7,19.1
2026-06-23 22:15:00,31.9,60.4,4.0,3,24.6,2.0
2026-06-23 22:20:00,33.4,60.5,5.0,3,149.1,12.4
2026-06-23 22:25:00,31.5,58.4,4.0,3,184.7,15.4
2026-06-23 22:30:00,32.3,56.5,4.0,3,10.0,0.8
2026-06-23 22:35:00,31.9,58.6,4.0,2,113.8,9.4
2026-06-23 22:40:00,28.7,60.2,4.0,3,84.6,7.0
2026-06-23 22:45:00,32.7,59.2,5.0,3,17.5,1.5
2026-06-23 22:50:00,32.2,56.9,4.0,3,135.5,11.3
2026-06-23 22:55:00,34.4,58.8,5.0,2,151.8,12.6
2026-06-23 23:00:00,32.3,60.4,5.0,3,30.7,2.6
2026-06-23 23:05:00,29.9,62.9,5.0,3,25.1,2.1
2026-06-23 23:10:00,31.8,56.7,5.0,3,10.0,0.7
2026-06-23 23:15:00,28.4,59.6,4.0,3,96.4,8.0
2026-06-23 23:20:00,30.0,63.3,4.0,3,10.0,0.8
2026-06-23 23:25:00,33.4,58.3,5.0,3,233.8,19.5
2026-06-23 23:30:00,31.8,58.1,4.0,3,84.3,7.0
2026-06-23 23:35:00,34.0,58.8,4.0,3,174.8,14.6
2026-06-23 23:40:00,28.6,62.5,4.0,3,95.4,8.0
2026-06-23 23:45:00,31.8,60.1,4.0,3,129.5,10.8
2026-06-23 23:50:00,31.4,61.3,4.0,3,10.0,0.8
2026-06-23 23:55:00,34.0,59.6,4.0,3,149.5,12.4
2026-06-24 00:00:00,32.5,60.1,4.0,3,10.0,0.8
2026-06-24 00:05:00,32.5,61.6,4.0,3,221.7,18.5
2026-06-24 00:10:00,33.6,58.8,5.0,3,56.5,4.7
2026-06-24 00:15:00,31.2,60.7,5.0,3,162.5,13.5
2026-06-24 00:20:00,33.3,60.2,4.0,3,10.0,0.8
2026-06-24 00:25:00,30.4,62.1,4.0,3,167.2,13.9
2026-06-24 00:30:00,30.3,60.2,4.0,3,10.0,0.8
2026-06-24 00:35:00,32.6,59.5,4.0,3,10.0,0.8
2026-06-24 00:40:00,29.8,62.4,4.0,3,192.9,16.1
2026-06-24 00:45:00,32.4,58.9,4.0,2,13.3,1.1
2026-06-24 00:50:00,31.8,59.5,5.0,3,184.2,15.3
2026-06-24 00:55:00,33.0,57.3,4.0,3,61.5,5.0
2026-06-24 01:00:00,30.9,56.1,4.0,3,69.2,5.9
2026-06-24 01:05:00,31.1,60.1,4.0,3,89.5,7.5
2026-06-24 01:10:00,31.5,60.4,4.0,3,126.5,10.5
2026-06-24 01:15:00,30.4,59.8,4.0,2,102.1,8.5
2026-06-24 01:20:00,30.4,64.0,5.0,2,8.2,0.7
2026-06-24 01:25:00,31.4,58.6,5.0,3,188.6,15.7
2026-06-24 01:30:00,31.0,62.4,5.0,3,71.8,6.0
2026-06-24 01:35:00,30.6,62.1,4.0,3,10.0,0.8
2026-06-24 01:40:00,30.9,64.7,4.0,3,94.2,7.8
2026-06-24 01:45:00,32.5,59.8,4.0,3,36.8,3.1
2026-06-24 01:50:00,30.6,58.9,5.0,3,216.2,18.0
2026-06-24 01:55:00,30.6,63.2,5.0,3,68.5,5.7
2026-06-24 02:00:00,28.6,68.5,4.0,2,160.4,13.4
2026-06-24 02:05:00,30.5,57.4,4.0,3,206.8,17.2
2026-06-24 02:10:00,31.3,62.0,5.0,3,98.3,8.2
2026-06-24 02:15:00,31.5,62.2,4.0,3,44.6,3.7
2026-06-24 02:20:00,30.6,61.0,5.0,2,103.3,8.6
2026-06-24 02:25:00,31.6,54.2,5.0,3,205.0,17.2
2026-06-24 02:30:00,31.3,59.7,4.0,3,33.1,2.9
2026-06-24 02:35:00,31.8,58.3,4.0,3,101.5,8.5
2026-06-24 02:40:00,31.6,63.6,4.0,3,70.9,5.9
2026-06-24 02:45:00,32.3,58.7,4.0,3,30.2,2.5
2026-06-24 02:50:00,30.3,60.9,4.0,3,128.8,10.7
2026-06-24 02:55:00,29.0,62.5,4.0,3,48.9,4.1
2026-06-24 03:00:00,30.7,61.8,4.0,3,28.1,2.3
2026-06-24 03:05:00,30.9,60.9,5.0,3,85.7,7.1
2026-06-24 03:10:00,31.7,57.5,4.0,3,47.8,4.0
2026-06-24 03:15:00,31.4,60.5,5.0,3,65.2,5.4
2026-06-24 03:20:00,32.1,57.5,4.0,3,88.6,7.4
2026-06-24 03:25:00,30.7,54.8,4.0,3,153.1,12.8
2026-06-24 03:30:00,30.3,63.3,5.0,3,60.2,5.1
2026-06-24 03:35:00,28.6,65.8,4.0,3,10.0,0.8
2026-06-24 03:40:00,30.4,62.0,4.0,3,145.4,12.1
2026-06-24 03:45:00,29.5,61.9,4.0,3,47.4,4.0
2026-06-24 03:50:00,30.3,61.5,4.0,3,130.9,10.9
2026-06-24 03:55:00,30.1,64.0,5.0,3,197.5,16.5
2026-06-24 04:00:00,30.4,60.0,4.0,3,95.8,8.0
2026-06-24 04:05:00,29.8,64.9,4.0,2,235.4,19.6
2026-06-24 04:10:00,30.8,57.1,5.0,3,23.0,1.9
2026-06-24 04:15:00,27.0,68.0,4.0,3,80.5,6.7
2026-06-24 04:20:00,30.1,62.3,4.0,3,31.9,2.7
2026-06-24 04:25:00,31.1,63.1,5.0,3,28.1,2.3
2026-06-24 04:30:00,31.8,56.9,5.0,3,66.1,5.5
2026-06-24 04:35:00,30.6,59.2,4.0,3,10.0,0.8
2026-06-24 04:40:00,31.6,56.0,5.0,3,10.0,0.8
2026-06-24 04:45:00,30.0,60.9,4.0,3,158.8,13.2
2026-06-24 04:50:00,29.9,63.2,5.0,3,111.6,9.4
2026-06-24 04:55:00,30.4,57.0,5.0,3,126.0,10.5
2026-06-24 05:00:00,29.7,62.1,4.0,3,162.1,13.5
2026-06-24 05:05:00,29.0,65.4,5.0,3,10.0,0.8
2026-06-24 05:10:00,29.3,63.5,4.0,3,71.2,5.9
2026-06-24 05:15:00,28.7,64.8,5.0,3,231.0,19.2
2026-06-24 05:20:00,30.2,59.1,5.0,3,248.1,20.7
2026-06-24 05:25:00,29.8,62.7,5.0,3,38.3,3.2
2026-06-24 05:30:00,29.4,63.6,5.0,3,20.3,1.8
2026-06-24 05:35:00,29.2,63.5,4.0,3,10.0,0.8
2026-06-24 05:40:00,30.2,62.6,6.0,3,61.2,5.2
2026-06-24 05:45:00,30.5,61.1,4.0,3,148.1,12.3
2026-06-24 05:50:00,28.7,63.7,5.0,3,176.4,14.7
2026-06-24 05:55:00,28.5,62.8,4.0,3,10.0,0.8
2026-06-24 06:00:00,30.3,64.2,6.0,3,80.1,6.7
2026-06-24 06:05:00,28.2,63.0,6.0,3,50.3,4.1
2026-06-24 06:10:00,30.0,63.0,4.0,3,10.0,0.9
2026-06-24 06:15:00,30.9,64.9,6.0,3,42.8,3.6
2026-06-24 06:20:00,30.9,63.5,7.0,3,170.7,14.2
2026-06-24 06:25:00,30.1,63.5,5.0,0,7.5,0.6
2026-06-24 06:30:00,30.1,63.0,5.0,3,138.8,11.6
2026-06-24 06:35:00,31.5,60.1,5.0,3,128.0,10.7
2026-06-24 06:40:00,27.4,64.9,5.0,3,214.1,17.8
2026-06-24 06:45:00,29.1,63.6,7.0,3,86.6,7.1
2026-06-24 06:50:00,30.2,63.5,6.0,0,8.6,0.7
2026-06-24 06:55:00,29.2,64.7,6.0,3,83.7,7.0
2026-06-24 07:00:00,30.4,63.8,8.0,3,134.4,11.2
2026-06-24 07:05:00,29.0,67.0,7.0,1,29.6,2.5
2026-06-24 07:10:00,29.2,63.4,5.0,3,10.0,0.8
2026-06-24 07:15:00,28.8,64.9,6.0,0,3.7,0.3
2026-06-24 07:20:00,28.5,60.3,8.0,0,10.4,0.9
2026-06-24 07:25:00,28.5,70.3,5.0,0,3.5,0.3
2026-06-24 07:30:00,29.4,62.5,5.0,0,3.5,0.3
2026-06-24 07:35:00,28.2,66.9,4.0,0,3.5,0.3
2026-06-24 07:40:00,30.1,61.4,4.0,0,3.5,0.3
2026-06-24 07:45:00,29.8,61.8,4.0,0,7.8,0.5
2026-06-24 07:50:00,30.3,61.5,4.0,2,98.3,8.3
2026-06-24 07:55:00,27.8,62.9,5.0,0,4.5,0.4
2026-06-24 08:00:00,27.0,61.1,8.0,0,5.4,0.4
2026-06-24 08:05:00,28.9,66.9,6.0,1,31.5,2.6
2026-06-24 08:10:00,32.2,60.5,8.0,1,107.8,9.0
2026-06-24 08:15:00,30.4,59.7,7.0,3,169.5,14.1
2026-06-24 08:20:00,28.3,66.1,7.0,1,65.2,5.3
2026-06-24 08:25:00,29.4,65.4,6.0,0,4.8,0.4
2026-06-24 08:30:00,29.8,61.1,10.0,0,3.5,0.3
2026-06-24 08:35:00,27.4,67.4,5.0,0,3.5,0.3
2026-06-24 08:40:00,30.5,64.2,8.0,1,12.7,1.1
2026-06-24 08:45:00,28.8,60.9,4.0,3,150.2,12.4
2026-06-24 08:50:00,28.9,65.4,6.0,0,3.5,0.3
2026-06-24 08:55:00,29.0,64.9,10.0,3,129.4,10.8
2026-06-24 09:00:00,30.8,65.9,7.0,3,34.5,2.9
2026-06-24 09:05:00,28.7,65.9,4.0,3,156.4,13.0
2026-06-24 09:10:00,27.6,65.2,4.0,1,69.9,5.7
2026-06-24 09:15:00,29.9,62.0,9.0,3,247.7,20.6
2026-06-24 09:20:00,27.3,71.0,6.0,0,4.8,0.4
2026-06-24 09:25:00,29.2,62.9,6.0,0,6.1,0.5
2026-06-24 09:30:00,30.9,62.6,5.0,0,3.5,0.3
2026-06-24 09:35:00,30.2,61.7,6.0,3,143.2,11.9
2026-06-24 09:40:00,30.7,64.1,9.0,0,3.5,0.3
2026-06-24 09:45:00,30.2,65.0,5.0,0,7.1,0.6
2026-06-24 09:50:00,32.2,59.2,5.0,1,10.0,0.8
2026-06-24 09:55:00,28.9,63.3,7.0,0,7.3,0.6
2026-06-24 10:00:00,31.0,60.4,5.0,0,3.5,0.3
2026-06-24 10:05:00,30.0,58.9,5.0,3,47.3,3.9
2026-06-24 10:10:00,31.6,60.7,6.0,1,70.5,5.9
2026-06-24 10:15:00,30.5,62.2,6.0,0,3.5,0.3
2026-06-24 10:20:00,32.5,57.5,5.0,0,6.7,0.6
2026-06-24 10:25:00,29.9,58.8,7.0,0,3.5,0.4
2026-06-24 10:30:00,32.1,60.3,6.0,0,3.5,0.3
2026-06-24 10:35:00,31.2,61.8,4.0,0,8.1,0.7
2026-06-24 10:40:00,30.5,62.9,7.0,0,4.1,0.3
2026-06-24 10:45:00,31.1,59.0,5.0,0,5.3,0.4
2026-06-24 10:50:00,30.8,62.5,7.0,3,252.6,21.0
2026-06-24 10:55:00,30.9,61.1,9.0,0,3.5,0.3
2026-06-24 11:00:00,31.7,62.2,6.0,0,7.5,0.6
2026-06-24 11:05:00,31.2,58.5,5.0,1,91.9,7.7
2026-06-24 11:10:00,31.6,63.0,8.0,0,5.0,0.4
2026-06-24 11:15:00,30.1,66.2,5.0,0,7.2,0.6
2026-06-24 11:20:00,32.9,58.5,9.0,0,4.1,0.3
2026-06-24 11:25:00,30.6,62.8,5.0,3,135.6,11.3
2026-06-24 11:30:00,31.7,62.0,5.0,0,3.5,0.3
2026-06-24 11:35:00,32.7,56.1,9.0,1,103.7,8.6
2026-06-24 11:40:00,32.9,57.1,7.0,1,85.3,7.1
2026-06-24 11:45:00,30.0,63.1,8.0,0,4.9,0.4
2026-06-24 11:50:00,31.9,64.7,6.0,1,13.1,1.2
2026-06-24 11:55:00,32.5,56.0,6.0,0,3.5,0.3
2026-06-24 12:00:00,33.1,62.0,4.0,0,4.1,0.3
2026-06-24 12:05:00,34.5,55.3,8.0,1,37.8,3.1
2026-06-24 12:10:00,32.1,59.4,7.0,0,3.5,0.3
2026-06-24 12:15:00,30.7,64.7,6.0,3,249.4,20.8
2026-06-24 12:20:00,33.9,61.7,7.0,0,3.5,0.3
2026-06-24 12:25:00,32.4,60.1,6.0,0,6.7,0.6
2026-06-24 12:30:00,31.0,64.1,5.0,0,6.1,0.5
2026-06-24 12:35:00,32.8,56.1,7.0,0,3.5,0.3
2026-06-24 12:40:00,34.4,54.6,6.0,3,12.3,1.0
2026-06-24 12:45:00,31.6,56.9,7.0,0,8.7,0.7
2026-06-24 12:50:00,35.6,52.7,6.0,0,3.7,0.3
2026-06-24 12:55:00,32.1,60.9,6.0,1,119.7,10.0
2026-06-24 13:00:00,33.7,57.2,6.0,1,49.9,4.2
2026-06-24 13:05:00,32.2,63.6,5.0,3,37.8,3.1
2026-06-24 13:10:00,33.7,62.0,6.0,1,60.8,5.2
2026-06-24 13:15:00,33.5,56.7,6.0,0,6.8,0.6
2026-06-24 13:20:00,31.9,57.8,5.0,0,3.5,0.3
2026-06-24 13:25:00,36.9,54.6,5.0,3,167.7,14.0
2026-06-24 13:30:00,33.1,60.9,7.0,0,4.6,0.4
2026-06-24 13:35:00,33.1,58.8,6.0,0,3.5,0.3
2026-06-24 13:40:00,34.8,56.8,7.0,0,3.5,0.4
2026-06-24 13:45:00,35.7,55.0,6.0,0,6.0,0.5
2026-06-24 13:50:00,34.9,52.2,6.0,0,5.7,0.4
2026-06-24 13:55:00,32.3,55.7,5.0,3,10.0,0.8
2026-06-24 14:00:00,34.7,55.0,6.0,3,264.8,22.1
2026-06-24 14:05:00,31.7,58.2,6.0,3,210.8,17.6
2026-06-24 14:10:00,35.7,54.6,7.0,2,5.0,0.4
2026-06-24 14:15:00,32.1,57.9,6.0,2,125.6,10.5
2026-06-24 14:20:00,33.3,52.7,6.0,1,97.5,8.0
2026-06-24 14:25:00,34.4,50.4,5.0,1,137.4,11.4
2026-06-24 14:30:00,35.0,56.5,7.0,1,61.3,5.1
2026-06-24 14:35:00,34.0,54.3,7.0,2,64.2,5.5
2026-06-24 14:40:00,36.6,52.3,7.0,2,174.3,14.5
2026-06-24 14:45:00,35.4,53.0,6.0,1,46.3,3.9
2026-06-24 14:50:00,35.3,52.2,7.0,2,43.2,3.6
2026-06-24 14:55:00,32.6,55.3,7.0,3,37.9,3.2
2026-06-24 15:00:00,37.6,54.0,7.0,2,197.5,16.5
2026-06-24 15:05:00,34.1,55.1,6.0,2,5.0,0.5
2026-06-24 15:10:00,37.6,53.1,7.0,2,210.1,17.5
2026-06-24 15:15:00,38.0,53.0,9.0,1,156.0,13.0
2026-06-24 15:20:00,35.9,54.3,8.0,2,5.0,0.4
2026-06-24 15:25:00,36.7,54.5,7.0,2,38.6,3.2
2026-06-24 15:30:00,31.0,59.2,7.0,2,153.0,12.8
2026-06-24 15:35:00,35.0,57.6,5.0,3,206.6,17.2
2026-06-24 15:40:00,36.7,54.5,8.0,2,267.0,22.1
2026-06-24 15:45:00,36.5,55.1,8.0,2,106.6,8.9
2026-06-24 15:50:00,33.6,54.1,7.0,2,5.0,0.4
2026-06-24 15:55:00,34.8,55.4,6.0,2,5.0,0.4
2026-06-24 16:00:00,32.0,53.4,8.0,2,174.3,14.5
2026-06-24 16:05:00,36.4,56.1,10.0,3,104.2,8.7
2026-06-24 16:10:00,32.9,55.2,8.0,3,78.6,6.5
2026-06-24 16:15:00,37.5,50.6,12.0,1,159.4,13.3
2026-06-24 16:20:00,37.6,48.5,9.0,3,13.8,1.2
2026-06-24 16:25:00,35.1,54.2,6.0,2,228.5,19.0
2026-06-24 16:30:00,36.6,52.1,7.0,1,66.8,5.7
2026-06-24 16:35:00,35.5,58.1,7.0,6,197.0,16.4
2026-06-24 16:40:00,36.1,55.2,9.0,3,189.8,15.8
2026-06-24 16:45:00,34.1,54.2,9.0,2,185.2,15.4
2026-06-24 16:50:00,36.7,48.7,10.0,3,160.3,13.4
2026-06-24 16:55:00,33.3,51.0,7.0,2,113.1,9.4
2026-06-24 17:00:00,32.6,54.1,10.0,6,122.5,10.2
2026-06-24 17:05:00,35.7,49.8,12.0,2,40.4,3.4
2026-06-24 17:10:00,35.5,54.7,12.0,2,140.0,11.7
2026-06-24 17:15:00,36.4,52.4,5.0,3,124.5,10.4
2026-06-24 17:20:00,34.7,54.7,10.0,2,127.3,10.6
2026-06-24 17:25:00,39.2,48.0,5.0,3,10.0,0.8
2026-06-24 17:30:00,36.2,53.4,7.0,2,254.2,21.2
2026-06-24 17:35:00,36.3,48.9,5.0,3,145.5,12.1
2026-06-24 17:40:00,36.2,52.7,7.0,2,140.3,11.6
2026-06-24 17:45:00,37.6,53.8,5.0,3,187.1,15.7
2026-06-24 17:50:00,36.9,51.2,5.0,2,169.0,14.1
2026-06-24 17:55:00,36.7,53.7,6.0,2,90.6,7.5
2026-06-24 18:00:00,36.1,48.0,6.0,2,22.9,1.9
2026-06-24 18:05:00,31.7,52.4,6.0,3,254.8,21.2
2026-06-24 18:10:00,31.8,58.7,4.0,3,88.2,7.4
2026-06-24 18:15:00,34.7,57.5,10.0,3,55.4,4.6
2026-06-24 18:20:00,34.5,54.2,5.0,3,10.0,0.8
2026-06-24 18:25:00,35.9,59.1,4.0,3,110.4,9.2
2026-06-24 18:30:00,34.9,50.5,7.0,3,175.6,14.6
2026-06-24 18:35:00,35.9,51.5,6.0,3,274.4,22.9
2026-06-24 18:40:00,32.7,57.2,5.0,3,146.5,12.2
2026-06-24 18:45:00,34.9,55.7,6.0,3,219.7,18.3
2026-06-24 18:50:00,32.6,55.4,5.0,3,115.5,9.6
2026-06-24 18:55:00,35.5,50.9,6.0,3,165.6,13.8
2026-06-24 19:00:00,31.7,60.0,6.0,3,55.4,4.6
2026-06-24 19:05:00,34.7,55.4,5.0,3,126.9,10.6
2026-06-24 19:10:00,32.2,57.2,6.0,3,14.5,1.1
2026-06-24 19:15:00,33.7,57.4,5.0,3,199.1,16.6
2026-06-24 19:20:00,35.5,53.8,5.0,3,290.4,24.1
2026-06-24 19:25:00,34.6,54.8,5.0,2,96.8,8.1
2026-06-24 19:30:00,32.0,57.8,5.0,3,118.3,9.9
2026-06-24 19:35:00,33.3,54.8,5.0,3,66.0,5.5
2026-06-24 19:40:00,32.2,55.9,5.0,3,445.4,37.1
2026-06-24 19:45:00,31.9,57.1,6.0,3,206.0,17.3
2026-06-24 19:50:00,34.4,55.5,6.0,3,237.5,19.8
2026-06-24 19:55:00,35.0,50.4,4.0,3,140.0,11.7
2026-06-24 20:00:00,34.3,58.2,6.0,3,14.8,1.2
2026-06-24 20:05:00,34.5,56.0,6.0,3,86.5,7.1
2026-06-24 20:10:00,33.6,54.7,6.0,3,112.5,9.4
2026-06-24 20:15:00,33.3,60.6,5.0,2,5.0,0.4
2026-06-24 20:20:00,32.1,58.5,4.0,3,102.1,8.5
2026-06-24 20:25:00,33.0,54.7,5.0,3,10.0,0.7
2026-06-24 20:30:00,31.8,62.1,6.0,3,102.7,8.5
2026-06-24 20:35:00,32.4,61.0,4.0,3,10.0,0.7
2026-06-24 20:40:00,33.8,54.8,4.0,3,10.0,0.8
2026-06-24 20:45:00,33.5,56.3,5.0,3,35.8,3.1
2026-06-24 20:50:00,38.0,51.4,4.0,3,79.0,6.6
2026-06-24 20:55:00,31.7,54.9,6.0,3,84.8,7.1
2026-06-24 21:00:00,32.9,58.6,5.0,3,92.6,7.7
2026-06-24 21:05:00,31.0,61.3,5.0,3,263.1,21.9
2026-06-24 21:10:00,32.5,59.6,4.0,3,92.8,7.7
2026-06-24 21:15:00,32.6,58.3,5.0,3,10.0,0.8
2026-06-24 21:20:00,34.3,58.5,6.0,3,72.9,6.1
2026-06-24 21:25:00,32.4,56.3,4.0,3,79.7,6.6
2026-06-24 21:30:00,32.8,61.5,5.0,3,10.0,0.8
2026-06-24 21:35:00,32.4,57.0,5.0,3,99.7,8.3
2026-06-24 21:40:00,31.0,58.4,5.0,3,51.5,4.2
2026-06-24 21:45:00,32.1,57.6,5.0,3,91.4,7.7
2026-06-24 21:50:00,32.5,57.1,5.0,3,118.2,9.8
2026-06-24 21:55:00,33.2,57.4,4.0,3,85.5,7.1
2026-06-24 22:00:00,33.2,57.6,4.0,3,87.0,7.2
2026-06-24 22:05:00,32.0,59.3,5.0,3,51.3,4.2
2026-06-24 22:10:00,32.0,57.5,4.0,3,146.2,12.2
2026-06-24 22:15:00,29.9,61.3,4.0,3,61.1,5.1
2026-06-24 22:20:00,33.2,55.9,4.0,3,152.5,12.7
2026-06-24 22:25:00,31.4,61.0,5.0,3,10.0,0.8
2026-06-24 22:30:00,33.5,59.1,4.0,3,59.4,4.9
2026-06-24 22:35:00,34.3,57.0,4.0,3,138.8,11.6
2026-06-24 22:40:00,32.1,57.8,5.0,3,10.0,0.8
2026-06-24 22:45:00,30.9,60.7,4.0,3,47.3,3.9
2026-06-24 22:50:00,32.4,57.0,4.0,3,144.9,12.1
2026-06-24 22:55:00,32.9,58.3,5.0,3,29.8,2.5
2026-06-24 23:00:00,31.6,60.2,4.0,3,202.8,16.9
2026-06-24 23:05:00,31.1,64.7,4.0,3,98.4,8.2
2026-06-24 23:10:00,33.2,57.7,5.0,3,70.4,5.9
2026-06-24 23:15:00,33.1,55.6,4.0,3,148.7,12.4
2026-06-24 23:20:00,31.5,59.5,5.0,3,103.4,8.6
2026-06-24 23:25:00,29.1,59.3,4.0,3,100.4,8.4
2026-06-24 23:30:00,33.0,58.6,5.0,3,80.8,6.7
2026-06-24 23:35:00,30.7,59.0,4.0,3,84.4,7.0
2026-06-24 23:40:00,32.5,58.6,4.0,3,10.0,0.8
2026-06-24 23:45:00,32.4,58.4,4.0,3,154.3,12.9
2026-06-24 23:50:00,28.6,63.6,4.0,3,44.5,3.7
2026-06-24 23:55:00,32.3,60.0,4.0,3,184.0,15.3
2026-06-25 00:00:00,32.4,61.3,4.0,3,15.3,1.3
2026-06-25 00:05:00,32.6,59.7,5.0,3,200.4,16.7
2026-06-25 00:10:00,31.9,61.5,4.0,3,30.0,2.5
2026-06-25 00:15:00,29.3,61.8,4.0,3,162.4,13.5
2026-06-25 00:20:00,33.4,61.2,4.0,3,61.5,5.1
2026-06-25 00:25:00,32.3,60.5,6.0,3,113.4,9.4
2026-06-25 00:30:00,30.3,60.3,4.0,3,45.5,3.7
2026-06-25 00:35:00,30.8,61.9,4.0,3,28.4,2.4
2026-06-25 00:40:00,32.0,60.1,4.0,3,65.9,5.5
2026-06-25 00:45:00,32.6,59.3,6.0,3,153.9,12.8
2026-06-25 00:50:00,31.2,60.8,4.0,3,153.9,12.8
2026-06-25 00:55:00,32.8,60.5,4.0,3,144.6,11.9
2026-06-25 01:00:00,29.4,59.3,5.0,3,118.1,9.8
2026-06-25 01:05:00,30.1,61.4,4.0,3,278.8,23.2
2026-06-25 01:10:00,29.2,64.4,5.0,3,25.9,2.2
2026-06-25 01:15:00,30.3,62.2,4.0,3,86.8,7.2
2026-06-25 01:20:00,32.5,57.0,4.0,3,10.0,0.8
2026-06-25 01:25:00,33.0,54.3,5.0,3,134.1,11.3
2026-06-25 01:30:00,31.3,63.4,5.0,3,20.2,1.7
2026-06-25 01:35:00,30.5,61.2,5.0,3,94.1,7.8
2026-06-25 01:40:00,30.9,63.6,4.0,3,33.8,2.8
2026-06-25 01:45:00,31.5,61.6,5.0,3,83.5,7.0
2026-06-25 01:50:00,29.7,61.2,4.0,3,110.4,9.2
2026-06-25 01:55:00,30.6,57.1,4.0,3,35.7,3.0
2026-06-25 02:00:00,32.2,58.0,5.0,3,125.0,10.4
2026-06-25 02:05:00,29.4,63.2,4.0,3,60.3,5.0
2026-06-25 02:10:00,29.8,63.8,5.0,2,98.3,8.2
2026-06-25 02:15:00,30.6,58.8,5.0,3,40.7,3.4
2026-06-25 02:20:00,30.9,61.4,4.0,3,154.2,12.8
2026-06-25 02:25:00,29.9,62.9,4.0,3,116.8,9.7
2026-06-25 02:30:00,30.7,63.7,4.0,3,10.0,0.8
2026-06-25 02:35:00,31.3,59.7,4.0,3,69.1,5.8
2026-06-25 02:40:00,32.8,59.2,5.0,2,124.2,10.4
2026-06-25 02:45:00,30.5,62.3,4.0,3,11.8,1.0
2026-06-25 02:50:00,30.6,63.6,4.0,3,213.7,17.8
2026-06-25 02:55:00,32.3,57.0,4.0,3,33.4,2.8
2026-06-25 03:00:00,29.6,55.4,5.0,3,42.8,3.6
2026-06-25 03:05:00,28.8,63.5,5.0,3,101.7,8.5
2026-06-25 03:10:00,30.4,61.0,4.0,3,141.2,11.8
2026-06-25 03:15:00,31.3,57.3,4.0,3,38.7,3.2
2026-06-25 03:20:00,30.5,57.7,4.0,3,111.4,9.3
2026-06-25 03:25:00,30.0,60.8,4.0,3,121.3,10.1
2026-06-25 03:30:00,28.6,64.1,4.0,3,10.0,0.8
2026-06-25 03:35:00,30.1,62.2,4.0,3,138.3,11.5
2026-06-25 03:40:00,31.4,54.4,4.0,3,54.1,4.4
2026-06-25 03:45:00,28.9,59.7,4.0,3,10.0,0.8
2026-06-25 03:50:00,29.9,65.0,4.0,3,254.1,21.2
2026-06-25 03:55:00,29.7,62.2,5.0,3,22.8,1.9
2026-06-25 04:00:00,29.2,63.7,4.0,3,163.6,13.7
2026-06-25 04:05:00,30.2,58.5,4.0,3,138.9,11.6
2026-06-25 04:10:00,30.4,61.7,5.0,3,10.0,0.9
2026-06-25 04:15:00,30.4,60.7,4.0,3,33.1,2.8
2026-06-25 04:20:00,28.9,62.7,4.0,3,10.0,0.8
2026-06-25 04:25:00,28.2,61.7,6.0,3,176.2,14.6
2026-06-25 04:30:00,30.2,59.8,4.0,3,166.1,13.8
2026-06-25 04:35:00,29.4,68.5,4.0,3,235.8,19.6
2026-06-25 04:40:00,31.9,58.2,5.0,3,13.1,1.1
2026-06-25 04:45:00,31.9,61.1,5.0,3,302.5,25.2
2026-06-25 04:50:00,32.0,58.4,4.0,3,178.8,14.9
2026-06-25 04:55:00,29.0,63.3,6.0,3,241.8,20.2
2026-06-25 05:00:00,30.4,60.6,5.0,3,111.4,9.3
2026-06-25 05:05:00,30.6,64.4,5.0,3,74.4,6.2
2026-06-25 05:10:00,30.5,62.6,5.0,3,25.1,2.1
2026-06-25 05:15:00,29.5,61.7,7.0,3,208.7,17.3
2026-06-25 05:20:00,31.0,60.2,5.0,3,87.9,7.3
2026-06-25 05:25:00,29.8,65.2,4.0,3,89.0,7.3
2026-06-25 05:30:00,30.0,56.6,5.0,3,197.6,16.5
2026-06-25 05:35:00,28.4,65.8,7.0,3,170.9,14.2
2026-06-25 05:40:00,30.4,63.1,5.0,2,56.2,4.7
2026-06-25 05:45:00,29.6,61.6,5.0,3,81.9,6.8
2026-06-25 05:50:00,30.3,62.4,5.0,2,127.5,10.6
2026-06-25 05:55:00,30.0,63.6,4.0,3,112.3,9.4
2026-06-25 06:00:00,29.7,60.7,5.0,0,3.6,0.3
2026-06-25 06:05:00,29.5,65.1,4.0,3,125.2,10.5
2026-06-25 06:10:00,30.3,62.8,5.0,3,106.3,8.9
2026-06-25 06:15:00,29.4,63.3,5.0,3,203.4,17.0
2026-06-25 06:20:00,28.2,65.7,4.0,3,146.6,12.2
2026-06-25 06:25:00,30.1,63.9,5.0,2,183.7,15.3
2026-06-25 06:30:00,28.8,69.2,6.0,0,5.2,0.4
2026-06-25 06:35:00,28.4,66.4,5.0,2,109.9,9.2
2026-06-25 06:40:00,28.6,66.5,4.0,2,92.3,7.6
2026-06-25 06:45:00,29.8,63.4,6.0,2,69.1,5.8
2026-06-25 06:50:00,29.5,67.2,7.0,3,73.5,6.1
2026-06-25 06:55:00,27.6,63.4,6.0,3,213.8,17.8
2026-06-25 07:00:00,28.7,60.4,5.0,3,47.5,4.0
2026-06-25 07:05:00,30.4,62.3,5.0,2,79.8,6.5
2026-06-25 07:10:00,28.7,66.1,6.0,1,65.9,5.5
2026-06-25 07:15:00,29.0,57.9,6.0,3,92.5,7.7
2026-06-25 07:20:00,30.3,62.1,6.0,0,5.8,0.5
2026-06-25 07:25:00,30.0,62.1,6.0,3,81.2,6.8
2026-06-25 07:30:00,30.3,63.9,5.0,0,3.9,0.3
2026-06-25 07:35:00,26.1,69.5,4.0,0,6.5,0.5
2026-06-25 07:40:00,31.1,56.5,5.0,3,67.0,5.6
2026-06-25 07:45:00,29.9,60.1,6.0,3,74.2,6.2
2026-06-25 07:50:00,31.9,57.7,4.0,0,5.4,0.4
2026-06-25 07:55:00,28.3,66.9,5.0,1,108.6,9.0
2026-06-25 08:00:00,27.1,67.8,6.0,3,185.6,15.5
2026-06-25 08:05:00,29.1,62.4,5.0,0,4.1,0.3
2026-06-25 08:10:00,28.7,64.8,9.0,1,86.0,7.2
2026-06-25 08:15:00,29.8,60.3,9.0,0,8.8,0.7
2026-06-25 08:20:00,30.2,67.1,7.0,3,107.6,9.1
2026-06-25 08:25:00,28.9,65.5,10.0,0,4.4,0.4
2026-06-25 08:30:00,28.8,66.2,8.0,0,3.5,0.3
2026-06-25 08:35:00,29.6,66.4,7.0,1,66.4,5.5
2026-06-25 08:40:00,28.8,66.8,5.0,0,7.1,0.6
2026-06-25 08:45:00,28.7,64.5,5.0,3,252.1,21.0
2026-06-25 08:50:00,30.2,61.8,7.0,0,6.4,0.5
2026-06-25 08:55:00,30.5,64.9,6.0,0,3.5,0.3
2026-06-25 09:00:00,30.8,61.4,4.0,1,100.4,8.4
2026-06-25 09:05:00,29.4,61.7,6.0,0,3.5,0.3
2026-06-25 09:10:00,27.3,71.0,8.0,3,57.6,4.8
2026-06-25 09:15:00,29.5,61.1,4.0,0,6.1,0.5
2026-06-25 09:20:00,28.8,60.2,9.0,3,50.2,4.3
2026-06-25 09:25:00,29.5,65.7,7.0,1,33.9,2.8
2026-06-25 09:30:00,28.9,62.5,6.0,3,10.0,0.8
2026-06-25 09:35:00,29.6,64.2,7.0,0,3.7,0.3
2026-06-25 09:40:00,28.5,69.2,8.0,0,5.8,0.5
2026-06-25 09:45:00,28.2,62.0,6.0,0,4.4,0.4
2026-06-25 09:50:00,31.0,61.0,8.0,0,6.2,0.5
2026-06-25 09:55:00,28.6,68.3,8.0,3,10.0,0.8
2026-06-25 10:00:00,30.6,63.4,6.0,3,35.4,2.9
2026-06-25 10:05:00,31.7,60.0,5.0,0,6.7,0.6
2026-06-25 10:10:00,31.7,65.6,6.0,0,3.5,0.2
2026-06-25 10:15:00,31.5,60.4,4.0,0,3.5,0.3
2026-06-25 10:20:00,31.0,62.2,7.0,0,8.3,0.7
2026-06-25 10:25:00,31.4,64.4,6.0,0,6.0,0.5
2026-06-25 10:30:00,32.2,61.9,5.0,3,31.8,2.6
2026-06-25 10:35:00,31.1,64.1,7.0,0,6.5,0.6
2026-06-25 10:40:00,28.5,62.7,5.0,0,9.8,0.8
2026-06-25 10:45:00,30.0,65.4,6.0,3,52.2,4.4
2026-06-25 10:50:00,31.4,61.2,6.0,0,7.5,0.6
2026-06-25 10:55:00,29.9,61.2,6.0,3,116.1,9.7
2026-06-25 11:00:00,33.8,57.4,7.0,1,118.4,9.9
2026-06-25 11:05:00,32.0,60.1,9.0,3,31.5,2.6
2026-06-25 11:10:00,32.2,63.8,7.0,3,248.2,20.7
2026-06-25 11:15:00,33.3,58.6,8.0,0,5.4,0.5
2026-06-25 11:20:00,31.9,57.9,8.0,1,96.9,8.1
2026-06-25 11:25:00,32.3,56.8,7.0,3,93.7,7.8
2026-06-25 11:30:00,33.0,58.0,4.0,3,173.8,14.5
2026-06-25 11:35:00,30.4,58.9,6.0,0,3.5,0.3
2026-06-25 11:40:00,31.7,58.4,5.0,0,7.9,0.7
2026-06-25 11:45:00,33.0,57.5,10.0,0,8.0,0.7
2026-06-25 11:50:00,32.1,58.5,5.0,3,25.8,2.2
2026-06-25 11:55:00,33.7,58.8,4.0,0,5.8,0.5
2026-06-25 12:00:00,31.3,58.9,4.0,3,68.5,5.7
2026-06-25 12:05:00,31.2,54.7,5.0,1,86.8,7.2
2026-06-25 12:10:00,34.0,52.3,6.0,3,129.5,10.8
2026-06-25 12:15:00,34.1,56.3,8.0,0,9.2,0.8
2026-06-25 12:20:00,32.9,56.8,5.0,0,6.1,0.5
2026-06-25 12:25:00,33.5,54.2,8.0,3,139.6,11.6
2026-06-25 12:30:00,33.9,61.6,6.0,0,5.6,0.5
2026-06-25 12:35:00,32.2,61.4,6.0,1,59.8,5.0
2026-06-25 12:40:00,32.3,59.0,7.0,3,180.6,15.0
2026-06-25 12:45:00,33.3,58.2,8.0,0,7.9,0.6
2026-06-25 12:50:00,34.1,55.7,6.0,0,6.5,0.5
2026-06-25 12:55:00,31.8,56.8,5.0,0,7.0,0.6
2026-06-25 13:00:00,33.5,59.7,6.0,1,35.2,2.9
2026-06-25 13:05:00,33.5,59.2,6.0,3,10.0,0.9
2026-06-25 13:10:00,34.2,50.8,6.0,1,10.0,0.8
2026-06-25 13:15:00,33.7,57.3,7.0,1,10.0,0.8
2026-06-25 13:20:00,33.1,58.5,4.0,1,10.0,0.8
2026-06-25 13:25:00,35.2,53.5,6.0,0,3.5,0.3
2026-06-25 13:30:00,33.1,63.1,7.0,0,6.2,0.5
2026-06-25 13:35:00,33.4,62.3,5.0,3,334.1,27.7
2026-06-25 13:40:00,31.9,58.6,5.0,0,4.5,0.4
2026-06-25 13:45:00,32.9,57.4,7.0,1,123.7,10.3
2026-06-25 13:50:00,34.3,54.9,7.0,1,33.4,2.8
2026-06-25 13:55:00,34.1,54.5,7.0,2,253.9,21.2
2026-06-25 14:00:00,35.4,52.1,6.0,3,243.7,20.3
2026-06-25 14:05:00,35.3,55.6,6.0,3,122.8,10.2
2026-06-25 14:10:00,37.5,56.5,7.0,3,133.4,11.2
2026-06-25 14:15:00,33.4,60.4,5.0,2,37.9,3.2
2026-06-25 14:20:00,32.2,60.0,6.0,1,10.0,0.8
2026-06-25 14:25:00,33.0,51.3,6.0,3,122.1,10.1
2026-06-25 14:30:00,33.5,52.1,7.0,3,18.9,1.6
2026-06-25 14:35:00,33.1,59.6,6.0,1,60.7,5.1
2026-06-25 14:40:00,34.6,59.1,7.0,3,10.0,0.8
2026-06-25 14:45:00,36.3,54.6,6.0,3,10.0,0.8
2026-06-25 14:50:00,36.7,52.0,7.0,2,50.4,4.2
2026-06-25 14:55:00,35.2,57.8,7.0,3,10.0,0.9
2026-06-25 15:00:00,38.3,52.6,7.0,3,251.6,21.0
2026-06-25 15:05:00,34.8,57.4,6.0,2,173.7,14.5
2026-06-25 15:10:00,33.1,52.7,6.0,2,39.7,3.2
2026-06-25 15:15:00,36.8,53.4,8.0,2,168.5,14.0
2026-06-25 15:20:00,32.8,61.0,8.0,3,60.4,5.0
2026-06-25 15:25:00,34.3,56.6,7.0,2,26.9,2.2
2026-06-25 15:30:00,36.0,55.6,7.0,2,99.1,8.3
2026-06-25 15:35:00,35.2,54.5,7.0,2,172.4,14.5
2026-06-25 15:40:00,35.1,54.8,6.0,2,5.0,0.3
2026-06-25 15:45:00,33.7,59.2,7.0,2,157.1,13.1
2026-06-25 15:50:00,35.3,52.8,7.0,2,170.2,14.2
2026-06-25 15:55:00,36.7,51.0,8.0,3,200.5,16.7
2026-06-25 16:00:00,35.9,52.3,7.0,2,79.3,6.6
2026-06-25 16:05:00,34.6,54.9,10.0,2,199.9,16.6
2026-06-25 16:10:00,34.0,51.8,9.0,6,109.9,9.2
2026-06-25 16:15:00,34.7,56.4,7.0,2,86.5,7.2
2026-06-25 16:20:00,36.5,52.4,6.0,6,139.9,11.6
2026-06-25 16:25:00,36.4,54.9,9.0,3,82.1,6.8
2026-06-25 16:30:00,34.7,49.8,7.0,2,92.0,7.7
2026-06-25 16:35:00,32.5,59.0,7.0,2,155.8,12.9
2026-06-25 16:40:00,36.5,55.9,8.0,2,196.2,16.3
2026-06-25 16:45:00,34.5,55.9,9.0,3,92.6,7.7
2026-06-25 16:50:00,36.9,52.4,9.0,2,5.0,0.4
2026-06-25 16:55:00,34.7,56.7,8.0,2,5.0,0.4
2026-06-25 17:00:00,34.2,58.8,4.0,3,82.6,6.9
2026-06-25 17:05:00,36.2,54.5,11.0,3,52.6,4.5
2026-06-25 17:10:00,40.1,50.4,6.0,3,257.5,21.5
2026-06-25 17:15:00,37.3,56.4,9.0,3,115.1,9.6
2026-06-25 17:20:00,36.2,55.1,8.0,3,226.8,18.9
2026-06-25 17:25:00,36.6,50.3,14.0,3,124.0,10.2
2026-06-25 17:30:00,32.9,60.2,14.0,3,228.5,18.9
2026-06-25 17:35:00,34.0,55.1,7.0,3,112.1,9.3
2026-06-25 17:40:00,31.5,58.3,5.0,3,80.2,6.7
2026-06-25 17:45:00,39.0,50.2,5.0,3,10.0,0.8
2026-06-25 17:50:00,38.7,52.9,9.0,2,5.0,0.5
2026-06-25 17:55:00,36.7,57.3,7.0,3,169.3,14.1
2026-06-25 18:00:00,35.2,54.2,4.0,3,239.0,19.9
2026-06-25 18:05:00,32.3,61.9,5.0,3,191.6,16.0
2026-06-25 18:10:00,34.6,55.2,7.0,2,148.6,12.4
2026-06-25 18:15:00,38.1,54.7,6.0,3,66.6,5.5
2026-06-25 18:20:00,35.2,54.6,5.0,3,174.3,14.5
2026-06-25 18:25:00,34.0,54.1,5.0,3,10.8,1.0
2026-06-25 18:30:00,31.9,62.9,6.0,3,15.2,1.3
2026-06-25 18:35:00,37.4,50.1,6.0,3,43.4,3.6
2026-06-25 18:40:00,34.8,52.8,6.0,2,117.2,9.8
2026-06-25 18:45:00,31.9,54.3,4.0,3,44.6,3.7
2026-06-25 18:50:00,33.4,59.5,6.0,3,156.2,13.0
2026-06-25 18:55:00,32.8,60.8,5.0,3,177.2,14.8
2026-06-25 19:00:00,34.2,56.5,5.0,3,68.3,5.7
2026-06-25 19:05:00,34.6,52.9,5.0,3,244.6,20.4
2026-06-25 19:10:00,33.7,56.2,6.0,2,5.0,0.4
2026-06-25 19:15:00,35.4,53.5,6.0,3,59.7,5.0
2026-06-25 19:20:00,34.5,52.9,5.0,3,207.5,17.2
2026-06-25 19:25:00,35.8,52.6,5.0,3,72.5,6.0
2026-06-25 19:30:00,33.9,57.1,5.0,3,106.0,8.8
2026-06-25 19:35:00,38.5,49.2,5.0,3,110.9,9.2
2026-06-25 19:40:00,33.6,57.0,5.0,3,178.6,14.9
2026-06-25 19:45:00,33.1,52.8,5.0,3,87.2,7.3
2026-06-25 19:50:00,32.9,61.0,5.0,3,10.0,0.8
2026-06-25 19:55:00,34.1,54.9,6.0,3,172.6,14.4
2026-06-25 20:00:00,31.3,61.1,5.0,3,104.4,8.7
2026-06-25 20:05:00,34.2,56.7,4.0,3,258.2,21.4
2026-06-25 20:10:00,31.0,60.4,5.0,3,10.0,0.7
2026-06-25 20:15:00,34.0,54.1,6.0,3,86.7,7.2
2026-06-25 20:20:00,31.8,57.2,5.0,3,10.0,0.8
2026-06-25 20:25:00,33.2,55.8,6.0,3,113.9,9.5
2026-06-25 20:30:00,34.6,55.9,5.0,2,251.3,20.9
2026-06-25 20:35:00,37.0,56.2,5.0,3,114.0,9.5
2026-06-25 20:40:00,32.2,59.3,5.0,3,228.4,19.0
2026-06-25 20:45:00,33.5,55.1,5.0,3,147.6,12.3
2026-06-25 20:50:00,32.7,58.0,5.0,3,60.2,5.0
2026-06-25 20:55:00,32.5,57.9,6.0,3,112.8,9.4
2026-06-25 21:00:00,32.1,58.0,6.0,3,191.4,16.0
2026-06-25 21:05:00,34.4,56.6,4.0,2,144.4,12.0
2026-06-25 21:10:00,32.4,59.9,4.0,3,10.0,0.9
2026-06-25 21:15:00,36.5,53.4,4.0,3,152.6,12.7
2026-06-25 21:20:00,33.8,56.5,5.0,3,42.0,3.5
2026-06-25 21:25:00,31.7,60.9,5.0,3,72.9,6.1
2026-06-25 21:30:00,32.6,59.2,5.0,3,106.5,8.9
2026-06-25 21:35:00,32.0,61.2,5.0,3,10.0,0.8
2026-06-25 21:40:00,34.3,59.5,4.0,3,10.0,0.8
2026-06-25 21:45:00,30.7,57.4,4.0,3,162.3,13.5
2026-06-25 21:50:00,31.2,60.1,4.0,3,67.6,5.6
2026-06-25 21:55:00,32.3,57.6,6.0,3,101.6,8.5
2026-06-25 22:00:00,33.5,55.5,5.0,3,124.8,10.4
2026-06-25 22:05:00,34.3,55.5,5.0,3,10.0,0.8
2026-06-25 22:10:00,34.5,56.3,5.0,3,39.5,3.3
2026-06-25 22:15:00,33.2,57.4,4.0,3,26.1,2.2
2026-06-25 22:20:00,32.4,57.6,5.0,3,10.0,0.8
2026-06-25 22:25:00,33.6,57.6,5.0,3,87.6,7.3
2026-06-25 22:30:00,30.8,64.8,4.0,3,90.5,7.5
2026-06-25 22:35:00,29.8,57.8,5.0,3,146.8,12.2
2026-06-25 22:40:00,33.1,60.3,5.0,3,136.0,11.3
2026-06-25 22:45:00,31.0,60.0,4.0,3,10.0,0.8
2026-06-25 22:50:00,32.4,57.9,4.0,3,10.0,0.8
2026-06-25 22:55:00,32.6,54.7,5.0,3,50.3,4.2
2026-06-25 23:00:00,32.7,61.0,4.0,3,123.3,10.4
2026-06-25 23:05:00,34.0,56.9,4.0,3,59.4,4.9
2026-06-25 23:10:00,33.8,60.4,4.0,3,36.2,3.0
2026-06-25 23:15:00,32.6,62.5,4.0,3,220.8,18.3
2026-06-25 23:20:00,31.4,58.6,5.0,3,155.5,13.0
2026-06-25 23:25:00,32.4,61.7,4.0,3,167.2,13.9
2026-06-25 23:30:00,31.1,60.8,4.0,3,135.5,11.3
2026-06-25 23:35:00,31.9,57.1,5.0,3,10.0,0.8
2026-06-25 23:40:00,37.1,55.5,4.0,3,169.4,14.1
2026-06-25 23:45:00,32.6,60.1,5.0,3,326.9,27.2
2026-06-25 23:50:00,33.1,60.2,5.0,3,158.4,13.2
2026-06-25 23:55:00,30.9,58.5,4.0,3,96.0,8.0
2026-06-26 00:00:00,33.2,59.2,4.0,3,10.0,0.8
2026-06-26 00:05:00,32.9,60.5,4.0,3,38.4,3.2
2026-06-26 00:10:00,32.9,60.8,5.0,3,166.1,13.8
2026-06-26 00:15:00,32.2,59.3,4.0,3,161.9,13.5
2026-06-26 00:20:00,33.2,59.8,4.0,2,79.8,6.6
2026-06-26 00:25:00,33.5,60.4,5.0,3,14.0,1.2
2026-06-26 00:30:00,32.3,61.0,4.0,3,147.4,12.3
2026-06-26 00:35:00,31.8,61.5,4.0,3,19.9,1.7
2026-06-26 00:40:00,33.0,59.5,5.0,3,181.1,15.1
2026-06-26 00:45:00,30.8,60.9,4.0,3,158.5,13.2
2026-06-26 00:50:00,31.0,61.2,4.0,3,191.2,15.9
2026-06-26 00:55:00,31.9,59.1,4.0,3,61.8,5.1
2026-06-26 01:00:00,29.7,64.5,4.0,3,168.9,14.1
2026-06-26 01:05:00,32.0,57.0,5.0,3,115.1,9.6
2026-06-26 01:10:00,30.4,60.8,4.0,3,139.9,11.7
2026-06-26 01:15:00,30.8,61.1,5.0,3,110.7,9.2
2026-06-26 01:20:00,31.1,61.5,4.0,3,28.9,2.4
2026-06-26 01:25:00,31.3,61.6,5.0,3,133.7,11.1
2026-06-26 01:30:00,30.9,63.5,4.0,3,144.9,12.1
2026-06-26 01:35:00,31.2,60.7,4.0,3,10.0,0.9
2026-06-26 01:40:00,31.2,59.4,4.0,3,155.2,12.9
2026-06-26 01:45:00,30.9,60.8,4.0,3,150.6,12.4
2026-06-26 01:50:00,30.6,60.8,6.0,3,45.5,3.8
2026-06-26 01:55:00,32.3,60.1,4.0,3,128.3,10.7
2026-06-26 02:00:00,28.4,62.2,5.0,2,139.2,11.6
2026-06-26 02:05:00,30.6,61.1,5.0,3,50.9,4.2
2026-06-26 02:10:00,30.3,65.8,4.0,3,156.6,13.1
2026-06-26 02:15:00,31.3,60.9,4.0,3,26.9,2.2
2026-06-26 02:20:00,29.2,61.0,4.0,3,221.4,18.4
2026-06-26 02:25:00,30.2,61.3,4.0,3,216.8,18.1
2026-06-26 02:30:00,30.7,56.0,4.0,3,176.9,14.7
2026-06-26 02:35:00,32.0,59.2,5.0,3,276.5,23.0
2026-06-26 02:40:00,31.2,64.5,4.0,3,230.7,19.2
2026-06-26 02:45:00,29.5,60.3,4.0,3,187.5,15.6
2026-06-26 02:50:00,30.2,58.6,5.0,3,242.5,20.2
2026-06-26 02:55:00,31.8,58.1,4.0,3,94.1,7.8
2026-06-26 03:00:00,29.1,65.8,4.0,3,56.3,4.7
2026-06-26 03:05:00,30.2,65.9,4.0,3,191.3,15.9
2026-06-26 03:10:00,30.3,62.8,4.0,3,95.4,8.0
2026-06-26 03:15:00,29.9,59.2,4.0,3,186.1,15.5
2026-06-26 03:20:00,33.1,57.1,4.0,3,37.2,3.1
2026-06-26 03:25:00,29.9,66.6,5.0,3,47.0,3.9
2026-06-26 03:30:00,30.8,60.1,4.0,3,10.0,0.8
2026-06-26 03:35:00,29.5,63.3,5.0,3,10.0,0.8
2026-06-26 03:40:00,30.9,61.3,4.0,3,135.2,11.4
2026-06-26 03:45:00,31.2,56.5,4.0,3,10.0,0.8
2026-06-26 03:50:00,29.7,65.0,4.0,3,17.9,1.5
2026-06-26 03:55:00,30.3,63.7,4.0,3,34.5,2.9
2026-06-26 04:00:00,29.2,58.6,5.0,3,69.1,5.8
2026-06-26 04:05:00,28.9,60.8,4.0,3,112.7,9.4
2026-06-26 04:10:00,31.2,57.8,5.0,3,277.5,23.1
2026-06-26 04:15:00,29.5,65.2,5.0,3,174.9,14.6
2026-06-26 04:20:00,27.6,64.6,4.0,2,75.7,6.3
2026-06-26 04:25:00,32.0,59.9,5.0,3,53.1,4.4
2026-06-26 04:30:00,29.3,63.1,4.0,3,106.9,8.9
2026-06-26 04:35:00,29.9,62.7,4.0,3,57.7,4.8
2026-06-26 04:40:00,31.8,60.5,4.0,3,182.9,15.2
2026-06-26 04:45:00,30.0,63.1,4.0,3,154.5,12.9
2026-06-26 04:50:00,30.0,62.3,4.0,3,57.3,4.8
2026-06-26 04:55:00,28.8,65.3,5.0,3,138.9,11.6
2026-06-26 05:00:00,28.5,65.4,5.0,3,144.9,12.1
2026-06-26 05:05:00,29.8,62.5,5.0,3,109.8,9.1
2026-06-26 05:10:00,30.3,61.2,4.0,3,139.5,11.6
2026-06-26 05:15:00,30.3,66.0,6.0,3,155.8,12.9
2026-06-26 05:20:00,29.6,62.3,5.0,3,292.5,24.5
2026-06-26 05:25:00,30.0,65.4,5.0,3,210.4,17.5
2026-06-26 05:30:00,28.3,63.8,4.0,3,20.4,1.7
2026-06-26 05:35:00,30.4,63.6,5.0,3,127.1,10.6
2026-06-26 05:40:00,30.2,66.0,5.0,3,292.3,24.4
2026-06-26 05:45:00,31.8,59.0,6.0,3,137.1,11.4
2026-06-26 05:50:00,30.0,61.2,5.0,3,267.3,22.3
2026-06-26 05:55:00,29.1,63.1,4.0,3,335.7,28.0
2026-06-26 06:00:00,29.7,63.1,7.0,0,4.4,0.4
2026-06-26 06:05:00,29.4,64.2,5.0,3,23.3,1.9
2026-06-26 06:10:00,30.1,62.4,5.0,2,185.2,15.4
2026-06-26 06:15:00,29.8,62.1,5.0,3,98.9,8.2
2026-06-26 06:20:00,28.6,68.7,5.0,3,111.4,9.3
2026-06-26 06:25:00,28.2,65.0,6.0,1,19.4,1.6
2026-06-26 06:30:00,30.0,61.4,4.0,0,5.0,0.4
2026-06-26 06:35:00,31.0,62.8,6.0,0,4.1,0.3
2026-06-26 06:40:00,29.8,64.7,5.0,3,10.0,0.8
2026-06-26 06:45:00,30.5,64.7,5.0,3,227.4,19.0
2026-06-26 06:50:00,30.7,65.5,5.0,3,135.3,11.3
2026-06-26 06:55:00,30.0,63.4,5.0,3,10.0,0.8
2026-06-26 07:00:00,28.4,64.3,6.0,1,46.1,3.8
2026-06-26 07:05:00,29.5,58.8,5.0,0,6.9,0.6
2026-06-26 07:10:00,30.7,59.2,5.0,0,3.5,0.3
2026-06-26 07:15:00,29.9,63.2,5.0,0,3.5,0.2
2026-06-26 07:20:00,30.2,59.4,8.0,3,133.4,11.1
2026-06-26 07:25:00,28.8,60.6,7.0,0,5.2,0.4
2026-06-26 07:30:00,29.1,64.1,6.0,0,8.2,0.7
2026-06-26 07:35:00,29.2,65.6,5.0,3,35.7,3.0
2026-06-26 07:40:00,29.3,63.0,6.0,3,103.0,8.6
2026-06-26 07:45:00,30.6,63.8,6.0,2,205.2,17.1
2026-06-26 07:50:00,26.7,69.1,6.0,1,91.7,7.6
2026-06-26 07:55:00,29.4,66.2,5.0,0,4.4,0.4
2026-06-26 08:00:00,29.1,69.1,7.0,1,49.2,4.1
2026-06-26 08:05:00,27.7,71.0,10.0,3,10.0,0.8
2026-06-26 08:10:00,30.0,64.3,6.0,0,5.0,0.4
2026-06-26 08:15:00,28.4,63.8,6.0,0,4.9,0.4
2026-06-26 08:20:00,28.8,64.5,6.0,0,10.5,0.9
2026-06-26 08:25:00,31.3,64.3,6.0,0,7.4,0.6
2026-06-26 08:30:00,30.3,59.9,5.0,0,4.3,0.4
2026-06-26 08:35:00,29.9,66.1,5.0,0,5.1,0.4
2026-06-26 08:40:00,29.6,62.7,8.0,0,3.9,0.3
2026-06-26 08:45:00,29.0,64.6,9.0,0,9.2,0.8
2026-06-26 08:50:00,31.5,58.3,11.0,3,88.7,7.4
2026-06-26 08:55:00,30.1,59.2,7.0,0,3.5,0.3
2026-06-26 09:00:00,29.0,63.4,6.0,0,3.5,0.3
2026-06-26 09:05:00,28.3,68.3,8.0,3,179.1,14.9
2026-06-26 09:10:00,30.4,60.3,5.0,0,7.3,0.6
2026-06-26 09:15:00,29.7,66.9,7.0,3,67.9,5.7
2026-06-26 09:20:00,28.2,63.9,8.0,0,8.9,0.7
2026-06-26 09:25:00,30.3,59.6,8.0,0,5.5,0.5
2026-06-26 09:30:00,29.5,64.0,9.0,3,10.0,0.8
2026-06-26 09:35:00,30.4,63.6,5.0,3,99.9,8.3
2026-06-26 09:40:00,30.3,62.6,5.0,0,4.9,0.4
2026-06-26 09:45:00,29.1,64.3,6.0,3,87.2,7.3
2026-06-26 09:50:00,30.5,65.7,4.0,1,49.2,4.1
2026-06-26 09:55:00,29.2,64.0,7.0,0,5.6,0.5
2026-06-26 10:00:00,30.3,61.2,7.0,0,5.6,0.5
2026-06-26 10:05:00,30.2,59.9,7.0,1,64.0,5.3
2026-06-26 10:10:00,32.1,62.6,6.0,0,9.7,0.8
2026-06-26 10:15:00,30.5,61.1,7.0,1,10.0,0.8
2026-06-26 10:20:00,32.3,58.8,7.0,3,243.0,20.2
2026-06-26 10:25:00,32.8,61.2,5.0,0,6.4,0.5
2026-06-26 10:30:00,29.9,67.3,4.0,3,143.9,12.0
2026-06-26 10:35:00,27.5,66.6,6.0,1,78.9,6.6
2026-06-26 10:40:00,32.0,59.7,6.0,0,4.8,0.4
2026-06-26 10:45:00,30.4,62.1,6.0,0,6.3,0.5
2026-06-26 10:50:00,29.8,62.0,6.0,1,133.5,11.1
2026-06-26 10:55:00,30.1,61.8,5.0,3,84.7,7.2
2026-06-26 11:00:00,31.8,59.1,5.0,0,7.4,0.5
2026-06-26 11:05:00,33.7,59.2,5.0,0,3.6,0.3
2026-06-26 11:10:00,32.4,58.8,7.0,1,47.4,4.0
2026-06-26 11:15:00,33.6,60.5,8.0,3,10.0,0.8
2026-06-26 11:20:00,32.8,58.1,4.0,0,6.0,0.6
2026-06-26 11:25:00,31.9,58.9,6.0,0,5.5,0.5
2026-06-26 11:30:00,31.8,63.0,7.0,3,101.1,8.4
2026-06-26 11:35:00,32.8,58.5,6.0,0,3.5,0.3
2026-06-26 11:40:00,33.1,57.7,7.0,0,4.7,0.4
2026-06-26 11:45:00,33.3,57.7,8.0,0,4.5,0.5
2026-06-26 11:50:00,31.9,63.3,7.0,0,4.5,0.4
2026-06-26 11:55:00,32.4,59.8,5.0,0,9.2,0.8
2026-06-26 12:00:00,33.9,59.8,8.0,0,5.5,0.5
2026-06-26 12:05:00,32.8,57.8,6.0,0,6.2,0.5
2026-06-26 12:10:00,32.0,62.4,6.0,0,6.8,0.6
2026-06-26 12:15:00,32.4,59.6,7.0,0,5.4,0.4
2026-06-26 12:20:00,33.0,60.3,6.0,0,4.6,0.4
2026-06-26 12:25:00,34.0,59.0,6.0,0,8.5,0.7
2026-06-26 12:30:00,34.7,53.1,6.0,3,275.4,22.9
2026-06-26 12:35:00,31.7,60.3,6.0,0,8.5,0.7
2026-06-26 12:40:00,32.6,61.1,7.0,0,7.3,0.6
2026-06-26 12:45:00,32.9,61.0,4.0,0,5.3,0.4
2026-06-26 12:50:00,34.2,59.4,6.0,0,6.2,0.5
2026-06-26 12:55:00,32.7,58.8,4.0,0,3.9,0.3
2026-06-26 13:00:00,33.4,61.2,6.0,0,5.7,0.5
2026-06-26 13:05:00,32.3,57.2,6.0,1,69.7,5.8
2026-06-26 13:10:00,34.5,51.5,6.0,0,3.5,0.4
2026-06-26 13:15:00,33.7,56.0,7.0,3,138.4,11.5
2026-06-26 13:20:00,33.2,60.6,6.0,3,162.8,13.6
2026-06-26 13:25:00,33.6,54.0,4.0,3,10.0,0.8
2026-06-26 13:30:00,35.2,50.5,7.0,3,185.7,15.5
2026-06-26 13:35:00,32.7,53.8,6.0,1,24.8,2.1
2026-06-26 13:40:00,32.9,59.9,6.0,0,7.1,0.6
2026-06-26 13:45:00,35.3,50.4,6.0,0,8.8,0.7
2026-06-26 13:50:00,34.0,57.6,4.0,0,3.5,0.3
2026-06-26 13:55:00,34.7,54.3,6.0,3,113.2,9.4
2026-06-26 14:00:00,35.2,52.7,7.0,3,107.1,8.9
2026-06-26 14:05:00,34.6,52.8,6.0,1,30.4,2.5
2026-06-26 14:10:00,34.2,56.2,6.0,1,112.2,9.4
2026-06-26 14:15:00,35.9,51.9,6.0,1,72.7,6.1
2026-06-26 14:20:00,36.3,53.2,7.0,4,63.7,5.3
2026-06-26 14:25:00,36.2,54.3,7.0,1,96.8,8.1
2026-06-26 14:30:00,33.0,58.6,7.0,3,120.2,10.0
2026-06-26 14:35:00,36.5,55.2,8.0,3,122.7,10.2
2026-06-26 14:40:00,34.2,56.1,7.0,3,82.3,6.9
2026-06-26 14:45:00,33.6,53.9,7.0,2,222.3,18.5
2026-06-26 14:50:00,34.4,56.6,6.0,1,77.8,6.5
2026-06-26 14:55:00,35.9,55.3,6.0,1,57.5,4.8
2026-06-26 15:00:00,36.2,52.9,8.0,5,155.0,12.9
2026-06-26 15:05:00,35.2,53.8,6.0,2,138.0,11.5
2026-06-26 15:10:00,36.6,58.3,7.0,2,108.7,9.1
2026-06-26 15:15:00,35.7,51.0,6.0,2,180.7,15.1
2026-06-26 15:20:00,34.7,56.1,7.0,2,232.6,19.4
2026-06-26 15:25:00,34.5,57.5,7.0,3,61.5,5.1
2026-06-26 15:30:00,36.1,52.6,7.0,3,10.0,0.8
2026-06-26 15:35:00,35.4,53.8,7.0,2,79.7,6.6
2026-06-26 15:40:00,33.6,55.3,7.0,2,213.7,17.8
2026-06-26 15:45:00,36.7,52.7,8.0,1,123.2,10.3
2026-06-26 15:50:00,34.8,56.8,6.0,3,72.5,6.0
2026-06-26 15:55:00,37.7,51.2,7.0,3,202.9,16.9
2026-06-26 16:00:00,33.9,62.7,7.0,3,55.9,4.6
2026-06-26 16:05:00,35.8,52.5,8.0,2,57.2,4.8
2026-06-26 16:10:00,35.0,57.6,7.0,2,38.8,3.2
2026-06-26 16:15:00,34.6,56.1,10.0,2,129.1,10.8
2026-06-26 16:20:00,35.3,54.3,8.0,3,175.1,14.6
2026-06-26 16:25:00,38.7,53.8,9.0,2,42.6,3.5
2026-06-26 16:30:00,36.3,49.3,6.0,6,96.0,7.9
2026-06-26 16:35:00,34.8,55.6,7.0,3,10.7,0.9
2026-06-26 16:40:00,33.3,54.6,7.0,2,5.0,0.4
2026-06-26 16:45:00,33.4,55.1,8.0,2,85.2,7.0
2026-06-26 16:50:00,35.2,53.1,6.0,2,288.8,24.1
2026-06-26 16:55:00,35.1,52.1,5.0,2,5.0,0.4
2026-06-26 17:00:00,35.7,48.9,7.0,6,105.1,8.8
2026-06-26 17:05:00,32.1,58.6,10.0,6,153.2,12.8
2026-06-26 17:10:00,36.0,53.0,6.0,2,167.9,14.0
2026-06-26 17:15:00,38.0,50.2,9.0,2,80.5,6.7
2026-06-26 17:20:00,39.0,52.0,7.0,2,45.4,3.8
2026-06-26 17:25:00,32.8,58.0,4.0,3,10.0,0.8
2026-06-26 17:30:00,34.7,53.9,11.0,3,67.2,5.6
2026-06-26 17:35:00,34.6,63.3,10.0,2,34.4,2.9
2026-06-26 17:40:00,36.4,55.6,8.0,2,107.8,9.0
2026-06-26 17:45:00,34.0,62.3,9.0,2,78.3,6.5
2026-06-26 17:50:00,39.1,48.6,8.0,2,147.4,12.3
2026-06-26 17:55:00,36.2,53.7,6.0,2,272.6,22.7
2026-06-26 18:00:00,34.9,51.1,8.0,3,186.4,15.5
2026-06-26 18:05:00,37.9,50.3,6.0,3,10.0,0.8
2026-06-26 18:10:00,35.1,52.6,6.0,3,261.2,21.8
2026-06-26 18:15:00,35.8,61.5,5.0,3,293.1,24.4
2026-06-26 18:20:00,33.8,53.8,7.0,3,167.3,13.9
2026-06-26 18:25:00,32.8,56.1,8.0,3,57.8,4.8
2026-06-26 18:30:00,34.1,51.4,6.0,3,63.2,5.2
2026-06-26 18:35:00,38.9,51.5,6.0,2,118.3,9.9
2026-06-26 18:40:00,36.2,50.6,7.0,3,44.4,3.7
2026-06-26 18:45:00,35.6,56.2,7.0,3,44.3,3.7
2026-06-26 18:50:00,33.4,51.2,7.0,2,52.6,4.5
2026-06-26 18:55:00,36.7,52.1,6.0,2,130.6,10.9
2026-06-26 19:00:00,32.7,53.2,5.0,3,85.8,7.2
2026-06-26 19:05:00,32.4,56.6,5.0,3,10.0,0.8
2026-06-26 19:10:00,33.8,55.4,6.0,3,135.7,11.3
2026-06-26 19:15:00,37.2,50.7,5.0,3,10.0,0.9
2026-06-26 19:20:00,37.1,51.1,5.0,3,29.3,2.4
2026-06-26 19:25:00,33.9,58.2,6.0,3,38.0,3.2
2026-06-26 19:30:00,33.6,61.3,5.0,3,136.8,11.4
2026-06-26 19:35:00,32.3,58.6,5.0,3,202.3,16.9
2026-06-26 19:40:00,34.6,53.2,5.0,2,50.1,4.2
2026-06-26 19:45:00,34.7,55.2,6.0,3,15.6,1.3
2026-06-26 19:50:00,35.6,53.2,5.0,3,210.9,17.6
2026-06-26 19:55:00,35.8,55.8,5.0,3,10.0,0.8
2026-06-26 20:00:00,33.6,57.5,4.0,3,40.9,3.4
2026-06-26 20:05:00,34.7,52.5,5.0,3,183.9,15.2
2026-06-26 20:10:00,32.9,59.9,6.0,3,10.0,0.8
2026-06-26 20:15:00,34.7,57.8,5.0,3,56.4,4.7
2026-06-26 20:20:00,33.2,60.5,6.0,3,23.3,1.9
2026-06-26 20:25:00,34.6,54.8,5.0,3,64.7,5.4
2026-06-26 20:30:00,34.4,56.7,5.0,3,44.6,3.8
2026-06-26 20:35:00,34.0,54.0,6.0,3,10.0,0.8
2026-06-26 20:40:00,35.0,55.4,4.0,3,158.4,13.2
2026-06-26 20:45:00,31.7,59.7,6.0,2,64.2,5.4
2026-06-26 20:50:00,32.4,56.8,6.0,3,135.5,11.3
2026-06-26 20:55:00,33.5,57.7,6.0,3,183.7,15.3
2026-06-26 21:00:00,31.2,59.8,4.0,3,69.1,5.8
2026-06-26 21:05:00,32.7,57.3,5.0,3,96.7,8.1
2026-06-26 21:10:00,32.8,60.7,5.0,3,183.6,15.3
2026-06-26 21:15:00,35.3,55.4,5.0,3,124.7,10.4
2026-06-26 21:20:00,33.5,57.7,4.0,3,184.7,15.4
2026-06-26 21:25:00,34.8,53.5,4.0,3,178.3,14.9
2026-06-26 21:30:00,33.8,58.2,4.0,3,108.9,9.1
2026-06-26 21:35:00,32.5,57.5,5.0,3,113.4,9.4
2026-06-26 21:40:00,33.5,59.3,5.0,3,99.0,8.2
2026-06-26 21:45:00,34.4,54.2,4.0,2,46.9,3.9
2026-06-26 21:50:00,35.1,56.8,5.0,3,113.5,9.5
2026-06-26 21:55:00,33.1,53.7,4.0,3,56.9,4.7
2026-06-26 22:00:00,30.2,61.9,4.0,3,135.0,11.2
2026-06-26 22:05:00,30.1,60.5,5.0,2,174.4,14.5
2026-06-26 22:10:00,32.2,59.7,5.0,3,121.2,10.1
2026-06-26 22:15:00,29.2,60.5,4.0,3,51.9,4.3
2026-06-26 22:20:00,35.3,54.3,4.0,3,139.0,11.6
2026-06-26 22:25:00,33.5,56.9,4.0,3,213.5,17.8
2026-06-26 22:30:00,31.7,59.7,4.0,3,105.7,8.8
2026-06-26 22:35:00,31.0,61.1,5.0,3,111.1,9.3
2026-06-26 22:40:00,34.1,57.8,5.0,3,121.2,10.1
2026-06-26 22:45:00,31.0,58.2,5.0,3,10.0,0.8
2026-06-26 22:50:00,31.2,63.3,6.0,3,73.0,6.1
2026-06-26 22:55:00,31.5,60.2,5.0,3,308.7,25.7
2026-06-26 23:00:00,32.6,58.9,5.0,3,108.8,9.1
2026-06-26 23:05:00,33.5,60.0,4.0,3,26.0,2.2
2026-06-26 23:10:00,34.6,59.1,4.0,3,101.6,8.5
2026-06-26 23:15:00,34.3,58.6,4.0,3,55.4,4.6
2026-06-26 23:20:00,32.4,59.5,4.0,3,119.9,10.0
2026-06-26 23:25:00,34.3,60.4,6.0,3,121.1,10.1
2026-06-26 23:30:00,31.2,63.3,4.0,3,99.5,8.3
2026-06-26 23:35:00,29.0,58.9,4.0,3,183.5,15.3
2026-06-26 23:40:00,31.2,62.5,5.0,3,10.0,0.8
2026-06-26 23:45:00,30.9,60.9,4.0,3,134.1,11.2
2026-06-26 23:50:00,31.2,61.0,4.0,3,196.9,16.4
2026-06-26 23:55:00,30.6,63.0,5.0,3,80.6,6.7
2026-06-27 00:00:00,31.3,56.9,4.0,3,176.5,14.7
2026-06-27 00:05:00,32.7,60.7,5.0,3,84.8,7.1
2026-06-27 00:10:00,34.1,60.2,5.0,3,10.0,0.8
2026-06-27 00:15:00,29.8,60.8,5.0,3,10.0,0.8
2026-06-27 00:20:00,30.3,59.5,6.0,2,168.3,14.0
2026-06-27 00:25:00,30.9,63.2,4.0,3,56.1,4.7
2026-06-27 00:30:00,32.9,56.9,5.0,3,77.2,6.4
2026-06-27 00:35:00,31.7,60.9,5.0,3,298.0,24.8
2026-06-27 00:40:00,31.0,62.3,4.0,3,109.0,9.1
2026-06-27 00:45:00,32.8,60.0,4.0,3,55.4,4.6
2026-06-27 00:50:00,33.1,60.0,6.0,3,151.7,12.6
2026-06-27 00:55:00,31.9,59.8,5.0,3,70.7,5.9
2026-06-27 01:00:00,30.5,62.3,5.0,3,195.9,16.3
2026-06-27 01:05:00,31.5,59.0,4.0,3,240.7,20.1
2026-06-27 01:10:00,31.0,59.9,5.0,3,119.2,9.9
2026-06-27 01:15:00,31.0,60.9,4.0,3,10.0,0.8
2026-06-27 01:20:00,30.8,58.5,5.0,3,96.2,8.0
2026-06-27 01:25:00,32.1,60.4,5.0,3,90.8,7.6
2026-06-27 01:30:00,31.5,56.0,5.0,3,249.0,20.8
2026-06-27 01:35:00,32.2,59.9,5.0,3,144.3,12.0
2026-06-27 01:40:00,32.5,59.7,4.0,2,86.6,7.2
2026-06-27 01:45:00,31.7,58.6,5.0,3,70.6,5.9
2026-06-27 01:50:00,30.8,59.0,5.0,3,228.0,19.0
2026-06-27 01:55:00,32.2,58.6,5.0,2,5.0,0.4
2026-06-27 02:00:00,31.3,62.0,4.0,3,94.6,7.9
2026-06-27 02:05:00,33.7,57.7,5.0,3,93.8,7.9
2026-06-27 02:10:00,31.1,58.1,4.0,3,61.0,5.1
2026-06-27 02:15:00,31.6,60.2,4.0,2,30.7,2.6
2026-06-27 02:20:00,31.1,61.4,4.0,3,207.1,17.2
2026-06-27 02:25:00,30.7,61.8,4.0,3,57.7,4.8
2026-06-27 02:30:00,30.5,59.3,4.0,3,162.2,13.5
2026-06-27 02:35:00,31.1,61.1,5.0,3,140.3,11.7
2026-06-27 02:40:00,31.4,62.5,4.0,3,111.0,9.2
2026-06-27 02:45:00,32.1,60.5,6.0,3,185.3,15.4
2026-06-27 02:50:00,31.1,61.7,4.0,3,240.7,20.1
2026-06-27 02:55:00,30.3,65.9,4.0,3,10.0,0.8
2026-06-27 03:00:00,30.0,62.6,4.0,2,96.7,8.1
2026-06-27 03:05:00,28.9,61.9,4.0,3,90.7,7.6
2026-06-27 03:10:00,32.0,56.9,4.0,2,191.6,16.0
2026-06-27 03:15:00,29.7,63.1,5.0,3,83.6,7.0
2026-06-27 03:20:00,31.3,56.6,4.0,3,114.4,9.5
2026-06-27 03:25:00,30.6,60.5,4.0,3,54.0,4.5
2026-06-27 03:30:00,30.6,62.3,4.0,3,14.6,1.2
2026-06-27 03:35:00,30.2,64.7,5.0,3,95.5,8.0
2026-06-27 03:40:00,29.5,59.3,4.0,3,194.5,16.1
2026-06-27 03:45:00,29.3,63.5,4.0,3,87.2,7.3
2026-06-27 03:50:00,32.1,58.6,4.0,3,141.6,11.8
2026-06-27 03:55:00,30.4,61.6,5.0,3,239.7,20.0
2026-06-27 04:00:00,31.3,60.5,4.0,3,119.6,10.0
2026-06-27 04:05:00,31.6,59.5,5.0,3,192.1,16.0
2026-06-27 04:10:00,29.7,66.5,6.0,3,200.3,16.7
2026-06-27 04:15:00,30.6,64.6,5.0,3,214.3,17.9
2026-06-27 04:20:00,30.2,67.6,4.0,3,288.2,24.0
2026-06-27 04:25:00,28.9,64.2,5.0,3,93.8,7.8
2026-06-27 04:30:00,29.9,61.5,5.0,3,185.4,15.4
2026-06-27 04:35:00,30.7,58.6,5.0,3,124.1,10.3
2026-06-27 04:40:00,29.6,61.7,4.0,3,148.9,12.4
2026-06-27 04:45:00,29.8,64.6,4.0,3,141.2,11.8
2026-06-27 04:50:00,29.9,64.8,4.0,3,210.1,17.5
2026-06-27 04:55:00,32.3,60.1,5.0,2,5.0,0.4
2026-06-27 05:00:00,28.3,63.9,4.0,3,60.4,5.0
2026-06-27 05:05:00,30.4,60.6,4.0,2,119.2,9.9
2026-06-27 05:10:00,29.7,67.2,4.0,3,139.6,11.7
2026-06-27 05:15:00,29.4,61.8,5.0,3,10.0,0.8
2026-06-27 05:20:00,29.7,66.0,5.0,3,34.8,3.0
2026-06-27 05:25:00,30.6,62.5,4.0,2,152.9,12.7
2026-06-27 05:30:00,30.7,59.9,5.0,2,154.8,12.9
2026-06-27 05:35:00,30.2,59.8,5.0,3,54.2,4.5
2026-06-27 05:40:00,31.0,59.5,4.0,3,157.1,13.1
2026-06-27 05:45:00,31.2,61.5,5.0,3,141.9,11.8
2026-06-27 05:50:00,30.7,59.6,6.0,3,228.2,19.1
2026-06-27 05:55:00,29.5,66.6,5.0,3,191.9,16.0
2026-06-27 06:00:00,30.2,61.9,6.0,3,103.7,8.6
2026-06-27 06:05:00,30.2,63.8,5.0,1,10.0,0.8
2026-06-27 06:10:00,29.0,65.5,5.0,0,9.0,0.9
2026-06-27 06:15:00,28.3,68.5,5.0,1,26.2,2.2
2026-06-27 06:20:00,27.9,65.0,4.0,3,370.0,30.8
2026-06-27 06:25:00,29.8,63.2,5.0,3,121.6,10.2
2026-06-27 06:30:00,30.0,59.9,6.0,3,10.0,0.8
2026-06-27 06:35:00,28.6,65.0,6.0,3,10.0,0.8
2026-06-27 06:40:00,30.7,63.9,5.0,0,6.8,0.6
2026-06-27 06:45:00,29.9,63.3,5.0,3,166.4,13.9
2026-06-27 06:50:00,30.9,65.9,6.0,3,10.0,0.7
2026-06-27 06:55:00,30.1,63.6,5.0,1,46.8,3.9
2026-06-27 07:00:00,28.1,64.2,5.0,3,121.0,10.1
2026-06-27 07:05:00,29.8,64.0,4.0,0,3.9,0.3
2026-06-27 07:10:00,30.1,58.9,5.0,0,6.0,0.5
2026-06-27 07:15:00,28.7,62.6,5.0,2,156.0,13.0
2026-06-27 07:20:00,27.7,63.2,6.0,0,8.6,0.7
2026-06-27 07:25:00,29.4,63.5,4.0,1,67.2,5.6
2026-06-27 07:30:00,28.2,65.2,5.0,0,8.0,0.6
2026-06-27 07:35:00,30.5,64.7,5.0,0,7.9,0.7
2026-06-27 07:40:00,28.9,64.0,6.0,1,50.7,4.2
2026-06-27 07:45:00,31.2,58.3,6.0,0,4.8,0.4
2026-06-27 07:50:00,27.0,70.9,4.0,0,3.6,0.3
2026-06-27 07:55:00,29.5,56.3,6.0,0,5.5,0.4
2026-06-27 08:00:00,30.8,61.4,6.0,0,5.7,0.5
2026-06-27 08:05:00,28.2,65.7,8.0,0,5.1,0.3
2026-06-27 08:10:00,29.0,64.0,5.0,0,4.3,0.4
2026-06-27 08:15:00,28.7,65.7,7.0,0,3.5,0.3
2026-06-27 08:20:00,28.4,65.2,8.0,1,75.0,6.3
2026-06-27 08:25:00,29.5,64.5,6.0,3,75.5,6.3
2026-06-27 08:30:00,27.7,64.5,11.0,0,6.9,0.7
2026-06-27 08:35:00,29.1,60.4,7.0,0,4.1,0.4
2026-06-27 08:40:00,29.8,62.7,10.0,0,7.1,0.5
2026-06-27 08:45:00,29.0,61.5,11.0,1,130.7,10.9
2026-06-27 08:50:00,28.1,63.6,4.0,0,4.9,0.4
2026-06-27 08:55:00,30.4,64.7,9.0,0,5.3,0.4
2026-06-27 09:00:00,30.6,65.4,7.0,3,272.9,22.8
2026-06-27 09:05:00,28.6,67.5,7.0,0,3.5,0.3
2026-06-27 09:10:00,28.4,67.3,5.0,0,6.3,0.5
2026-06-27 09:15:00,28.7,64.7,5.0,0,4.9,0.4
2026-06-27 09:20:00,30.4,64.4,4.0,0,3.5,0.3
2026-06-27 09:25:00,30.1,63.3,10.0,3,10.0,0.8
2026-06-27 09:30:00,30.7,66.2,7.0,3,192.6,16.0
2026-06-27 09:35:00,29.4,61.3,4.0,0,5.0,0.5
2026-06-27 09:40:00,28.8,66.0,4.0,3,74.3,6.2
2026-06-27 09:45:00,30.8,58.3,4.0,3,66.3,5.5
2026-06-27 09:50:00,29.2,65.4,8.0,0,3.8,0.4
2026-06-27 09:55:00,30.0,58.5,6.0,3,239.1,19.9
2026-06-27 10:00:00,29.0,61.4,7.0,0,3.5,0.3
2026-06-27 10:05:00,30.1,59.7,6.0,0,7.0,0.7
2026-06-27 10:10:00,31.9,60.7,7.0,3,59.6,5.0
2026-06-27 10:15:00,30.0,63.5,6.0,0,3.5,0.3
2026-06-27 10:20:00,31.7,65.8,7.0,3,25.9,2.3
2026-06-27 10:25:00,28.1,65.1,6.0,0,6.4,0.6
2026-06-27 10:30:00,30.1,64.3,5.0,0,10.1,0.8
2026-06-27 10:35:00,30.6,62.2,5.0,1,10.0,0.8
2026-06-27 10:40:00,32.7,60.5,6.0,3,63.7,5.3
2026-06-27 10:45:00,29.4,63.8,7.0,0,3.6,0.3
2026-06-27 10:50:00,31.5,63.1,8.0,0,6.4,0.5
2026-06-27 10:55:00,32.0,57.7,6.0,3,16.2,1.3
2026-06-27 11:00:00,31.4,54.7,6.0,0,4.7,0.4
2026-06-27 11:05:00,31.8,60.9,7.0,1,138.1,11.5
2026-06-27 11:10:00,32.4,54.7,6.0,0,6.0,0.5
2026-06-27 11:15:00,30.6,64.9,6.0,1,54.5,4.5
2026-06-27 11:20:00,31.7,58.8,8.0,0,3.5,0.3
2026-06-27 11:25:00,33.6,54.7,6.0,3,10.0,0.8
2026-06-27 11:30:00,32.8,64.9,6.0,1,74.3,6.2
2026-06-27 11:35:00,32.0,59.6,5.0,0,6.3,0.5
2026-06-27 11:40:00,32.3,58.7,8.0,0,5.7,0.5
2026-06-27 11:45:00,32.9,60.1,5.0,0,10.3,0.9
2026-06-27 11:50:00,33.1,59.9,6.0,0,3.5,0.3
2026-06-27 11:55:00,31.6,63.0,8.0,0,4.5,0.4
2026-06-27 12:00:00,35.0,51.6,5.0,0,6.4,0.5
2026-06-27 12:05:00,34.7,56.8,8.0,0,7.3,0.6
2026-06-27 12:10:00,34.0,55.8,4.0,3,36.3,3.0
2026-06-27 12:15:00,32.3,56.9,5.0,1,66.2,5.5
2026-06-27 12:20:00,32.1,59.6,6.0,0,5.3,0.4
2026-06-27 12:25:00,32.9,53.7,10.0,3,10.0,0.8
2026-06-27 12:30:00,33.3,59.9,6.0,0,8.0,0.7
2026-06-27 12:35:00,31.3,60.0,7.0,0,5.6,0.5
2026-06-27 12:40:00,33.8,55.7,8.0,0,5.8,0.5
2026-06-27 12:45:00,34.7,55.1,5.0,1,78.4,6.5
2026-06-27 12:50:00,33.9,56.3,4.0,0,3.5,0.3
2026-06-27 12:55:00,32.5,61.7,9.0,0,6.7,0.7
2026-06-27 13:00:00,33.0,55.0,7.0,0,8.5,0.7
2026-06-27 13:05:00,34.2,54.9,6.0,3,29.0,2.4
2026-06-27 13:10:00,33.7,56.1,6.0,3,26.8,2.2
2026-06-27 13:15:00,34.4,52.8,7.0,1,122.7,10.3
2026-06-27 13:20:00,34.6,55.7,6.0,3,126.9,10.6
2026-06-27 13:25:00,35.1,52.6,6.0,0,3.5,0.3
2026-06-27 13:30:00,32.6,54.8,8.0,1,10.0,0.8
2026-06-27 13:35:00,34.1,57.4,5.0,3,10.0,0.8
2026-06-27 13:40:00,33.5,61.0,7.0,1,30.5,2.5
2026-06-27 13:45:00,33.8,56.7,5.0,0,4.6,0.3
2026-06-27 13:50:00,34.9,54.5,8.0,0,3.5,0.3
2026-06-27 13:55:00,35.0,54.3,6.0,3,157.3,13.1
2026-06-27 14:00:00,36.6,51.6,6.0,1,95.1,7.9
2026-06-27 14:05:00,35.3,57.2,5.0,2,182.9,15.2
2026-06-27 14:10:00,34.5,55.6,6.0,3,10.0,0.8
2026-06-27 14:15:00,34.3,50.4,6.0,2,82.6,6.9
2026-06-27 14:20:00,32.2,60.9,7.0,3,23.3,1.9
2026-06-27 14:25:00,36.6,55.2,6.0,3,86.1,7.2
2026-06-27 14:30:00,34.2,57.1,6.0,3,69.4,5.8
2026-06-27 14:35:00,35.4,48.0,6.0,0,6.4,0.5
2026-06-27 14:40:00,35.6,54.0,6.0,1,26.5,2.2
2026-06-27 14:45:00,32.9,59.4,6.0,3,109.9,9.2
2026-06-27 14:50:00,33.3,57.7,6.0,1,10.0,0.8
2026-06-27 14:55:00,36.9,53.0,7.0,3,10.0,0.9
2026-06-27 15:00:00,35.9,55.6,6.0,2,158.8,13.2
2026-06-27 15:05:00,34.7,55.3,7.0,5,201.0,16.8
2026-06-27 15:10:00,35.3,56.9,7.0,2,5.0,0.4
2026-06-27 15:15:00,37.0,52.7,6.0,3,272.2,22.7
2026-06-27 15:20:00,36.8,52.8,7.0,2,65.4,5.4
2026-06-27 15:25:00,33.5,58.3,7.0,2,127.1,10.6
2026-06-27 15:30:00,37.7,50.7,7.0,2,61.7,5.1
2026-06-27 15:35:00,36.8,50.2,7.0,2,21.0,1.8
2026-06-27 15:40:00,35.3,54.3,7.0,2,49.9,4.2
2026-06-27 15:45:00,33.9,57.2,7.0,2,151.9,12.7
2026-06-27 15:50:00,36.9,54.5,7.0,3,247.5,20.6
2026-06-27 15:55:00,36.1,55.4,6.0,2,91.5,7.6
2026-06-27 16:00:00,33.8,55.5,10.0,3,10.0,0.8
2026-06-27 16:05:00,35.7,53.3,7.0,2,97.1,8.1
2026-06-27 16:10:00,40.7,48.0,8.0,2,130.3,10.9
2026-06-27 16:15:00,36.1,53.8,10.0,2,121.2,10.1
2026-06-27 16:20:00,34.9,50.7,7.0,2,214.6,17.9
2026-06-27 16:25:00,34.5,55.0,8.0,6,164.2,13.7
2026-06-27 16:30:00,38.7,57.0,5.0,2,192.1,16.0
2026-06-27 16:35:00,37.3,48.5,5.0,2,133.5,11.1
2026-06-27 16:40:00,38.1,51.4,8.0,6,152.2,12.7
2026-06-27 16:45:00,36.4,53.8,8.0,2,78.6,6.4
2026-06-27 16:50:00,37.9,52.5,9.0,2,206.1,17.2
2026-06-27 16:55:00,34.7,52.5,9.0,2,232.1,19.3
2026-06-27 17:00:00,36.4,54.2,4.0,2,5.0,0.4
2026-06-27 17:05:00,36.6,51.1,12.0,3,158.0,13.2
2026-06-27 17:10:00,38.6,48.0,5.0,3,73.9,6.2
2026-06-27 17:15:00,36.7,55.1,11.0,3,94.0,7.8
2026-06-27 17:20:00,35.0,56.2,7.0,3,95.8,8.1
2026-06-27 17:25:00,36.2,50.3,14.0,2,94.7,7.9
2026-06-27 17:30:00,33.1,54.9,7.0,3,34.6,2.9
2026-06-27 17:35:00,32.0,56.0,8.0,2,86.6,7.2
2026-06-27 17:40:00,37.6,48.0,9.0,3,94.5,7.9
2026-06-27 17:45:00,35.4,56.0,8.0,3,239.0,19.9
2026-06-27 17:50:00,35.6,55.9,6.0,2,26.2,2.2
2026-06-27 17:55:00,37.6,50.5,14.0,2,62.5,5.2
2026-06-27 18:00:00,37.5,51.5,5.0,3,265.0,22.1
2026-06-27 18:05:00,36.0,53.5,5.0,3,94.2,7.8
2026-06-27 18:10:00,38.5,51.2,6.0,3,10.0,0.8
2026-06-27 18:15:00,36.0,49.6,6.0,3,82.0,6.8
2026-06-27 18:20:00,35.6,55.0,5.0,3,77.2,6.4
2026-06-27 18:25:00,35.5,50.6,7.0,3,231.0,19.2
2026-06-27 18:30:00,32.9,58.5,6.0,3,10.0,0.8
2026-06-27 18:35:00,36.8,49.5,6.0,3,10.0,0.8
2026-06-27 18:40:00,30.9,55.3,7.0,3,42.0,3.5
2026-06-27 18:45:00,34.1,55.2,5.0,2,71.8,6.0
2026-06-27 18:50:00,35.2,54.0,5.0,3,161.9,13.5
2026-06-27 18:55:00,33.8,55.9,6.0,3,21.3,1.8
2026-06-27 19:00:00,33.9,53.9,6.0,3,81.7,6.8
2026-06-27 19:05:00,37.0,52.8,5.0,3,169.2,14.0
2026-06-27 19:10:00,36.0,54.2,5.0,3,10.0,0.8
2026-06-27 19:15:00,33.6,59.0,4.0,3,94.0,7.8
2026-06-27 19:20:00,33.9,56.4,5.0,3,124.4,10.4
2026-06-27 19:25:00,32.8,55.9,4.0,3,159.9,13.3
2026-06-27 19:30:00,35.5,51.0,5.0,3,66.7,5.6
2026-06-27 19:35:00,34.2,52.1,5.0,2,184.5,15.3
2026-06-27 19:40:00,31.8,59.2,7.0,3,238.7,19.9
2026-06-27 19:45:00,34.6,57.0,5.0,3,60.0,5.0
2026-06-27 19:50:00,35.1,52.5,5.0,3,174.3,14.5
2026-06-27 19:55:00,35.8,54.3,5.0,3,202.1,16.8
2026-06-27 20:00:00,33.8,56.3,5.0,3,10.0,0.8
2026-06-27 20:05:00,33.4,58.6,6.0,3,238.8,19.9
2026-06-27 20:10:00,36.7,55.5,5.0,3,10.0,0.8
2026-06-27 20:15:00,33.9,51.8,4.0,3,64.7,5.4
2026-06-27 20:20:00,34.9,57.7,5.0,3,199.3,16.5
2026-06-27 20:25:00,33.1,58.0,5.0,3,64.9,5.4
2026-06-27 20:30:00,34.9,54.4,6.0,3,95.7,8.0
2026-06-27 20:35:00,31.8,57.7,6.0,3,184.6,15.4
2026-06-27 20:40:00,33.2,57.4,5.0,2,5.0,0.4
2026-06-27 20:45:00,32.2,57.3,5.0,2,120.4,10.0
2026-06-27 20:50:00,33.0,55.6,6.0,3,118.1,9.8
2026-06-27 20:55:00,35.7,53.2,7.0,3,14.7,1.2
2026-06-27 21:00:00,32.4,56.5,6.0,3,208.2,17.3
2026-06-27 21:05:00,34.4,59.2,4.0,3,133.6,11.1
2026-06-27 21:10:00,35.6,55.7,5.0,3,10.0,0.8
2026-06-27 21:15:00,33.3,61.9,6.0,3,92.9,7.7
2026-06-27 21:20:00,34.8,57.0,5.0,2,40.9,3.4
2026-06-27 21:25:00,34.1,58.0,5.0,3,132.9,11.1
2026-06-27 21:30:00,33.5,55.4,4.0,3,68.0,5.7
2026-06-27 21:35:00,34.4,56.2,5.0,3,10.0,0.8
2026-06-27 21:40:00,36.0,55.4,4.0,3,10.0,0.8
2026-06-27 21:45:00,32.4,57.2,5.0,3,44.3,3.7
2026-06-27 21:50:00,31.9,58.0,6.0,3,134.9,11.2
2026-06-27 21:55:00,31.8,59.8,4.0,3,205.5,17.1
2026-06-27 22:00:00,34.1,58.0,4.0,3,10.0,0.9
2026-06-27 22:05:00,34.3,54.5,4.0,3,51.8,4.3
2026-06-27 22:10:00,31.8,59.8,5.0,3,10.0,0.8
2026-06-27 22:15:00,29.5,62.4,4.0,3,99.9,8.3
2026-06-27 22:20:00,31.6,58.3,4.0,3,235.7,19.6
2026-06-27 22:25:00,33.4,56.5,7.0,3,193.0,16.1
2026-06-27 22:30:00,32.5,59.5,4.0,3,78.9,6.6
2026-06-27 22:35:00,32.9,53.4,4.0,3,73.3,6.1
2026-06-27 22:40:00,31.9,59.2,5.0,3,70.8,5.9
2026-06-27 22:45:00,34.1,60.3,5.0,2,197.3,16.4
2026-06-27 22:50:00,33.1,53.2,4.0,3,76.3,6.4
2026-06-27 22:55:00,33.5,59.3,4.0,3,104.8,8.7
2026-06-27 23:00:00,32.7,60.6,5.0,3,70.6,5.9
2026-06-27 23:05:00,33.4,57.3,5.0,3,101.8,8.5
2026-06-27 23:10:00,33.2,60.3,4.0,3,10.0,0.8
2026-06-27 23:15:00,30.7,62.4,5.0,3,141.9,11.8
2026-06-27 23:20:00,33.1,57.8,5.0,3,157.0,13.1
2026-06-27 23:25:00,33.8,58.1,5.0,3,321.1,26.8
2026-06-27 23:30:00,34.5,58.8,4.0,3,146.2,12.2
2026-06-27 23:35:00,33.2,61.0,5.0,3,89.2,7.4
2026-06-27 23:40:00,30.6,60.2,4.0,3,244.1,20.3
2026-06-27 23:45:00,30.9,60.8,5.0,3,226.5,18.9
2026-06-27 23:50:00,31.6,59.4,5.0,3,40.1,3.3
2026-06-27 23:55:00,32.7,59.8,5.0,3,256.2,21.3
2026-06-28 00:00:00,31.6,61.9,5.0,3,133.2,11.1
2026-06-28 00:05:00,30.4,61.5,4.0,3,10.0,0.8
2026-06-28 00:10:00,30.4,60.8,4.0,3,40.0,3.3
2026-06-28 00:15:00,29.2,62.2,4.0,3,49.3,4.1
2026-06-28 00:20:00,27.9,62.2,5.0,3,234.9,19.6
2026-06-28 00:25:00,31.6,59.0,5.0,3,119.9,10.0
2026-06-28 00:30:00,34.7,59.6,5.0,3,113.3,9.4
2026-06-28 00:35:00,34.0,60.8,4.0,3,99.3,8.3
2026-06-28 00:40:00,30.6,58.7,5.0,3,278.8,23.2
2026-06-28 00:45:00,32.0,60.9,4.0,3,86.2,7.2
2026-06-28 00:50:00,30.0,62.9,5.0,3,67.9,5.7
2026-06-28 00:55:00,30.2,59.8,5.0,3,209.1,17.4
2026-06-28 01:00:00,30.0,61.4,4.0,3,119.2,9.9
2026-06-28 01:05:00,30.9,60.0,4.0,3,228.7,19.1
2026-06-28 01:10:00,31.0,64.1,4.0,3,68.0,5.7
2026-06-28 01:15:00,31.4,63.2,4.0,3,120.2,10.0
2026-06-28 01:20:00,31.7,58.4,4.0,3,262.7,21.9
2026-06-28 01:25:00,30.8,58.7,4.0,3,60.8,5.0
2026-06-28 01:30:00,31.2,61.9,4.0,3,190.3,15.9
2026-06-28 01:35:00,30.1,63.0,4.0,3,10.0,0.8
2026-06-28 01:40:00,29.9,64.4,4.0,3,169.5,14.0
2026-06-28 01:45:00,29.7,60.8,4.0,3,47.2,3.9
2026-06-28 01:50:00,31.7,61.2,4.0,3,182.5,15.2
2026-06-28 01:55:00,30.8,59.9,4.0,3,10.0,0.8
2026-06-28 02:00:00,28.5,66.1,4.0,3,194.3,16.2
2026-06-28 02:05:00,30.6,61.4,5.0,3,98.4,8.2
2026-06-28 02:10:00,29.2,68.1,4.0,3,140.0,11.7
2026-06-28 02:15:00,32.5,59.7,4.0,3,114.5,9.5
2026-06-28 02:20:00,30.0,61.6,4.0,3,94.5,7.9
2026-06-28 02:25:00,31.4,60.6,4.0,2,109.4,9.1
2026-06-28 02:30:00,31.9,59.3,4.0,3,45.5,3.8
2026-06-28 02:35:00,29.6,60.2,4.0,2,174.6,14.6
2026-06-28 02:40:00,30.7,65.9,5.0,3,18.9,1.6
2026-06-28 02:45:00,31.3,64.3,5.0,3,164.9,13.7
2026-06-28 02:50:00,30.8,60.7,5.0,3,10.0,0.8
2026-06-28 02:55:00,31.0,62.6,4.0,3,89.6,7.5
2026-06-28 03:00:00,28.8,69.0,4.0,3,14.2,1.2
2026-06-28 03:05:00,30.7,64.0,4.0,3,72.9,6.1
2026-06-28 03:10:00,29.7,61.9,4.0,3,10.0,0.7
2026-06-28 03:15:00,30.5,61.2,4.0,3,207.0,17.2
2026-06-28 03:20:00,31.1,56.3,5.0,3,166.4,13.9
2026-06-28 03:25:00,30.9,62.6,4.0,3,98.8,8.2
2026-06-28 03:30:00,30.5,64.3,4.0,2,108.7,9.1
2026-06-28 03:35:00,30.8,63.9,4.0,3,119.3,9.9
2026-06-28 03:40:00,30.9,62.4,4.0,2,5.0,0.4
2026-06-28 03:45:00,31.7,60.3,4.0,3,206.9,17.2
2026-06-28 03:50:00,30.1,59.6,4.0,3,56.0,4.7
2026-06-28 03:55:00,30.3,62.5,4.0,3,218.7,18.2
2026-06-28 04:00:00,31.0,59.0,4.0,2,59.9,5.0
2026-06-28 04:05:00,29.5,64.6,5.0,3,41.2,3.4
2026-06-28 04:10:00,28.6,62.8,4.0,3,100.0,8.3
2026-06-28 04:15:00,30.5,62.8,5.0,3,10.0,0.8
2026-06-28 04:20:00,29.8,66.1,4.0,3,224.5,18.7
2026-06-28 04:25:00,28.7,65.6,5.0,3,78.3,6.5
2026-06-28 04:30:00,30.5,62.3,4.0,3,133.3,11.1
2026-06-28 04:35:00,31.5,62.1,5.0,3,35.8,3.0
2026-06-28 04:40:00,28.3,69.9,4.0,3,85.3,7.1
2026-06-28 04:45:00,31.1,60.2,4.0,3,14.8,1.2
2026-06-28 04:50:00,27.3,68.4,5.0,3,28.8,2.4
2026-06-28 04:55:00,29.6,67.0,5.0,2,235.4,19.6
2026-06-28 05:00:00,31.6,61.4,5.0,3,10.0,0.8
2026-06-28 05:05:00,29.6,59.0,5.0,3,79.9,6.7
2026-06-28 05:10:00,29.9,61.2,6.0,3,40.2,3.4
2026-06-28 05:15:00,30.6,63.2,5.0,3,297.0,24.7
2026-06-28 05:20:00,28.3,64.4,6.0,3,10.0,0.8
2026-06-28 05:25:00,29.9,65.8,6.0,3,40.6,3.3
2026-06-28 05:30:00,29.9,66.6,6.0,3,168.4,14.0
2026-06-28 05:35:00,31.6,58.8,6.0,3,13.7,1.1
2026-06-28 05:40:00,28.7,62.5,5.0,3,88.2,7.4
2026-06-28 05:45:00,29.5,62.6,5.0,3,163.2,13.6
2026-06-28 05:50:00,29.0,63.3,5.0,2,146.3,12.2
2026-06-28 05:55:00,28.9,67.5,6.0,3,156.6,13.0
2026-06-28 06:00:00,30.6,59.7,5.0,3,103.2,8.6
2026-06-28 06:05:00,29.6,64.8,5.0,3,90.7,7.7
2026-06-28 06:10:00,29.1,66.8,7.0,0,5.2,0.4
2026-06-28 06:15:00,29.1,65.7,5.0,3,183.7,15.3
2026-06-28 06:20:00,29.1,64.9,5.0,0,7.1,0.5
2026-06-28 06:25:00,29.2,63.6,5.0,2,257.9,21.6
2026-06-28 06:30:00,28.4,68.8,6.0,3,205.8,17.2
2026-06-28 06:35:00,29.4,63.1,5.0,1,96.0,8.0
2026-06-28 06:40:00,29.3,65.6,6.0,3,104.4,8.7
2026-06-28 06:45:00,28.9,64.1,6.0,0,5.3,0.4
2026-06-28 06:50:00,29.7,59.5,4.0,1,28.0,2.3
2026-06-28 06:55:00,29.8,62.4,4.0,1,107.2,8.9
2026-06-28 07:00:00,28.6,64.3,5.0,3,143.8,12.0
2026-06-28 07:05:00,29.0,63.7,6.0,0,5.3,0.4
2026-06-28 07:10:00,31.6,58.5,4.0,0,5.4,0.4
2026-06-28 07:15:00,31.5,61.8,4.0,0,5.8,0.5
2026-06-28 07:20:00,28.0,67.4,5.0,0,5.5,0.5
2026-06-28 07:25:00,28.2,64.6,7.0,0,6.4,0.5
2026-06-28 07:30:00,28.0,64.9,4.0,0,8.4,0.7
2026-06-28 07:35:00,30.4,59.4,4.0,0,7.4,0.6
2026-06-28 07:40:00,28.7,65.2,8.0,0,9.0,0.8
2026-06-28 07:45:00,29.5,66.6,4.0,0,3.5,0.3
2026-06-28 07:50:00,31.4,63.7,5.0,3,52.5,4.5
2026-06-28 07:55:00,29.2,62.3,4.0,0,4.0,0.3
2026-06-28 08:00:00,29.9,67.4,6.0,1,43.5,3.6
2026-06-28 08:05:00,29.7,62.1,6.0,0,7.7,0.6
2026-06-28 08:10:00,28.4,62.5,10.0,0,3.5,0.3
2026-06-28 08:15:00,30.3,58.8,8.0,1,119.8,10.0
2026-06-28 08:20:00,28.1,62.8,4.0,0,8.7,0.7
2026-06-28 08:25:00,30.6,62.4,4.0,3,198.9,16.6
2026-06-28 08:30:00,28.4,64.3,7.0,3,166.2,13.8
2026-06-28 08:35:00,28.5,63.2,5.0,1,77.2,6.5
2026-06-28 08:40:00,27.9,63.6,5.0,3,69.7,5.8
2026-06-28 08:45:00,28.0,62.9,9.0,3,51.9,4.3
2026-06-28 08:50:00,28.6,62.5,4.0,0,4.5,0.4
2026-06-28 08:55:00,26.3,70.5,6.0,3,257.0,21.4
2026-06-28 09:00:00,29.4,67.8,7.0,3,53.6,4.5
2026-06-28 09:05:00,29.1,68.4,4.0,0,5.2,0.4
2026-06-28 09:10:00,30.5,63.5,9.0,0,4.8,0.4
2026-06-28 09:15:00,30.1,61.2,4.0,0,5.5,0.5
2026-06-28 09:20:00,28.9,62.7,6.0,0,8.8,0.7
2026-06-28 09:25:00,29.1,65.8,5.0,0,8.1,0.7
2026-06-28 09:30:00,29.4,62.9,4.0,1,31.5,2.6
2026-06-28 09:35:00,31.3,61.6,6.0,3,79.5,6.6
2026-06-28 09:40:00,28.7,69.2,8.0,3,10.0,0.8
2026-06-28 09:45:00,28.9,64.8,4.0,1,10.0,0.8
2026-06-28 09:50:00,28.4,70.5,5.0,3,188.3,15.7
2026-06-28 09:55:00,28.0,62.9,5.0,3,52.8,4.4
2026-06-28 10:00:00,31.0,62.3,7.0,1,53.8,4.5
2026-06-28 10:05:00,30.9,62.2,6.0,0,9.4,0.8
2026-06-28 10:10:00,32.1,57.7,6.0,0,10.1,0.8
2026-06-28 10:15:00,31.8,62.0,6.0,3,100.2,8.4
2026-06-28 10:20:00,33.4,61.4,5.0,0,4.6,0.4
2026-06-28 10:25:00,30.6,66.7,8.0,1,67.7,5.6
2026-06-28 10:30:00,30.3,63.2,5.0,3,92.5,7.7
2026-06-28 10:35:00,29.2,59.6,7.0,1,34.2,2.8
2026-06-28 10:40:00,31.4,61.8,8.0,3,306.8,25.6
2026-06-28 10:45:00,30.8,63.2,6.0,1,10.0,0.8
2026-06-28 10:50:00,31.4,60.3,6.0,3,256.4,21.4
2026-06-28 10:55:00,29.3,64.1,7.0,3,127.7,10.6
2026-06-28 11:00:00,32.5,57.7,6.0,1,54.0,4.5
2026-06-28 11:05:00,32.3,58.9,4.0,0,3.5,0.3
2026-06-28 11:10:00,32.2,61.8,6.0,3,42.4,3.5
2026-06-28 11:15:00,31.3,64.0,8.0,3,111.0,9.2
2026-06-28 11:20:00,33.4,54.4,7.0,0,5.8,0.5
2026-06-28 11:25:00,34.3,54.9,6.0,1,138.8,11.6
2026-06-28 11:30:00,30.9,57.5,7.0,0,6.2,0.5
2026-06-28 11:35:00,32.9,62.7,6.0,3,94.0,7.8
2026-06-28 11:40:00,28.9,66.5,6.0,0,3.5,0.3
2026-06-28 11:45:00,32.8,53.6,6.0,0,7.1,0.6
2026-06-28 11:50:00,30.0,62.5,7.0,0,3.5,0.3
2026-06-28 11:55:00,31.5,59.7,5.0,0,4.7,0.4
2026-06-28 12:00:00,31.7,58.2,6.0,3,240.0,20.0
2026-06-28 12:05:00,32.9,60.8,8.0,0,7.0,0.6
2026-06-28 12:10:00,34.1,58.9,6.0,0,6.4,0.5
2026-06-28 12:15:00,31.0,61.9,7.0,0,5.7,0.5
2026-06-28 12:20:00,32.7,57.0,7.0,0,6.0,0.5
2026-06-28 12:25:00,32.5,57.3,6.0,3,326.9,27.2
2026-06-28 12:30:00,34.9,55.2,6.0,0,6.8,0.6
2026-06-28 12:35:00,33.6,56.0,4.0,3,129.4,10.8
2026-06-28 12:40:00,31.8,60.0,5.0,0,4.3,0.4
2026-06-28 12:45:00,32.6,60.1,7.0,0,6.2,0.5
2026-06-28 12:50:00,34.9,51.3,7.0,3,170.9,14.2
2026-06-28 12:55:00,33.9,54.8,5.0,0,5.5,0.5
2026-06-28 13:00:00,32.7,58.2,6.0,1,76.9,6.4
2026-06-28 13:05:00,33.5,61.1,6.0,0,5.8,0.5
2026-06-28 13:10:00,33.5,59.2,7.0,3,273.3,22.8
2026-06-28 13:15:00,33.1,57.6,8.0,3,147.1,12.3
2026-06-28 13:20:00,31.8,60.8,7.0,0,7.8,0.6
2026-06-28 13:25:00,33.0,57.5,5.0,3,30.2,2.5
2026-06-28 13:30:00,35.4,56.8,7.0,0,6.1,0.5
2026-06-28 13:35:00,33.3,58.5,5.0,1,33.9,2.8
2026-06-28 13:40:00,33.6,60.2,8.0,0,8.3,0.7
2026-06-28 13:45:00,33.9,52.9,5.0,0,4.5,0.4
2026-06-28 13:50:00,36.3,50.5,6.0,1,72.0,6.0
2026-06-28 13:55:00,33.8,57.3,6.0,1,95.2,7.9
2026-06-28 14:00:00,36.1,54.7,6.0,2,221.1,18.4
2026-06-28 14:05:00,33.7,62.1,6.0,3,91.6,7.6
2026-06-28 14:10:00,34.1,51.5,7.0,2,53.2,4.5
2026-06-28 14:15:00,34.5,55.3,7.0,2,5.0,0.4
2026-06-28 14:20:00,33.4,56.5,6.0,3,101.1,8.4
2026-06-28 14:25:00,34.2,56.3,7.0,3,37.9,3.2
2026-06-28 14:30:00,35.8,58.0,6.0,2,187.9,15.7
2026-06-28 14:35:00,33.4,58.7,7.0,2,182.3,15.2
2026-06-28 14:40:00,34.5,51.5,5.0,2,103.5,8.6
2026-06-28 14:45:00,35.5,57.9,6.0,2,5.0,0.4
2026-06-28 14:50:00,33.3,60.4,7.0,2,58.6,4.9
2026-06-28 14:55:00,36.1,54.1,7.0,3,105.9,8.8
2026-06-28 15:00:00,35.5,50.5,9.0,3,10.0,0.8
2026-06-28 15:05:00,35.1,54.2,6.0,3,10.0,0.8
2026-06-28 15:10:00,32.6,58.4,7.0,6,180.6,15.0
2026-06-28 15:15:00,34.8,57.1,7.0,2,113.7,9.5
2026-06-28 15:20:00,35.9,49.7,8.0,6,144.7,12.1
2026-06-28 15:25:00,37.7,49.9,8.0,2,160.9,13.4
2026-06-28 15:30:00,36.1,55.8,7.0,3,96.9,8.0
2026-06-28 15:35:00,36.9,55.8,6.0,2,22.8,1.9
2026-06-28 15:40:00,33.7,57.0,7.0,2,180.9,15.1
2026-06-28 15:45:00,35.2,56.9,6.0,3,82.8,6.9
2026-06-28 15:50:00,37.0,53.4,7.0,6,91.8,7.6
2026-06-28 15:55:00,34.1,57.8,4.0,2,162.7,13.6
2026-06-28 16:00:00,37.4,52.2,7.0,2,163.8,13.6
2026-06-28 16:05:00,37.0,53.4,9.0,3,259.7,21.6
2026-06-28 16:10:00,36.3,50.2,9.0,2,142.0,11.8
2026-06-28 16:15:00,35.4,55.6,5.0,2,5.0,0.4
2026-06-28 16:20:00,34.4,52.2,9.0,2,124.8,10.4
2026-06-28 16:25:00,38.6,52.2,6.0,2,70.2,5.8
2026-06-28 16:30:00,36.9,51.4,7.0,3,60.9,5.1
2026-06-28 16:35:00,36.4,53.7,9.0,2,145.5,12.1
2026-06-28 16:40:00,35.3,51.9,6.0,2,5.0,0.4
2026-06-28 16:45:00,36.0,52.2,10.0,1,20.5,1.7
2026-06-28 16:50:00,36.1,54.1,8.0,3,130.0,10.8
2026-06-28 16:55:00,36.5,54.5,8.0,6,189.6,15.8
2026-06-28 17:00:00,37.3,54.8,11.0,2,5.0,0.4
2026-06-28 17:05:00,34.6,51.5,11.0,3,66.4,5.5
2026-06-28 17:10:00,33.4,51.9,10.0,3,10.0,0.8
2026-06-28 17:15:00,36.1,50.4,7.0,2,146.5,12.2
2026-06-28 17:20:00,32.9,53.7,6.0,2,30.6,2.6
2026-06-28 17:25:00,35.4,58.3,8.0,2,5.0,0.4
2026-06-28 17:30:00,35.1,58.0,10.0,3,99.2,8.3
2026-06-28 17:35:00,36.9,49.4,5.0,2,17.5,1.6
2026-06-28 17:40:00,39.5,54.1,10.0,3,123.6,10.3
2026-06-28 17:45:00,32.5,60.7,9.0,2,87.2,7.3
2026-06-28 17:50:00,40.0,48.0,8.0,2,187.9,15.7
2026-06-28 17:55:00,35.6,50.8,9.0,4,57.7,4.9
2026-06-28 18:00:00,35.6,49.2,6.0,3,55.8,4.6
2026-06-28 18:05:00,32.5,56.8,7.0,3,86.6,7.2
2026-06-28 18:10:00,36.7,52.5,7.0,3,187.4,15.6
2026-06-28 18:15:00,35.1,54.3,10.0,3,80.4,6.7
2026-06-28 18:20:00,34.9,49.0,6.0,3,216.7,18.1
2026-06-28 18:25:00,31.6,54.2,5.0,3,123.7,10.2
2026-06-28 18:30:00,35.1,54.9,4.0,3,197.8,16.5
2026-06-28 18:35:00,36.5,54.4,4.0,3,244.2,20.3
2026-06-28 18:40:00,34.6,49.3,5.0,3,25.5,2.1
2026-06-28 18:45:00,37.0,48.7,7.0,3,199.5,16.6
2026-06-28 18:50:00,37.0,54.9,5.0,3,221.3,18.4
2026-06-28 18:55:00,33.9,52.2,7.0,3,199.4,16.6
2026-06-28 19:00:00,36.6,52.8,5.0,3,81.5,6.8
2026-06-28 19:05:00,34.4,52.4,5.0,3,10.0,0.7
2026-06-28 19:10:00,34.4,57.3,6.0,2,103.0,8.6
2026-06-28 19:15:00,34.5,50.6,5.0,3,320.6,26.7
2026-06-28 19:20:00,34.5,54.6,5.0,3,10.0,0.8
2026-06-28 19:25:00,30.8,61.8,5.0,3,280.6,23.4
2026-06-28 19:30:00,34.1,57.2,5.0,3,10.0,0.8
2026-06-28 19:35:00,32.5,56.6,6.0,3,10.0,0.8
2026-06-28 19:40:00,36.6,51.2,5.0,3,112.0,9.3
2026-06-28 19:45:00,36.5,52.4,6.0,3,99.2,8.2
2026-06-28 19:50:00,35.5,51.1,6.0,3,297.2,24.8
2026-06-28 19:55:00,34.0,55.6,5.0,3,47.5,3.9
2026-06-28 20:00:00,32.3,58.1,5.0,3,185.8,15.5
2026-06-28 20:05:00,32.8,56.9,5.0,3,150.0,12.6
2026-06-28 20:10:00,36.5,56.0,5.0,3,27.1,2.3
2026-06-28 20:15:00,32.8,55.5,5.0,2,55.0,4.6
2026-06-28 20:20:00,30.4,56.6,5.0,3,154.4,13.0
2026-06-28 20:25:00,35.2,54.1,5.0,3,98.5,8.2
2026-06-28 20:30:00,35.9,54.8,5.0,3,209.3,17.4
2026-06-28 20:35:00,36.1,54.1,5.0,3,86.5,7.2
2026-06-28 20:40:00,35.2,54.9,5.0,3,236.2,19.7
2026-06-28 20:45:00,35.5,52.6,5.0,3,138.4,11.5
2026-06-28 20:50:00,33.8,54.6,5.0,3,10.0,0.8
2026-06-28 20:55:00,30.8,58.8,6.0,3,10.0,0.9
2026-06-28 21:00:00,33.2,56.7,6.0,3,266.7,22.2
2026-06-28 21:05:00,34.1,59.0,4.0,3,100.7,8.4
2026-06-28 21:10:00,33.0,58.4,4.0,3,100.0,8.3
2026-06-28 21:15:00,32.9,57.0,5.0,3,127.8,10.6
2026-06-28 21:20:00,31.8,61.1,5.0,3,102.2,8.5
2026-06-28 21:25:00,31.7,59.9,5.0,3,115.9,9.7
2026-06-28 21:30:00,35.9,52.7,5.0,3,10.0,0.7
2026-06-28 21:35:00,36.0,49.1,4.0,3,188.0,15.8
2026-06-28 21:40:00,33.2,55.2,5.0,3,120.8,10.0
2026-06-28 21:45:00,33.6,58.5,5.0,3,167.2,13.9
2026-06-28 21:50:00,31.7,60.8,7.0,3,56.9,4.6
2026-06-28 21:55:00,34.1,53.8,5.0,3,104.9,8.7
2026-06-28 22:00:00,35.1,57.5,5.0,3,10.0,0.8
2026-06-28 22:05:00,30.3,61.8,4.0,3,203.6,17.0
2026-06-28 22:10:00,33.2,60.7,5.0,2,79.8,6.6
2026-06-28 22:15:00,33.3,59.7,4.0,3,95.1,7.9
2026-06-28 22:20:00,33.3,60.5,5.0,3,10.0,0.8
2026-06-28 22:25:00,34.9,57.4,4.0,3,74.0,6.2
2026-06-28 22:30:00,35.5,56.8,5.0,3,139.3,11.6
2026-06-28 22:35:00,32.2,58.3,4.0,2,159.0,13.2
2026-06-28 22:40:00,33.5,59.3,4.0,3,235.5,19.7
2026-06-28 22:45:00,32.6,56.0,4.0,3,10.0,0.8
2026-06-28 22:50:00,31.6,59.2,5.0,3,220.6,18.4
2026-06-28 22:55:00,32.9,59.3,4.0,3,168.2,14.0
2026-06-28 23:00:00,33.5,61.5,6.0,3,65.9,5.5
2026-06-28 23:05:00,32.7,59.1,4.0,3,184.3,15.3
2026-06-28 23:10:00,30.6,62.5,5.0,3,133.1,11.1
2026-06-28 23:15:00,31.4,60.3,5.0,3,56.6,4.7
2026-06-28 23:20:00,31.4,62.0,4.0,3,202.9,16.8
2026-06-28 23:25:00,30.7,59.7,4.0,3,228.4,19.0
2026-06-28 23:30:00,32.8,60.8,4.0,3,10.0,0.8
2026-06-28 23:35:00,33.0,59.5,5.0,3,137.3,11.4
2026-06-28 23:40:00,34.1,57.2,6.0,3,91.4,7.6
2026-06-28 23:45:00,30.7,60.7,4.0,3,146.7,12.2
2026-06-28 23:50:00,31.2,62.6,4.0,3,76.3,6.4
2026-06-28 23:55:00,35.1,56.9,4.0,3,238.5,19.9
2026-06-29 00:00:00,31.5,58.4,4.0,3,10.0,0.9
2026-06-29 00:05:00,31.7,60.9,6.0,3,121.0,10.1
2026-06-29 00:10:00,31.4,58.2,4.0,3,58.5,4.9
2026-06-29 00:15:00,33.1,61.4,4.0,3,84.4,7.0
2026-06-29 00:20:00,33.1,61.4,5.0,3,10.0,0.8
2026-06-29 00:25:00,33.1,60.7,5.0,2,143.0,12.0
2026-06-29 00:30:00,31.7,60.3,4.0,3,217.2,18.1
2026-06-29 00:35:00,30.6,63.5,4.0,3,10.0,0.8
2026-06-29 00:40:00,34.1,60.3,4.0,3,145.0,12.1
2026-06-29 00:45:00,32.7,58.8,4.0,3,56.1,4.7
2026-06-29 00:50:00,31.1,62.8,5.0,3,80.6,6.7
2026-06-29 00:55:00,33.4,57.7,4.0,3,156.6,13.0
2026-06-29 01:00:00,30.5,61.2,5.0,3,213.8,17.8
2026-06-29 01:05:00,32.3,56.1,4.0,3,10.0,0.8
2026-06-29 01:10:00,32.4,59.3,4.0,3,68.7,5.7
2026-06-29 01:15:00,30.1,61.5,4.0,3,129.5,10.8
2026-06-29 01:20:00,31.5,59.5,4.0,2,155.9,13.0
2026-06-29 01:25:00,31.7,59.7,4.0,3,101.1,8.4
2026-06-29 01:30:00,33.4,56.8,4.0,2,236.2,19.7
2026-06-29 01:35:00,30.3,61.9,4.0,3,179.8,14.9
2026-06-29 01:40:00,32.3,61.4,4.0,3,237.6,19.8
2026-06-29 01:45:00,31.0,59.1,5.0,3,46.2,3.8
2026-06-29 01:50:00,29.9,63.8,4.0,3,31.3,2.5
2026-06-29 01:55:00,30.9,61.4,4.0,3,153.6,12.7
2026-06-29 02:00:00,30.5,62.5,4.0,3,10.0,0.8
2026-06-29 02:05:00,29.3,63.3,4.0,3,146.8,12.2
2026-06-29 02:10:00,30.9,59.3,4.0,3,100.3,8.5
2026-06-29 02:15:00,31.6,61.0,4.0,3,90.5,7.5
2026-06-29 02:20:00,30.8,62.4,4.0,3,167.3,13.9
2026-06-29 02:25:00,29.9,60.6,5.0,3,62.1,5.2
2026-06-29 02:30:00,30.4,58.6,5.0,3,394.0,32.8
2026-06-29 02:35:00,30.5,61.8,4.0,3,78.9,6.6
2026-06-29 02:40:00,30.8,63.0,4.0,2,103.7,8.7
2026-06-29 02:45:00,31.8,62.1,4.0,3,39.5,3.2
2026-06-29 02:50:00,30.8,64.1,5.0,3,304.9,25.4
2026-06-29 02:55:00,28.9,64.9,5.0,3,102.7,8.6
2026-06-29 03:00:00,29.5,62.3,4.0,3,11.2,0.9
2026-06-29 03:05:00,30.2,61.8,4.0,3,90.5,7.5
2026-06-29 03:10:00,31.2,57.3,4.0,3,265.6,22.2
2026-06-29 03:15:00,31.4,58.3,4.0,3,127.3,10.6
2026-06-29 03:20:00,31.9,59.0,4.0,3,24.1,2.0
2026-06-29 03:25:00,30.2,61.2,4.0,3,188.9,15.7
2026-06-29 03:30:00,30.8,61.1,4.0,3,160.6,13.4
2026-06-29 03:35:00,28.5,61.3,4.0,3,158.2,13.1
2026-06-29 03:40:00,30.5,58.6,5.0,3,10.0,0.8
2026-06-29 03:45:00,28.9,65.8,5.0,3,12.2,1.0
2026-06-29 03:50:00,30.0,60.2,4.0,3,10.0,0.7
2026-06-29 03:55:00,33.2,55.4,4.0,3,74.9,6.2
2026-06-29 04:00:00,30.2,62.3,4.0,3,233.6,19.5
2026-06-29 04:05:00,29.0,61.7,5.0,3,10.0,0.8
2026-06-29 04:10:00,30.3,64.7,4.0,3,10.0,0.8
2026-06-29 04:15:00,29.3,60.3,4.0,3,10.0,0.7
2026-06-29 04:20:00,28.8,64.4,4.0,3,173.8,14.5
2026-06-29 04:25:00,32.1,56.8,4.0,3,269.5,22.5
2026-06-29 04:30:00,31.0,61.0,6.0,3,127.3,10.6
2026-06-29 04:35:00,30.2,60.7,4.0,3,146.5,12.2
2026-06-29 04:40:00,29.4,63.3,4.0,3,101.5,8.5
2026-06-29 04:45:00,29.5,66.4,6.0,3,88.7,7.4
2026-06-29 04:50:00,31.5,58.0,5.0,3,166.2,13.8
2026-06-29 04:55:00,30.2,60.2,4.0,2,155.1,12.9
2026-06-29 05:00:00,26.9,66.8,5.0,3,24.4,2.0
2026-06-29 05:05:00,32.0,62.5,5.0,3,161.1,13.4
2026-06-29 05:10:00,29.9,62.5,5.0,3,77.0,6.4
2026-06-29 05:15:00,30.1,65.0,5.0,3,101.1,8.4
2026-06-29 05:20:00,30.7,61.1,4.0,3,55.3,4.6
2026-06-29 05:25:00,30.2,64.8,5.0,2,5.0,0.4
2026-06-29 05:30:00,30.4,62.8,5.0,3,10.0,0.8
2026-06-29 05:35:00,29.3,64.9,5.0,3,170.0,14.2
2026-06-29 05:40:00,28.6,61.8,6.0,3,94.1,7.8
2026-06-29 05:45:00,30.0,59.2,5.0,3,98.6,8.2
2026-06-29 05:50:00,31.1,63.1,5.0,3,271.4,22.6
2026-06-29 05:55:00,29.1,66.2,6.0,3,116.8,9.7
2026-06-29 06:00:00,28.8,69.4,6.0,3,38.7,3.2
2026-06-29 06:05:00,30.6,58.8,5.0,0,5.3,0.4
2026-06-29 06:10:00,29.1,65.0,4.0,3,10.0,0.8
2026-06-29 06:15:00,29.1,62.0,5.0,3,75.9,6.3
2026-06-29 06:20:00,29.1,62.6,6.0,0,3.5,0.3
2026-06-29 06:25:00,29.4,62.6,5.0,3,140.4,11.7
2026-06-29 06:30:00,28.0,66.5,5.0,3,10.0,0.8
2026-06-29 06:35:00,29.0,62.9,5.0,3,199.2,16.6
2026-06-29 06:40:00,29.7,63.2,5.0,3,68.8,5.7
2026-06-29 06:45:00,29.7,64.8,4.0,0,3.6,0.2
2026-06-29 06:50:00,30.5,64.2,5.0,2,114.1,9.5
2026-06-29 06:55:00,31.1,62.4,5.0,3,88.9,7.4
2026-06-29 07:00:00,30.7,62.6,7.0,0,4.8,0.4
2026-06-29 07:05:00,30.1,62.1,6.0,0,6.4,0.5
2026-06-29 07:10:00,28.9,62.9,5.0,0,4.5,0.4
2026-06-29 07:15:00,28.4,66.3,7.0,0,3.5,0.3
2026-06-29 07:20:00,29.1,61.4,6.0,0,6.2,0.4
2026-06-29 07:25:00,29.7,63.3,6.0,1,52.6,4.4
2026-06-29 07:30:00,30.0,60.0,5.0,0,3.5,0.3
2026-06-29 07:35:00,29.7,62.9,6.0,0,3.5,0.3
2026-06-29 07:40:00,28.9,61.7,4.0,0,3.9,0.3
2026-06-29 07:45:00,29.9,61.8,5.0,3,102.0,8.5
2026-06-29 07:50:00,30.5,60.2,5.0,3,10.0,0.8
2026-06-29 07:55:00,30.0,60.7,6.0,0,6.3,0.5
2026-06-29 08:00:00,28.9,64.0,8.0,0,3.8,0.3
2026-06-29 08:05:00,28.0,59.7,8.0,3,57.2,4.8
2026-06-29 08:10:00,28.0,61.2,7.0,0,5.7,0.5
2026-06-29 08:15:00,28.2,67.1,4.0,0,7.0,0.6
2026-06-29 08:20:00,29.2,64.1,5.0,0,6.4,0.5
2026-06-29 08:25:00,29.5,61.5,4.0,0,9.0,0.8
2026-06-29 08:30:00,27.4,68.7,8.0,1,57.9,4.8
2026-06-29 08:35:00,28.4,63.4,6.0,0,5.8,0.5
2026-06-29 08:40:00,29.2,62.3,6.0,0,8.3,0.8
2026-06-29 08:45:00,27.9,63.8,5.0,0,6.7,0.6
2026-06-29 08:50:00,29.4,68.0,9.0,0,4.7,0.4
2026-06-29 08:55:00,28.6,65.2,6.0,3,139.4,11.6
2026-06-29 09:00:00,28.7,65.0,6.0,0,3.6,0.3
2026-06-29 09:05:00,29.6,64.3,6.0,0,5.8,0.5
2026-06-29 09:10:00,30.0,58.1,6.0,3,96.1,8.0
2026-06-29 09:15:00,28.6,63.3,6.0,0,3.5,0.3
2026-06-29 09:20:00,29.3,64.7,8.0,0,5.1,0.4
2026-06-29 09:25:00,30.0,62.6,8.0,1,45.7,3.8
2026-06-29 09:30:00,28.7,69.9,6.0,0,5.2,0.4
2026-06-29 09:35:00,27.7,64.8,5.0,0,7.9,0.7
2026-06-29 09:40:00,27.8,68.2,7.0,0,4.1,0.3
2026-06-29 09:45:00,29.1,65.9,5.0,1,10.0,0.8
2026-06-29 09:50:00,28.1,65.8,9.0,1,96.7,8.1
2026-06-29 09:55:00,29.1,64.7,9.0,0,6.4,0.5
2026-06-29 10:00:00,32.4,58.8,7.0,0,3.6,0.3
2026-06-29 10:05:00,29.0,59.7,5.0,3,59.4,4.9
2026-06-29 10:10:00,30.2,63.2,5.0,3,73.9,6.2
2026-06-29 10:15:00,32.9,59.7,6.0,1,10.0,0.8
2026-06-29 10:20:00,31.0,62.6,5.0,0,7.2,0.6
2026-06-29 10:25:00,30.1,62.7,6.0,1,33.4,2.8
2026-06-29 10:30:00,30.3,64.4,6.0,3,151.8,12.6
2026-06-29 10:35:00,31.0,59.4,7.0,0,8.5,0.7
2026-06-29 10:40:00,32.4,62.7,8.0,0,3.8,0.3
2026-06-29 10:45:00,29.9,60.6,6.0,0,5.8,0.5
2026-06-29 10:50:00,29.7,62.9,6.0,3,226.9,18.9
2026-06-29 10:55:00,29.0,65.5,4.0,3,87.5,7.3
2026-06-29 11:00:00,32.1,58.2,7.0,0,10.7,0.9
2026-06-29 11:05:00,30.4,63.9,5.0,3,25.3,2.1
2026-06-29 11:10:00,31.5,59.6,6.0,1,30.1,2.5
2026-06-29 11:15:00,31.0,61.5,5.0,3,319.5,26.6
2026-06-29 11:20:00,33.1,57.5,5.0,3,193.0,16.1
2026-06-29 11:25:00,31.4,59.2,7.0,0,4.0,0.3
2026-06-29 11:30:00,32.4,64.4,6.0,0,3.5,0.3
2026-06-29 11:35:00,30.2,60.4,8.0,0,6.0,0.5
2026-06-29 11:40:00,32.1,54.0,4.0,1,38.2,3.2
2026-06-29 11:45:00,30.6,59.9,8.0,1,135.1,11.3
2026-06-29 11:50:00,31.5,60.7,5.0,0,3.5,0.3
2026-06-29 11:55:00,34.4,55.1,6.0,0,6.2,0.4
2026-06-29 12:00:00,34.0,59.1,7.0,0,7.2,0.6
2026-06-29 12:05:00,32.9,60.7,8.0,0,3.5,0.3
2026-06-29 12:10:00,36.6,51.7,8.0,3,92.9,7.7
2026-06-29 12:15:00,32.0,55.5,8.0,0,3.5,0.3
2026-06-29 12:20:00,34.3,52.9,6.0,1,50.2,4.2
2026-06-29 12:25:00,31.3,60.7,9.0,0,7.6,0.6
2026-06-29 12:30:00,32.7,54.7,7.0,0,9.0,0.8
2026-06-29 12:35:00,31.5,59.5,4.0,0,4.9,0.4
2026-06-29 12:40:00,33.3,61.2,6.0,0,8.3,0.7
2026-06-29 12:45:00,33.1,58.8,6.0,0,9.0,0.8
2026-06-29 12:50:00,32.7,58.7,6.0,1,116.1,9.7
2026-06-29 12:55:00,34.2,53.6,7.0,0,6.9,0.6
2026-06-29 13:00:00,33.0,58.3,6.0,0,5.8,0.5
2026-06-29 13:05:00,34.0,55.5,5.0,1,71.4,6.0
2026-06-29 13:10:00,34.6,55.9,7.0,3,50.6,4.2
2026-06-29 13:15:00,31.9,61.4,5.0,0,6.9,0.6
2026-06-29 13:20:00,32.8,60.5,5.0,1,86.5,7.2
2026-06-29 13:25:00,33.7,57.0,5.0,0,7.2,0.6
2026-06-29 13:30:00,34.4,56.9,6.0,1,50.8,4.2
2026-06-29 13:35:00,35.3,52.8,6.0,1,99.7,8.3
2026-06-29 13:40:00,33.4,60.1,5.0,1,35.4,2.9
2026-06-29 13:45:00,33.3,55.0,6.0,0,3.5,0.3
2026-06-29 13:50:00,32.6,57.9,6.0,0,5.3,0.4
2026-06-29 13:55:00,34.0,59.4,5.0,3,254.8,21.3
2026-06-29 14:00:00,34.0,54.8,7.0,0,3.5,0.3
2026-06-29 14:05:00,34.0,52.7,7.0,2,5.0,0.4
2026-06-29 14:10:00,34.3,54.6,6.0,2,50.8,4.2
2026-06-29 14:15:00,35.2,57.9,7.0,3,28.8,2.4
2026-06-29 14:20:00,33.6,51.0,6.0,2,64.2,5.4
2026-06-29 14:25:00,33.3,57.0,7.0,0,3.7,0.3
2026-06-29 14:30:00,35.0,53.2,8.0,1,43.6,3.6
2026-06-29 14:35:00,30.1,60.1,6.0,1,40.0,3.3
2026-06-29 14:40:00,33.5,55.7,6.0,2,99.7,8.3
2026-06-29 14:45:00,32.8,59.7,7.0,2,54.5,4.6
2026-06-29 14:50:00,36.1,53.6,7.0,1,14.8,1.2
2026-06-29 14:55:00,33.8,58.6,6.0,1,64.0,5.3
2026-06-29 15:00:00,34.5,58.0,5.0,3,104.9,8.7
2026-06-29 15:05:00,35.2,54.5,6.0,2,70.2,5.8
2026-06-29 15:10:00,34.4,54.5,7.0,3,164.7,13.7
2026-06-29 15:15:00,34.7,55.8,7.0,2,150.7,12.6
2026-06-29 15:20:00,35.4,55.4,6.0,2,106.9,8.9
2026-06-29 15:25:00,34.7,52.4,6.0,2,94.8,7.9
2026-06-29 15:30:00,34.6,55.6,8.0,2,99.6,8.3
2026-06-29 15:35:00,33.9,55.3,6.0,2,82.1,6.8
2026-06-29 15:40:00,33.7,55.2,7.0,1,106.7,8.9
2026-06-29 15:45:00,35.3,52.8,6.0,3,121.4,10.1
2026-06-29 15:50:00,35.7,52.5,9.0,2,177.3,14.8
2026-06-29 15:55:00,33.3,59.3,6.0,2,92.9,7.7
2026-06-29 16:00:00,36.9,51.5,7.0,2,276.3,23.0
2026-06-29 16:05:00,36.9,55.0,8.0,3,20.2,1.7
2026-06-29 16:10:00,37.2,52.3,8.0,6,158.9,13.2
2026-06-29 16:15:00,36.2,50.5,9.0,1,48.8,4.1
2026-06-29 16:20:00,36.7,53.0,9.0,6,187.8,15.6
2026-06-29 16:25:00,39.1,48.0,7.0,2,135.5,11.3
2026-06-29 16:30:00,35.3,55.5,8.0,3,68.9,5.7
2026-06-29 16:35:00,34.2,54.8,7.0,3,103.0,8.6
2026-06-29 16:40:00,33.5,58.0,7.0,3,10.0,0.8
2026-06-29 16:45:00,38.4,54.1,9.0,2,158.3,13.2
2026-06-29 16:50:00,38.4,48.0,8.0,3,88.6,7.4
2026-06-29 16:55:00,34.4,54.0,10.0,3,233.3,19.4
2026-06-29 17:00:00,34.6,51.4,10.0,2,75.3,6.2
2026-06-29 17:05:00,35.3,60.0,11.0,3,263.1,21.9
2026-06-29 17:10:00,38.0,49.8,4.0,3,84.6,7.0
2026-06-29 17:15:00,33.6,52.2,9.0,3,98.6,8.2
2026-06-29 17:20:00,32.4,63.5,9.0,3,86.1,7.2
2026-06-29 17:25:00,39.7,48.0,10.0,3,10.0,0.8
2026-06-29 17:30:00,36.4,48.2,12.0,3,143.8,12.0
2026-06-29 17:35:00,36.7,49.2,10.0,3,126.6,10.5
2026-06-29 17:40:00,35.5,54.2,5.0,3,194.5,16.2
2026-06-29 17:45:00,36.7,52.6,10.0,2,143.2,11.9
2026-06-29 17:50:00,33.2,54.0,10.0,2,179.5,15.0
2026-06-29 17:55:00,34.4,53.6,7.0,2,116.4,9.7
2026-06-29 18:00:00,35.1,54.4,5.0,3,196.9,16.4
2026-06-29 18:05:00,30.9,62.4,7.0,2,69.8,5.8
2026-06-29 18:10:00,34.3,56.0,6.0,2,185.4,15.4
2026-06-29 18:15:00,34.2,53.7,7.0,3,157.8,13.2
2026-06-29 18:20:00,34.3,54.5,6.0,3,158.9,13.2
2026-06-29 18:25:00,33.9,57.6,4.0,3,12.4,1.0
2026-06-29 18:30:00,33.1,60.9,6.0,3,119.2,9.9
2026-06-29 18:35:00,31.7,54.9,5.0,3,10.0,0.8
2026-06-29 18:40:00,35.1,57.2,7.0,3,69.9,5.7
2026-06-29 18:45:00,34.3,54.2,6.0,2,252.8,21.1
2026-06-29 18:50:00,32.5,52.7,5.0,3,247.0,20.6
2026-06-29 18:55:00,35.0,49.4,6.0,3,149.8,12.5
2026-06-29 19:00:00,33.8,59.2,5.0,3,129.2,10.8
2026-06-29 19:05:00,33.6,59.7,5.0,3,100.5,8.4
2026-06-29 19:10:00,31.3,57.7,6.0,3,101.7,8.5
2026-06-29 19:15:00,35.2,54.0,5.0,3,118.0,9.8
2026-06-29 19:20:00,32.6,53.4,5.0,3,111.1,9.3
2026-06-29 19:25:00,34.3,57.3,4.0,3,161.8,13.5
2026-06-29 19:30:00,33.1,56.9,6.0,3,282.6,23.6
2026-06-29 19:35:00,33.7,52.7,5.0,2,5.0,0.4
2026-06-29 19:40:00,35.8,54.2,5.0,3,231.0,19.2
2026-06-29 19:45:00,35.0,51.5,5.0,2,63.0,5.2
2026-06-29 19:50:00,35.8,55.0,5.0,3,65.5,5.5
2026-06-29 19:55:00,34.7,52.6,6.0,3,50.0,4.2
2026-06-29 20:00:00,34.2,57.0,5.0,3,57.9,4.8
2026-06-29 20:05:00,31.1,58.1,5.0,3,48.5,4.0
2026-06-29 20:10:00,33.2,52.4,5.0,2,96.5,8.0
2026-06-29 20:15:00,33.3,59.3,4.0,3,10.0,0.8
2026-06-29 20:20:00,35.4,57.3,5.0,3,114.4,9.4
2026-06-29 20:25:00,32.9,56.5,5.0,3,68.5,5.7
2026-06-29 20:30:00,34.0,57.1,6.0,3,102.3,8.5
2026-06-29 20:35:00,34.0,57.4,6.0,3,60.5,5.0
2026-06-29 20:40:00,35.3,56.1,5.0,3,109.9,9.2
2026-06-29 20:45:00,33.5,60.6,6.0,3,46.6,3.9
2026-06-29 20:50:00,34.8,56.5,6.0,3,48.5,4.0
2026-06-29 20:55:00,31.2,58.6,5.0,3,280.4,23.4
2026-06-29 21:00:00,30.7,60.8,4.0,3,10.0,0.8
2026-06-29 21:05:00,29.7,60.1,4.0,3,379.3,31.6
2026-06-29 21:10:00,34.2,54.8,5.0,3,10.0,0.8
2026-06-29 21:15:00,34.1,59.2,5.0,3,31.7,2.6
2026-06-29 21:20:00,34.4,57.7,4.0,3,10.0,0.8
2026-06-29 21:25:00,32.1,55.2,4.0,3,70.5,5.9
2026-06-29 21:30:00,32.2,57.3,4.0,3,10.0,0.8
2026-06-29 21:35:00,32.9,59.4,5.0,3,191.3,15.9
2026-06-29 21:40:00,35.2,53.0,5.0,3,32.2,2.7
2026-06-29 21:45:00,35.6,54.1,5.0,3,132.7,11.1
2026-06-29 21:50:00,34.2,61.9,4.0,3,256.8,21.4
2026-06-29 21:55:00,33.5,56.8,5.0,3,58.9,4.9
2026-06-29 22:00:00,34.3,59.1,4.0,3,139.1,11.6
2026-06-29 22:05:00,32.0,62.0,5.0,3,24.2,2.0
2026-06-29 22:10:00,31.8,57.6,4.0,3,177.9,14.8
2026-06-29 22:15:00,32.2,59.4,4.0,3,135.4,11.3
2026-06-29 22:20:00,30.9,64.0,5.0,3,10.0,0.8
2026-06-29 22:25:00,32.1,59.9,5.0,3,224.3,18.7
2026-06-29 22:30:00,30.7,64.8,5.0,3,95.3,7.8
2026-06-29 22:35:00,33.9,56.2,6.0,3,90.0,7.5
2026-06-29 22:40:00,33.2,61.4,6.0,3,165.5,13.8
2026-06-29 22:45:00,34.5,56.9,5.0,3,195.5,16.3
2026-06-29 22:50:00,30.0,60.3,4.0,3,13.9,1.2
2026-06-29 22:55:00,35.2,57.4,5.0,3,186.7,15.6
2026-06-29 23:00:00,29.2,61.6,4.0,3,108.4,9.0
2026-06-29 23:05:00,29.9,61.3,4.0,3,83.3,6.9
2026-06-29 23:10:00,31.0,61.5,4.0,3,47.9,4.0
2026-06-29 23:15:00,34.6,56.0,5.0,3,124.7,10.3
2026-06-29 23:20:00,32.5,58.7,5.0,3,10.0,0.8
2026-06-29 23:25:00,31.7,61.5,5.0,3,31.6,2.6
2026-06-29 23:30:00,30.7,62.4,5.0,3,10.0,0.8
2026-06-29 23:35:00,29.6,62.1,5.0,3,178.5,14.9
2026-06-29 23:40:00,34.2,59.4,4.0,3,119.6,10.1
2026-06-29 23:45:00,33.6,59.9,5.0,3,125.7,10.5
2026-06-29 23:50:00,34.6,60.2,4.0,3,64.2,5.4
2026-06-29 23:55:00,32.9,57.6,5.0,3,87.8,7.3
2026-06-30 00:00:00,28.5,62.1,5.0,3,88.1,7.3
2026-06-30 00:05:00,30.2,61.4,6.0,3,134.8,11.2
2026-06-30 00:10:00,32.3,60.1,4.0,3,10.0,0.8
2026-06-30 00:15:00,31.3,57.7,5.0,3,113.3,9.3
2026-06-30 00:20:00,31.1,59.0,4.0,3,145.0,12.1
2026-06-30 00:25:00,30.4,61.3,6.0,3,148.4,12.3
2026-06-30 00:30:00,32.9,60.8,5.0,3,281.3,23.4
2026-06-30 00:35:00,32.3,59.3,5.0,3,128.4,10.7
2026-06-30 00:40:00,32.4,58.8,4.0,3,181.6,15.1
2026-06-30 00:45:00,31.0,61.6,4.0,3,188.8,15.7
2026-06-30 00:50:00,32.0,59.6,4.0,3,39.7,3.3
2026-06-30 00:55:00,30.1,62.8,4.0,3,174.6,14.6
2026-06-30 01:00:00,31.0,60.5,5.0,2,71.9,6.0
2026-06-30 01:05:00,28.8,61.8,4.0,3,10.0,0.8
2026-06-30 01:10:00,29.7,65.0,5.0,3,33.5,2.9
2026-06-30 01:15:00,30.8,63.2,4.0,2,95.2,7.9
2026-06-30 01:20:00,33.3,56.3,4.0,3,166.0,13.9
2026-06-30 01:25:00,29.4,63.6,5.0,3,10.0,0.8
2026-06-30 01:30:00,30.0,61.6,4.0,3,200.8,16.7
2026-06-30 01:35:00,31.3,61.5,5.0,3,197.0,16.4
2026-06-30 01:40:00,32.7,57.2,4.0,3,143.7,11.9
2026-06-30 01:45:00,31.3,62.0,4.0,3,131.4,11.0
2026-06-30 01:50:00,31.7,62.0,4.0,3,85.2,7.1
2026-06-30 01:55:00,30.8,59.5,4.0,3,122.1,10.2
2026-06-30 02:00:00,30.0,62.5,4.0,3,195.9,16.3
2026-06-30 02:05:00,30.7,64.2,5.0,3,207.6,17.3
2026-06-30 02:10:00,29.9,60.1,5.0,3,114.9,9.6
2026-06-30 02:15:00,31.4,58.7,4.0,3,10.0,0.8
2026-06-30 02:20:00,28.8,65.8,6.0,3,80.6,6.7
2026-06-30 02:25:00,31.6,59.6,4.0,3,128.6,10.7
2026-06-30 02:30:00,30.7,57.5,5.0,3,176.3,14.7
2026-06-30 02:35:00,30.4,61.0,4.0,3,143.7,12.1
2026-06-30 02:40:00,28.8,68.4,5.0,3,219.6,18.3
2026-06-30 02:45:00,29.5,68.1,5.0,3,46.0,3.8
2026-06-30 02:50:00,32.0,57.8,4.0,3,46.4,3.9
2026-06-30 02:55:00,30.4,59.6,5.0,3,193.6,16.1
2026-06-30 03:00:00,30.4,60.4,4.0,3,25.4,2.1
2026-06-30 03:05:00,29.2,67.8,4.0,3,14.7,1.2
2026-06-30 03:10:00,30.1,64.0,4.0,3,110.9,9.2
2026-06-30 03:15:00,28.7,67.8,4.0,3,172.2,14.3
2026-06-30 03:20:00,30.2,64.2,4.0,3,125.2,10.4
2026-06-30 03:25:00,30.5,58.2,4.0,3,10.0,0.8
2026-06-30 03:30:00,30.5,59.1,5.0,3,93.1,7.8
2026-06-30 03:35:00,29.2,61.8,4.0,3,40.1,3.3
2026-06-30 03:40:00,29.8,61.2,4.0,3,210.5,17.5
2026-06-30 03:45:00,30.7,59.4,5.0,3,10.0,0.7
2026-06-30 03:50:00,29.9,61.0,5.0,3,155.6,13.0
2026-06-30 03:55:00,29.8,64.0,4.0,3,106.7,8.9
2026-06-30 04:00:00,32.0,59.2,6.0,3,128.5,10.7
2026-06-30 04:05:00,29.0,67.3,5.0,3,175.4,14.6
2026-06-30 04:10:00,31.1,61.1,4.0,3,87.1,7.3
2026-06-30 04:15:00,28.7,62.9,5.0,3,113.7,9.5
2026-06-30 04:20:00,30.6,61.8,5.0,3,258.2,21.4
2026-06-30 04:25:00,30.7,57.2,5.0,3,193.4,16.1
2026-06-30 04:30:00,29.4,57.4,5.0,3,187.0,15.6
2026-06-30 04:35:00,28.7,66.3,5.0,3,184.2,15.3
2026-06-30 04:40:00,27.9,68.6,4.0,2,21.8,1.9
2026-06-30 04:45:00,29.3,63.8,4.0,3,272.4,22.7
2026-06-30 04:50:00,30.5,60.5,5.0,3,156.3,13.0
2026-06-30 04:55:00,28.8,61.0,4.0,3,116.2,9.7
2026-06-30 05:00:00,29.9,65.2,5.0,2,172.6,14.4
2026-06-30 05:05:00,28.5,66.0,6.0,3,161.1,13.4
2026-06-30 05:10:00,29.6,63.8,5.0,3,56.3,4.7
2026-06-30 05:15:00,28.8,64.5,6.0,3,179.8,15.0
2026-06-30 05:20:00,29.8,61.9,5.0,3,195.6,16.4
2026-06-30 05:25:00,29.4,61.2,5.0,3,76.2,6.4
2026-06-30 05:30:00,28.7,65.2,4.0,3,93.9,7.8
2026-06-30 05:35:00,29.2,62.7,5.0,3,136.2,11.3
2026-06-30 05:40:00,29.0,63.3,5.0,3,49.6,4.1
2026-06-30 05:45:00,28.6,68.4,4.0,3,14.3,1.2
2026-06-30 05:50:00,30.8,61.2,4.0,3,84.2,7.0
2026-06-30 05:55:00,29.5,58.2,4.0,3,111.8,9.3
2026-06-30 06:00:00,27.6,65.3,7.0,3,163.9,13.7
2026-06-30 06:05:00,29.0,62.2,5.0,3,154.2,12.8
2026-06-30 06:10:00,30.4,61.8,4.0,0,6.1,0.5
2026-06-30 06:15:00,28.9,61.5,5.0,2,102.1,8.5
2026-06-30 06:20:00,30.9,62.2,5.0,2,119.5,10.0
2026-06-30 06:25:00,28.8,63.9,6.0,3,101.4,8.4
2026-06-30 06:30:00,30.0,61.7,5.0,3,155.9,13.0
2026-06-30 06:35:00,30.5,62.2,7.0,3,59.2,4.9
2026-06-30 06:40:00,30.0,62.5,7.0,3,10.0,0.8
2026-06-30 06:45:00,28.3,65.0,6.0,3,87.5,7.3
2026-06-30 06:50:00,28.7,64.2,5.0,1,26.7,2.2
2026-06-30 06:55:00,30.6,61.7,6.0,3,127.1,10.6
2026-06-30 07:00:00,28.3,66.0,4.0,0,5.3,0.4
2026-06-30 07:05:00,30.2,62.8,7.0,1,158.6,13.2
2026-06-30 07:10:00,28.7,67.3,6.0,0,5.6,0.4
2026-06-30 07:15:00,29.3,62.3,4.0,0,5.2,0.4
2026-06-30 07:20:00,27.6,66.8,5.0,0,5.1,0.4
2026-06-30 07:25:00,28.5,70.7,6.0,0,5.5,0.5
2026-06-30 07:30:00,28.2,65.2,4.0,3,54.2,4.5
2026-06-30 07:35:00,29.4,63.5,4.0,1,46.3,3.9
2026-06-30 07:40:00,29.3,60.6,5.0,0,8.6,0.7
2026-06-30 07:45:00,29.7,61.3,7.0,3,10.0,0.8
2026-06-30 07:50:00,28.6,64.4,8.0,0,6.8,0.6
2026-06-30 07:55:00,28.1,66.7,6.0,0,3.6,0.3
2026-06-30 08:00:00,29.2,65.3,4.0,0,4.6,0.4
2026-06-30 08:05:00,27.9,66.4,4.0,0,6.9,0.6
2026-06-30 08:10:00,30.3,64.0,13.0,0,5.0,0.3
2026-06-30 08:15:00,28.9,61.8,7.0,3,29.0,2.4
2026-06-30 08:20:00,28.7,65.6,4.0,0,6.5,0.5
2026-06-30 08:25:00,29.6,63.1,11.0,0,5.5,0.5
2026-06-30 08:30:00,29.0,64.3,4.0,3,10.0,0.8
2026-06-30 08:35:00,27.2,65.8,7.0,0,5.9,0.5
2026-06-30 08:40:00,27.9,63.4,4.0,1,100.1,8.3
2026-06-30 08:45:00,30.2,59.3,11.0,0,8.1,0.7
2026-06-30 08:50:00,29.1,64.6,4.0,0,6.3,0.5
2026-06-30 08:55:00,27.2,67.9,5.0,1,65.2,5.4
2026-06-30 09:00:00,30.0,62.3,8.0,0,9.4,0.8
2026-06-30 09:05:00,29.0,64.1,5.0,0,4.2,0.4
2026-06-30 09:10:00,28.7,62.8,7.0,3,10.0,0.8
2026-06-30 09:15:00,28.4,66.2,8.0,0,3.7,0.3
2026-06-30 09:20:00,30.7,61.7,7.0,3,110.2,9.2
2026-06-30 09:25:00,27.5,65.5,4.0,1,116.6,9.6
2026-06-30 09:30:00,28.7,66.6,5.0,3,209.9,17.4
2026-06-30 09:35:00,29.8,64.4,6.0,0,6.3,0.5
2026-06-30 09:40:00,31.4,56.8,7.0,3,108.9,9.1
2026-06-30 09:45:00,30.2,62.4,8.0,0,5.1,0.4
2026-06-30 09:50:00,28.7,62.3,7.0,0,5.8,0.5
2026-06-30 09:55:00,31.3,60.9,8.0,0,6.2,0.5
2026-06-30 10:00:00,29.1,57.0,4.0,3,208.8,17.4
2026-06-30 10:05:00,30.9,61.9,7.0,0,3.5,0.3
2026-06-30 10:10:00,31.2,62.6,6.0,0,3.5,0.3
2026-06-30 10:15:00,29.6,63.0,7.0,0,6.9,0.6
2026-06-30 10:20:00,31.4,58.2,7.0,0,3.5,0.3
2026-06-30 10:25:00,30.0,67.0,5.0,0,4.5,0.5
2026-06-30 10:30:00,31.4,63.3,6.0,0,5.2,0.3
2026-06-30 10:35:00,28.5,63.6,8.0,0,5.3,0.4
2026-06-30 10:40:00,31.0,60.8,7.0,3,10.0,0.8
2026-06-30 10:45:00,30.1,58.2,6.0,3,122.6,10.2
2026-06-30 10:50:00,31.9,61.1,5.0,0,7.1,0.6
2026-06-30 10:55:00,30.6,58.9,7.0,0,6.8,0.6
2026-06-30 11:00:00,33.4,59.1,4.0,0,6.0,0.4
2026-06-30 11:05:00,32.6,61.2,6.0,1,62.5,5.2
2026-06-30 11:10:00,31.9,59.6,5.0,0,6.6,0.5
2026-06-30 11:15:00,32.9,55.7,7.0,3,154.8,12.8
2026-06-30 11:20:00,32.9,61.3,5.0,1,62.7,5.2
2026-06-30 11:25:00,32.6,58.7,6.0,3,38.1,3.2
2026-06-30 11:30:00,29.5,63.7,5.0,1,62.2,5.2
2026-06-30 11:35:00,31.0,58.9,6.0,0,3.5,0.3
2026-06-30 11:40:00,33.6,57.7,6.0,0,4.0,0.3
2026-06-30 11:45:00,30.7,61.1,6.0,0,12.7,1.1
2026-06-30 11:50:00,33.0,54.9,6.0,0,5.8,0.5
2026-06-30 11:55:00,32.8,61.6,6.0,0,7.3,0.6
2026-06-30 12:00:00,32.3,63.6,8.0,0,3.5,0.3
2026-06-30 12:05:00,30.9,63.9,7.0,0,7.0,0.6
2026-06-30 12:10:00,32.5,61.1,4.0,0,5.0,0.4
2026-06-30 12:15:00,35.4,58.8,7.0,0,4.4,0.4
2026-06-30 12:20:00,32.1,56.9,8.0,0,9.0,0.8
2026-06-30 12:25:00,32.2,56.7,7.0,0,8.6,0.7
2026-06-30 12:30:00,32.0,58.6,4.0,3,27.3,2.3
2026-06-30 12:35:00,34.5,56.5,7.0,0,5.4,0.4
2026-06-30 12:40:00,32.8,57.7,8.0,3,74.1,6.1
2026-06-30 12:45:00,32.4,56.5,6.0,3,183.8,15.3
2026-06-30 12:50:00,34.7,55.5,11.0,0,6.0,0.5
2026-06-30 12:55:00,33.7,56.8,4.0,0,4.7,0.4
2026-06-30 13:00:00,32.7,60.5,6.0,0,3.5,0.3
2026-06-30 13:05:00,32.3,59.0,7.0,0,5.7,0.5
2026-06-30 13:10:00,35.1,49.5,6.0,0,6.0,0.5
2026-06-30 13:15:00,33.8,57.5,6.0,3,10.0,0.8
2026-06-30 13:20:00,32.0,63.5,5.0,0,7.6,0.6
2026-06-30 13:25:00,31.7,59.9,6.0,3,33.0,2.8
2026-06-30 13:30:00,32.5,61.2,7.0,0,6.7,0.6
2026-06-30 13:35:00,32.3,57.6,4.0,1,52.8,4.4
2026-06-30 13:40:00,31.4,61.8,7.0,0,3.5,0.3
2026-06-30 13:45:00,32.5,56.7,6.0,3,10.0,0.8
2026-06-30 13:50:00,32.7,57.6,7.0,0,3.5,0.3
2026-06-30 13:55:00,33.2,56.9,7.0,1,68.0,5.7
2026-06-30 14:00:00,36.9,53.7,9.0,1,28.0,2.3
2026-06-30 14:05:00,34.1,53.8,7.0,3,158.3,13.2
2026-06-30 14:10:00,34.3,52.1,6.0,2,77.8,6.5
2026-06-30 14:15:00,35.2,55.7,8.0,2,46.2,3.8
2026-06-30 14:20:00,34.2,56.7,5.0,1,88.8,7.4
2026-06-30 14:25:00,35.1,54.9,6.0,2,48.6,4.0
2026-06-30 14:30:00,34.9,57.1,6.0,0,4.9,0.4
2026-06-30 14:35:00,34.7,54.6,6.0,2,225.6,18.8
2026-06-30 14:40:00,38.4,51.4,7.0,1,195.2,16.3
2026-06-30 14:45:00,35.8,53.0,6.0,3,43.4,3.6
2026-06-30 14:50:00,32.9,56.6,7.0,1,20.1,1.7
2026-06-30 14:55:00,35.0,55.6,6.0,2,23.3,2.0
2026-06-30 15:00:00,34.2,60.5,7.0,1,80.2,6.7
2026-06-30 15:05:00,35.9,55.3,8.0,3,96.5,7.9
2026-06-30 15:10:00,33.5,57.5,8.0,2,69.1,5.9
2026-06-30 15:15:00,33.8,57.7,7.0,6,185.1,15.4
2026-06-30 15:20:00,35.8,48.6,7.0,2,5.0,0.4
2026-06-30 15:25:00,36.7,53.4,9.0,2,137.7,11.5
2026-06-30 15:30:00,36.0,55.5,6.0,6,197.0,16.4
2026-06-30 15:35:00,36.5,53.1,6.0,3,147.1,12.3
2026-06-30 15:40:00,35.8,53.6,6.0,2,168.9,14.1
2026-06-30 15:45:00,35.6,51.9,7.0,3,61.3,5.1
2026-06-30 15:50:00,34.6,54.1,8.0,2,5.0,0.4
2026-06-30 15:55:00,36.4,51.2,6.0,2,43.6,3.6
2026-06-30 16:00:00,37.4,54.1,6.0,3,10.0,0.8
2026-06-30 16:05:00,35.8,57.0,6.0,2,38.0,3.2
2026-06-30 16:10:00,35.7,58.1,6.0,3,149.6,12.5
2026-06-30 16:15:00,38.3,48.9,7.0,2,72.2,6.0
2026-06-30 16:20:00,35.8,52.0,5.0,3,156.0,13.0
2026-06-30 16:25:00,36.0,51.6,7.0,2,143.1,11.9
2026-06-30 16:30:00,36.6,50.3,6.0,3,246.2,20.5
2026-06-30 16:35:00,35.7,51.3,8.0,2,97.9,8.2
2026-06-30 16:40:00,34.6,53.6,10.0,2,100.0,8.3
2026-06-30 16:45:00,36.4,54.9,5.0,2,5.0,0.4
2026-06-30 16:50:00,35.8,51.9,9.0,2,96.7,8.2
2026-06-30 16:55:00,38.7,52.9,10.0,2,174.4,14.6
2026-06-30 17:00:00,37.4,55.5,11.0,2,108.2,9.0
2026-06-30 17:05:00,34.9,55.2,9.0,3,132.4,11.1
2026-06-30 17:10:00,37.3,55.2,12.0,3,111.6,9.3
2026-06-30 17:15:00,36.5,48.9,10.0,2,5.0,0.4
2026-06-30 17:20:00,38.3,49.1,11.0,6,129.2,10.8
2026-06-30 17:25:00,35.0,54.9,9.0,2,199.0,16.5
2026-06-30 17:30:00,36.3,53.5,6.0,3,129.5,10.8
2026-06-30 17:35:00,35.8,57.4,11.0,3,89.1,7.4
2026-06-30 17:40:00,36.1,50.3,14.0,2,205.4,17.1
2026-06-30 17:45:00,34.4,53.5,8.0,2,144.3,12.0
2026-06-30 17:50:00,37.0,51.9,8.0,2,172.8,14.4
2026-06-30 17:55:00,36.7,51.0,9.0,2,137.4,11.4
2026-06-30 18:00:00,37.2,49.1,4.0,3,102.2,8.5
2026-06-30 18:05:00,34.9,53.1,5.0,3,52.4,4.4
2026-06-30 18:10:00,34.3,54.4,6.0,3,128.4,10.7
2026-06-30 18:15:00,36.3,56.8,6.0,3,130.1,10.8
2026-06-30 18:20:00,33.6,53.1,6.0,3,90.6,7.5
2026-06-30 18:25:00,36.8,54.6,6.0,3,22.2,1.8
2026-06-30 18:30:00,36.8,55.8,6.0,3,10.0,0.8
2026-06-30 18:35:00,37.1,50.6,5.0,2,151.4,12.6
2026-06-30 18:40:00,35.6,54.4,7.0,3,58.1,4.8
2026-06-30 18:45:00,34.1,56.9,6.0,3,48.9,4.1
2026-06-30 18:50:00,35.2,55.2,5.0,3,70.2,5.8
2026-06-30 18:55:00,35.6,53.9,7.0,3,64.5,5.4
2026-06-30 19:00:00,33.6,54.8,5.0,3,256.0,21.3
2026-06-30 19:05:00,36.2,54.8,6.0,3,70.7,5.9
2026-06-30 19:10:00,35.1,53.7,5.0,3,10.0,0.8
2026-06-30 19:15:00,33.1,57.0,5.0,3,106.6,8.9
2026-06-30 19:20:00,36.9,52.9,5.0,3,71.5,6.0
2026-06-30 19:25:00,34.5,57.2,5.0,3,268.6,22.4
2026-06-30 19:30:00,32.9,61.6,5.0,3,131.2,10.9
2026-06-30 19:35:00,33.2,55.1,6.0,3,183.9,15.3
2026-06-30 19:40:00,36.4,53.2,5.0,3,107.6,8.9
2026-06-30 19:45:00,36.8,49.2,5.0,3,121.9,10.2
2026-06-30 19:50:00,35.7,57.3,5.0,3,58.0,4.8
2026-06-30 19:55:00,36.2,53.4,4.0,3,100.6,8.4
2026-06-30 20:00:00,35.5,54.3,5.0,3,25.5,2.1
2026-06-30 20:05:00,34.5,56.1,5.0,3,66.4,5.5
2026-06-30 20:10:00,34.2,56.5,5.0,3,132.7,11.1
2026-06-30 20:15:00,34.5,54.4,5.0,2,55.3,4.6
2026-06-30 20:20:00,34.8,58.2,5.0,3,138.9,11.6
2026-06-30 20:25:00,32.7,59.2,5.0,3,124.2,10.4
2026-06-30 20:30:00,34.8,57.3,6.0,3,51.2,4.3
2026-06-30 20:35:00,35.8,53.2,5.0,3,300.1,25.0
2026-06-30 20:40:00,33.4,55.6,5.0,3,96.8,8.1
2026-06-30 20:45:00,33.3,57.0,6.0,3,126.4,10.5
2026-06-30 20:50:00,34.4,57.8,7.0,3,216.1,18.0
2026-06-30 20:55:00,32.8,58.8,6.0,3,23.0,1.9
2026-06-30 21:00:00,31.2,58.0,5.0,3,89.3,7.4
2026-06-30 21:05:00,34.9,57.5,5.0,2,161.7,13.5
2026-06-30 21:10:00,32.5,56.5,5.0,3,266.5,22.2
2026-06-30 21:15:00,33.2,56.5,4.0,3,145.3,12.1
2026-06-30 21:20:00,32.3,58.8,4.0,3,174.9,14.6
2026-06-30 21:25:00,35.0,53.9,4.0,3,72.2,6.1
2026-06-30 21:30:00,34.4,54.8,4.0,3,68.9,5.7
2026-06-30 21:35:00,32.8,61.0,6.0,3,10.2,0.8
2026-06-30 21:40:00,31.4,61.9,5.0,3,281.1,23.4
2026-06-30 21:45:00,32.6,62.6,4.0,3,65.5,5.5
2026-06-30 21:50:00,34.0,57.9,5.0,3,10.0,0.8
2026-06-30 21:55:00,33.4,58.8,5.0,3,208.5,17.4
2026-06-30 22:00:00,32.6,58.3,4.0,3,46.4,3.9
2026-06-30 22:05:00,32.8,57.7,5.0,3,167.1,13.9
2026-06-30 22:10:00,33.6,59.3,5.0,3,164.3,13.7
2026-06-30 22:15:00,32.4,61.3,6.0,3,196.3,16.4
2026-06-30 22:20:00,33.1,59.6,4.0,3,10.0,0.8
2026-06-30 22:25:00,31.0,58.4,6.0,3,138.1,11.5
2026-06-30 22:30:00,36.2,56.0,4.0,3,10.0,0.8
2026-06-30 22:35:00,32.1,57.5,6.0,3,110.2,9.2
2026-06-30 22:40:00,32.8,57.8,4.0,3,180.5,15.0
2026-06-30 22:45:00,33.3,61.0,5.0,3,10.0,0.8
2026-06-30 22:50:00,31.9,56.9,5.0,3,66.3,5.5
2026-06-30 22:55:00,32.5,62.8,6.0,3,21.7,1.8
2026-06-30 23:00:00,32.2,60.9,5.0,3,119.2,9.9
2026-06-30 23:05:00,30.5,60.4,4.0,3,10.0,0.9
2026-06-30 23:10:00,33.0,59.7,4.0,3,165.1,13.8
2026-06-30 23:15:00,29.2,60.8,6.0,3,83.2,6.9
2026-06-30 23:20:00,35.5,57.4,4.0,2,5.0,0.4
2026-06-30 23:25:00,33.7,59.4,5.0,3,100.3,8.4
2026-06-30 23:30:00,33.4,58.9,4.0,3,125.2,10.4
2026-06-30 23:35:00,29.0,60.5,4.0,3,10.0,0.8
2026-06-30 23:40:00,30.8,60.6,4.0,3,11.0,0.8
2026-06-30 23:45:00,34.8,56.6,5.0,3,233.4,19.4
2026-06-30 23:50:00,39.9,53.8,5.0,3,10.0,0.8
2026-06-30 23:55:00,34.4,56.9,5.0,3,12.2,1.0
2026-07-01 00:00:00,33.2,61.5,4.0,3,73.3,6.1
2026-07-01 00:05:00,32.5,60.3,5.0,3,173.7,14.5
2026-07-01 00:10:00,30.8,61.9,4.0,3,10.0,0.8
2026-07-01 00:15:00,33.1,59.2,4.0,3,81.7,6.8
2026-07-01 00:20:00,30.5,62.0,5.0,2,87.6,7.3
2026-07-01 00:25:00,30.4,63.0,5.0,3,212.5,17.7
2026-07-01 00:30:00,30.3,62.0,6.0,3,132.9,11.1
2026-07-01 00:35:00,33.1,61.5,4.0,3,17.8,1.5
2026-07-01 00:40:00,31.8,60.2,5.0,3,196.1,16.3
2026-07-01 00:45:00,32.0,60.9,5.0,3,75.7,6.3
2026-07-01 00:50:00,31.9,61.1,4.0,3,145.3,12.1
2026-07-01 00:55:00,30.5,60.0,4.0,3,36.2,3.0
2026-07-01 01:00:00,30.6,61.5,4.0,3,192.0,16.0
2026-07-01 01:05:00,30.6,58.3,4.0,3,76.0,6.3
2026-07-01 01:10:00,29.9,62.1,4.0,3,124.7,10.4
2026-07-01 01:15:00,30.7,60.8,4.0,3,10.0,0.8
2026-07-01 01:20:00,30.2,61.3,4.0,3,236.8,19.7
2026-07-01 01:25:00,31.7,59.3,4.0,2,171.3,14.3
2026-07-01 01:30:00,31.8,60.7,5.0,3,220.0,18.3
2026-07-01 01:35:00,30.0,60.7,4.0,3,10.0,0.8
2026-07-01 01:40:00,30.9,64.2,4.0,3,240.0,20.0
2026-07-01 01:45:00,32.9,59.4,4.0,3,10.0,0.8
2026-07-01 01:50:00,30.3,60.4,4.0,3,10.0,0.8
2026-07-01 01:55:00,31.6,61.2,4.0,3,86.7,7.2
2026-07-01 02:00:00,30.8,63.6,4.0,3,121.3,10.1
2026-07-01 02:05:00,32.0,60.3,4.0,3,183.2,15.3
2026-07-01 02:10:00,31.1,58.3,4.0,3,97.2,8.1
2026-07-01 02:15:00,30.2,67.4,4.0,3,11.6,1.0
2026-07-01 02:20:00,30.8,62.7,4.0,3,199.4,16.6
2026-07-01 02:25:00,30.8,58.2,5.0,3,89.7,7.4
2026-07-01 02:30:00,30.6,62.0,4.0,3,161.5,13.5
2026-07-01 02:35:00,29.3,62.9,4.0,3,189.1,15.7
2026-07-01 02:40:00,32.1,59.2,4.0,3,56.0,4.7
2026-07-01 02:45:00,31.9,56.7,4.0,3,83.2,6.9
2026-07-01 02:50:00,29.6,63.1,4.0,3,162.5,13.5
2026-07-01 02:55:00,30.4,59.8,5.0,3,190.1,15.8
2026-07-01 03:00:00,30.0,61.3,5.0,3,51.6,4.3
2026-07-01 03:05:00,29.0,64.7,4.0,3,102.4,8.5
2026-07-01 03:10:00,28.3,63.8,4.0,3,10.0,0.8
2026-07-01 03:15:00,29.6,62.1,4.0,3,69.6,5.8
2026-07-01 03:20:00,29.9,64.3,4.0,3,235.8,19.5
2026-07-01 03:25:00,28.7,62.1,4.0,3,10.0,0.8
2026-07-01 03:30:00,30.4,60.0,5.0,3,265.1,22.1
2026-07-01 03:35:00,31.5,56.7,5.0,2,214.3,17.9
2026-07-01 03:40:00,31.1,58.4,4.0,3,267.3,22.3
2026-07-01 03:45:00,30.1,62.3,4.0,3,10.0,0.8
2026-07-01 03:50:00,28.3,66.4,4.0,3,12.8,1.1
2026-07-01 03:55:00,31.0,58.6,4.0,3,106.7,8.9
2026-07-01 04:00:00,30.2,63.6,4.0,3,69.5,5.8
2026-07-01 04:05:00,30.5,61.8,4.0,3,198.5,16.5
2026-07-01 04:10:00,32.1,55.1,5.0,3,173.7,14.5
2026-07-01 04:15:00,29.2,64.2,4.0,3,98.5,8.2
2026-07-01 04:20:00,27.0,70.7,4.0,3,10.0,0.8
2026-07-01 04:25:00,29.0,59.2,5.0,3,81.9,6.8
2026-07-01 04:30:00,30.6,66.5,4.0,3,329.6,27.4
2026-07-01 04:35:00,30.1,60.6,4.0,3,126.1,10.5
2026-07-01 04:40:00,28.8,60.2,4.0,3,232.8,19.4
2026-07-01 04:45:00,28.6,65.1,4.0,2,132.5,11.0
2026-07-01 04:50:00,29.7,65.0,5.0,3,139.4,11.6
2026-07-01 04:55:00,28.8,63.7,4.0,3,259.4,21.6
2026-07-01 05:00:00,30.4,62.6,5.0,3,100.8,8.4
2026-07-01 05:05:00,29.6,67.7,6.0,3,213.4,17.8
2026-07-01 05:10:00,29.4,64.0,6.0,3,192.3,16.0
2026-07-01 05:15:00,29.2,70.1,5.0,3,114.4,9.5
2026-07-01 05:20:00,30.2,64.9,6.0,3,114.7,9.6
2026-07-01 05:25:00,30.0,62.7,5.0,3,10.0,0.8
2026-07-01 05:30:00,30.1,63.0,5.0,3,73.4,6.1
2026-07-01 05:35:00,30.1,61.7,5.0,3,326.2,27.2
2026-07-01 05:40:00,29.9,63.3,5.0,3,265.1,22.1
2026-07-01 05:45:00,29.0,65.3,6.0,3,99.5,8.3
2026-07-01 05:50:00,29.3,62.8,4.0,3,32.2,2.7
2026-07-01 05:55:00,29.6,60.3,4.0,3,216.1,18.0
2026-07-01 06:00:00,31.6,62.8,5.0,3,132.9,11.2
2026-07-01 06:05:00,28.5,66.9,5.0,2,193.6,16.1
2026-07-01 06:10:00,29.3,60.9,6.0,1,65.8,5.5
2026-07-01 06:15:00,29.8,63.3,5.0,3,149.4,12.4
2026-07-01 06:20:00,29.4,65.7,5.0,3,80.9,6.7
2026-07-01 06:25:00,30.7,63.4,5.0,0,3.5,0.3
2026-07-01 06:30:00,29.4,62.2,6.0,1,10.7,0.9
2026-07-01 06:35:00,29.5,65.4,5.0,3,239.1,19.9
2026-07-01 06:40:00,30.4,62.1,5.0,3,130.3,10.9
2026-07-01 06:45:00,31.3,61.4,5.0,0,5.3,0.4
2026-07-01 06:50:00,31.0,59.3,6.0,3,162.6,13.7
2026-07-01 06:55:00,29.6,54.8,5.0,3,14.7,1.2
2026-07-01 07:00:00,29.2,61.9,4.0,3,38.7,3.2
2026-07-01 07:05:00,29.3,64.9,8.0,0,6.4,0.5
2026-07-01 07:10:00,29.4,63.0,6.0,1,102.5,8.5
2026-07-01 07:15:00,28.3,66.7,4.0,0,6.2,0.5
2026-07-01 07:20:00,30.3,64.8,4.0,1,43.7,3.6
2026-07-01 07:25:00,29.5,62.5,6.0,0,4.6,0.4
2026-07-01 07:30:00,29.2,62.8,7.0,3,10.0,0.8
2026-07-01 07:35:00,27.9,60.5,6.0,2,95.8,8.1
2026-07-01 07:40:00,29.3,59.9,6.0,0,6.3,0.5
2026-07-01 07:45:00,27.2,63.6,6.0,3,146.4,12.2
2026-07-01 07:50:00,28.6,66.0,5.0,3,114.1,9.5
2026-07-01 07:55:00,28.7,63.8,4.0,0,8.3,0.7
2026-07-01 08:00:00,29.5,62.0,5.0,0,6.3,0.5
2026-07-01 08:05:00,31.3,59.0,8.0,3,10.0,0.8
2026-07-01 08:10:00,29.8,60.9,7.0,3,134.2,11.2
2026-07-01 08:15:00,30.8,63.5,6.0,3,117.6,9.8
2026-07-01 08:20:00,29.9,62.9,5.0,0,6.3,0.5
2026-07-01 08:25:00,30.4,64.3,7.0,0,4.5,0.4
2026-07-01 08:30:00,31.2,55.4,6.0,0,5.9,0.5
2026-07-01 08:35:00,28.3,66.3,6.0,0,8.6,0.7
2026-07-01 08:40:00,28.3,63.9,7.0,0,5.4,0.4
2026-07-01 08:45:00,29.9,62.0,5.0,3,10.0,0.8
2026-07-01 08:50:00,29.2,67.0,8.0,0,4.9,0.4
2026-07-01 08:55:00,29.4,62.5,6.0,0,8.0,0.7
2026-07-01 09:00:00,29.5,64.5,7.0,0,5.2,0.4
2026-07-01 09:05:00,29.1,61.5,6.0,0,6.8,0.6
2026-07-01 09:10:00,31.5,60.4,9.0,0,6.0,0.5
2026-07-01 09:15:00,28.5,61.0,7.0,0,6.6,0.5
2026-07-01 09:20:00,30.5,61.7,7.0,1,32.0,2.7
2026-07-01 09:25:00,30.3,63.1,7.0,1,130.6,10.9
2026-07-01 09:30:00,28.0,68.3,10.0,0,7.3,0.6
2026-07-01 09:35:00,28.8,62.4,6.0,3,42.1,3.5
2026-07-01 09:40:00,29.0,62.8,7.0,0,8.1,0.7
2026-07-01 09:45:00,30.4,60.4,6.0,1,48.6,4.0
2026-07-01 09:50:00,29.3,63.0,4.0,0,7.7,0.6
2026-07-01 09:55:00,29.6,60.9,6.0,0,8.5,0.7
2026-07-01 10:00:00,29.1,59.2,7.0,3,127.3,10.5
2026-07-01 10:05:00,33.4,55.8,7.0,0,5.1,0.4
2026-07-01 10:10:00,30.8,61.5,8.0,0,3.5,0.3
2026-07-01 10:15:00,31.3,60.6,7.0,0,5.3,0.5
2026-07-01 10:20:00,30.1,63.8,7.0,0,11.4,1.0
2026-07-01 10:25:00,30.0,64.5,7.0,3,14.6,1.2
2026-07-01 10:30:00,32.9,57.8,7.0,1,121.0,10.1
2026-07-01 10:35:00,28.6,61.1,6.0,1,90.9,7.7
2026-07-01 10:40:00,31.0,62.2,6.0,3,82.3,6.9
2026-07-01 10:45:00,29.4,63.5,4.0,1,69.6,5.8
2026-07-01 10:50:00,30.3,61.7,8.0,0,5.4,0.4
2026-07-01 10:55:00,30.0,65.4,6.0,1,95.5,8.1
2026-07-01 11:00:00,31.1,62.1,5.0,0,3.5,0.3
2026-07-01 11:05:00,32.2,59.6,6.0,0,10.9,0.9
2026-07-01 11:10:00,29.4,64.0,9.0,0,6.0,0.5
2026-07-01 11:15:00,31.8,62.0,6.0,1,102.7,8.6
2026-07-01 11:20:00,32.1,57.8,6.0,0,3.9,0.3
2026-07-01 11:25:00,30.7,59.5,9.0,0,3.5,0.3
2026-07-01 11:30:00,33.8,56.3,7.0,1,56.6,4.7
2026-07-01 11:35:00,31.5,57.6,6.0,0,5.9,0.5
2026-07-01 11:40:00,31.9,59.7,4.0,0,7.1,0.6
2026-07-01 11:45:00,31.5,60.6,7.0,3,39.5,3.3
2026-07-01 11:50:00,32.1,59.3,5.0,0,7.0,0.6
2026-07-01 11:55:00,33.6,56.3,7.0,0,7.4,0.6
2026-07-01 12:00:00,36.0,57.5,6.0,0,3.5,0.3
2026-07-01 12:05:00,34.0,58.9,7.0,0,3.5,0.3
2026-07-01 12:10:00,34.4,55.7,8.0,0,5.6,0.5
2026-07-01 12:15:00,35.1,55.0,4.0,0,7.9,0.7
2026-07-01 12:20:00,33.5,60.8,6.0,3,10.0,0.8
2026-07-01 12:25:00,35.0,53.5,6.0,0,4.8,0.4
2026-07-01 12:30:00,34.1,54.0,7.0,3,10.0,0.8
2026-07-01 12:35:00,33.4,58.0,7.0,0,3.5,0.4
2026-07-01 12:40:00,33.6,58.2,7.0,0,7.3,0.6
2026-07-01 12:45:00,31.2,62.1,5.0,0,3.5,0.3
2026-07-01 12:50:00,33.5,59.4,5.0,0,4.6,0.4
2026-07-01 12:55:00,31.5,58.6,4.0,0,7.2,0.6
2026-07-01 13:00:00,32.0,55.7,6.0,0,7.1,0.6
2026-07-01 13:05:00,34.1,54.5,7.0,3,10.0,0.8
2026-07-01 13:10:00,32.6,60.0,6.0,0,3.5,0.3
2026-07-01 13:15:00,33.8,54.1,7.0,0,7.4,0.6
2026-07-01 13:20:00,34.0,51.2,6.0,0,8.4,0.7
2026-07-01 13:25:00,34.1,56.4,6.0,1,47.3,3.9
2026-07-01 13:30:00,32.8,56.6,5.0,0,6.9,0.6
2026-07-01 13:35:00,34.9,50.3,6.0,1,106.2,8.8
2026-07-01 13:40:00,33.7,56.9,7.0,2,149.9,12.5
2026-07-01 13:45:00,34.4,54.6,7.0,3,279.8,23.3
2026-07-01 13:50:00,32.5,63.0,6.0,0,5.1,0.4
2026-07-01 13:55:00,33.6,57.1,7.0,1,198.4,16.5
2026-07-01 14:00:00,36.2,54.8,7.0,1,10.0,0.8
2026-07-01 14:05:00,36.0,53.5,6.0,1,11.5,1.0
2026-07-01 14:10:00,33.5,55.1,7.0,3,10.0,0.8
2026-07-01 14:15:00,33.8,55.0,6.0,3,89.6,7.5
2026-07-01 14:20:00,33.2,59.5,7.0,1,18.8,1.6
2026-07-01 14:25:00,33.7,58.1,6.0,2,155.6,13.0
2026-07-01 14:30:00,32.6,54.0,7.0,3,99.0,8.2
2026-07-01 14:35:00,34.4,52.5,6.0,2,5.0,0.4
2026-07-01 14:40:00,35.5,51.3,7.0,1,49.4,4.1
2026-07-01 14:45:00,33.5,59.1,7.0,3,275.5,23.0
2026-07-01 14:50:00,34.5,51.2,7.0,2,160.9,13.4
2026-07-01 14:55:00,34.3,57.5,7.0,1,18.2,1.5
2026-07-01 15:00:00,36.9,53.4,6.0,1,94.4,7.9
2026-07-01 15:05:00,34.6,55.4,6.0,3,10.0,0.8
2026-07-01 15:10:00,34.7,53.9,8.0,2,109.2,9.1
2026-07-01 15:15:00,34.3,58.0,7.0,2,117.1,9.8
2026-07-01 15:20:00,33.9,56.1,7.0,2,169.9,14.2
2026-07-01 15:25:00,36.2,50.1,6.0,1,10.0,0.8
2026-07-01 15:30:00,35.3,51.6,4.0,2,58.3,4.9
2026-07-01 15:35:00,35.5,50.5,6.0,2,102.0,8.5
2026-07-01 15:40:00,37.2,54.8,7.0,1,44.5,3.7
2026-07-01 15:45:00,37.3,55.2,7.0,2,105.5,8.8
2026-07-01 15:50:00,33.2,59.0,7.0,2,130.1,10.8
2026-07-01 15:55:00,36.3,52.9,7.0,2,5.0,0.4
2026-07-01 16:00:00,36.3,49.7,11.0,6,118.0,9.8
2026-07-01 16:05:00,35.3,51.6,7.0,3,41.3,3.5
2026-07-01 16:10:00,36.5,50.5,5.0,2,152.3,12.7
2026-07-01 16:15:00,33.4,56.0,6.0,3,130.0,10.8
2026-07-01 16:20:00,38.2,54.2,10.0,2,155.4,12.9
2026-07-01 16:25:00,36.8,55.7,8.0,2,5.0,0.4
2026-07-01 16:30:00,34.7,53.6,9.0,2,42.3,3.5
2026-07-01 16:35:00,35.1,49.1,7.0,3,93.3,7.8
2026-07-01 16:40:00,33.4,53.4,7.0,2,188.5,15.6
2026-07-01 16:45:00,35.5,56.6,5.0,2,23.6,2.0
2026-07-01 16:50:00,35.3,54.6,7.0,3,66.5,5.5
2026-07-01 16:55:00,34.0,54.6,8.0,2,216.2,18.0
2026-07-01 17:00:00,37.4,50.5,11.0,2,27.4,2.3
2026-07-01 17:05:00,38.3,48.6,10.0,3,152.4,12.7
2026-07-01 17:10:00,36.0,49.8,13.0,3,10.0,0.8
2026-07-01 17:15:00,35.5,59.6,8.0,2,175.9,14.7
2026-07-01 17:20:00,36.8,57.1,9.0,2,24.8,2.1
2026-07-01 17:25:00,36.0,50.9,8.0,3,77.3,6.4
2026-07-01 17:30:00,34.2,50.3,7.0,3,52.6,4.4
2026-07-01 17:35:00,34.9,54.9,9.0,2,164.6,13.8
2026-07-01 17:40:00,35.5,53.4,8.0,2,117.8,9.8
2026-07-01 17:45:00,36.5,54.4,13.0,2,118.9,9.9
2026-07-01 17:50:00,36.1,55.5,6.0,6,158.7,13.3
2026-07-01 17:55:00,36.4,49.5,8.0,3,180.6,15.0
2026-07-01 18:00:00,32.4,60.6,4.0,3,10.0,0.8
2026-07-01 18:05:00,36.2,52.1,6.0,3,82.9,6.9
2026-07-01 18:10:00,35.1,55.9,4.0,3,86.7,7.2
2026-07-01 18:15:00,39.5,48.7,6.0,3,63.6,5.3
2026-07-01 18:20:00,34.4,57.5,4.0,3,49.1,4.1
2026-07-01 18:25:00,35.6,48.0,5.0,3,88.8,7.4
2026-07-01 18:30:00,40.0,50.9,5.0,3,197.1,16.4
2026-07-01 18:35:00,35.4,51.6,7.0,3,157.6,13.1
2026-07-01 18:40:00,35.0,54.5,6.0,3,37.0,3.1
2026-07-01 18:45:00,33.4,59.4,6.0,3,36.3,3.0
2026-07-01 18:50:00,37.7,49.2,7.0,3,10.0,0.8
2026-07-01 18:55:00,33.1,53.8,5.0,3,188.4,15.7
2026-07-01 19:00:00,35.0,53.8,4.0,3,46.8,3.9
2026-07-01 19:05:00,33.8,55.1,5.0,3,10.0,0.8
2026-07-01 19:10:00,34.2,53.2,5.0,3,106.5,8.9
2026-07-01 19:15:00,32.5,57.9,5.0,3,122.7,10.2
2026-07-01 19:20:00,36.3,53.5,6.0,3,73.2,6.1
2026-07-01 19:25:00,34.1,56.8,5.0,3,107.6,8.9
2026-07-01 19:30:00,32.8,55.4,6.0,3,82.5,6.9
2026-07-01 19:35:00,36.2,51.1,5.0,3,142.0,11.9
2026-07-01 19:40:00,33.8,55.8,5.0,3,121.2,10.1
2026-07-01 19:45:00,34.9,54.2,4.0,3,40.9,3.4
2026-07-01 19:50:00,35.6,53.5,5.0,3,154.3,12.9
2026-07-01 19:55:00,35.1,52.9,5.0,3,22.1,1.8
2026-07-01 20:00:00,30.7,60.6,5.0,3,10.0,0.8
2026-07-01 20:05:00,34.8,53.7,5.0,3,112.0,9.3
2026-07-01 20:10:00,33.7,56.5,5.0,3,130.5,10.9
2026-07-01 20:15:00,33.4,56.5,6.0,3,172.8,14.4
2026-07-01 20:20:00,33.7,56.7,5.0,3,260.3,21.7
2026-07-01 20:25:00,31.6,61.5,5.0,3,10.0,0.8
2026-07-01 20:30:00,34.1,53.6,6.0,3,45.8,3.8
2026-07-01 20:35:00,31.9,53.6,4.0,3,108.4,9.0
2026-07-01 20:40:00,33.4,55.9,6.0,3,246.2,20.5
2026-07-01 20:45:00,34.1,54.0,4.0,3,62.6,5.2
2026-07-01 20:50:00,35.4,48.7,5.0,3,10.0,0.9
2026-07-01 20:55:00,32.7,61.5,5.0,3,10.0,0.8
2026-07-01 21:00:00,35.4,56.8,4.0,3,79.7,6.6
2026-07-01 21:05:00,34.7,57.6,5.0,3,131.8,11.0
2026-07-01 21:10:00,32.6,57.7,5.0,3,291.2,24.3
2026-07-01 21:15:00,31.6,60.0,5.0,3,39.7,3.3
2026-07-01 21:20:00,31.1,58.8,5.0,3,144.3,12.0
2026-07-01 21:25:00,33.7,58.8,5.0,3,188.7,15.7
2026-07-01 21:30:00,32.2,59.0,5.0,3,46.6,3.9
2026-07-01 21:35:00,35.0,56.0,5.0,3,243.9,20.3
2026-07-01 21:40:00,32.3,58.6,4.0,3,45.6,3.8
2026-07-01 21:45:00,31.9,61.7,5.0,3,10.0,0.8
2026-07-01 21:50:00,33.6,57.7,4.0,3,232.2,19.3
2026-07-01 21:55:00,32.3,56.6,4.0,3,92.5,7.7
2026-07-01 22:00:00,32.6,59.2,5.0,3,10.0,0.8
2026-07-01 22:05:00,34.0,58.2,4.0,3,57.8,4.8
2026-07-01 22:10:00,32.8,58.1,4.0,3,33.2,2.8
2026-07-01 22:15:00,32.8,58.3,4.0,3,47.3,3.9
2026-07-01 22:20:00,32.9,56.3,4.0,3,111.9,9.3
2026-07-01 22:25:00,30.1,61.0,4.0,3,65.7,5.5
2026-07-01 22:30:00,33.2,55.7,5.0,3,277.4,23.1
2026-07-01 22:35:00,32.8,57.9,4.0,3,64.5,5.4
2026-07-01 22:40:00,33.9,56.1,4.0,2,19.4,1.6
2026-07-01 22:45:00,33.5,59.6,4.0,3,82.7,6.9
2026-07-01 22:50:00,32.3,61.8,4.0,3,226.3,19.0
2026-07-01 22:55:00,34.1,55.0,4.0,3,205.6,17.1
2026-07-01 23:00:00,31.8,60.3,4.0,3,162.2,13.4
2026-07-01 23:05:00,32.8,59.3,4.0,3,60.8,5.1
2026-07-01 23:10:00,31.8,61.0,4.0,3,222.9,18.6
2026-07-01 23:15:00,33.2,59.7,5.0,3,62.0,5.2
2026-07-01 23:20:00,31.6,59.9,4.0,3,10.0,0.8
2026-07-01 23:25:00,35.4,58.4,4.0,3,43.5,3.6
2026-07-01 23:30:00,36.1,57.6,6.0,3,166.3,13.9
2026-07-01 23:35:00,34.0,61.5,4.0,3,72.9,6.1
2026-07-01 23:40:00,35.2,57.2,4.0,3,113.7,9.5
2026-07-01 23:45:00,29.5,62.0,4.0,3,10.0,0.8
2026-07-01 23:50:00,29.7,62.3,5.0,3,168.5,14.0
2026-07-01 23:55:00,31.7,61.0,5.0,3,31.0,2.6
2026-07-02 00:00:00,32.0,59.7,4.0,3,18.3,1.5
2026-07-02 00:05:00,31.7,62.2,4.0,3,77.4,6.4
2026-07-02 00:10:00,29.9,58.8,4.0,3,10.0,0.8
2026-07-02 00:15:00,33.4,57.5,5.0,3,14.8,1.2
2026-07-02 00:20:00,34.6,59.0,4.0,3,19.4,1.6
2026-07-02 00:25:00,33.6,57.6,4.0,3,116.4,9.7
2026-07-02 00:30:00,33.3,57.7,4.0,3,33.4,2.8
2026-07-02 00:35:00,32.2,59.3,4.0,3,122.4,10.2
2026-07-02 00:40:00,30.9,59.8,5.0,3,81.9,6.8
2026-07-02 00:45:00,32.0,61.0,4.0,3,54.5,4.5
2026-07-02 00:50:00,34.6,59.3,7.0,3,204.8,17.1
2026-07-02 00:55:00,31.5,60.6,4.0,3,10.0,0.8
2026-07-02 01:00:00,30.9,62.8,4.0,3,150.2,12.5
2026-07-02 01:05:00,32.3,56.8,5.0,3,10.0,0.8
2026-07-02 01:10:00,32.4,59.2,5.0,3,24.3,2.0
2026-07-02 01:15:00,30.5,63.8,5.0,3,58.0,4.8
2026-07-02 01:20:00,31.0,62.5,4.0,3,75.9,6.3
2026-07-02 01:25:00,30.8,63.6,4.0,3,91.2,7.6
2026-07-02 01:30:00,31.3,59.5,4.0,3,105.1,8.8
2026-07-02 01:35:00,32.3,60.7,4.0,3,50.8,4.2
2026-07-02 01:40:00,30.5,60.8,5.0,3,10.0,0.8
2026-07-02 01:45:00,32.3,60.2,4.0,3,31.2,2.7
2026-07-02 01:50:00,31.4,62.6,5.0,3,168.5,14.0
2026-07-02 01:55:00,33.4,56.4,4.0,3,144.5,12.0
2026-07-02 02:00:00,31.2,56.1,4.0,3,147.1,12.3
2026-07-02 02:05:00,30.7,65.8,5.0,3,73.1,6.1
2026-07-02 02:10:00,31.5,61.3,5.0,3,137.2,11.5
2026-07-02 02:15:00,30.4,61.5,5.0,3,53.4,4.4
2026-07-02 02:20:00,28.8,63.8,4.0,3,62.0,5.2
2026-07-02 02:25:00,30.5,56.6,4.0,3,43.0,3.7
2026-07-02 02:30:00,30.5,62.1,5.0,3,179.1,14.9
2026-07-02 02:35:00,29.0,62.6,4.0,3,10.0,0.8
2026-07-02 02:40:00,30.7,61.4,4.0,3,104.6,8.8
2026-07-02 02:45:00,28.5,64.7,4.0,3,104.6,8.7
2026-07-02 02:50:00,30.4,53.7,4.0,3,111.8,9.3
2026-07-02 02:55:00,31.1,61.9,4.0,3,86.5,7.2
2026-07-02 03:00:00,30.4,62.0,5.0,3,202.5,16.9
2026-07-02 03:05:00,29.9,63.1,4.0,3,97.3,8.1
2026-07-02 03:10:00,30.2,61.4,4.0,3,75.0,6.2
2026-07-02 03:15:00,29.5,63.1,4.0,3,151.0,12.6
2026-07-02 03:20:00,30.3,62.1,5.0,3,10.0,0.8
2026-07-02 03:25:00,30.4,62.2,5.0,3,29.7,2.5
2026-07-02 03:30:00,29.4,64.3,5.0,3,186.6,15.6
2026-07-02 03:35:00,30.6,61.9,5.0,3,118.2,9.8
2026-07-02 03:40:00,30.6,65.6,4.0,3,10.0,0.7
2026-07-02 03:45:00,30.2,60.1,4.0,3,324.6,27.0
2026-07-02 03:50:00,32.9,56.6,4.0,3,79.4,6.7
2026-07-02 03:55:00,30.2,65.9,4.0,3,26.6,2.2
2026-07-02 04:00:00,29.9,62.1,5.0,3,10.0,0.8
2026-07-02 04:05:00,29.7,65.3,5.0,3,213.1,17.8
2026-07-02 04:10:00,29.1,64.3,4.0,3,11.6,1.0
2026-07-02 04:15:00,30.9,60.2,5.0,3,59.9,5.0
2026-07-02 04:20:00,29.4,66.0,4.0,3,123.0,10.2
2026-07-02 04:25:00,29.6,64.4,4.0,3,10.0,0.8
2026-07-02 04:30:00,29.6,59.1,5.0,3,166.2,13.8
2026-07-02 04:35:00,29.1,64.4,5.0,3,15.1,1.3
2026-07-02 04:40:00,28.3,62.7,4.0,3,189.0,15.8
2026-07-02 04:45:00,29.7,66.2,4.0,2,99.4,8.3
2026-07-02 04:50:00,31.1,65.0,5.0,3,119.2,9.9
2026-07-02 04:55:00,30.4,66.5,5.0,3,194.8,16.2
2026-07-02 05:00:00,31.5,60.9,4.0,2,39.0,3.2
2026-07-02 05:05:00,30.7,60.5,6.0,3,112.3,9.4
2026-07-02 05:10:00,30.5,62.5,5.0,3,184.7,15.4
2026-07-02 05:15:00,31.8,57.7,4.0,3,134.5,11.2
2026-07-02 05:20:00,29.9,67.7,5.0,3,89.3,7.4
2026-07-02 05:25:00,30.1,64.9,5.0,3,124.5,10.4
2026-07-02 05:30:00,30.0,63.2,4.0,3,10.0,0.8
2026-07-02 05:35:00,31.5,62.3,5.0,3,46.7,3.9
2026-07-02 05:40:00,30.0,61.5,6.0,3,198.6,16.5
2026-07-02 05:45:00,29.4,61.2,6.0,3,10.0,0.9
2026-07-02 05:50:00,30.6,57.0,6.0,3,43.3,3.6
2026-07-02 05:55:00,29.3,63.9,5.0,3,10.0,0.8
2026-07-02 06:00:00,30.2,61.9,6.0,3,10.0,0.8
2026-07-02 06:05:00,30.1,63.6,6.0,0,6.6,0.5
2026-07-02 06:10:00,29.6,63.3,5.0,3,60.2,5.0
2026-07-02 06:15:00,30.3,63.2,6.0,3,130.4,10.9
2026-07-02 06:20:00,28.4,66.8,6.0,3,69.1,5.8
2026-07-02 06:25:00,29.9,59.9,7.0,3,10.0,0.8
2026-07-02 06:30:00,29.3,65.5,6.0,0,4.2,0.3
2026-07-02 06:35:00,32.4,58.2,5.0,3,10.0,0.8
2026-07-02 06:40:00,29.9,63.9,6.0,0,7.8,0.6
2026-07-02 06:45:00,29.2,66.0,6.0,1,41.2,3.4
2026-07-02 06:50:00,28.5,67.0,6.0,3,10.0,0.8
2026-07-02 06:55:00,30.9,61.5,5.0,3,66.4,5.5
2026-07-02 07:00:00,29.0,64.5,8.0,0,8.7,0.7
2026-07-02 07:05:00,28.5,67.0,5.0,2,31.0,2.6
2026-07-02 07:10:00,29.7,59.4,8.0,0,4.8,0.4
2026-07-02 07:15:00,30.1,60.1,4.0,0,7.2,0.6
2026-07-02 07:20:00,30.1,61.7,5.0,0,7.7,0.6
2026-07-02 07:25:00,29.4,60.3,6.0,3,10.0,0.8
2026-07-02 07:30:00,29.5,62.7,4.0,0,5.2,0.4
2026-07-02 07:35:00,29.6,62.4,5.0,0,3.5,0.3
2026-07-02 07:40:00,29.7,63.2,6.0,0,5.9,0.5
2026-07-02 07:45:00,29.8,62.7,4.0,0,3.5,0.3
2026-07-02 07:50:00,30.6,64.2,7.0,1,112.7,9.4
2026-07-02 07:55:00,29.4,64.9,7.0,0,8.9,0.7
2026-07-02 08:00:00,28.3,64.9,9.0,0,6.8,0.6
2026-07-02 08:05:00,29.1,63.1,7.0,0,5.1,0.4
2026-07-02 08:10:00,30.1,62.2,5.0,3,189.0,15.8
2026-07-02 08:15:00,27.2,66.6,6.0,0,7.5,0.6
2026-07-02 08:20:00,27.2,71.0,7.0,0,3.5,0.3
2026-07-02 08:25:00,30.3,58.6,7.0,0,7.9,0.7
2026-07-02 08:30:00,30.9,58.9,5.0,3,29.4,2.4
2026-07-02 08:35:00,27.8,63.2,9.0,0,6.1,0.5
2026-07-02 08:40:00,29.3,64.2,6.0,0,6.1,0.4
2026-07-02 08:45:00,28.8,64.9,9.0,1,62.7,5.2
2026-07-02 08:50:00,28.9,62.8,6.0,3,49.4,4.1
2026-07-02 08:55:00,29.6,65.3,6.0,1,10.0,0.8
2026-07-02 09:00:00,28.4,65.9,7.0,0,4.8,0.4
2026-07-02 09:05:00,28.6,67.0,7.0,0,5.0,0.4
2026-07-02 09:10:00,29.5,66.2,6.0,1,79.2,6.5
2026-07-02 09:15:00,29.7,57.9,7.0,0,6.7,0.6
2026-07-02 09:20:00,28.6,66.4,7.0,0,3.7,0.3
2026-07-02 09:25:00,30.7,58.4,9.0,3,138.9,11.6
2026-07-02 09:30:00,29.4,64.1,6.0,1,20.5,1.7
2026-07-02 09:35:00,29.4,63.3,5.0,0,3.5,0.3
2026-07-02 09:40:00,30.1,62.4,5.0,1,10.0,0.8
2026-07-02 09:45:00,29.7,60.1,10.0,3,10.0,0.8
2026-07-02 09:50:00,30.7,64.0,4.0,1,118.2,9.8
2026-07-02 09:55:00,28.8,61.3,4.0,0,7.7,0.6
2026-07-02 10:00:00,29.2,65.4,6.0,0,6.6,0.5
2026-07-02 10:05:00,30.5,58.9,5.0,0,3.6,0.3
2026-07-02 10:10:00,30.9,61.4,7.0,3,225.6,18.8
2026-07-02 10:15:00,29.4,67.5,7.0,0,5.7,0.5
2026-07-02 10:20:00,29.2,69.0,5.0,3,165.2,13.8
2026-07-02 10:25:00,31.0,57.8,8.0,1,44.3,3.7
2026-07-02 10:30:00,29.9,61.3,5.0,0,5.6,0.5
2026-07-02 10:35:00,29.2,62.6,5.0,0,4.1,0.2
2026-07-02 10:40:00,31.9,65.1,8.0,3,162.8,13.6
2026-07-02 10:45:00,30.1,62.4,5.0,0,5.9,0.5
2026-07-02 10:50:00,32.1,62.2,7.0,0,5.4,0.4
2026-07-02 10:55:00,30.8,62.3,8.0,0,7.3,0.6
2026-07-02 11:00:00,32.6,55.8,4.0,0,6.3,0.5
2026-07-02 11:05:00,32.0,55.2,6.0,0,4.4,0.4
2026-07-02 11:10:00,29.3,62.3,7.0,0,4.4,0.4
2026-07-02 11:15:00,31.0,66.7,6.0,0,6.4,0.5
2026-07-02 11:20:00,32.1,60.1,6.0,3,27.2,2.3
2026-07-02 11:25:00,32.7,61.1,6.0,0,3.5,0.3
2026-07-02 11:30:00,30.3,58.8,7.0,0,3.5,0.3
2026-07-02 11:35:00,32.2,58.6,5.0,0,5.1,0.3
2026-07-02 11:40:00,31.0,63.0,7.0,3,16.4,1.4
2026-07-02 11:45:00,32.5,56.3,6.0,1,88.5,7.4
2026-07-02 11:50:00,32.2,59.2,4.0,0,5.2,0.4
2026-07-02 11:55:00,33.1,55.8,5.0,0,7.5,0.6
2026-07-02 12:00:00,34.5,57.8,4.0,0,3.5,0.3
2026-07-02 12:05:00,33.8,57.8,7.0,0,4.6,0.4
2026-07-02 12:10:00,34.3,57.8,7.0,0,5.5,0.5
2026-07-02 12:15:00,32.9,60.4,7.0,0,4.9,0.4
2026-07-02 12:20:00,36.5,52.1,7.0,3,38.7,3.2
2026-07-02 12:25:00,31.9,62.3,6.0,3,58.1,4.8
2026-07-02 12:30:00,32.7,57.1,7.0,0,4.0,0.3
2026-07-02 12:35:00,34.3,57.6,6.0,0,4.2,0.3
2026-07-02 12:40:00,34.1,51.5,7.0,0,6.0,0.5
2026-07-02 12:45:00,33.8,55.0,4.0,1,42.1,3.5
2026-07-02 12:50:00,34.0,62.3,4.0,0,5.0,0.4
2026-07-02 12:55:00,31.0,62.7,6.0,3,203.9,17.0
2026-07-02 13:00:00,35.8,55.0,7.0,0,4.7,0.4
2026-07-02 13:05:00,33.7,54.6,6.0,0,3.5,0.3
2026-07-02 13:10:00,35.4,51.2,7.0,1,76.8,6.4
2026-07-02 13:15:00,31.6,59.3,6.0,1,132.1,11.0
2026-07-02 13:20:00,34.2,55.7,4.0,0,10.1,0.8
2026-07-02 13:25:00,33.3,62.3,8.0,0,5.8,0.5
2026-07-02 13:30:00,34.6,57.9,5.0,3,10.0,0.8
2026-07-02 13:35:00,34.3,56.0,5.0,2,202.9,16.9
2026-07-02 13:40:00,34.3,55.9,7.0,1,74.0,6.2
2026-07-02 13:45:00,32.7,60.3,6.0,0,8.7,0.7
2026-07-02 13:50:00,33.9,53.0,5.0,3,207.3,17.3
2026-07-02 13:55:00,33.7,51.7,6.0,1,47.7,4.0
2026-07-02 14:00:00,35.4,56.1,6.0,1,10.0,0.9
2026-07-02 14:05:00,36.1,53.6,6.0,2,323.3,26.9
2026-07-02 14:10:00,34.9,51.7,7.0,2,40.2,3.4
2026-07-02 14:15:00,32.9,52.2,6.0,0,4.9,0.4
2026-07-02 14:20:00,34.8,57.1,6.0,2,133.1,11.1
2026-07-02 14:25:00,38.4,49.5,6.0,1,107.7,9.0
2026-07-02 14:30:00,37.0,53.4,6.0,2,173.6,14.4
2026-07-02 14:35:00,30.4,59.5,6.0,2,50.8,4.2
2026-07-02 14:40:00,34.8,54.9,6.0,2,31.0,2.6
2026-07-02 14:45:00,36.0,52.2,7.0,0,5.7,0.5
2026-07-02 14:50:00,34.4,55.3,6.0,3,73.8,6.1
2026-07-02 14:55:00,34.0,57.3,6.0,1,88.1,7.3
2026-07-02 15:00:00,35.2,53.8,6.0,2,100.0,8.3
2026-07-02 15:05:00,36.3,52.4,8.0,3,187.4,15.6
2026-07-02 15:10:00,34.0,57.1,9.0,3,126.6,10.5
2026-07-02 15:15:00,37.2,53.6,7.0,2,101.3,8.4
2026-07-02 15:20:00,35.4,51.7,8.0,2,5.0,0.4
2026-07-02 15:25:00,34.2,55.5,6.0,2,119.9,10.0
2026-07-02 15:30:00,37.1,51.1,6.0,2,162.8,13.6
2026-07-02 15:35:00,33.4,56.5,7.0,3,149.0,12.4
2026-07-02 15:40:00,34.8,58.0,5.0,2,138.4,11.5
2026-07-02 15:45:00,34.7,55.8,8.0,2,79.7,6.6
2026-07-02 15:50:00,38.5,55.5,6.0,2,5.0,0.4
2026-07-02 15:55:00,34.6,55.6,6.0,1,80.6,6.7
2026-07-02 16:00:00,32.8,56.4,8.0,2,135.8,11.3
2026-07-02 16:05:00,35.2,54.1,10.0,2,39.6,3.3
2026-07-02 16:10:00,36.8,52.8,7.0,3,176.7,14.7
2026-07-02 16:15:00,37.2,52.8,8.0,2,75.3,6.2
2026-07-02 16:20:00,39.5,48.0,8.0,2,100.5,8.4
2026-07-02 16:25:00,38.2,50.4,8.0,2,162.7,13.6
2026-07-02 16:30:00,36.3,51.3,6.0,3,82.2,6.8
2026-07-02 16:35:00,34.7,57.1,8.0,2,181.0,15.1
2026-07-02 16:40:00,38.5,48.0,8.0,3,10.0,0.8
2026-07-02 16:45:00,35.5,54.2,4.0,3,13.2,1.1
2026-07-02 16:50:00,35.1,50.8,9.0,3,177.6,14.8
2026-07-02 16:55:00,35.4,55.0,6.0,2,116.3,9.7
2026-07-02 17:00:00,33.9,54.4,9.0,3,228.7,19.1
2026-07-02 17:05:00,35.3,48.9,12.0,3,28.8,2.4
2026-07-02 17:10:00,35.7,56.2,8.0,2,102.5,8.4
2026-07-02 17:15:00,37.4,48.0,6.0,2,159.8,13.3
2026-07-02 17:20:00,35.5,53.7,10.0,3,191.1,15.9
2026-07-02 17:25:00,33.9,57.5,12.0,3,178.2,14.8
2026-07-02 17:30:00,33.3,60.1,6.0,2,31.5,2.6
2026-07-02 17:35:00,36.5,48.2,4.0,2,46.6,3.9
2026-07-02 17:40:00,36.3,51.4,11.0,2,213.8,17.9
2026-07-02 17:45:00,35.2,57.1,11.0,2,214.3,17.9
2026-07-02 17:50:00,35.3,57.2,9.0,3,10.0,0.8
2026-07-02 17:55:00,36.8,55.9,4.0,3,175.0,14.6
2026-07-02 18:00:00,37.6,58.4,7.0,2,5.0,0.4
2026-07-02 18:05:00,33.8,54.3,7.0,3,40.8,3.4
2026-07-02 18:10:00,35.3,55.0,9.0,3,226.8,18.9
2026-07-02 18:15:00,36.8,51.4,6.0,3,115.6,9.6
2026-07-02 18:20:00,33.8,50.3,6.0,3,314.6,26.2
2026-07-02 18:25:00,35.1,54.0,4.0,2,61.1,5.1
2026-07-02 18:30:00,35.1,48.8,7.0,3,92.8,7.7
2026-07-02 18:35:00,32.9,55.2,7.0,3,41.4,3.4
2026-07-02 18:40:00,35.5,49.8,7.0,3,143.3,11.9
2026-07-02 18:45:00,35.2,55.3,8.0,3,164.7,13.7
2026-07-02 18:50:00,36.1,51.0,5.0,3,147.3,12.3
2026-07-02 18:55:00,33.1,51.6,6.0,3,64.0,5.3
2026-07-02 19:00:00,34.6,57.2,5.0,3,165.9,13.8
2026-07-02 19:05:00,36.4,51.7,6.0,3,10.0,0.8
2026-07-02 19:10:00,37.4,50.9,6.0,3,10.0,0.8
2026-07-02 19:15:00,36.3,50.9,5.0,3,129.6,10.8
2026-07-02 19:20:00,32.9,59.8,5.0,3,294.2,24.5
2026-07-02 19:25:00,35.2,55.1,5.0,3,152.1,12.7
2026-07-02 19:30:00,33.9,54.6,5.0,3,29.9,2.5
2026-07-02 19:35:00,34.9,50.4,6.0,3,69.6,5.8
2026-07-02 19:40:00,33.5,62.2,5.0,2,172.3,14.5
2026-07-02 19:45:00,32.2,62.5,5.0,3,98.2,8.2
2026-07-02 19:50:00,34.1,59.1,5.0,3,18.3,1.5
2026-07-02 19:55:00,35.5,52.5,6.0,3,11.0,0.9
2026-07-02 20:00:00,34.3,55.1,5.0,3,131.2,10.9
2026-07-02 20:05:00,34.5,56.8,6.0,3,136.0,11.3
2026-07-02 20:10:00,34.2,54.4,5.0,3,16.1,1.3
2026-07-02 20:15:00,34.5,53.9,6.0,3,10.0,0.8
2026-07-02 20:20:00,34.7,58.8,5.0,3,78.3,6.5
2026-07-02 20:25:00,33.5,56.9,5.0,3,59.2,4.8
2026-07-02 20:30:00,34.1,54.0,5.0,3,152.6,12.7
2026-07-02 20:35:00,36.4,56.0,5.0,2,129.7,10.7
2026-07-02 20:40:00,34.1,55.2,5.0,3,30.1,2.5
2026-07-02 20:45:00,34.0,52.3,5.0,3,124.5,10.4
2026-07-02 20:50:00,34.1,54.0,5.0,3,131.8,11.0
2026-07-02 20:55:00,33.6,55.8,5.0,3,165.2,13.7
2026-07-02 21:00:00,32.7,58.6,5.0,3,88.3,7.4
2026-07-02 21:05:00,33.7,57.6,5.0,3,35.1,2.9
2026-07-02 21:10:00,32.6,60.6,4.0,3,69.1,5.8
2026-07-02 21:15:00,33.1,57.4,5.0,3,78.6,6.5
2026-07-02 21:20:00,32.2,57.7,5.0,3,270.2,22.5
2026-07-02 21:25:00,33.5,59.8,5.0,3,48.6,4.0
2026-07-02 21:30:00,34.2,58.7,5.0,2,88.4,7.4
2026-07-02 21:35:00,33.0,57.5,4.0,3,261.7,21.8
2026-07-02 21:40:00,30.4,60.8,4.0,3,99.5,8.3
2026-07-02 21:45:00,34.2,55.9,5.0,3,60.1,5.0
2026-07-02 21:50:00,33.5,55.3,5.0,3,36.2,3.0
2026-07-02 21:55:00,31.9,63.1,4.0,3,10.0,0.8
2026-07-02 22:00:00,33.8,56.4,4.0,3,78.7,6.6
2026-07-02 22:05:00,30.6,60.9,4.0,3,88.8,7.4
2026-07-02 22:10:00,34.2,54.2,4.0,3,95.8,8.0
2026-07-02 22:15:00,32.6,60.0,5.0,3,289.1,24.1
2026-07-02 22:20:00,29.4,59.2,4.0,3,216.2,18.0
2026-07-02 22:25:00,32.9,61.5,4.0,3,102.4,8.5
2026-07-02 22:30:00,32.1,62.4,4.0,3,58.7,4.9
2026-07-02 22:35:00,31.9,60.3,6.0,3,10.0,0.8
2026-07-02 22:40:00,31.6,59.7,4.0,3,117.5,9.9
2026-07-02 22:45:00,32.5,58.3,4.0,3,181.6,15.1
2026-07-02 22:50:00,32.0,59.0,4.0,3,209.5,17.5
2026-07-02 22:55:00,30.0,61.7,6.0,3,45.2,3.8
2026-07-02 23:00:00,34.8,58.8,5.0,3,10.0,0.8
2026-07-02 23:05:00,32.0,61.7,5.0,3,95.1,7.9
2026-07-02 23:10:00,31.1,59.3,5.0,3,136.7,11.4
2026-07-02 23:15:00,30.3,63.5,5.0,3,65.2,5.4
2026-07-02 23:20:00,33.8,58.6,4.0,3,135.9,11.3
2026-07-02 23:25:00,30.0,60.2,5.0,3,84.2,7.0
2026-07-02 23:30:00,32.7,60.4,5.0,3,108.0,9.0
2026-07-02 23:35:00,31.3,61.2,5.0,3,115.1,9.6
2026-07-02 23:40:00,31.5,57.9,4.0,3,87.9,7.3
2026-07-02 23:45:00,30.4,60.4,4.0,3,10.0,0.8
2026-07-02 23:50:00,31.3,57.3,4.0,3,200.9,16.7
2026-07-02 23:55:00,32.4,59.0,5.0,3,42.1,3.5
2026-07-03 00:00:00,32.1,59.1,5.0,3,10.0,0.8
2026-07-03 00:05:00,30.9,61.4,5.0,3,83.3,6.9
2026-07-03 00:10:00,31.7,59.2,5.0,3,125.3,10.4
2026-07-03 00:15:00,33.0,58.5,4.0,3,175.7,14.6
2026-07-03 00:20:00,29.8,63.6,5.0,3,110.3,9.3
2026-07-03 00:25:00,31.8,63.1,4.0,3,99.0,8.2
2026-07-03 00:30:00,30.7,59.8,4.0,3,105.5,8.8
2026-07-03 00:35:00,30.5,62.7,4.0,3,30.0,2.5
2026-07-03 00:40:00,32.2,60.5,4.0,2,5.5,0.4
2026-07-03 00:45:00,31.2,58.3,4.0,3,61.9,5.2
2026-07-03 00:50:00,30.3,60.3,4.0,3,169.3,14.1
2026-07-03 00:55:00,33.5,54.7,4.0,3,47.5,4.0
2026-07-03 01:00:00,32.0,60.1,4.0,3,104.7,8.7
2026-07-03 01:05:00,29.4,61.1,5.0,3,54.9,4.6
2026-07-03 01:10:00,29.8,62.7,5.0,3,36.8,3.1
2026-07-03 01:15:00,31.7,64.3,5.0,3,76.2,6.4
2026-07-03 01:20:00,30.9,63.7,4.0,3,77.6,6.5
2026-07-03 01:25:00,32.6,57.5,4.0,3,80.3,6.7
2026-07-03 01:30:00,31.8,58.1,4.0,3,117.0,9.8
2026-07-03 01:35:00,31.5,62.4,5.0,3,10.0,0.7
2026-07-03 01:40:00,30.2,60.2,5.0,3,55.8,4.6
2026-07-03 01:45:00,31.6,61.8,4.0,3,141.4,11.8
2026-07-03 01:50:00,30.0,66.8,4.0,3,215.3,17.8
2026-07-03 01:55:00,32.4,60.2,4.0,3,10.0,0.8
2026-07-03 02:00:00,31.2,63.4,4.0,3,10.0,0.8
2026-07-03 02:05:00,29.8,65.2,4.0,3,111.6,9.3
2026-07-03 02:10:00,31.6,58.6,4.0,3,181.7,15.1
2026-07-03 02:15:00,33.2,58.3,4.0,3,25.3,2.1
2026-07-03 02:20:00,30.5,59.3,5.0,3,10.0,0.8
2026-07-03 02:25:00,31.3,63.5,5.0,3,113.1,9.4
2026-07-03 02:30:00,30.2,59.5,4.0,3,16.5,1.5
2026-07-03 02:35:00,30.8,62.9,5.0,3,231.2,19.3
2026-07-03 02:40:00,29.0,66.6,4.0,3,81.6,6.8
2026-07-03 02:45:00,30.7,60.1,4.0,3,10.0,0.8
2026-07-03 02:50:00,30.8,59.4,5.0,3,13.5,1.1
2026-07-03 02:55:00,32.7,57.9,4.0,2,60.1,5.0
2026-07-03 03:00:00,28.4,62.6,4.0,3,104.5,8.7
2026-07-03 03:05:00,29.9,62.7,4.0,3,62.2,5.2
2026-07-03 03:10:00,31.6,57.4,4.0,3,100.4,8.4
2026-07-03 03:15:00,30.0,60.1,4.0,3,348.7,29.1
2026-07-03 03:20:00,30.1,63.3,4.0,3,10.0,0.8
2026-07-03 03:25:00,29.4,64.6,5.0,3,157.8,13.2
2026-07-03 03:30:00,29.3,62.6,4.0,3,208.0,17.3
2026-07-03 03:35:00,28.3,61.0,4.0,3,196.5,16.4
2026-07-03 03:40:00,29.6,65.6,4.0,3,10.0,0.8
2026-07-03 03:45:00,29.2,62.4,4.0,3,100.7,8.4
2026-07-03 03:50:00,30.4,66.5,4.0,2,34.2,2.8
2026-07-03 03:55:00,29.4,62.8,4.0,3,10.0,0.8
2026-07-03 04:00:00,29.5,63.6,5.0,3,160.8,13.4
2026-07-03 04:05:00,29.6,61.9,4.0,2,206.2,17.2
2026-07-03 04:10:00,30.0,63.0,4.0,3,50.7,4.2
2026-07-03 04:15:00,29.5,71.0,4.0,3,120.5,10.0
2026-07-03 04:20:00,28.9,63.4,4.0,3,212.1,17.7
2026-07-03 04:25:00,30.1,65.5,5.0,3,112.6,9.4
2026-07-03 04:30:00,31.2,60.5,4.0,3,111.1,9.3
2026-07-03 04:35:00,30.2,65.1,5.0,3,72.2,6.0
2026-07-03 04:40:00,29.4,58.4,5.0,3,202.4,16.9
2026-07-03 04:45:00,29.9,67.6,4.0,3,43.4,3.6
2026-07-03 04:50:00,27.9,66.9,4.0,3,129.8,10.8
2026-07-03 04:55:00,29.9,61.8,4.0,3,143.2,11.9
2026-07-03 05:00:00,29.6,65.1,4.0,3,159.2,13.3
2026-07-03 05:05:00,29.1,64.3,5.0,3,120.6,10.0
2026-07-03 05:10:00,29.2,61.4,5.0,3,10.0,0.8
2026-07-03 05:15:00,29.5,58.3,6.0,3,93.2,7.8
2026-07-03 05:20:00,30.8,65.1,5.0,3,10.0,0.8
2026-07-03 05:25:00,30.9,60.7,6.0,3,71.8,6.0
2026-07-03 05:30:00,29.1,62.7,5.0,3,150.6,12.5
2026-07-03 05:35:00,29.4,62.4,4.0,3,181.5,15.1
2026-07-03 05:40:00,29.5,66.4,6.0,3,38.2,3.2
2026-07-03 05:45:00,30.7,60.4,5.0,3,274.7,22.9
2026-07-03 05:50:00,30.1,63.8,4.0,3,10.0,0.8
2026-07-03 05:55:00,30.0,61.9,5.0,3,135.6,11.3
2026-07-03 06:00:00,30.1,60.0,4.0,3,144.3,12.0
2026-07-03 06:05:00,29.1,65.9,5.0,3,145.8,12.2
2026-07-03 06:10:00,30.9,63.5,5.0,1,61.2,5.1
2026-07-03 06:15:00,29.7,61.8,6.0,0,6.5,0.5
2026-07-03 06:20:00,28.9,64.3,6.0,3,130.2,10.8
2026-07-03 06:25:00,29.4,63.8,5.0,0,5.3,0.4
2026-07-03 06:30:00,30.8,62.3,5.0,0,5.7,0.5
2026-07-03 06:35:00,29.3,67.7,6.0,0,6.0,0.5
2026-07-03 06:40:00,30.5,61.3,5.0,3,102.7,8.6
2026-07-03 06:45:00,29.1,63.4,5.0,3,244.5,20.4
2026-07-03 06:50:00,29.0,63.9,6.0,3,10.0,0.8
2026-07-03 06:55:00,30.3,60.3,5.0,1,118.9,9.9
2026-07-03 07:00:00,28.3,61.0,5.0,0,5.1,0.5
2026-07-03 07:05:00,30.2,62.6,6.0,0,5.3,0.4
2026-07-03 07:10:00,29.6,64.4,7.0,0,7.6,0.6
2026-07-03 07:15:00,28.3,65.2,4.0,1,44.0,3.7
2026-07-03 07:20:00,29.2,63.6,5.0,3,67.1,5.6
2026-07-03 07:25:00,28.6,62.5,7.0,0,3.6,0.3
2026-07-03 07:30:00,29.6,63.8,7.0,0,9.0,0.8
2026-07-03 07:35:00,31.3,61.0,5.0,1,91.4,7.6
2026-07-03 07:40:00,28.8,65.5,5.0,0,6.7,0.6
2026-07-03 07:45:00,29.8,63.6,6.0,0,4.9,0.4
2026-07-03 07:50:00,29.3,64.6,6.0,0,7.3,0.7
2026-07-03 07:55:00,29.3,66.8,7.0,1,152.2,12.7
2026-07-03 08:00:00,29.0,65.4,9.0,0,7.2,0.7
2026-07-03 08:05:00,28.2,66.4,4.0,0,6.2,0.5
2026-07-03 08:10:00,29.5,59.1,4.0,3,106.2,8.8
2026-07-03 08:15:00,28.8,66.8,5.0,0,5.3,0.4
2026-07-03 08:20:00,28.1,64.6,4.0,0,3.5,0.3
2026-07-03 08:25:00,30.3,62.3,9.0,0,4.1,0.3
2026-07-03 08:30:00,29.2,60.7,4.0,0,5.7,0.5
2026-07-03 08:35:00,28.9,69.2,6.0,1,68.9,5.7
2026-07-03 08:40:00,30.6,55.7,5.0,0,6.5,0.5
2026-07-03 08:45:00,27.1,70.4,4.0,0,5.7,0.5
2026-07-03 08:50:00,30.6,62.6,9.0,0,6.4,0.5
2026-07-03 08:55:00,28.2,60.6,5.0,0,5.0,0.4
2026-07-03 09:00:00,30.0,67.5,10.0,0,6.8,0.6
2026-07-03 09:05:00,29.1,65.2,9.0,0,9.9,0.8
2026-07-03 09:10:00,28.7,58.9,6.0,0,5.9,0.5
2026-07-03 09:15:00,31.2,59.7,4.0,1,48.8,4.1
2026-07-03 09:20:00,31.8,61.1,6.0,1,38.4,3.2
2026-07-03 09:25:00,29.5,67.5,10.0,3,83.5,7.0
2026-07-03 09:30:00,30.1,61.4,7.0,0,5.3,0.4
2026-07-03 09:35:00,29.8,56.5,6.0,3,14.1,1.2
2026-07-03 09:40:00,31.6,63.7,5.0,0,5.5,0.5
2026-07-03 09:45:00,27.4,67.7,8.0,1,37.7,3.1
2026-07-03 09:50:00,30.1,57.1,7.0,3,149.7,12.5
2026-07-03 09:55:00,28.9,65.1,7.0,0,7.2,0.6
2026-07-03 10:00:00,28.0,66.4,8.0,3,118.3,9.9
2026-07-03 10:05:00,30.3,61.6,8.0,0,5.5,0.5
2026-07-03 10:10:00,32.8,57.1,7.0,3,244.3,20.4
2026-07-03 10:15:00,30.0,61.3,4.0,3,168.1,14.0
2026-07-03 10:20:00,31.6,59.8,5.0,0,7.1,0.6
2026-07-03 10:25:00,32.1,60.6,5.0,0,7.4,0.6
2026-07-03 10:30:00,30.7,63.5,6.0,3,192.1,16.0
2026-07-03 10:35:00,30.8,56.9,8.0,0,9.1,0.8
2026-07-03 10:40:00,28.8,64.9,9.0,1,66.8,5.6
2026-07-03 10:45:00,29.9,63.9,7.0,0,6.5,0.5
2026-07-03 10:50:00,31.7,60.7,7.0,0,5.8,0.5
2026-07-03 10:55:00,30.8,60.7,4.0,1,144.4,12.0
2026-07-03 11:00:00,32.6,62.1,6.0,0,6.3,0.5
2026-07-03 11:05:00,32.3,62.4,5.0,1,85.8,7.2
2026-07-03 11:10:00,34.6,54.8,5.0,0,5.6,0.5
2026-07-03 11:15:00,31.7,59.9,7.0,3,188.7,15.7
2026-07-03 11:20:00,33.9,58.6,5.0,0,5.9,0.5
2026-07-03 11:25:00,32.3,62.3,4.0,1,74.8,6.2
2026-07-03 11:30:00,34.0,54.6,7.0,0,8.3,0.7
2026-07-03 11:35:00,30.8,59.0,8.0,3,10.0,0.8
2026-07-03 11:40:00,32.4,59.7,7.0,3,68.0,5.7
2026-07-03 11:45:00,31.7,57.4,6.0,0,4.6,0.4
2026-07-03 11:50:00,32.3,54.5,5.0,3,70.6,5.8
2026-07-03 11:55:00,33.5,55.4,5.0,0,3.5,0.3
2026-07-03 12:00:00,33.6,58.2,8.0,0,5.8,0.5
2026-07-03 12:05:00,34.6,59.5,5.0,0,5.9,0.5
2026-07-03 12:10:00,32.4,57.3,9.0,0,7.5,0.6
2026-07-03 12:15:00,32.3,58.9,8.0,1,72.0,6.0
2026-07-03 12:20:00,33.2,58.2,7.0,0,5.3,0.4
2026-07-03 12:25:00,33.1,56.3,10.0,0,4.7,0.4
2026-07-03 12:30:00,33.0,56.3,8.0,3,196.8,16.4
2026-07-03 12:35:00,32.1,60.3,6.0,0,4.3,0.4
2026-07-03 12:40:00,34.5,52.8,5.0,3,114.0,9.5
2026-07-03 12:45:00,32.8,56.5,6.0,0,4.3,0.4
2026-07-03 12:50:00,34.8,54.8,6.0,0,3.9,0.3
2026-07-03 12:55:00,33.2,58.6,5.0,3,102.1,8.5
2026-07-03 13:00:00,34.6,51.3,5.0,3,96.1,8.0
2026-07-03 13:05:00,34.5,55.1,6.0,0,3.5,0.3
2026-07-03 13:10:00,32.9,54.6,7.0,0,3.5,0.3
2026-07-03 13:15:00,34.2,54.1,8.0,0,7.2,0.6
2026-07-03 13:20:00,36.0,55.1,6.0,2,40.9,3.4
2026-07-03 13:25:00,34.1,55.9,7.0,0,5.9,0.5
2026-07-03 13:30:00,34.9,59.1,4.0,0,9.7,0.8
2026-07-03 13:35:00,34.6,55.1,7.0,3,196.3,16.4
2026-07-03 13:40:00,34.2,58.4,5.0,0,3.5,0.3
2026-07-03 13:45:00,34.0,58.3,6.0,1,10.0,0.8
2026-07-03 13:50:00,34.5,55.4,6.0,0,9.4,0.8
2026-07-03 13:55:00,34.7,51.7,6.0,0,5.2,0.4
2026-07-03 14:00:00,32.7,57.2,5.0,0,3.5,0.2
2026-07-03 14:05:00,34.9,53.6,6.0,1,60.3,5.0
2026-07-03 14:10:00,34.3,54.2,6.0,2,110.0,9.2
2026-07-03 14:15:00,34.0,56.3,6.0,2,132.7,11.1
2026-07-03 14:20:00,36.4,49.6,7.0,2,91.5,7.6
2026-07-03 14:25:00,33.5,54.4,6.0,0,3.5,0.3
2026-07-03 14:30:00,32.6,55.2,6.0,3,14.8,1.2
2026-07-03 14:35:00,35.7,53.3,7.0,2,96.8,8.1
2026-07-03 14:40:00,32.6,55.7,7.0,2,5.0,0.4
2026-07-03 14:45:00,31.8,56.8,8.0,3,105.8,8.8
2026-07-03 14:50:00,35.9,54.0,7.0,0,4.4,0.4
2026-07-03 14:55:00,34.8,53.9,5.0,2,69.7,5.8
2026-07-03 15:00:00,36.1,53.4,8.0,2,74.7,6.2
2026-07-03 15:05:00,34.8,52.4,8.0,2,52.9,4.4
2026-07-03 15:10:00,33.5,54.5,8.0,2,208.3,17.4
2026-07-03 15:15:00,33.8,60.5,7.0,2,249.7,20.8
2026-07-03 15:20:00,35.1,53.0,8.0,3,233.7,19.5
2026-07-03 15:25:00,33.7,51.5,7.0,2,176.8,14.7
2026-07-03 15:30:00,35.8,54.5,7.0,2,218.0,18.3
2026-07-03 15:35:00,34.8,53.3,6.0,2,50.8,4.2
2026-07-03 15:40:00,35.7,54.4,6.0,2,83.5,7.0
2026-07-03 15:45:00,35.6,53.8,8.0,2,32.9,2.7
2026-07-03 15:50:00,36.0,54.7,7.0,2,108.9,9.1
2026-07-03 15:55:00,36.1,53.2,6.0,3,147.7,12.3
2026-07-03 16:00:00,35.4,53.4,9.0,2,30.6,2.6
2026-07-03 16:05:00,36.2,55.8,4.0,2,17.3,1.4
2026-07-03 16:10:00,36.3,48.0,7.0,3,70.1,5.8
2026-07-03 16:15:00,32.3,54.2,5.0,2,5.0,0.4
2026-07-03 16:20:00,36.9,50.5,10.0,3,127.0,10.6
2026-07-03 16:25:00,36.2,49.2,7.0,2,135.7,11.3
2026-07-03 16:30:00,36.8,51.4,8.0,2,192.0,16.0
2026-07-03 16:35:00,34.0,54.1,8.0,2,183.4,15.3
2026-07-03 16:40:00,35.5,56.1,9.0,2,159.9,13.3
2026-07-03 16:45:00,34.3,54.9,9.0,2,164.1,13.7
2026-07-03 16:50:00,37.1,51.7,9.0,2,75.9,6.3
2026-07-03 16:55:00,33.8,54.8,7.0,2,5.0,0.4
2026-07-03 17:00:00,34.4,52.0,11.0,3,10.0,0.9
2026-07-03 17:05:00,37.0,54.6,7.0,6,156.5,13.0
2026-07-03 17:10:00,34.9,57.8,7.0,2,16.0,1.3
2026-07-03 17:15:00,34.4,51.6,4.0,2,76.2,6.4
2026-07-03 17:20:00,37.7,55.9,13.0,2,5.0,0.4
2026-07-03 17:25:00,37.7,49.5,6.0,2,143.9,12.0
2026-07-03 17:30:00,37.3,49.7,12.0,3,44.1,3.8
2026-07-03 17:35:00,37.6,52.8,10.0,2,132.5,11.0
2026-07-03 17:40:00,35.6,55.2,9.0,3,75.4,6.3
2026-07-03 17:45:00,35.7,53.3,9.0,2,141.5,11.8
2026-07-03 17:50:00,34.9,53.5,6.0,3,10.0,0.8
2026-07-03 17:55:00,36.4,56.1,13.0,3,162.8,13.6
2026-07-03 18:00:00,34.1,53.6,5.0,3,10.0,0.8
2026-07-03 18:05:00,34.3,54.9,7.0,3,207.5,17.3
2026-07-03 18:10:00,36.1,57.7,5.0,3,150.2,12.5
2026-07-03 18:15:00,37.1,48.4,4.0,3,45.6,3.8
2026-07-03 18:20:00,35.8,52.2,9.0,2,171.2,14.3
2026-07-03 18:25:00,38.2,53.6,5.0,3,58.1,4.8
2026-07-03 18:30:00,33.8,57.1,7.0,3,102.2,8.5
2026-07-03 18:35:00,31.9,60.1,4.0,3,182.0,15.2
2026-07-03 18:40:00,36.3,49.3,6.0,3,97.1,8.1
2026-07-03 18:45:00,33.7,56.6,7.0,3,190.9,15.9
2026-07-03 18:50:00,34.6,54.0,6.0,3,102.0,8.5
2026-07-03 18:55:00,32.0,63.7,6.0,3,159.5,13.3
2026-07-03 19:00:00,33.2,58.7,5.0,3,230.3,19.2
2026-07-03 19:05:00,32.4,57.7,6.0,3,122.0,10.2
2026-07-03 19:10:00,33.8,56.8,5.0,2,5.0,0.4
2026-07-03 19:15:00,33.9,56.1,5.0,3,10.5,0.9
2026-07-03 19:20:00,34.6,56.8,6.0,3,86.3,7.2
2026-07-03 19:25:00,36.1,51.4,5.0,3,273.5,22.8
2026-07-03 19:30:00,35.4,57.4,5.0,3,58.3,4.9
2026-07-03 19:35:00,32.2,54.9,5.0,3,10.0,0.8
2026-07-03 19:40:00,35.3,54.8,5.0,3,19.6,1.6
2026-07-03 19:45:00,34.6,53.3,5.0,3,82.2,6.8
2026-07-03 19:50:00,34.3,55.6,5.0,3,145.5,12.1
2026-07-03 19:55:00,34.4,57.7,5.0,3,203.5,17.0
2026-07-03 20:00:00,34.1,52.8,5.0,3,31.5,2.6
2026-07-03 20:05:00,32.9,57.3,5.0,3,219.8,18.3
2026-07-03 20:10:00,33.6,53.9,5.0,3,166.1,13.8
2026-07-03 20:15:00,35.5,54.4,5.0,3,196.1,16.3
2026-07-03 20:20:00,32.8,54.7,4.0,3,189.6,15.8
2026-07-03 20:25:00,32.4,58.5,6.0,3,69.4,5.8
2026-07-03 20:30:00,33.7,55.9,6.0,3,261.4,21.8
2026-07-03 20:35:00,32.2,59.9,4.0,3,218.5,18.2
2026-07-03 20:40:00,31.4,61.8,6.0,3,111.5,9.2
2026-07-03 20:45:00,33.3,57.2,5.0,3,227.2,18.9
2026-07-03 20:50:00,35.9,56.4,5.0,3,335.0,27.9
2026-07-03 20:55:00,33.8,59.6,5.0,3,191.3,15.9
2026-07-03 21:00:00,33.5,55.7,4.0,3,10.0,0.8
2026-07-03 21:05:00,30.1,63.2,5.0,2,38.2,3.2
2026-07-03 21:10:00,33.9,57.0,4.0,3,10.0,0.8
2026-07-03 21:15:00,33.4,55.7,6.0,3,130.6,10.9
2026-07-03 21:20:00,32.3,59.1,5.0,3,25.7,2.1
2026-07-03 21:25:00,33.5,57.3,4.0,3,41.5,3.5
2026-07-03 21:30:00,33.5,54.8,6.0,3,126.5,10.6
2026-07-03 21:35:00,31.7,57.0,5.0,3,72.8,6.1
2026-07-03 21:40:00,33.7,60.4,5.0,3,181.2,15.0
2026-07-03 21:45:00,35.0,56.6,5.0,3,192.3,16.0
2026-07-03 21:50:00,32.9,60.8,5.0,3,15.3,1.3
2026-07-03 21:55:00,32.0,58.0,4.0,3,130.8,10.9
2026-07-03 22:00:00,32.3,57.3,5.0,3,62.4,5.2
2026-07-03 22:05:00,33.8,54.3,4.0,3,169.4,14.1
2026-07-03 22:10:00,30.8,62.0,5.0,3,86.8,7.2
2026-07-03 22:15:00,33.4,58.6,4.0,3,188.0,15.7
2026-07-03 22:20:00,31.6,58.7,4.0,3,99.1,8.3
2026-07-03 22:25:00,32.9,56.8,5.0,3,243.9,20.2
2026-07-03 22:30:00,31.7,61.5,4.0,3,128.7,10.7
2026-07-03 22:35:00,31.7,59.0,5.0,3,10.0,0.9
2026-07-03 22:40:00,34.8,56.2,5.0,3,154.9,12.9
2026-07-03 22:45:00,30.5,59.3,6.0,3,78.6,6.5
2026-07-03 22:50:00,33.3,57.1,4.0,3,10.0,0.8
2026-07-03 22:55:00,35.1,57.3,4.0,3,76.4,6.4
2026-07-03 23:00:00,33.6,57.2,6.0,3,153.6,12.8
2026-07-03 23:05:00,29.9,61.5,4.0,3,173.4,14.4
2026-07-03 23:10:00,30.0,62.8,4.0,3,163.7,13.6
2026-07-03 23:15:00,30.9,60.7,5.0,3,103.3,8.6
2026-07-03 23:20:00,32.6,61.5,4.0,3,72.4,6.0
2026-07-03 23:25:00,32.7,61.8,4.0,3,25.3,2.1
2026-07-03 23:30:00,30.0,62.7,6.0,3,179.0,14.9
2026-07-03 23:35:00,30.7,60.1,4.0,3,166.8,13.9
2026-07-03 23:40:00,30.8,60.8,4.0,3,53.1,4.4
2026-07-03 23:45:00,32.0,60.7,5.0,3,234.8,19.6
2026-07-03 23:50:00,36.0,57.2,4.0,3,184.9,15.4
2026-07-03 23:55:00,30.6,60.2,5.0,3,186.1,15.5
2026-07-04 00:00:00,30.7,60.3,5.0,3,103.2,8.6
2026-07-04 00:05:00,30.5,64.8,4.0,3,281.9,23.5
2026-07-04 00:10:00,32.7,59.2,5.0,3,33.8,2.8
2026-07-04 00:15:00,31.8,61.7,4.0,3,10.0,0.8
2026-07-04 00:20:00,30.8,59.8,6.0,3,185.2,15.4
2026-07-04 00:25:00,31.4,62.9,4.0,3,190.0,15.8
2026-07-04 00:30:00,30.9,60.4,6.0,3,180.2,15.0
2026-07-04 00:35:00,32.3,59.9,6.0,3,214.7,17.9
2026-07-04 00:40:00,35.2,55.0,4.0,2,9.6,0.8
2026-07-04 00:45:00,32.6,61.2,4.0,3,207.2,17.3
2026-07-04 00:50:00,31.8,62.1,4.0,3,211.8,17.6
2026-07-04 00:55:00,31.1,59.1,5.0,2,55.4,4.6
2026-07-04 01:00:00,30.0,64.2,4.0,3,140.2,11.7
2026-07-04 01:05:00,31.9,57.4,5.0,3,140.3,11.6
2026-07-04 01:10:00,31.8,60.9,4.0,3,118.6,9.9
2026-07-04 01:15:00,30.8,60.6,5.0,3,200.9,16.7
2026-07-04 01:20:00,32.3,61.5,5.0,3,45.1,3.8
2026-07-04 01:25:00,31.2,61.0,4.0,3,94.0,7.8
2026-07-04 01:30:00,31.9,61.3,5.0,3,13.1,1.1
2026-07-04 01:35:00,31.5,62.3,4.0,3,163.1,13.6
2026-07-04 01:40:00,31.1,60.2,5.0,3,250.4,20.9
2026-07-04 01:45:00,30.3,61.7,4.0,3,34.2,2.8
2026-07-04 01:50:00,31.1,58.9,5.0,3,10.0,0.8
2026-07-04 01:55:00,32.0,59.1,5.0,3,100.3,8.4
2026-07-04 02:00:00,30.2,66.7,4.0,3,133.0,11.1
2026-07-04 02:05:00,31.2,62.4,5.0,3,91.5,7.6
2026-07-04 02:10:00,29.5,60.6,4.0,3,10.0,0.8
2026-07-04 02:15:00,31.6,63.9,4.0,3,202.4,16.8
2026-07-04 02:20:00,31.1,61.7,4.0,3,134.9,11.2
2026-07-04 02:25:00,29.4,65.3,4.0,3,264.0,22.0
2026-07-04 02:30:00,30.5,62.8,4.0,3,190.9,15.9
2026-07-04 02:35:00,31.8,60.7,4.0,3,31.2,2.6
2026-07-04 02:40:00,29.3,58.6,5.0,3,147.5,12.3
2026-07-04 02:45:00,29.5,65.8,5.0,3,157.6,13.1
2026-07-04 02:50:00,30.7,55.9,4.0,3,248.9,20.7
2026-07-04 02:55:00,33.1,60.2,5.0,3,54.7,4.6
2026-07-04 03:00:00,29.6,63.1,5.0,3,10.0,0.8
2026-07-04 03:05:00,30.8,62.9,4.0,3,108.2,9.0
2026-07-04 03:10:00,30.5,61.7,5.0,2,44.7,3.6
2026-07-04 03:15:00,29.7,65.2,4.0,3,87.9,7.3
2026-07-04 03:20:00,30.4,61.6,4.0,3,85.5,7.1
2026-07-04 03:25:00,29.8,63.2,4.0,3,134.6,11.2
2026-07-04 03:30:00,29.9,63.3,5.0,3,10.0,0.8
2026-07-04 03:35:00,28.5,69.1,4.0,3,10.0,0.8
2026-07-04 03:40:00,30.2,63.3,4.0,3,116.1,9.7
2026-07-04 03:45:00,31.2,57.1,4.0,3,97.8,8.1
2026-07-04 03:50:00,30.3,60.3,4.0,3,281.3,23.5
2026-07-04 03:55:00,31.4,61.4,4.0,3,106.0,8.8
2026-07-04 04:00:00,30.7,64.4,5.0,3,10.0,0.7
2026-07-04 04:05:00,30.0,60.5,5.0,3,43.9,3.7
2026-07-04 04:10:00,29.4,69.2,5.0,3,192.4,16.0
2026-07-04 04:15:00,29.6,63.5,7.0,3,82.8,6.9
2026-07-04 04:20:00,28.5,66.1,5.0,3,10.0,0.8
2026-07-04 04:25:00,29.8,59.4,6.0,3,163.7,13.6
2026-07-04 04:30:00,30.2,64.9,5.0,3,205.9,17.2
2026-07-04 04:35:00,31.9,57.9,4.0,3,95.6,8.0
2026-07-04 04:40:00,30.6,59.4,5.0,3,56.8,4.6
2026-07-04 04:45:00,29.2,62.9,5.0,3,179.9,15.0
2026-07-04 04:50:00,28.6,68.4,4.0,3,10.0,0.8
2026-07-04 04:55:00,29.9,63.7,4.0,3,171.6,14.3
2026-07-04 05:00:00,30.7,59.6,4.0,3,108.6,9.0
2026-07-04 05:05:00,29.8,61.8,6.0,3,182.8,15.2
2026-07-04 05:10:00,30.5,64.7,6.0,3,10.0,0.9
2026-07-04 05:15:00,29.8,62.4,6.0,3,99.9,8.3
2026-07-04 05:20:00,30.6,62.8,5.0,2,5.0,0.4
2026-07-04 05:25:00,28.5,66.6,5.0,2,153.9,12.7
2026-07-04 05:30:00,31.4,53.2,4.0,3,190.7,15.9
2026-07-04 05:35:00,28.9,67.0,6.0,3,153.3,12.8
2026-07-04 05:40:00,30.7,59.7,4.0,3,10.0,0.8
2026-07-04 05:45:00,29.7,62.3,5.0,3,180.1,15.0
2026-07-04 05:50:00,29.9,66.0,5.0,3,198.8,16.6
2026-07-04 05:55:00,29.7,66.1,4.0,3,142.2,11.8
2026-07-04 06:00:00,29.9,63.8,6.0,2,204.9,17.1
2026-07-04 06:05:00,30.1,64.0,6.0,3,111.3,9.3
2026-07-04 06:10:00,30.7,63.6,6.0,3,193.5,16.1
2026-07-04 06:15:00,31.0,64.0,5.0,3,116.0,9.7
2026-07-04 06:20:00,30.0,65.8,5.0,2,42.6,3.5
2026-07-04 06:25:00,31.2,61.0,6.0,3,10.0,0.8
2026-07-04 06:30:00,29.8,61.5,5.0,1,20.5,1.7
2026-07-04 06:35:00,30.7,61.1,5.0,3,40.4,3.4
2026-07-04 06:40:00,30.1,62.8,5.0,3,241.2,20.1
2026-07-04 06:45:00,29.2,63.8,4.0,3,84.3,7.0
2026-07-04 06:50:00,29.9,60.8,6.0,2,50.7,4.2
2026-07-04 06:55:00,30.2,63.2,5.0,0,7.3,0.6
2026-07-04 07:00:00,29.3,59.9,4.0,3,125.5,10.5
2026-07-04 07:05:00,29.7,63.2,8.0,0,6.0,0.5
2026-07-04 07:10:00,30.2,62.6,6.0,0,4.8,0.4
2026-07-04 07:15:00,29.3,63.9,5.0,0,7.8,0.6
2026-07-04 07:20:00,26.0,70.7,7.0,1,137.2,11.4
2026-07-04 07:25:00,31.1,62.6,6.0,3,10.0,0.8
2026-07-04 07:30:00,29.0,69.4,6.0,0,5.7,0.5
2026-07-04 07:35:00,28.4,63.8,5.0,1,23.1,1.9
2026-07-04 07:40:00,28.0,66.3,6.0,0,3.5,0.3
2026-07-04 07:45:00,28.9,64.8,7.0,1,10.0,0.8
2026-07-04 07:50:00,28.7,65.0,5.0,1,10.0,0.7
2026-07-04 07:55:00,28.5,61.8,4.0,1,27.8,2.3
2026-07-04 08:00:00,28.4,62.1,8.0,3,152.7,12.7
2026-07-04 08:05:00,29.8,62.8,8.0,0,8.1,0.7
2026-07-04 08:10:00,31.4,56.6,8.0,0,3.5,0.3
2026-07-04 08:15:00,30.1,61.6,6.0,3,158.1,13.2
2026-07-04 08:20:00,30.4,60.4,8.0,0,3.5,0.3
2026-07-04 08:25:00,28.7,63.7,5.0,3,306.2,25.4
2026-07-04 08:30:00,29.3,66.3,6.0,0,5.1,0.4
2026-07-04 08:35:00,29.6,60.5,4.0,0,6.2,0.5
2026-07-04 08:40:00,28.4,67.0,9.0,0,4.2,0.4
2026-07-04 08:45:00,28.7,63.1,6.0,0,3.5,0.3
2026-07-04 08:50:00,30.1,61.3,7.0,3,176.0,14.8
2026-07-04 08:55:00,30.4,63.0,7.0,0,4.3,0.4
2026-07-04 09:00:00,29.8,62.2,6.0,0,7.5,0.6
2026-07-04 09:05:00,28.4,62.9,8.0,3,190.1,15.8
2026-07-04 09:10:00,29.4,62.6,9.0,1,10.0,0.8
2026-07-04 09:15:00,28.2,61.1,8.0,0,5.5,0.5
2026-07-04 09:20:00,29.8,63.8,4.0,0,7.7,0.7
2026-07-04 09:25:00,30.0,55.1,6.0,3,10.0,0.8
2026-07-04 09:30:00,29.5,65.5,7.0,0,6.5,0.5
2026-07-04 09:35:00,30.0,64.1,8.0,3,55.9,4.7
2026-07-04 09:40:00,30.2,66.1,5.0,0,4.4,0.4
2026-07-04 09:45:00,30.0,67.8,4.0,3,291.3,24.3
2026-07-04 09:50:00,28.4,67.3,8.0,3,184.6,15.4
2026-07-04 09:55:00,29.5,61.8,6.0,0,4.1,0.3
2026-07-04 10:00:00,31.2,65.8,5.0,0,5.9,0.5
2026-07-04 10:05:00,32.5,56.7,6.0,1,74.0,6.2
2026-07-04 10:10:00,30.4,58.0,4.0,0,5.9,0.5
2026-07-04 10:15:00,31.4,64.9,6.0,0,5.7,0.5
2026-07-04 10:20:00,31.7,61.7,6.0,0,5.9,0.4
2026-07-04 10:25:00,30.5,57.9,7.0,3,147.6,12.3
2026-07-04 10:30:00,32.0,57.0,6.0,0,5.2,0.4
2026-07-04 10:35:00,32.1,61.0,6.0,0,5.3,0.4
2026-07-04 10:40:00,32.3,57.6,6.0,0,3.9,0.3
2026-07-04 10:45:00,31.3,59.3,6.0,0,3.5,0.3
2026-07-04 10:50:00,33.4,62.4,5.0,3,266.1,22.2
2026-07-04 10:55:00,30.0,67.4,7.0,0,7.0,0.6
2026-07-04 11:00:00,34.5,56.2,6.0,1,76.3,6.4
2026-07-04 11:05:00,33.0,57.7,4.0,0,3.5,0.3
2026-07-04 11:10:00,33.7,59.2,4.0,3,31.2,2.6
2026-07-04 11:15:00,31.8,58.6,8.0,3,139.1,11.7
2026-07-04 11:20:00,33.1,52.6,6.0,3,148.4,12.4
2026-07-04 11:25:00,33.8,50.3,6.0,0,3.5,0.4
2026-07-04 11:30:00,31.0,61.0,6.0,0,4.8,0.4
2026-07-04 11:35:00,32.0,61.8,7.0,0,6.1,0.6
2026-07-04 11:40:00,29.8,63.0,8.0,3,93.7,7.9
2026-07-04 11:45:00,32.0,61.6,7.0,3,10.0,0.8
2026-07-04 11:50:00,31.3,62.9,7.0,0,5.2,0.5
2026-07-04 11:55:00,32.0,63.0,5.0,0,3.5,0.3
2026-07-04 12:00:00,36.5,53.1,4.0,0,7.7,0.6
2026-07-04 12:05:00,35.2,55.3,7.0,0,6.0,0.5
2026-07-04 12:10:00,31.6,60.2,7.0,0,7.8,0.6
2026-07-04 12:15:00,33.8,56.2,8.0,0,5.4,0.4
2026-07-04 12:20:00,34.1,52.4,9.0,3,237.0,19.8
2026-07-04 12:25:00,32.8,61.3,5.0,0,6.5,0.5
2026-07-04 12:30:00,33.4,56.5,5.0,0,3.5,0.3
2026-07-04 12:35:00,33.5,56.2,7.0,0,3.5,0.3
2026-07-04 12:40:00,31.7,58.8,6.0,0,5.6,0.5
2026-07-04 12:45:00,32.1,56.2,8.0,0,3.5,0.3
2026-07-04 12:50:00,33.4,57.3,6.0,0,7.2,0.6
2026-07-04 12:55:00,33.3,58.9,9.0,0,7.4,0.6
2026-07-04 13:00:00,33.0,56.0,6.0,0,6.1,0.5
2026-07-04 13:05:00,33.0,60.5,8.0,3,113.7,9.5
2026-07-04 13:10:00,33.8,55.6,4.0,3,144.5,12.0
2026-07-04 13:15:00,34.9,50.8,7.0,1,12.7,1.1
2026-07-04 13:20:00,33.8,60.1,6.0,0,3.8,0.3
2026-07-04 13:25:00,35.7,54.0,4.0,3,44.9,3.7
2026-07-04 13:30:00,33.1,59.9,6.0,0,5.5,0.5
2026-07-04 13:35:00,34.1,58.4,5.0,3,41.7,3.5
2026-07-04 13:40:00,33.5,54.6,6.0,1,106.4,8.9
2026-07-04 13:45:00,34.5,54.1,6.0,0,6.6,0.5
2026-07-04 13:50:00,33.0,60.5,6.0,0,6.3,0.5
2026-07-04 13:55:00,36.1,57.7,6.0,2,165.6,13.8
2026-07-04 14:00:00,32.2,58.2,6.0,1,57.0,4.8
2026-07-04 14:05:00,37.1,50.8,8.0,2,94.2,7.8
2026-07-04 14:10:00,34.8,59.0,7.0,0,3.7,0.3
2026-07-04 14:15:00,35.4,52.8,6.0,3,76.0,6.3
2026-07-04 14:20:00,36.5,53.8,7.0,3,85.1,7.2
2026-07-04 14:25:00,35.8,52.8,6.0,1,57.6,4.8
2026-07-04 14:30:00,33.6,57.1,5.0,2,143.6,12.0
2026-07-04 14:35:00,35.5,51.9,7.0,2,20.8,1.7
2026-07-04 14:40:00,37.3,51.2,7.0,0,3.5,0.3
2026-07-04 14:45:00,33.4,55.1,7.0,2,147.5,12.3
2026-07-04 14:50:00,37.6,53.3,7.0,2,130.7,10.9
2026-07-04 14:55:00,35.2,54.9,6.0,1,106.6,8.9
2026-07-04 15:00:00,34.9,56.7,7.0,5,106.5,8.9
2026-07-04 15:05:00,34.2,53.7,8.0,2,64.8,5.5
2026-07-04 15:10:00,35.2,54.0,7.0,2,96.3,8.0
2026-07-04 15:15:00,32.8,58.5,6.0,6,197.0,16.4
2026-07-04 15:20:00,34.9,56.6,9.0,1,119.3,9.8
2026-07-04 15:25:00,35.1,51.3,6.0,2,5.0,0.4
2026-07-04 15:30:00,34.0,56.5,6.0,3,203.7,17.0
2026-07-04 15:35:00,36.5,51.2,7.0,2,78.4,6.6
2026-07-04 15:40:00,35.2,56.4,7.0,3,139.0,11.6
2026-07-04 15:45:00,34.6,59.2,7.0,2,102.2,8.5
2026-07-04 15:50:00,35.0,48.9,8.0,3,18.1,1.5
2026-07-04 15:55:00,35.9,52.2,7.0,2,67.3,5.6
2026-07-04 16:00:00,36.1,53.8,8.0,2,33.3,2.8
2026-07-04 16:05:00,34.9,54.5,7.0,3,10.0,0.8
2026-07-04 16:10:00,36.2,55.3,8.0,2,207.7,17.3
2026-07-04 16:15:00,35.9,53.6,9.0,2,196.9,16.4
2026-07-04 16:20:00,34.3,53.9,9.0,2,103.2,8.6
2026-07-04 16:25:00,35.6,51.4,6.0,2,128.2,10.7
2026-07-04 16:30:00,36.9,49.6,6.0,2,5.0,0.4
2026-07-04 16:35:00,36.9,50.7,9.0,2,12.4,1.0
2026-07-04 16:40:00,35.7,52.3,7.0,2,63.7,5.2
2026-07-04 16:45:00,37.0,53.1,6.0,2,17.3,1.4
2026-07-04 16:50:00,34.5,54.6,5.0,2,178.4,14.9
2026-07-04 16:55:00,34.6,53.3,10.0,2,51.3,4.3
2026-07-04 17:00:00,35.6,50.8,9.0,2,5.8,0.5
2026-07-04 17:05:00,38.7,48.3,10.0,3,187.7,15.6
2026-07-04 17:10:00,36.4,51.2,10.0,6,180.9,15.2
2026-07-04 17:15:00,35.6,51.6,9.0,2,256.1,21.3
2026-07-04 17:20:00,38.8,52.0,8.0,6,167.5,14.0
2026-07-04 17:25:00,35.6,57.5,8.0,3,197.0,16.4
2026-07-04 17:30:00,40.0,48.0,6.0,2,243.9,20.3
2026-07-04 17:35:00,35.2,57.2,4.0,3,78.2,6.5
2026-07-04 17:40:00,34.3,57.0,14.0,2,157.2,13.1
2026-07-04 17:45:00,35.8,53.9,9.0,3,49.8,4.1
2026-07-04 17:50:00,35.6,57.9,7.0,3,109.8,9.2
2026-07-04 17:55:00,34.7,54.2,6.0,2,5.0,0.3
2026-07-04 18:00:00,39.6,50.4,7.0,3,110.2,9.2
2026-07-04 18:05:00,35.6,54.0,6.0,3,129.7,10.8
2026-07-04 18:10:00,35.9,53.5,5.0,3,199.2,16.6
2026-07-04 18:15:00,34.3,56.3,6.0,3,192.1,16.0
2026-07-04 18:20:00,34.1,55.4,6.0,3,181.4,15.1
2026-07-04 18:25:00,36.9,53.5,5.0,3,15.7,1.3
2026-07-04 18:30:00,32.2,55.6,7.0,3,151.4,12.6
2026-07-04 18:35:00,33.1,54.7,9.0,3,134.6,11.2
2026-07-04 18:40:00,34.7,52.8,5.0,3,10.0,0.8
2026-07-04 18:45:00,37.4,50.7,6.0,2,215.1,17.9
2026-07-04 18:50:00,34.4,57.7,5.0,3,72.1,6.0
2026-07-04 18:55:00,35.8,52.2,6.0,3,148.7,12.3
2026-07-04 19:00:00,34.5,56.8,4.0,3,10.0,0.8
2026-07-04 19:05:00,36.3,53.8,6.0,3,52.8,4.4
2026-07-04 19:10:00,32.3,56.9,5.0,2,212.3,17.7
2026-07-04 19:15:00,35.5,57.1,5.0,3,113.3,9.4
2026-07-04 19:20:00,34.2,57.3,5.0,3,68.0,5.7
2026-07-04 19:25:00,35.7,53.9,6.0,3,200.2,16.7
2026-07-04 19:30:00,33.4,56.4,5.0,3,170.1,14.2
2026-07-04 19:35:00,34.5,55.5,5.0,3,10.0,0.8
2026-07-04 19:40:00,34.3,52.0,5.0,3,29.2,2.3
2026-07-04 19:45:00,33.1,55.0,5.0,3,205.5,17.1
2026-07-04 19:50:00,32.7,58.5,5.0,2,5.0,0.4
2026-07-04 19:55:00,33.7,52.6,4.0,3,155.2,12.9
2026-07-04 20:00:00,34.1,54.8,5.0,3,10.0,0.8
2026-07-04 20:05:00,32.8,56.9,6.0,3,230.5,19.2
2026-07-04 20:10:00,33.4,63.2,6.0,3,106.3,9.0
2026-07-04 20:15:00,31.2,60.8,5.0,3,101.7,8.5
2026-07-04 20:20:00,33.3,59.5,5.0,3,27.1,2.3
2026-07-04 20:25:00,35.3,53.5,5.0,3,216.1,18.0
2026-07-04 20:30:00,34.9,56.3,4.0,3,150.8,12.6
2026-07-04 20:35:00,33.7,53.1,5.0,3,93.1,7.8
2026-07-04 20:40:00,34.2,55.6,5.0,3,10.0,0.8
2026-07-04 20:45:00,32.7,58.9,5.0,3,62.1,5.2
2026-07-04 20:50:00,36.2,51.2,5.0,2,5.0,0.4
2026-07-04 20:55:00,36.8,54.4,6.0,3,10.0,0.8
2026-07-04 21:00:00,33.5,58.4,4.0,3,70.6,5.9
2026-07-04 21:05:00,37.1,53.1,5.0,3,27.1,2.3
2026-07-04 21:10:00,32.3,57.0,5.0,3,175.4,14.6
2026-07-04 21:15:00,31.4,58.0,6.0,2,56.8,4.7
2026-07-04 21:20:00,32.2,58.0,5.0,2,128.3,10.7
2026-07-04 21:25:00,33.0,57.3,6.0,3,241.3,20.1
2026-07-04 21:30:00,36.7,55.6,5.0,3,98.5,8.2
2026-07-04 21:35:00,32.9,57.0,5.0,3,10.0,0.8
2026-07-04 21:40:00,32.0,61.9,4.0,3,73.6,6.1
2026-07-04 21:45:00,32.0,61.8,5.0,3,66.2,5.5
2026-07-04 21:50:00,35.0,56.6,5.0,3,243.6,20.2
2026-07-04 21:55:00,34.8,55.6,6.0,3,108.7,9.1
2026-07-04 22:00:00,31.9,58.2,5.0,3,232.7,19.4
2026-07-04 22:05:00,29.9,61.6,5.0,3,10.0,0.8
2026-07-04 22:10:00,31.0,60.9,4.0,3,105.3,8.8
2026-07-04 22:15:00,35.1,55.9,5.0,2,211.3,17.6
2026-07-04 22:20:00,33.6,56.9,4.0,3,13.5,1.1
2026-07-04 22:25:00,32.7,59.1,5.0,3,93.9,7.8
2026-07-04 22:30:00,35.3,56.2,5.0,3,149.2,12.4
2026-07-04 22:35:00,35.5,54.8,5.0,3,10.0,0.8
2026-07-04 22:40:00,32.6,58.8,4.0,3,56.9,4.8
2026-07-04 22:45:00,32.6,57.4,4.0,3,88.2,7.3
2026-07-04 22:50:00,31.8,57.9,4.0,3,121.3,10.1
2026-07-04 22:55:00,32.2,58.9,4.0,3,10.0,0.8
2026-07-04 23:00:00,29.6,60.7,5.0,3,141.0,11.8
2026-07-04 23:05:00,29.6,60.5,4.0,3,144.1,12.0
2026-07-04 23:10:00,29.2,63.4,4.0,3,192.5,16.0
2026-07-04 23:15:00,34.4,58.3,4.0,3,10.0,0.8
2026-07-04 23:20:00,29.5,64.4,5.0,3,76.8,6.4
2026-07-04 23:25:00,36.0,58.9,4.0,3,103.3,8.6
2026-07-04 23:30:00,31.0,59.5,5.0,3,121.5,10.1
2026-07-04 23:35:00,35.6,59.9,4.0,3,111.0,9.2
2026-07-04 23:40:00,31.7,59.3,4.0,3,55.9,4.8
2026-07-04 23:45:00,29.5,64.6,6.0,3,113.6,9.5
2026-07-04 23:50:00,34.7,59.0,5.0,3,356.7,29.7
2026-07-04 23:55:00,35.0,59.3,5.0,3,154.9,12.9
2026-07-05 00:00:00,30.8,61.1,4.0,3,10.0,0.8
2026-07-05 00:05:00,31.5,60.8,4.0,3,238.7,19.9
2026-07-05 00:10:00,30.8,60.7,4.0,3,250.7,20.9
2026-07-05 00:15:00,31.8,58.9,5.0,3,177.8,14.8
2026-07-05 00:20:00,32.0,60.6,4.0,3,218.9,18.2
2026-07-05 00:25:00,31.5,61.9,4.0,3,310.6,25.9
2026-07-05 00:30:00,29.6,60.3,5.0,2,5.0,0.4
2026-07-05 00:35:00,31.2,62.9,5.0,3,130.1,10.8
2026-07-05 00:40:00,32.8,60.3,5.0,3,198.2,16.5
2026-07-05 00:45:00,31.6,59.8,5.0,3,238.9,19.9
2026-07-05 00:50:00,31.5,59.8,5.0,3,37.4,3.1
2026-07-05 00:55:00,30.7,63.7,4.0,2,241.4,20.1
2026-07-05 01:00:00,30.7,62.9,4.0,3,237.7,19.8
2026-07-05 01:05:00,32.5,60.9,5.0,3,122.7,10.2
2026-07-05 01:10:00,30.2,61.5,5.0,3,190.2,15.8
2026-07-05 01:15:00,31.9,60.6,5.0,3,186.0,15.5
2026-07-05 01:20:00,31.3,61.1,4.0,3,45.7,3.7
2026-07-05 01:25:00,31.5,59.9,4.0,3,225.0,18.7
2026-07-05 01:30:00,30.6,61.6,5.0,3,66.9,5.7
2026-07-05 01:35:00,30.9,62.9,5.0,3,129.4,10.8
2026-07-05 01:40:00,31.2,63.3,4.0,3,178.3,14.9
2026-07-05 01:45:00,30.8,60.7,4.0,3,155.4,13.0
2026-07-05 01:50:00,31.5,58.0,6.0,2,5.0,0.4
2026-07-05 01:55:00,31.7,62.8,4.0,3,55.1,4.6
2026-07-05 02:00:00,33.2,61.5,4.0,3,10.0,0.8
2026-07-05 02:05:00,31.1,61.7,4.0,3,32.4,2.7
2026-07-05 02:10:00,28.6,68.8,4.0,3,168.6,14.0
2026-07-05 02:15:00,32.1,60.0,4.0,3,152.2,12.7
2026-07-05 02:20:00,30.5,59.4,4.0,2,167.6,14.0
2026-07-05 02:25:00,33.0,54.7,4.0,3,87.6,7.3
2026-07-05 02:30:00,32.4,55.6,4.0,3,84.7,7.1
2026-07-05 02:35:00,30.2,62.1,4.0,3,77.7,6.5
2026-07-05 02:40:00,31.6,58.9,4.0,3,10.0,0.8
2026-07-05 02:45:00,30.1,60.8,5.0,3,185.6,15.5
2026-07-05 02:50:00,30.8,60.9,4.0,3,10.0,0.8
2026-07-05 02:55:00,31.5,62.2,4.0,3,115.9,9.7
2026-07-05 03:00:00,31.4,58.6,4.0,3,217.0,18.1
2026-07-05 03:05:00,31.2,58.5,4.0,3,101.8,8.5
2026-07-05 03:10:00,30.4,60.4,4.0,3,244.3,20.4
2026-07-05 03:15:00,32.9,59.7,4.0,3,11.0,0.9
2026-07-05 03:20:00,29.9,62.2,4.0,3,10.0,0.8
2026-07-05 03:25:00,28.6,65.1,5.0,3,10.0,0.8
2026-07-05 03:30:00,28.8,67.8,4.0,3,171.5,14.3
2026-07-05 03:35:00,31.8,66.1,4.0,3,10.0,0.8
2026-07-05 03:40:00,30.2,63.4,5.0,3,244.9,20.4
2026-07-05 03:45:00,30.5,62.7,4.0,3,257.6,21.5
2026-07-05 03:50:00,29.7,59.8,4.0,3,128.5,10.7
2026-07-05 03:55:00,29.8,63.4,4.0,3,33.8,2.8
2026-07-05 04:00:00,29.3,63.7,5.0,3,10.0,0.8
2026-07-05 04:05:00,30.6,63.6,5.0,3,140.1,11.7
2026-07-05 04:10:00,30.0,61.3,5.0,3,103.5,8.6
2026-07-05 04:15:00,30.6,61.8,5.0,3,125.5,10.5
2026-07-05 04:20:00,30.5,63.1,6.0,3,152.1,12.7
2026-07-05 04:25:00,29.7,67.8,4.0,3,10.0,0.8
2026-07-05 04:30:00,28.6,68.9,4.0,3,85.8,7.2
2026-07-05 04:35:00,28.5,68.3,5.0,3,118.3,9.9
2026-07-05 04:40:00,33.3,58.5,5.0,3,305.6,25.5
2026-07-05 04:45:00,31.7,58.3,5.0,3,174.0,14.5
2026-07-05 04:50:00,31.5,61.7,5.0,3,118.2,9.8
2026-07-05 04:55:00,29.4,61.4,4.0,3,15.9,1.3
2026-07-05 05:00:00,30.0,62.1,4.0,3,217.6,18.1
2026-07-05 05:05:00,29.2,67.6,7.0,3,253.9,21.2
2026-07-05 05:10:00,28.8,65.6,5.0,3,10.0,0.8
2026-07-05 05:15:00,29.4,64.0,5.0,3,10.0,0.8
2026-07-05 05:20:00,31.2,61.4,6.0,3,110.4,9.2
2026-07-05 05:25:00,30.8,61.1,5.0,3,88.1,7.3
2026-07-05 05:30:00,29.1,59.5,6.0,2,97.7,8.1
2026-07-05 05:35:00,29.7,60.4,5.0,2,197.9,16.6
2026-07-05 05:40:00,30.7,62.8,6.0,3,229.8,19.1
2026-07-05 05:45:00,29.4,61.6,5.0,3,10.0,0.9
2026-07-05 05:50:00,30.1,62.2,5.0,3,21.9,1.8
2026-07-05 05:55:00,30.3,59.5,7.0,3,10.0,0.8
2026-07-05 06:00:00,30.1,61.1,6.0,3,16.9,1.4
2026-07-05 06:05:00,29.9,62.8,5.0,3,119.3,9.9
2026-07-05 06:10:00,29.1,65.9,4.0,3,10.0,0.8
2026-07-05 06:15:00,29.2,66.2,6.0,3,389.9,32.6
2026-07-05 06:20:00,28.7,63.2,6.0,2,129.3,10.8
2026-07-05 06:25:00,28.3,65.9,6.0,1,16.1,1.3
2026-07-05 06:30:00,29.6,60.4,6.0,3,10.0,0.9
2026-07-05 06:35:00,30.5,62.0,7.0,3,56.9,4.7
2026-07-05 06:40:00,28.5,66.9,6.0,3,125.3,10.4
2026-07-05 06:45:00,30.0,62.5,5.0,1,10.0,0.8
2026-07-05 06:50:00,30.4,64.7,5.0,3,217.7,18.1
2026-07-05 06:55:00,28.0,67.4,6.0,2,94.9,7.9
2026-07-05 07:00:00,29.0,64.7,6.0,3,15.5,1.3
2026-07-05 07:05:00,31.1,60.3,7.0,3,10.0,0.8
2026-07-05 07:10:00,29.9,61.4,6.0,0,6.3,0.5
2026-07-05 07:15:00,27.2,63.3,6.0,1,46.8,3.8
2026-07-05 07:20:00,30.0,59.5,6.0,0,5.5,0.5
2026-07-05 07:25:00,28.5,67.2,7.0,1,139.4,11.6
2026-07-05 07:30:00,30.1,66.0,6.0,0,6.6,0.5
2026-07-05 07:35:00,28.5,62.3,5.0,0,5.5,0.5
2026-07-05 07:40:00,29.2,63.9,5.0,0,5.2,0.3
2026-07-05 07:45:00,28.7,60.8,6.0,3,14.5,1.2
2026-07-05 07:50:00,29.3,61.3,6.0,0,5.1,0.4
2026-07-05 07:55:00,28.7,65.2,7.0,3,266.3,22.2
2026-07-05 08:00:00,28.9,62.9,7.0,0,4.9,0.4
2026-07-05 08:05:00,27.9,61.1,4.0,0,10.3,0.9
2026-07-05 08:10:00,29.7,67.1,4.0,0,5.0,0.4
2026-07-05 08:15:00,29.4,63.3,6.0,0,4.8,0.4
2026-07-05 08:20:00,27.4,63.8,8.0,0,6.9,0.6
2026-07-05 08:25:00,30.3,62.4,5.0,0,6.4,0.5
2026-07-05 08:30:00,29.0,63.8,8.0,0,5.7,0.5
2026-07-05 08:35:00,29.4,64.4,5.0,3,10.0,0.8
2026-07-05 08:40:00,30.0,61.7,7.0,3,196.9,16.4
2026-07-05 08:45:00,29.6,63.9,7.0,0,3.8,0.3
2026-07-05 08:50:00,30.5,64.0,4.0,1,27.9,2.3
2026-07-05 08:55:00,28.9,61.0,7.0,0,3.5,0.3
2026-07-05 09:00:00,30.9,59.6,9.0,0,5.4,0.4
2026-07-05 09:05:00,29.9,64.7,6.0,3,130.1,10.8
2026-07-05 09:10:00,30.3,60.8,6.0,3,140.2,11.7
2026-07-05 09:15:00,30.2,62.1,7.0,3,210.5,17.5
2026-07-05 09:20:00,31.1,59.8,6.0,1,111.5,9.3
2026-07-05 09:25:00,30.6,60.7,6.0,3,39.3,3.3
2026-07-05 09:30:00,29.3,62.5,6.0,0,5.1,0.4
2026-07-05 09:35:00,29.1,60.9,4.0,0,4.5,0.4
2026-07-05 09:40:00,29.7,64.1,7.0,0,7.1,0.5
2026-07-05 09:45:00,28.9,66.8,4.0,0,7.3,0.6
2026-07-05 09:50:00,28.6,64.3,7.0,0,7.8,0.6
2026-07-05 09:55:00,27.4,68.8,8.0,1,18.2,1.5
2026-07-05 10:00:00,29.0,63.0,7.0,0,3.5,0.3
2026-07-05 10:05:00,33.0,57.4,5.0,1,57.6,4.8
2026-07-05 10:10:00,30.0,63.6,7.0,0,7.6,0.6
2026-07-05 10:15:00,32.9,59.7,6.0,0,3.5,0.4
2026-07-05 10:20:00,31.2,60.8,5.0,3,191.0,15.9
2026-07-05 10:25:00,30.7,63.2,9.0,3,118.9,9.9
2026-07-05 10:30:00,29.1,61.1,5.0,3,10.0,0.8
2026-07-05 10:35:00,30.8,60.9,7.0,0,5.4,0.4
2026-07-05 10:40:00,32.9,60.9,8.0,0,7.2,0.6
2026-07-05 10:45:00,32.5,61.4,7.0,0,3.5,0.3
2026-07-05 10:50:00,31.1,63.0,5.0,1,37.4,3.2
2026-07-05 10:55:00,29.5,65.6,5.0,1,84.8,7.1
2026-07-05 11:00:00,31.2,60.0,4.0,0,3.5,0.3
2026-07-05 11:05:00,31.3,56.6,6.0,0,5.4,0.4
2026-07-05 11:10:00,33.6,56.6,6.0,1,72.1,6.0
2026-07-05 11:15:00,34.0,58.1,6.0,0,8.8,0.6
2026-07-05 11:20:00,32.4,60.9,8.0,0,8.9,0.7
2026-07-05 11:25:00,31.9,58.5,6.0,3,96.8,8.1
2026-07-05 11:30:00,33.9,54.4,4.0,3,101.2,8.4
2026-07-05 11:35:00,31.1,58.9,8.0,0,7.8,0.6
2026-07-05 11:40:00,32.3,57.9,4.0,3,10.0,0.8
2026-07-05 11:45:00,32.7,54.0,7.0,3,18.7,1.6
2026-07-05 11:50:00,31.3,59.4,7.0,0,3.5,0.2
2026-07-05 11:55:00,31.5,60.5,6.0,0,5.5,0.6
2026-07-05 12:00:00,32.4,58.8,8.0,0,10.0,0.8
2026-07-05 12:05:00,34.8,54.5,6.0,3,147.8,12.3
2026-07-05 12:10:00,35.4,52.6,6.0,0,7.3,0.6
2026-07-05 12:15:00,33.4,56.0,4.0,3,117.9,9.9
2026-07-05 12:20:00,32.9,56.9,4.0,0,3.5,0.3
2026-07-05 12:25:00,32.6,60.5,11.0,0,7.1,0.6
2026-07-05 12:30:00,33.2,57.8,7.0,1,22.1,1.8
2026-07-05 12:35:00,32.6,66.6,8.0,0,4.0,0.3
2026-07-05 12:40:00,33.1,57.1,10.0,0,4.9,0.4
2026-07-05 12:45:00,33.7,58.1,6.0,3,197.5,16.5
2026-07-05 12:50:00,32.8,57.6,6.0,0,7.0,0.6
2026-07-05 12:55:00,33.0,57.3,4.0,0,4.8,0.4
2026-07-05 13:00:00,33.7,60.8,6.0,3,218.2,18.2
2026-07-05 13:05:00,33.5,59.6,6.0,3,26.4,2.2
2026-07-05 13:10:00,33.4,52.6,6.0,0,4.5,0.4
2026-07-05 13:15:00,34.8,52.3,7.0,0,7.7,0.6
2026-07-05 13:20:00,31.8,59.4,7.0,0,7.0,0.6
2026-07-05 13:25:00,35.7,52.2,7.0,0,6.2,0.5
2026-07-05 13:30:00,34.0,52.3,5.0,0,9.7,0.8
2026-07-05 13:35:00,34.6,55.6,6.0,1,41.8,3.5
2026-07-05 13:40:00,34.7,50.2,6.0,3,40.1,3.3
2026-07-05 13:45:00,33.1,58.0,8.0,0,5.9,0.5
2026-07-05 13:50:00,32.8,60.0,6.0,3,10.0,0.8
2026-07-05 13:55:00,32.7,60.6,6.0,0,6.2,0.5
2026-07-05 14:00:00,34.3,55.2,7.0,0,4.9,0.4
2026-07-05 14:05:00,35.6,57.7,6.0,1,13.8,1.2
2026-07-05 14:10:00,33.8,57.0,7.0,2,153.1,12.8
2026-07-05 14:15:00,35.5,56.2,7.0,1,76.0,6.3
2026-07-05 14:20:00,31.3,57.3,6.0,2,38.3,3.2
2026-07-05 14:25:00,34.1,59.5,6.0,1,16.2,1.3
2026-07-05 14:30:00,36.3,53.2,6.0,3,149.9,12.4
2026-07-05 14:35:00,34.4,59.3,6.0,1,69.6,5.8
2026-07-05 14:40:00,33.5,59.8,5.0,2,90.6,7.5
2026-07-05 14:45:00,33.7,56.9,7.0,2,5.0,0.4
2026-07-05 14:50:00,30.3,61.3,7.0,3,56.9,4.7
2026-07-05 14:55:00,33.2,56.4,6.0,2,157.1,13.1
2026-07-05 15:00:00,36.9,50.7,6.0,2,191.8,16.0
2026-07-05 15:05:00,34.7,56.3,7.0,3,207.7,17.3
2026-07-05 15:10:00,34.8,56.1,8.0,3,196.3,16.4
2026-07-05 15:15:00,32.3,54.1,8.0,3,148.3,12.3
2026-07-05 15:20:00,33.2,56.5,8.0,2,135.3,11.3
2026-07-05 15:25:00,37.1,54.2,7.0,3,66.2,5.5
2026-07-05 15:30:00,36.3,56.4,7.0,2,117.1,9.7
2026-07-05 15:35:00,33.7,57.7,7.0,3,201.1,16.8
2026-07-05 15:40:00,34.6,51.7,6.0,2,76.6,6.4
2026-07-05 15:45:00,35.4,51.9,7.0,2,287.5,24.0
2026-07-05 15:50:00,33.8,55.2,6.0,2,97.1,8.1
2026-07-05 15:55:00,32.7,60.3,6.0,2,5.0,0.4
2026-07-05 16:00:00,35.8,52.1,7.0,2,144.0,12.0
2026-07-05 16:05:00,36.9,54.8,7.0,2,104.3,8.7
2026-07-05 16:10:00,36.9,50.9,8.0,3,104.8,8.7
2026-07-05 16:15:00,37.3,53.2,5.0,3,126.1,10.4
2026-07-05 16:20:00,33.7,53.6,6.0,3,10.0,0.8
2026-07-05 16:25:00,36.1,52.8,10.0,2,261.9,21.8
2026-07-05 16:30:00,35.6,51.2,8.0,3,138.3,11.5
2026-07-05 16:35:00,35.9,56.8,9.0,3,108.8,9.1
2026-07-05 16:40:00,35.7,52.0,8.0,2,99.0,8.2
2026-07-05 16:45:00,35.0,50.8,8.0,2,5.0,0.4
2026-07-05 16:50:00,31.5,54.4,7.0,2,232.4,19.4
2026-07-05 16:55:00,37.8,51.2,7.0,2,123.5,10.3
2026-07-05 17:00:00,36.7,51.2,13.0,3,94.8,7.9
2026-07-05 17:05:00,33.5,57.8,7.0,3,53.4,4.4
2026-07-05 17:10:00,36.9,51.6,13.0,3,10.0,0.8
2026-07-05 17:15:00,35.3,57.3,7.0,2,55.5,4.6
2026-07-05 17:20:00,35.4,52.8,8.0,3,99.7,8.3
2026-07-05 17:25:00,34.7,57.5,9.0,3,10.0,0.8
2026-07-05 17:30:00,37.1,49.3,8.0,2,276.1,23.0
2026-07-05 17:35:00,34.7,50.4,6.0,2,97.6,8.1
2026-07-05 17:40:00,34.2,52.9,8.0,3,84.4,7.0
2026-07-05 17:45:00,38.1,48.0,5.0,3,55.0,4.6
2026-07-05 17:50:00,35.8,50.0,9.0,2,56.5,4.7
2026-07-05 17:55:00,35.8,54.6,9.0,2,174.4,14.5
2026-07-05 18:00:00,36.3,52.2,7.0,3,220.2,18.2
2026-07-05 18:05:00,34.0,55.8,5.0,3,269.5,22.5
2026-07-05 18:10:00,34.3,56.5,7.0,2,175.0,14.6
2026-07-05 18:15:00,35.6,49.1,7.0,3,10.0,0.8
2026-07-05 18:20:00,32.4,58.7,6.0,2,171.7,14.3
2026-07-05 18:25:00,35.5,50.5,9.0,3,173.8,14.4
2026-07-05 18:30:00,33.8,54.1,7.0,3,46.1,3.7
2026-07-05 18:35:00,36.6,48.0,5.0,3,62.9,5.2
2026-07-05 18:40:00,36.1,54.9,8.0,3,61.3,5.1
2026-07-05 18:45:00,35.8,48.9,7.0,3,219.0,18.2
2026-07-05 18:50:00,32.3,54.0,8.0,3,94.5,7.9
2026-07-05 18:55:00,34.9,51.4,4.0,2,205.0,17.1
2026-07-05 19:00:00,32.9,56.9,5.0,3,141.8,11.8
2026-07-05 19:05:00,34.4,55.0,5.0,3,10.0,0.9
2026-07-05 19:10:00,31.3,60.9,4.0,3,10.0,0.8
2026-07-05 19:15:00,32.4,57.5,5.0,3,55.9,4.7
2026-07-05 19:20:00,36.1,55.6,5.0,3,104.8,8.7
2026-07-05 19:25:00,35.0,55.6,4.0,3,163.8,13.6
2026-07-05 19:30:00,34.0,53.7,5.0,3,53.2,4.4
2026-07-05 19:35:00,33.3,55.2,6.0,3,228.0,18.9
2026-07-05 19:40:00,33.0,60.5,6.0,3,80.5,6.7
2026-07-05 19:45:00,34.8,57.8,5.0,3,43.9,3.7
2026-07-05 19:50:00,34.0,57.8,5.0,3,180.5,15.0
2026-07-05 19:55:00,36.6,55.0,6.0,3,167.0,13.9
2026-07-05 20:00:00,33.6,57.9,4.0,3,10.0,0.9
2026-07-05 20:05:00,34.0,57.2,6.0,3,244.2,20.3
2026-07-05 20:10:00,31.9,58.8,4.0,3,56.7,4.8
2026-07-05 20:15:00,33.4,60.7,6.0,3,85.5,7.1
2026-07-05 20:20:00,34.1,55.4,6.0,3,27.1,2.3
2026-07-05 20:25:00,33.4,57.6,4.0,3,66.6,5.5
2026-07-05 20:30:00,33.2,53.7,5.0,3,10.0,0.8
2026-07-05 20:35:00,34.3,53.2,5.0,3,130.3,10.9
2026-07-05 20:40:00,36.0,58.2,4.0,3,48.3,4.0
2026-07-05 20:45:00,34.1,57.7,5.0,3,76.6,6.4
2026-07-05 20:50:00,35.5,54.5,6.0,3,190.7,15.9
2026-07-05 20:55:00,34.8,55.8,4.0,3,143.8,12.0
2026-07-05 21:00:00,34.9,53.6,5.0,3,103.3,8.6
2026-07-05 21:05:00,32.4,57.6,5.0,3,276.7,23.1
2026-07-05 21:10:00,33.0,55.1,5.0,3,10.0,0.8
2026-07-05 21:15:00,33.0,57.3,5.0,2,5.0,0.4
2026-07-05 21:20:00,34.1,58.2,4.0,3,109.4,9.1
2026-07-05 21:25:00,34.5,57.4,4.0,3,215.3,17.9
2026-07-05 21:30:00,33.5,60.5,4.0,3,237.7,19.8
2026-07-05 21:35:00,34.6,57.0,5.0,3,10.0,0.8
2026-07-05 21:40:00,32.5,53.6,5.0,3,38.9,3.2
2026-07-05 21:45:00,34.6,60.2,4.0,3,203.7,17.0
2026-07-05 21:50:00,34.8,54.7,4.0,3,62.5,5.2
2026-07-05 21:55:00,34.3,57.0,4.0,3,108.7,9.1
2026-07-05 22:00:00,32.8,58.6,4.0,3,60.9,5.1
2026-07-05 22:05:00,33.7,58.0,5.0,3,102.6,8.5
2026-07-05 22:10:00,31.3,59.8,5.0,3,10.0,0.8
2026-07-05 22:15:00,32.9,58.4,5.0,3,70.1,5.9
2026-07-05 22:20:00,33.1,55.6,4.0,3,98.6,8.3
2026-07-05 22:25:00,30.7,65.2,4.0,3,64.5,5.4
2026-07-05 22:30:00,33.3,59.2,4.0,3,114.5,9.5
2026-07-05 22:35:00,30.8,60.3,4.0,3,10.0,0.8
2026-07-05 22:40:00,32.0,62.6,4.0,3,128.7,10.7
2026-07-05 22:45:00,32.7,56.4,6.0,3,250.1,20.8
2026-07-05 22:50:00,31.6,61.1,4.0,2,165.2,13.8
2026-07-05 22:55:00,32.7,57.4,4.0,3,218.7,18.2
2026-07-05 23:00:00,32.5,60.5,4.0,3,166.9,13.9
2026-07-05 23:05:00,30.9,61.5,4.0,3,128.0,10.8
2026-07-05 23:10:00,33.4,55.9,4.0,3,42.3,3.5
2026-07-05 23:15:00,31.0,58.6,4.0,3,61.4,5.0
2026-07-05 23:20:00,36.6,60.0,6.0,3,181.0,15.1
2026-07-05 23:25:00,32.2,59.7,5.0,3,92.2,7.7
2026-07-05 23:30:00,30.2,64.2,4.0,3,291.0,24.2
2026-07-05 23:35:00,30.6,63.0,4.0,3,10.0,0.8
2026-07-05 23:40:00,34.5,58.5,5.0,3,86.6,7.2
2026-07-05 23:45:00,31.6,60.0,4.0,3,55.6,4.6
2026-07-05 23:50:00,29.9,63.9,4.0,3,173.2,14.4
2026-07-05 23:55:00,34.0,62.2,5.0,3,192.0,16.0
2026-07-06 00:00:00,31.4,60.2,4.0,3,10.0,0.8
2026-07-06 00:05:00,32.8,61.6,4.0,3,10.0,0.7
2026-07-06 00:10:00,33.1,60.7,4.0,3,36.9,3.1
2026-07-06 00:15:00,32.3,61.5,5.0,3,153.3,12.8
2026-07-06 00:20:00,34.9,57.9,4.0,3,143.4,12.0
2026-07-06 00:25:00,29.8,60.9,4.0,3,10.0,0.8
2026-07-06 00:30:00,30.9,59.5,5.0,3,130.9,10.9
2026-07-06 00:35:00,31.6,58.6,4.0,2,106.3,9.0
2026-07-06 00:40:00,34.8,60.6,4.0,3,118.9,9.8
2026-07-06 00:45:00,34.2,58.4,4.0,3,99.8,8.3
2026-07-06 00:50:00,33.5,57.3,4.0,2,110.6,9.2
2026-07-06 00:55:00,30.9,62.4,4.0,3,156.8,13.1
2026-07-06 01:00:00,30.6,60.6,4.0,3,125.0,10.4
2026-07-06 01:05:00,30.5,60.4,5.0,3,112.1,9.3
2026-07-06 01:10:00,30.6,64.9,4.0,3,207.6,17.3
2026-07-06 01:15:00,32.6,56.5,6.0,3,239.5,20.0
2026-07-06 01:20:00,31.0,61.3,4.0,3,68.9,5.7
2026-07-06 01:25:00,31.2,59.6,4.0,3,99.4,8.3
2026-07-06 01:30:00,32.0,58.3,4.0,3,164.1,13.7
2026-07-06 01:35:00,29.7,60.1,4.0,3,88.4,7.4
2026-07-06 01:40:00,31.3,60.6,4.0,3,166.3,13.9
2026-07-06 01:45:00,30.3,60.3,5.0,3,116.4,9.7
2026-07-06 01:50:00,31.0,61.9,4.0,3,173.3,14.4
2026-07-06 01:55:00,30.7,61.2,5.0,3,164.1,13.7
2026-07-06 02:00:00,30.1,61.5,4.0,3,97.6,8.1
2026-07-06 02:05:00,31.0,58.8,5.0,3,183.9,15.3
2026-07-06 02:10:00,31.0,64.3,5.0,3,167.7,14.0
2026-07-06 02:15:00,30.5,63.4,4.0,3,309.0,25.9
2026-07-06 02:20:00,31.2,58.9,5.0,2,60.6,5.0
2026-07-06 02:25:00,29.8,59.4,5.0,3,10.0,0.8
2026-07-06 02:30:00,31.6,55.4,5.0,3,163.6,13.7
2026-07-06 02:35:00,30.6,64.2,4.0,3,196.8,16.5
2026-07-06 02:40:00,30.3,64.1,4.0,3,301.0,25.1
2026-07-06 02:45:00,29.9,65.0,5.0,3,59.7,5.0
2026-07-06 02:50:00,30.5,61.3,4.0,2,67.2,5.6
2026-07-06 02:55:00,32.9,60.0,5.0,3,114.8,9.6
2026-07-06 03:00:00,30.3,64.2,4.0,3,64.5,5.4
2026-07-06 03:05:00,29.1,63.4,5.0,3,261.4,21.8
2026-07-06 03:10:00,31.3,59.2,4.0,3,37.3,3.1
2026-07-06 03:15:00,29.8,60.1,4.0,3,61.9,5.2
2026-07-06 03:20:00,30.6,62.2,4.0,3,10.0,0.8
2026-07-06 03:25:00,29.7,64.0,4.0,3,10.0,0.8
2026-07-06 03:30:00,31.7,58.5,4.0,3,105.6,8.8
2026-07-06 03:35:00,29.7,62.0,4.0,3,96.0,8.0
2026-07-06 03:40:00,31.8,58.8,4.0,3,84.7,7.1
2026-07-06 03:45:00,29.2,65.4,4.0,3,158.7,13.2
2026-07-06 03:50:00,30.0,58.9,5.0,3,172.7,14.4
2026-07-06 03:55:00,31.8,56.6,4.0,2,80.9,6.7
2026-07-06 04:00:00,30.3,59.0,5.0,3,44.6,3.7
2026-07-06 04:05:00,32.5,57.6,5.0,3,110.5,9.2
2026-07-06 04:10:00,29.9,63.4,5.0,2,110.7,9.2
2026-07-06 04:15:00,30.4,58.9,5.0,2,5.0,0.4
2026-07-06 04:20:00,32.1,61.1,4.0,3,94.7,8.0
2026-07-06 04:25:00,28.5,68.8,4.0,3,105.3,8.8
2026-07-06 04:30:00,28.4,66.2,5.0,3,236.5,19.7
2026-07-06 04:35:00,29.3,66.5,5.0,3,141.3,11.8
2026-07-06 04:40:00,31.0,58.2,5.0,3,196.2,16.3
2026-07-06 04:45:00,28.4,62.8,4.0,3,86.9,7.2
2026-07-06 04:50:00,30.8,62.3,4.0,3,10.0,0.7
2026-07-06 04:55:00,30.7,61.0,5.0,3,199.3,16.7
2026-07-06 05:00:00,31.9,57.7,4.0,3,169.3,14.1
2026-07-06 05:05:00,31.0,64.0,6.0,3,63.2,5.3
2026-07-06 05:10:00,30.3,62.7,6.0,3,89.0,7.4
2026-07-06 05:15:00,31.3,62.0,5.0,3,153.1,12.8
2026-07-06 05:20:00,30.5,60.4,5.0,3,136.9,11.4
2026-07-06 05:25:00,29.6,66.7,4.0,3,93.9,7.8
2026-07-06 05:30:00,29.0,63.8,6.0,3,10.0,0.8
2026-07-06 05:35:00,29.5,65.5,4.0,3,273.1,22.8
2026-07-06 05:40:00,30.0,61.4,5.0,3,104.3,8.7
2026-07-06 05:45:00,30.2,62.6,5.0,3,206.2,17.2
2026-07-06 05:50:00,28.0,66.9,6.0,3,10.0,0.8
2026-07-06 05:55:00,29.8,67.1,4.0,2,156.1,13.0
2026-07-06 06:00:00,29.8,62.1,5.0,3,10.0,0.8
2026-07-06 06:05:00,30.2,62.8,6.0,1,84.1,7.0
2026-07-06 06:10:00,31.2,62.0,5.0,3,202.1,16.8
2026-07-06 06:15:00,29.9,60.0,4.0,3,88.6,7.4
2026-07-06 06:20:00,28.9,60.0,5.0,3,197.8,16.5
2026-07-06 06:25:00,28.1,63.6,7.0,3,53.0,4.4
2026-07-06 06:30:00,30.4,64.0,6.0,3,93.4,7.8
2026-07-06 06:35:00,29.0,67.6,4.0,3,38.1,3.2
2026-07-06 06:40:00,30.5,60.1,6.0,1,96.7,8.1
2026-07-06 06:45:00,31.0,58.7,6.0,0,3.6,0.3
2026-07-06 06:50:00,28.3,68.4,4.0,1,97.3,8.1
2026-07-06 06:55:00,30.2,61.2,5.0,1,81.1,6.8
2026-07-06 07:00:00,30.8,60.5,7.0,0,3.5,0.3
2026-07-06 07:05:00,30.5,65.3,4.0,1,13.1,1.1
2026-07-06 07:10:00,27.0,70.2,5.0,3,191.1,15.9
2026-07-06 07:15:00,28.4,67.2,5.0,0,7.2,0.6
2026-07-06 07:20:00,27.9,61.7,5.0,3,75.8,6.3
2026-07-06 07:25:00,29.9,59.7,7.0,3,178.1,14.8
2026-07-06 07:30:00,29.8,65.6,7.0,1,23.4,1.9
2026-07-06 07:35:00,26.4,68.8,5.0,0,4.6,0.4
2026-07-06 07:40:00,29.0,62.2,4.0,1,23.2,1.9
2026-07-06 07:45:00,30.2,61.4,7.0,1,61.9,5.2
2026-07-06 07:50:00,29.5,66.0,6.0,3,237.7,19.8
2026-07-06 07:55:00,29.5,67.0,5.0,1,117.4,9.8
2026-07-06 08:00:00,28.8,64.3,8.0,3,87.3,7.3
2026-07-06 08:05:00,28.0,63.9,8.0,0,10.7,0.9
2026-07-06 08:10:00,29.2,63.1,4.0,0,3.7,0.3
2026-07-06 08:15:00,29.3,66.8,5.0,1,31.5,2.6
2026-07-06 08:20:00,29.9,65.8,6.0,3,96.8,8.1
2026-07-06 08:25:00,30.0,63.0,4.0,0,4.0,0.4
2026-07-06 08:30:00,29.3,62.3,6.0,0,6.2,0.5
2026-07-06 08:35:00,30.4,64.5,5.0,1,50.2,4.2
2026-07-06 08:40:00,28.8,68.2,7.0,1,122.6,10.2
2026-07-06 08:45:00,27.6,62.6,4.0,0,3.5,0.3
2026-07-06 08:50:00,29.8,62.3,7.0,0,3.5,0.3
2026-07-06 08:55:00,29.4,66.2,7.0,0,6.9,0.6
2026-07-06 09:00:00,30.4,62.2,6.0,0,3.5,0.3
2026-07-06 09:05:00,28.4,63.8,7.0,0,5.9,0.5
2026-07-06 09:10:00,31.8,60.3,7.0,0,5.9,0.5
2026-07-06 09:15:00,30.6,62.6,6.0,0,7.4,0.6
2026-07-06 09:20:00,29.5,60.6,6.0,1,10.0,0.8
2026-07-06 09:25:00,28.8,64.6,5.0,1,138.0,11.6
2026-07-06 09:30:00,31.0,61.9,5.0,3,59.6,5.0
2026-07-06 09:35:00,28.6,63.5,9.0,3,279.7,23.3
2026-07-06 09:40:00,32.3,57.2,6.0,0,6.5,0.5
2026-07-06 09:45:00,29.1,62.7,6.0,0,11.1,0.9
2026-07-06 09:50:00,31.7,57.7,6.0,0,4.8,0.4
2026-07-06 09:55:00,29.6,65.2,7.0,1,94.9,7.9
2026-07-06 10:00:00,32.6,57.0,5.0,0,3.5,0.3
2026-07-06 10:05:00,30.0,63.1,6.0,3,95.5,8.0
2026-07-06 10:10:00,30.8,60.8,7.0,1,31.4,2.5
2026-07-06 10:15:00,31.7,58.8,4.0,3,84.3,7.0
2026-07-06 10:20:00,31.5,63.7,6.0,1,48.6,4.0
2026-07-06 10:25:00,32.0,59.7,5.0,3,10.0,0.8
2026-07-06 10:30:00,30.2,60.9,4.0,3,56.1,4.7
2026-07-06 10:35:00,30.9,59.8,6.0,0,11.0,0.9
2026-07-06 10:40:00,32.2,60.4,5.0,1,146.5,12.2
2026-07-06 10:45:00,30.0,64.5,4.0,3,66.2,5.5
2026-07-06 10:50:00,31.4,63.6,9.0,3,201.4,16.8
2026-07-06 10:55:00,30.5,61.6,7.0,3,78.7,6.6
2026-07-06 11:00:00,32.5,58.3,7.0,1,41.0,3.4
2026-07-06 11:05:00,32.3,59.5,6.0,1,99.4,8.4
2026-07-06 11:10:00,31.4,61.0,4.0,0,5.7,0.5
2026-07-06 11:15:00,32.0,57.8,6.0,0,3.8,0.3
2026-07-06 11:20:00,32.4,62.5,6.0,0,3.5,0.3
2026-07-06 11:25:00,32.1,59.5,4.0,0,4.9,0.4
2026-07-06 11:30:00,34.0,57.9,9.0,0,3.9,0.4
2026-07-06 11:35:00,33.3,58.7,6.0,0,4.0,0.3
2026-07-06 11:40:00,32.6,59.7,5.0,0,3.5,0.3
2026-07-06 11:45:00,31.4,58.1,6.0,0,4.8,0.4
2026-07-06 11:50:00,31.3,60.7,4.0,3,73.4,6.1
2026-07-06 11:55:00,34.4,61.4,5.0,3,172.3,14.4
2026-07-06 12:00:00,32.1,63.5,9.0,1,162.9,13.6
2026-07-06 12:05:00,33.4,57.9,5.0,0,6.4,0.5
2026-07-06 12:10:00,33.7,56.1,6.0,3,107.5,9.0
2026-07-06 12:15:00,32.9,52.7,6.0,0,3.5,0.3
2026-07-06 12:20:00,32.2,58.1,6.0,0,4.6,0.4
2026-07-06 12:25:00,32.4,58.8,5.0,3,10.0,0.8
2026-07-06 12:30:00,32.7,57.8,10.0,1,63.0,5.2
2026-07-06 12:35:00,32.5,58.3,5.0,3,241.6,20.1
2026-07-06 12:40:00,34.8,56.8,5.0,0,4.5,0.4
2026-07-06 12:45:00,33.3,55.1,7.0,3,56.4,4.7
2026-07-06 12:50:00,32.7,59.2,4.0,0,5.7,0.5
2026-07-06 12:55:00,33.4,57.2,8.0,0,8.8,0.7
2026-07-06 13:00:00,34.7,52.8,6.0,0,5.9,0.5
2026-07-06 13:05:00,33.5,61.4,6.0,0,3.5,0.3
2026-07-06 13:10:00,34.9,56.7,6.0,1,64.5,5.4
2026-07-06 13:15:00,32.5,56.6,6.0,2,176.4,14.7
2026-07-06 13:20:00,35.3,55.5,7.0,0,5.3,0.4
2026-07-06 13:25:00,33.9,52.8,7.0,3,130.0,10.9
2026-07-06 13:30:00,33.9,54.7,7.0,1,171.1,14.3
2026-07-06 13:35:00,33.1,61.1,5.0,0,6.2,0.5
2026-07-06 13:40:00,32.5,59.5,6.0,0,3.5,0.2
2026-07-06 13:45:00,32.0,60.1,6.0,3,144.5,12.1
2026-07-06 13:50:00,33.0,60.4,8.0,3,10.0,0.8
2026-07-06 13:55:00,34.6,56.9,5.0,1,12.7,1.1
2026-07-06 14:00:00,33.3,56.1,6.0,3,76.3,6.4
2026-07-06 14:05:00,32.5,60.0,7.0,2,136.6,11.4
2026-07-06 14:10:00,33.4,52.6,6.0,2,146.1,12.2
2026-07-06 14:15:00,34.1,54.2,6.0,3,53.1,4.4
2026-07-06 14:20:00,34.2,55.5,7.0,2,175.4,14.6
2026-07-06 14:25:00,34.5,56.7,7.0,2,118.4,10.0
2026-07-06 14:30:00,36.1,52.7,7.0,2,270.4,22.5
2026-07-06 14:35:00,36.5,48.7,7.0,2,100.3,8.4
2026-07-06 14:40:00,37.5,48.0,6.0,2,176.1,14.7
2026-07-06 14:45:00,32.4,57.7,6.0,2,30.2,2.5
2026-07-06 14:50:00,33.5,55.4,7.0,3,10.0,0.8
2026-07-06 14:55:00,35.7,51.8,6.0,1,64.1,5.3
2026-07-06 15:00:00,34.9,52.4,8.0,2,89.6,7.5
2026-07-06 15:05:00,36.7,53.0,6.0,3,94.4,7.9
2026-07-06 15:10:00,35.8,56.6,8.0,2,186.5,15.5
2026-07-06 15:15:00,37.7,51.9,7.0,3,115.2,9.6
2026-07-06 15:20:00,36.9,55.4,6.0,3,152.4,12.7
2026-07-06 15:25:00,37.0,51.6,7.0,2,87.0,7.2
2026-07-06 15:30:00,34.9,55.7,7.0,2,56.3,4.7
2026-07-06 15:35:00,35.4,57.2,5.0,3,114.7,9.6
2026-07-06 15:40:00,35.1,54.2,7.0,1,85.5,7.1
2026-07-06 15:45:00,33.4,56.5,6.0,3,100.7,8.4
2026-07-06 15:50:00,37.5,51.0,7.0,2,126.8,10.6
2026-07-06 15:55:00,36.5,54.3,7.0,3,245.9,20.5
2026-07-06 16:00:00,35.5,55.9,9.0,3,74.1,6.2
2026-07-06 16:05:00,38.0,52.0,7.0,2,103.3,8.6
2026-07-06 16:10:00,35.1,53.8,6.0,3,10.0,0.8
2026-07-06 16:15:00,33.3,52.8,6.0,2,27.6,2.3
2026-07-06 16:20:00,37.6,51.5,11.0,2,70.1,5.8
2026-07-06 16:25:00,34.1,54.9,12.0,2,117.0,9.8
2026-07-06 16:30:00,35.8,54.1,11.0,3,33.4,2.8
2026-07-06 16:35:00,36.4,53.2,6.0,2,5.0,0.4
2026-07-06 16:40:00,36.6,56.3,6.0,3,204.0,17.0
2026-07-06 16:45:00,37.3,50.3,6.0,2,103.4,8.6
2026-07-06 16:50:00,36.9,48.7,9.0,2,29.4,2.3
2026-07-06 16:55:00,36.9,49.7,11.0,2,79.7,6.6
2026-07-06 17:00:00,34.7,52.9,11.0,2,5.0,0.4
2026-07-06 17:05:00,36.7,55.5,9.0,2,71.9,6.0
2026-07-06 17:10:00,33.5,52.3,6.0,3,87.2,7.3
2026-07-06 17:15:00,38.9,48.0,8.0,2,240.1,20.0
2026-07-06 17:20:00,33.7,56.9,9.0,5,187.2,15.6
2026-07-06 17:25:00,35.5,56.1,11.0,3,27.8,2.2
2026-07-06 17:30:00,33.8,51.3,7.0,2,20.4,1.7
2026-07-06 17:35:00,34.8,49.6,9.0,6,117.1,9.8
2026-07-06 17:40:00,36.2,50.8,9.0,2,47.9,4.0
2026-07-06 17:45:00,35.2,55.9,9.0,3,168.4,14.0
2026-07-06 17:50:00,38.2,51.2,7.0,3,242.2,20.2
2026-07-06 17:55:00,36.5,50.6,9.0,3,88.7,7.4
2026-07-06 18:00:00,34.3,57.1,6.0,3,162.2,13.5
2026-07-06 18:05:00,34.9,54.8,5.0,2,70.6,5.9
2026-07-06 18:10:00,37.3,51.5,7.0,3,235.0,19.6
2026-07-06 18:15:00,36.7,48.1,8.0,3,288.5,24.1
2026-07-06 18:20:00,33.2,54.2,6.0,3,155.1,12.9
2026-07-06 18:25:00,34.0,60.7,6.0,3,101.0,8.4
2026-07-06 18:30:00,36.0,52.3,7.0,3,99.9,8.3
2026-07-06 18:35:00,35.8,50.9,6.0,2,5.0,0.4
2026-07-06 18:40:00,33.3,55.1,8.0,2,5.0,0.4
2026-07-06 18:45:00,36.4,53.1,6.0,3,10.0,0.8
2026-07-06 18:50:00,33.6,58.2,7.0,3,10.0,0.8
2026-07-06 18:55:00,37.4,53.4,8.0,3,149.7,12.5
2026-07-06 19:00:00,35.3,52.8,6.0,3,336.2,28.0
2026-07-06 19:05:00,33.0,60.0,5.0,3,55.7,4.6
2026-07-06 19:10:00,33.8,58.0,6.0,3,86.0,7.3
2026-07-06 19:15:00,33.8,55.1,5.0,3,142.4,11.9
2026-07-06 19:20:00,34.7,54.8,5.0,3,243.8,20.3
2026-07-06 19:25:00,34.2,57.0,6.0,3,32.6,2.7
2026-07-06 19:30:00,33.0,59.5,6.0,3,66.5,5.5
2026-07-06 19:35:00,32.6,54.0,5.0,3,108.0,9.0
2026-07-06 19:40:00,35.3,54.5,5.0,3,119.4,10.0
2026-07-06 19:45:00,34.9,54.7,5.0,3,124.6,10.4
2026-07-06 19:50:00,34.7,53.7,5.0,3,141.2,11.8
2026-07-06 19:55:00,34.9,53.5,5.0,3,158.9,13.2
2026-07-06 20:00:00,33.0,59.7,6.0,3,137.7,11.4
2026-07-06 20:05:00,34.2,57.4,5.0,3,108.3,9.0
2026-07-06 20:10:00,37.5,57.3,6.0,3,10.0,0.8
2026-07-06 20:15:00,35.6,53.6,6.0,3,10.0,0.8
2026-07-06 20:20:00,33.5,57.3,5.0,3,43.1,3.7
2026-07-06 20:25:00,33.2,58.0,5.0,3,208.5,17.4
2026-07-06 20:30:00,29.9,62.6,5.0,3,233.9,19.5
2026-07-06 20:35:00,35.4,57.9,5.0,3,10.0,0.8
2026-07-06 20:40:00,35.0,55.7,5.0,3,192.4,16.0
2026-07-06 20:45:00,33.1,55.1,5.0,3,10.0,0.8
2026-07-06 20:50:00,31.9,57.2,5.0,3,163.6,13.6
2026-07-06 20:55:00,32.3,58.6,6.0,3,70.4,5.9
2026-07-06 21:00:00,34.0,59.1,4.0,3,10.0,0.8
2026-07-06 21:05:00,33.2,55.0,5.0,3,20.6,1.7
2026-07-06 21:10:00,34.4,54.4,4.0,3,57.7,4.8
2026-07-06 21:15:00,33.5,58.9,5.0,3,148.6,12.4
2026-07-06 21:20:00,34.8,53.8,5.0,3,105.8,8.8
2026-07-06 21:25:00,33.9,55.0,5.0,3,99.2,8.3
2026-07-06 21:30:00,34.6,58.6,5.0,3,84.8,7.1
2026-07-06 21:35:00,30.2,60.0,4.0,3,196.9,16.5
2026-07-06 21:40:00,31.5,58.7,4.0,3,21.4,1.8
2026-07-06 21:45:00,32.8,60.7,4.0,3,155.9,13.0
2026-07-06 21:50:00,34.9,54.2,5.0,3,320.2,26.7
2026-07-06 21:55:00,36.1,52.7,6.0,3,157.0,13.1
2026-07-06 22:00:00,32.4,61.8,5.0,3,153.8,12.8
2026-07-06 22:05:00,31.8,59.7,5.0,2,142.2,11.8
2026-07-06 22:10:00,29.8,62.4,5.0,3,51.2,4.2
2026-07-06 22:15:00,33.9,56.8,4.0,3,288.6,24.0
2026-07-06 22:20:00,31.8,59.1,4.0,3,39.0,3.2
2026-07-06 22:25:00,37.0,53.2,4.0,3,101.6,8.5
2026-07-06 22:30:00,31.6,60.1,5.0,3,10.0,0.8
2026-07-06 22:35:00,35.7,57.3,6.0,3,51.0,4.2
2026-07-06 22:40:00,33.7,57.9,4.0,3,175.0,14.6
2026-07-06 22:45:00,31.2,61.8,5.0,3,96.4,8.0
2026-07-06 22:50:00,33.0,59.4,5.0,3,200.6,16.7
2026-07-06 22:55:00,33.8,55.5,4.0,3,126.2,10.5
2026-07-06 23:00:00,32.0,60.0,4.0,2,52.9,4.4
2026-07-06 23:05:00,34.0,58.4,4.0,3,151.3,12.6
2026-07-06 23:10:00,33.9,60.3,5.0,3,195.8,16.3
2026-07-06 23:15:00,33.5,60.1,5.0,3,10.0,0.8
2026-07-06 23:20:00,32.4,60.2,4.0,3,181.9,15.2
2026-07-06 23:25:00,30.2,62.8,5.0,2,239.3,19.9
2026-07-06 23:30:00,32.3,57.2,4.0,3,74.9,6.2
2026-07-06 23:35:00,32.7,58.9,4.0,3,65.1,5.4
2026-07-06 23:40:00,28.9,61.2,5.0,3,12.7,1.1
2026-07-06 23:45:00,32.7,60.2,6.0,3,147.2,12.3
2026-07-06 23:50:00,32.2,60.9,4.0,3,119.0,9.9
2026-07-06 23:55:00,30.0,61.3,4.0,3,181.6,15.1
2026-07-07 00:00:00,31.7,58.5,4.0,3,10.0,0.9
2026-07-07 00:05:00,31.7,60.9,5.0,3,199.8,16.6
2026-07-07 00:10:00,34.5,58.3,4.0,2,25.9,2.1
2026-07-07 00:15:00,32.3,57.8,6.0,3,151.9,12.7
2026-07-07 00:20:00,33.4,58.6,5.0,3,29.1,2.4
2026-07-07 00:25:00,31.9,60.7,4.0,3,195.3,16.3
2026-07-07 00:30:00,29.7,64.2,4.0,3,141.1,11.8
2026-07-07 00:35:00,32.9,57.9,5.0,3,10.0,0.8
2026-07-07 00:40:00,31.2,61.8,5.0,3,121.4,10.1
2026-07-07 00:45:00,31.7,58.8,4.0,3,10.0,0.8
2026-07-07 00:50:00,30.8,59.2,4.0,3,165.9,13.8
2026-07-07 00:55:00,32.2,58.2,4.0,3,47.2,3.9
2026-07-07 01:00:00,32.4,60.1,4.0,3,10.0,0.8
2026-07-07 01:05:00,32.3,59.4,5.0,3,10.0,0.7
2026-07-07 01:10:00,32.9,57.9,4.0,3,132.0,11.0
2026-07-07 01:15:00,33.0,59.1,5.0,3,93.5,7.8
2026-07-07 01:20:00,29.5,62.9,5.0,3,76.0,6.3
2026-07-07 01:25:00,30.3,62.0,4.0,2,244.1,20.3
2026-07-07 01:30:00,29.7,62.0,5.0,3,127.0,10.6
2026-07-07 01:35:00,32.0,57.8,4.0,3,106.0,8.8
2026-07-07 01:40:00,30.8,64.0,4.0,3,170.0,14.2
2026-07-07 01:45:00,31.0,63.3,4.0,3,103.9,8.7
2026-07-07 01:50:00,31.2,63.3,4.0,3,63.3,5.3
2026-07-07 01:55:00,31.8,58.9,4.0,3,64.8,5.4
2026-07-07 02:00:00,29.3,61.8,4.0,3,123.9,10.3
2026-07-07 02:05:00,29.5,62.1,5.0,3,145.7,12.1
2026-07-07 02:10:00,30.9,63.6,4.0,3,52.8,4.4
2026-07-07 02:15:00,32.3,58.9,4.0,3,62.7,5.2
2026-07-07 02:20:00,30.9,59.7,4.0,3,128.3,10.7
2026-07-07 02:25:00,30.0,63.2,4.0,3,133.6,11.1
2026-07-07 02:30:00,28.5,62.9,5.0,3,22.7,1.9
2026-07-07 02:35:00,32.0,56.1,5.0,3,10.0,0.8
2026-07-07 02:40:00,30.1,62.5,4.0,3,109.7,9.1
2026-07-07 02:45:00,29.6,61.7,4.0,3,147.0,12.2
2026-07-07 02:50:00,29.0,63.8,5.0,3,129.1,10.8
2026-07-07 02:55:00,29.3,57.0,4.0,3,10.0,0.8
2026-07-07 03:00:00,29.4,61.0,4.0,3,134.3,11.2
2026-07-07 03:05:00,30.2,61.7,5.0,3,181.0,15.1
2026-07-07 03:10:00,29.2,59.8,4.0,3,67.1,5.6
2026-07-07 03:15:00,30.6,57.6,4.0,3,47.2,3.9
2026-07-07 03:20:00,30.2,61.9,4.0,3,208.6,17.4
2026-07-07 03:25:00,32.8,59.3,5.0,3,198.9,16.6
2026-07-07 03:30:00,28.7,62.1,4.0,2,5.0,0.4
2026-07-07 03:35:00,30.6,60.6,4.0,3,22.5,1.9
2026-07-07 03:40:00,30.6,60.6,4.0,2,86.3,7.2
2026-07-07 03:45:00,29.4,59.4,4.0,3,122.4,10.2
2026-07-07 03:50:00,30.5,64.2,4.0,3,10.0,0.8
2026-07-07 03:55:00,31.3,59.6,4.0,3,143.1,11.9
2026-07-07 04:00:00,30.4,61.2,4.0,3,62.5,5.2
2026-07-07 04:05:00,31.7,60.4,5.0,3,17.9,1.5
2026-07-07 04:10:00,28.0,61.8,4.0,3,10.0,0.8
2026-07-07 04:15:00,29.4,65.8,4.0,3,214.6,17.9
2026-07-07 04:20:00,31.8,62.0,4.0,3,63.9,5.3
2026-07-07 04:25:00,31.2,60.6,5.0,3,384.0,32.0
2026-07-07 04:30:00,30.8,62.2,5.0,3,230.2,19.2
2026-07-07 04:35:00,31.6,58.7,5.0,3,219.4,18.3
2026-07-07 04:40:00,28.3,67.6,4.0,3,10.0,0.8
2026-07-07 04:45:00,31.1,58.3,4.0,3,94.0,7.8
2026-07-07 04:50:00,31.4,59.9,5.0,3,10.0,0.8
2026-07-07 04:55:00,29.6,63.1,4.0,3,146.7,12.2
2026-07-07 05:00:00,32.6,58.4,4.0,3,100.1,8.3
2026-07-07 05:05:00,30.3,64.3,5.0,3,235.9,19.8
2026-07-07 05:10:00,28.1,70.2,4.0,3,12.7,1.1
2026-07-07 05:15:00,30.5,61.6,5.0,3,146.3,12.2
2026-07-07 05:20:00,29.5,64.4,6.0,3,108.4,9.0
2026-07-07 05:25:00,31.2,59.0,5.0,3,102.7,8.6
2026-07-07 05:30:00,30.6,63.8,4.0,3,174.3,14.6
2026-07-07 05:35:00,29.6,62.1,5.0,3,148.0,12.3
2026-07-07 05:40:00,31.5,66.8,5.0,3,181.7,15.2
2026-07-07 05:45:00,31.0,57.5,6.0,3,152.8,12.7
2026-07-07 05:50:00,29.4,68.0,5.0,3,137.6,11.5
2026-07-07 05:55:00,30.0,64.7,5.0,3,39.5,3.3
2026-07-07 06:00:00,30.3,60.0,5.0,1,10.0,0.8
2026-07-07 06:05:00,29.5,68.1,5.0,2,28.8,2.4
2026-07-07 06:10:00,29.6,61.4,7.0,3,77.8,6.5
2026-07-07 06:15:00,29.9,62.2,4.0,0,3.7,0.3
2026-07-07 06:20:00,28.9,61.8,4.0,3,13.5,1.1
2026-07-07 06:25:00,27.8,65.8,6.0,3,78.7,6.6
2026-07-07 06:30:00,30.1,62.4,6.0,1,10.0,0.8
2026-07-07 06:35:00,28.1,67.3,6.0,0,3.6,0.3
2026-07-07 06:40:00,29.0,69.1,4.0,1,37.6,3.1
2026-07-07 06:45:00,28.3,64.3,6.0,0,5.1,0.4
2026-07-07 06:50:00,28.4,59.6,5.0,0,4.7,0.4
2026-07-07 06:55:00,30.3,63.5,5.0,3,144.3,12.0
2026-07-07 07:00:00,29.2,62.5,6.0,3,10.0,0.8
2026-07-07 07:05:00,29.2,68.1,6.0,0,3.5,0.3
2026-07-07 07:10:00,28.0,65.5,5.0,3,174.8,14.6
2026-07-07 07:15:00,28.7,62.7,7.0,0,4.3,0.4
2026-07-07 07:20:00,29.9,60.3,6.0,1,84.6,7.0
2026-07-07 07:25:00,29.4,65.0,4.0,0,5.4,0.3
2026-07-07 07:30:00,30.4,61.3,5.0,3,81.9,6.8
2026-07-07 07:35:00,30.5,65.3,5.0,1,41.7,3.5
2026-07-07 07:40:00,29.2,63.3,5.0,0,7.6,0.6
2026-07-07 07:45:00,27.4,69.9,6.0,0,3.5,0.3
2026-07-07 07:50:00,28.6,61.4,4.0,3,92.6,7.7
2026-07-07 07:55:00,29.4,59.3,4.0,3,103.3,8.6
2026-07-07 08:00:00,28.5,66.8,5.0,0,3.7,0.3
2026-07-07 08:05:00,28.2,64.1,9.0,0,3.5,0.3
2026-07-07 08:10:00,29.4,62.8,7.0,3,120.5,10.0
2026-07-07 08:15:00,32.1,56.9,9.0,1,60.8,5.1
2026-07-07 08:20:00,28.8,61.7,6.0,0,3.5,0.3
2026-07-07 08:25:00,29.4,64.9,5.0,0,3.5,0.2
2026-07-07 08:30:00,27.9,65.6,4.0,1,102.5,8.5
2026-07-07 08:35:00,30.7,58.9,5.0,3,10.0,0.8
2026-07-07 08:40:00,30.3,64.0,5.0,0,6.4,0.5
2026-07-07 08:45:00,30.3,64.9,4.0,0,5.7,0.5
2026-07-07 08:50:00,30.9,60.9,5.0,0,6.3,0.5
2026-07-07 08:55:00,28.9,66.6,5.0,3,96.2,8.0
2026-07-07 09:00:00,29.6,60.8,6.0,3,43.6,3.5
2026-07-07 09:05:00,31.8,61.2,6.0,1,93.9,7.8
2026-07-07 09:10:00,30.6,62.1,7.0,0,6.0,0.5
2026-07-07 09:15:00,27.5,64.5,4.0,0,4.6,0.5
2026-07-07 09:20:00,30.4,66.9,4.0,1,10.0,0.8
2026-07-07 09:25:00,29.3,64.2,8.0,3,81.9,6.8
2026-07-07 09:30:00,30.9,59.8,6.0,1,73.7,6.1
2026-07-07 09:35:00,30.4,62.0,8.0,1,91.3,7.6
2026-07-07 09:40:00,28.0,63.5,6.0,3,172.2,14.3
2026-07-07 09:45:00,30.2,59.5,7.0,0,4.2,0.5
2026-07-07 09:50:00,30.2,61.2,7.0,1,61.1,5.0
2026-07-07 09:55:00,30.3,61.2,5.0,3,61.2,5.1
2026-07-07 10:00:00,31.6,58.7,5.0,0,7.6,0.6
2026-07-07 10:05:00,32.6,61.9,5.0,0,6.8,0.6
2026-07-07 10:10:00,31.4,59.1,6.0,0,5.2,0.4
2026-07-07 10:15:00,31.0,59.3,7.0,3,37.0,3.1
2026-07-07 10:20:00,32.2,57.1,6.0,0,3.5,0.3
2026-07-07 10:25:00,33.5,55.1,8.0,1,90.2,7.5
2026-07-07 10:30:00,32.0,62.2,8.0,0,5.7,0.5
2026-07-07 10:35:00,31.2,61.6,5.0,0,5.9,0.5
2026-07-07 10:40:00,31.4,62.3,8.0,0,4.2,0.4
2026-07-07 10:45:00,31.2,63.3,6.0,0,6.0,0.5
2026-07-07 10:50:00,30.9,60.7,7.0,0,6.7,0.7
2026-07-07 10:55:00,33.4,61.3,6.0,3,132.5,11.0
2026-07-07 11:00:00,31.5,58.9,8.0,3,10.0,0.8
2026-07-07 11:05:00,33.6,54.6,7.0,0,6.4,0.5
2026-07-07 11:10:00,32.2,60.2,6.0,0,7.4,0.6
2026-07-07 11:15:00,30.7,62.0,6.0,0,7.2,0.6
2026-07-07 11:20:00,32.2,59.7,4.0,1,101.9,8.5
2026-07-07 11:25:00,31.8,62.4,5.0,0,7.6,0.6
2026-07-07 11:30:00,33.0,58.4,8.0,0,4.4,0.5
2026-07-07 11:35:00,32.5,59.6,8.0,1,80.6,6.7
2026-07-07 11:40:00,31.2,64.1,5.0,0,7.1,0.6
2026-07-07 11:45:00,34.0,57.2,5.0,0,6.5,0.5
2026-07-07 11:50:00,33.6,58.4,7.0,0,7.1,0.6
2026-07-07 11:55:00,34.1,53.0,7.0,0,5.7,0.5
2026-07-07 12:00:00,33.7,66.3,4.0,1,60.4,5.0
2026-07-07 12:05:00,33.4,53.5,11.0,0,6.5,0.5
2026-07-07 12:10:00,34.2,54.9,6.0,0,3.5,0.3
2026-07-07 12:15:00,32.8,57.0,9.0,0,6.4,0.5
2026-07-07 12:20:00,33.6,62.4,7.0,1,77.1,6.4
2026-07-07 12:25:00,33.2,56.3,5.0,0,7.9,0.7
2026-07-07 12:30:00,31.8,61.1,7.0,0,8.8,0.7
2026-07-07 12:35:00,33.6,55.8,4.0,0,5.3,0.4
2026-07-07 12:40:00,32.9,55.7,6.0,3,210.0,17.5
2026-07-07 12:45:00,33.1,59.4,5.0,3,276.0,23.0
2026-07-07 12:50:00,33.8,55.0,6.0,0,9.1,0.8
2026-07-07 12:55:00,34.8,55.8,7.0,0,5.2,0.3
2026-07-07 13:00:00,33.1,59.3,6.0,1,10.0,0.8
2026-07-07 13:05:00,33.7,61.7,5.0,3,10.0,0.8
2026-07-07 13:10:00,33.2,54.2,6.0,2,158.6,13.2
2026-07-07 13:15:00,33.1,57.3,4.0,0,6.9,0.6
2026-07-07 13:20:00,33.4,56.9,7.0,0,5.6,0.5
2026-07-07 13:25:00,33.8,56.5,6.0,0,8.0,0.7
2026-07-07 13:30:00,34.7,61.8,5.0,0,5.9,0.5
2026-07-07 13:35:00,34.4,55.1,7.0,1,132.7,11.1
2026-07-07 13:40:00,32.8,51.6,7.0,2,47.6,4.0
2026-07-07 13:45:00,35.5,53.3,6.0,0,4.3,0.4
2026-07-07 13:50:00,35.1,54.2,6.0,0,7.6,0.6
2026-07-07 13:55:00,33.0,57.2,6.0,0,4.5,0.4
2026-07-07 14:00:00,36.6,51.2,6.0,3,159.9,13.3
2026-07-07 14:05:00,35.3,51.2,7.0,1,128.5,10.7
2026-07-07 14:10:00,34.6,60.4,7.0,1,125.1,10.4
2026-07-07 14:15:00,35.3,55.2,6.0,3,236.7,19.7
2026-07-07 14:20:00,34.8,54.5,7.0,2,56.7,4.7
2026-07-07 14:25:00,35.6,59.2,6.0,1,71.2,5.9
2026-07-07 14:30:00,35.1,52.6,6.0,3,63.4,5.3
2026-07-07 14:35:00,34.3,57.0,8.0,2,90.8,7.6
2026-07-07 14:40:00,31.9,55.4,6.0,3,53.3,4.4
2026-07-07 14:45:00,35.6,55.9,6.0,2,298.4,24.9
2026-07-07 14:50:00,34.3,52.9,6.0,3,51.9,4.3
2026-07-07 14:55:00,35.9,54.8,7.0,3,213.8,17.8
2026-07-07 15:00:00,36.3,57.5,6.0,3,221.9,18.5
2026-07-07 15:05:00,35.2,54.6,5.0,3,82.2,6.8
2026-07-07 15:10:00,37.0,48.0,7.0,2,206.7,17.2
2026-07-07 15:15:00,35.9,53.7,6.0,1,92.4,7.7
2026-07-07 15:20:00,35.9,54.7,7.0,1,71.7,6.0
2026-07-07 15:25:00,35.5,56.1,6.0,2,62.5,5.2
2026-07-07 15:30:00,37.9,54.6,6.0,2,23.7,2.0
2026-07-07 15:35:00,34.7,58.3,7.0,1,80.5,6.7
2026-07-07 15:40:00,35.2,54.1,6.0,2,29.8,2.5
2026-07-07 15:45:00,33.9,54.4,6.0,6,135.9,11.3
2026-07-07 15:50:00,36.6,50.4,8.0,2,12.3,1.0
2026-07-07 15:55:00,34.8,53.7,6.0,2,179.0,14.9
2026-07-07 16:00:00,35.5,55.0,7.0,6,102.2,8.5
2026-07-07 16:05:00,35.4,50.9,8.0,2,40.8,3.4
2026-07-07 16:10:00,36.3,50.9,5.0,2,193.0,16.1
2026-07-07 16:15:00,34.3,56.4,6.0,6,131.7,10.9
2026-07-07 16:20:00,32.8,55.3,8.0,2,192.3,16.0
2026-07-07 16:25:00,36.9,53.2,8.0,3,238.7,19.9
2026-07-07 16:30:00,33.0,54.7,7.0,2,86.6,7.2
2026-07-07 16:35:00,37.5,52.4,8.0,2,5.0,0.4
2026-07-07 16:40:00,38.5,48.9,8.0,3,10.0,0.8
2026-07-07 16:45:00,35.9,49.1,9.0,6,168.8,14.1
2026-07-07 16:50:00,38.1,53.3,9.0,2,159.6,13.3
2026-07-07 16:55:00,36.1,51.6,10.0,2,5.0,0.4
2026-07-07 17:00:00,39.1,49.1,9.0,2,99.7,8.3
2026-07-07 17:05:00,35.5,51.8,5.0,2,216.9,18.2
2026-07-07 17:10:00,32.1,59.1,8.0,2,5.0,0.4
2026-07-07 17:15:00,36.1,54.0,5.0,2,77.6,6.5
2026-07-07 17:20:00,39.3,51.1,11.0,3,149.9,12.5
2026-07-07 17:25:00,37.2,50.3,12.0,3,28.8,2.4
2026-07-07 17:30:00,35.4,53.7,8.0,6,178.7,14.9
2026-07-07 17:35:00,36.9,53.4,11.0,2,48.7,4.1
2026-07-07 17:40:00,38.0,55.3,11.0,6,185.8,15.5
2026-07-07 17:45:00,36.1,54.0,9.0,2,63.1,5.3
2026-07-07 17:50:00,40.9,48.0,10.0,4,70.3,5.9
2026-07-07 17:55:00,35.4,54.6,11.0,3,119.6,10.0
2026-07-07 18:00:00,37.0,51.7,4.0,3,74.0,6.2
2026-07-07 18:05:00,36.6,48.0,6.0,3,12.8,1.1
2026-07-07 18:10:00,34.1,50.3,7.0,2,5.0,0.4
2026-07-07 18:15:00,34.5,54.7,4.0,3,134.4,11.2
2026-07-07 18:20:00,37.0,52.2,9.0,3,10.0,0.8
2026-07-07 18:25:00,35.5,53.0,7.0,2,261.8,21.8
2026-07-07 18:30:00,35.9,55.7,7.0,3,168.3,14.0
2026-07-07 18:35:00,32.4,54.6,7.0,3,169.6,14.1
2026-07-07 18:40:00,36.4,49.1,5.0,3,115.0,9.6
2026-07-07 18:45:00,35.8,51.2,4.0,3,78.3,6.5
2026-07-07 18:50:00,35.2,52.5,6.0,3,168.8,14.1
2026-07-07 18:55:00,35.9,53.2,7.0,3,176.7,14.7
2026-07-07 19:00:00,34.1,53.9,5.0,3,62.2,5.3
2026-07-07 19:05:00,33.8,51.2,6.0,3,120.5,10.0
2026-07-07 19:10:00,34.3,49.6,5.0,3,69.4,5.8
2026-07-07 19:15:00,34.0,56.2,5.0,3,145.5,12.1
2026-07-07 19:20:00,37.6,49.0,5.0,3,40.0,3.2
2026-07-07 19:25:00,35.9,49.0,5.0,3,123.2,10.3
2026-07-07 19:30:00,33.3,58.1,6.0,3,95.8,8.1
2026-07-07 19:35:00,37.4,55.4,5.0,3,183.4,15.3
2026-07-07 19:40:00,34.1,55.5,5.0,3,57.1,4.8
2026-07-07 19:45:00,34.7,55.7,6.0,3,128.8,10.7
2026-07-07 19:50:00,35.9,54.3,5.0,3,67.8,5.6
2026-07-07 19:55:00,32.0,52.9,5.0,3,10.0,0.8
2026-07-07 20:00:00,33.7,58.7,5.0,3,82.6,6.9
2026-07-07 20:05:00,33.2,59.9,6.0,3,160.4,13.4
2026-07-07 20:10:00,34.3,60.0,5.0,3,163.2,13.6
2026-07-07 20:15:00,34.6,55.0,4.0,3,50.5,4.2
2026-07-07 20:20:00,33.9,54.2,5.0,3,191.5,16.0
2026-07-07 20:25:00,33.9,59.5,4.0,3,217.0,18.1
2026-07-07 20:30:00,35.6,55.9,6.0,2,112.7,9.4
2026-07-07 20:35:00,34.5,57.8,6.0,3,23.5,2.0
2026-07-07 20:40:00,34.1,55.0,4.0,3,116.8,9.7
2026-07-07 20:45:00,34.3,56.8,5.0,3,198.7,16.6
2026-07-07 20:50:00,36.7,51.5,4.0,2,5.0,0.4
2026-07-07 20:55:00,34.3,56.2,5.0,3,219.6,18.3
2026-07-07 21:00:00,32.7,57.5,4.0,3,123.6,10.3
2026-07-07 21:05:00,30.6,64.5,4.0,3,202.8,16.8
2026-07-07 21:10:00,31.3,60.5,4.0,3,219.8,18.3
2026-07-07 21:15:00,32.8,54.0,5.0,3,155.3,12.9
2026-07-07 21:20:00,33.3,57.6,4.0,3,80.8,6.7
2026-07-07 21:25:00,32.6,59.0,6.0,3,137.7,11.5
2026-07-07 21:30:00,34.0,56.1,6.0,3,46.0,3.8
2026-07-07 21:35:00,32.6,56.2,6.0,3,50.7,4.2
2026-07-07 21:40:00,32.1,60.0,5.0,3,10.0,0.7
2026-07-07 21:45:00,34.4,54.8,6.0,3,182.3,15.2
2026-07-07 21:50:00,35.5,56.8,5.0,3,198.2,16.5
2026-07-07 21:55:00,31.8,57.0,4.0,3,10.0,0.8
2026-07-07 22:00:00,33.1,57.1,4.0,3,63.3,5.3
2026-07-07 22:05:00,30.0,62.7,5.0,3,51.5,4.3
2026-07-07 22:10:00,30.6,61.3,5.0,3,150.2,12.5
2026-07-07 22:15:00,31.9,59.3,4.0,3,104.1,8.6
2026-07-07 22:20:00,34.4,56.9,5.0,3,161.9,13.5
2026-07-07 22:25:00,31.6,59.6,4.0,3,107.3,8.9
2026-07-07 22:30:00,31.6,58.0,4.0,3,128.5,10.7
2026-07-07 22:35:00,32.8,55.5,4.0,3,108.9,9.1
2026-07-07 22:40:00,32.8,59.5,5.0,3,208.0,17.4
2026-07-07 22:45:00,31.6,62.4,4.0,3,18.3,1.5
2026-07-07 22:50:00,35.7,56.9,4.0,3,38.7,3.2
2026-07-07 22:55:00,32.4,59.2,4.0,3,28.4,2.3
2026-07-07 23:00:00,32.7,58.0,5.0,3,143.9,12.0
2026-07-07 23:05:00,31.8,61.6,5.0,3,10.0,0.8
2026-07-07 23:10:00,33.4,60.1,4.0,3,10.0,0.8
2026-07-07 23:15:00,34.8,59.8,5.0,3,165.2,13.8
2026-07-07 23:20:00,35.6,59.7,5.0,3,10.0,0.8
2026-07-07 23:25:00,31.1,63.1,4.0,3,25.9,2.2
2026-07-07 23:30:00,34.6,57.1,5.0,3,10.0,0.8
2026-07-07 23:35:00,33.6,57.4,4.0,3,41.7,3.5
2026-07-07 23:40:00,34.3,59.1,4.0,3,362.7,30.2
2026-07-07 23:45:00,32.4,58.6,4.0,3,75.3,6.3
2026-07-07 23:50:00,32.2,58.5,4.0,3,102.9,8.6
2026-07-07 23:55:00,34.3,60.7,4.0,3,15.5,1.3
2026-07-08 00:00:00,33.3,57.6,6.0,2,128.6,10.7
2026-07-08 00:05:00,34.1,58.4,4.0,3,94.6,7.9
2026-07-08 00:10:00,32.4,57.5,4.0,3,190.7,15.9
2026-07-08 00:15:00,32.0,60.2,4.0,3,114.0,9.5
2026-07-08 00:20:00,29.0,64.1,4.0,3,281.4,23.4
2026-07-08 00:25:00,30.1,63.3,4.0,3,37.1,3.1
2026-07-08 00:30:00,31.6,61.9,5.0,2,187.8,15.6
2026-07-08 00:35:00,30.7,61.0,5.0,3,10.0,0.8
2026-07-08 00:40:00,33.1,60.8,5.0,3,140.4,11.7
2026-07-08 00:45:00,30.5,61.9,5.0,2,94.0,7.8
2026-07-08 00:50:00,31.5,59.9,4.0,3,141.9,11.8
2026-07-08 00:55:00,31.5,61.0,4.0,3,110.9,9.2
2026-07-08 01:00:00,32.5,60.4,5.0,3,10.0,0.8
2026-07-08 01:05:00,30.9,58.7,4.0,3,56.8,4.7
2026-07-08 01:10:00,31.8,58.0,4.0,3,122.5,10.2
2026-07-08 01:15:00,31.6,59.8,4.0,2,227.0,18.9
2026-07-08 01:20:00,32.3,57.1,5.0,3,126.9,10.6
2026-07-08 01:25:00,32.2,57.2,4.0,3,164.0,13.7
2026-07-08 01:30:00,31.4,59.6,4.0,3,17.8,1.4
2026-07-08 01:35:00,29.9,64.0,5.0,3,10.0,0.8
2026-07-08 01:40:00,31.2,62.3,4.0,3,89.1,7.4
2026-07-08 01:45:00,31.4,60.9,4.0,3,159.8,13.3
2026-07-08 01:50:00,31.7,60.3,5.0,3,10.0,0.8
2026-07-08 01:55:00,30.8,64.7,4.0,3,244.7,20.4
2026-07-08 02:00:00,32.2,57.8,4.0,3,74.8,6.2
2026-07-08 02:05:00,31.0,61.5,4.0,3,204.8,17.1
2026-07-08 02:10:00,29.9,61.1,5.0,3,261.0,21.8
2026-07-08 02:15:00,30.4,58.7,4.0,3,10.0,0.8
2026-07-08 02:20:00,33.1,60.6,5.0,2,5.0,0.4
2026-07-08 02:25:00,31.7,59.1,4.0,3,148.0,12.3
2026-07-08 02:30:00,32.1,60.9,4.0,3,264.4,22.0
2026-07-08 02:35:00,29.8,62.1,4.0,3,65.2,5.4
2026-07-08 02:40:00,30.2,65.1,4.0,3,276.8,23.0
2026-07-08 02:45:00,30.2,59.7,4.0,3,192.5,16.0
2026-07-08 02:50:00,31.2,63.4,5.0,3,76.0,6.3
2026-07-08 02:55:00,30.8,63.3,4.0,3,101.8,8.5
2026-07-08 03:00:00,30.0,57.9,4.0,3,10.0,0.8
2026-07-08 03:05:00,30.1,60.8,4.0,2,188.7,15.7
2026-07-08 03:10:00,29.7,65.1,4.0,3,45.1,3.8
2026-07-08 03:15:00,30.3,65.6,5.0,3,163.6,13.6
2026-07-08 03:20:00,31.6,61.3,4.0,2,80.1,6.7
2026-07-08 03:25:00,28.9,63.0,4.0,3,80.9,6.7
2026-07-08 03:30:00,30.8,58.6,4.0,3,135.5,11.3
2026-07-08 03:35:00,31.9,60.5,4.0,3,206.7,17.2
2026-07-08 03:40:00,30.3,60.7,4.0,3,203.3,16.9
2026-07-08 03:45:00,29.9,61.4,5.0,3,139.6,11.6
2026-07-08 03:50:00,31.4,59.4,4.0,3,56.1,4.6
2026-07-08 03:55:00,29.5,65.1,4.0,3,120.8,10.1
2026-07-08 04:00:00,30.3,66.5,5.0,3,125.9,10.5
2026-07-08 04:05:00,29.2,66.4,5.0,3,48.7,4.1
2026-07-08 04:10:00,28.3,65.3,6.0,3,138.2,11.5
2026-07-08 04:15:00,30.1,59.9,4.0,3,33.9,2.8
2026-07-08 04:20:00,29.0,65.8,4.0,2,29.8,2.5
2026-07-08 04:25:00,30.3,66.2,4.0,3,103.5,8.6
2026-07-08 04:30:00,31.5,62.4,4.0,3,52.8,4.4
2026-07-08 04:35:00,32.2,59.1,6.0,3,63.5,5.3
2026-07-08 04:40:00,30.4,60.4,5.0,3,185.8,15.5
2026-07-08 04:45:00,31.4,60.8,5.0,3,185.2,15.4
2026-07-08 04:50:00,30.7,64.1,5.0,3,90.1,7.6
2026-07-08 04:55:00,29.9,63.1,5.0,3,216.2,18.0
2026-07-08 05:00:00,28.4,64.9,5.0,3,170.4,14.2
2026-07-08 05:05:00,31.7,58.4,5.0,3,157.4,13.1
2026-07-08 05:10:00,29.2,69.3,5.0,3,98.8,8.1
2026-07-08 05:15:00,31.5,58.3,5.0,3,163.8,13.7
2026-07-08 05:20:00,30.7,59.4,4.0,3,67.2,5.6
2026-07-08 05:25:00,29.3,64.0,5.0,3,125.2,10.4
2026-07-08 05:30:00,30.5,61.4,5.0,2,161.6,13.6
2026-07-08 05:35:00,32.1,61.4,6.0,3,214.4,17.9
2026-07-08 05:40:00,31.6,62.3,4.0,3,186.4,15.5
2026-07-08 05:45:00,29.7,60.5,5.0,3,54.0,4.5
2026-07-08 05:50:00,29.5,61.8,5.0,3,202.4,16.9
2026-07-08 05:55:00,30.3,60.3,4.0,3,10.0,0.9
2026-07-08 06:00:00,29.8,64.6,6.0,1,130.7,10.8
2026-07-08 06:05:00,31.0,62.0,5.0,3,102.8,8.6
2026-07-08 06:10:00,30.6,61.0,5.0,3,206.3,17.2
2026-07-08 06:15:00,28.4,65.6,5.0,3,35.1,2.9
2026-07-08 06:20:00,30.3,60.0,6.0,0,6.1,0.5
2026-07-08 06:25:00,29.7,61.7,6.0,3,133.9,11.2
2026-07-08 06:30:00,29.9,60.2,6.0,2,160.0,13.3
2026-07-08 06:35:00,30.1,62.8,7.0,3,146.3,12.2
2026-07-08 06:40:00,31.0,61.4,6.0,0,3.5,0.3
2026-07-08 06:45:00,30.8,59.5,6.0,3,218.9,18.2
2026-07-08 06:50:00,29.2,64.7,5.0,1,10.0,0.8
2026-07-08 06:55:00,29.9,64.9,6.0,3,62.3,5.2
2026-07-08 07:00:00,29.0,61.6,5.0,0,7.2,0.5
2026-07-08 07:05:00,27.6,65.4,6.0,3,179.5,15.0
2026-07-08 07:10:00,29.4,64.7,4.0,3,44.0,3.7
2026-07-08 07:15:00,31.5,60.3,5.0,0,3.5,0.2
2026-07-08 07:20:00,27.6,62.9,4.0,0,4.5,0.4
2026-07-08 07:25:00,29.5,62.3,5.0,0,3.5,0.3
2026-07-08 07:30:00,29.4,62.3,4.0,0,3.5,0.3
2026-07-08 07:35:00,29.8,62.5,6.0,1,86.1,7.3
2026-07-08 07:40:00,28.4,64.7,6.0,1,25.0,2.1
2026-07-08 07:45:00,27.9,69.5,5.0,1,10.0,0.8
2026-07-08 07:50:00,28.0,65.1,5.0,3,74.0,6.2
2026-07-08 07:55:00,31.0,56.9,6.0,1,58.9,4.9
2026-07-08 08:00:00,28.3,65.3,6.0,0,5.4,0.4
2026-07-08 08:05:00,28.8,68.5,9.0,3,105.9,8.8
2026-07-08 08:10:00,31.7,59.6,5.0,3,94.7,7.8
2026-07-08 08:15:00,28.6,63.6,7.0,0,4.2,0.4
2026-07-08 08:20:00,29.8,62.1,7.0,3,191.0,16.0
2026-07-08 08:25:00,30.6,63.0,4.0,3,319.2,26.6
2026-07-08 08:30:00,30.5,61.0,6.0,1,10.0,0.8
2026-07-08 08:35:00,27.9,62.0,6.0,3,105.6,8.8
2026-07-08 08:40:00,28.6,63.0,5.0,0,7.0,0.6
2026-07-08 08:45:00,29.7,62.8,10.0,0,5.0,0.4
2026-07-08 08:50:00,31.5,61.5,9.0,0,5.8,0.6
2026-07-08 08:55:00,28.5,63.4,5.0,0,3.9,0.3
2026-07-08 09:00:00,29.4,62.8,7.0,3,108.4,9.0
2026-07-08 09:05:00,30.4,62.1,8.0,0,7.0,0.6
2026-07-08 09:10:00,30.7,59.7,7.0,0,5.9,0.5
2026-07-08 09:15:00,30.7,61.3,4.0,0,6.6,0.4
2026-07-08 09:20:00,29.0,65.2,5.0,0,7.0,0.6
2026-07-08 09:25:00,29.4,60.6,7.0,3,255.8,21.3
2026-07-08 09:30:00,30.2,63.0,7.0,3,317.7,26.5
2026-07-08 09:35:00,31.4,57.8,6.0,0,7.2,0.6
2026-07-08 09:40:00,29.7,60.5,9.0,0,6.3,0.5
2026-07-08 09:45:00,29.9,61.1,9.0,0,5.8,0.5
2026-07-08 09:50:00,28.8,67.7,9.0,1,10.0,0.9
2026-07-08 09:55:00,32.0,55.4,9.0,0,7.7,0.6
2026-07-08 10:00:00,31.1,60.2,6.0,0,5.8,0.5
2026-07-08 10:05:00,32.2,59.6,4.0,0,4.7,0.4
2026-07-08 10:10:00,31.0,63.9,6.0,1,10.0,0.8
2026-07-08 10:15:00,31.1,65.5,6.0,0,7.3,0.6
2026-07-08 10:20:00,29.3,62.7,5.0,0,7.6,0.6
2026-07-08 10:25:00,28.5,65.9,6.0,0,5.4,0.4
2026-07-08 10:30:00,32.4,59.2,5.0,1,41.9,3.5
2026-07-08 10:35:00,31.0,61.1,7.0,1,90.5,7.6
2026-07-08 10:40:00,31.2,61.7,8.0,0,6.7,0.6
2026-07-08 10:45:00,29.5,59.9,9.0,1,104.6,8.8
2026-07-08 10:50:00,29.9,62.7,6.0,0,6.4,0.5
2026-07-08 10:55:00,32.2,60.7,6.0,0,5.7,0.5
2026-07-08 11:00:00,34.3,54.1,6.0,3,92.4,7.7
2026-07-08 11:05:00,31.7,61.2,8.0,1,159.9,13.3
2026-07-08 11:10:00,33.1,53.8,8.0,1,45.6,3.8
2026-07-08 11:15:00,32.6,58.9,6.0,0,3.5,0.3
2026-07-08 11:20:00,32.3,62.4,8.0,3,133.8,11.2
2026-07-08 11:25:00,34.4,55.4,6.0,0,3.5,0.3
2026-07-08 11:30:00,31.9,57.4,5.0,0,4.8,0.4
2026-07-08 11:35:00,33.8,53.5,6.0,0,5.6,0.5
2026-07-08 11:40:00,32.8,59.4,9.0,1,103.3,8.6
2026-07-08 11:45:00,32.4,61.3,7.0,0,3.5,0.3
2026-07-08 11:50:00,33.9,56.6,5.0,0,3.5,0.3
2026-07-08 11:55:00,32.7,57.5,7.0,0,5.3,0.4
2026-07-08 12:00:00,33.3,52.8,7.0,0,5.5,0.4
2026-07-08 12:05:00,35.0,55.3,6.0,0,7.2,0.6
2026-07-08 12:10:00,34.8,53.6,5.0,1,73.6,6.1
2026-07-08 12:15:00,34.8,53.7,5.0,0,9.4,0.9
2026-07-08 12:20:00,29.1,68.2,4.0,1,72.2,6.0
2026-07-08 12:25:00,33.9,52.2,5.0,0,3.5,0.3
2026-07-08 12:30:00,33.7,52.8,6.0,0,6.2,0.5
2026-07-08 12:35:00,33.4,58.1,8.0,0,10.3,0.9
2026-07-08 12:40:00,34.1,55.4,8.0,0,3.5,0.3
2026-07-08 12:45:00,33.7,55.7,7.0,3,10.0,0.8
2026-07-08 12:50:00,34.2,56.9,4.0,0,3.5,0.3
2026-07-08 12:55:00,33.1,58.6,7.0,3,38.6,3.1
2026-07-08 13:00:00,35.8,50.8,5.0,0,7.4,0.6
2026-07-08 13:05:00,35.0,53.1,7.0,0,5.9,0.5
2026-07-08 13:10:00,34.7,55.2,7.0,0,6.1,0.5
2026-07-08 13:15:00,34.6,55.7,6.0,0,6.7,0.6
2026-07-08 13:20:00,35.4,55.3,7.0,3,10.0,0.7
2026-07-08 13:25:00,35.2,52.8,7.0,1,82.9,6.9
2026-07-08 13:30:00,33.9,57.3,6.0,1,103.5,8.6
2026-07-08 13:35:00,35.2,56.8,6.0,0,7.0,0.6
2026-07-08 13:40:00,34.3,55.9,5.0,0,6.3,0.5
2026-07-08 13:45:00,36.3,52.3,6.0,1,87.9,7.3
2026-07-08 13:50:00,35.3,53.5,5.0,1,46.0,3.8
2026-07-08 13:55:00,33.4,55.6,5.0,0,6.6,0.5
2026-07-08 14:00:00,38.2,48.7,6.0,2,218.1,18.1
2026-07-08 14:05:00,31.8,57.8,5.0,2,214.3,17.9
2026-07-08 14:10:00,35.7,55.0,7.0,2,105.5,8.8
2026-07-08 14:15:00,33.8,54.0,6.0,2,5.0,0.4
2026-07-08 14:20:00,37.5,51.6,7.0,3,78.7,6.6
2026-07-08 14:25:00,35.2,54.1,7.0,2,5.0,0.4
2026-07-08 14:30:00,33.7,60.6,7.0,1,93.1,7.8
2026-07-08 14:35:00,34.5,57.1,7.0,3,253.0,21.1
2026-07-08 14:40:00,33.8,57.9,6.0,5,201.0,16.8
2026-07-08 14:45:00,34.4,57.7,7.0,1,34.8,2.9
2026-07-08 14:50:00,34.4,54.2,6.0,2,5.0,0.4
2026-07-08 14:55:00,33.8,59.5,6.0,0,3.5,0.3
2026-07-08 15:00:00,36.0,53.9,7.0,2,65.9,5.5
2026-07-08 15:05:00,36.2,53.2,9.0,2,119.0,9.9
2026-07-08 15:10:00,34.3,52.7,6.0,3,29.4,2.4
2026-07-08 15:15:00,33.4,55.6,8.0,3,49.7,4.1
2026-07-08 15:20:00,36.1,49.5,6.0,2,142.8,11.9
2026-07-08 15:25:00,36.4,52.5,7.0,3,147.1,12.3
2026-07-08 15:30:00,36.7,51.5,7.0,2,144.7,12.1
2026-07-08 15:35:00,36.4,52.2,6.0,2,35.6,3.0
2026-07-08 15:40:00,37.8,48.4,6.0,3,10.0,0.8
2026-07-08 15:45:00,37.0,53.9,7.0,2,206.8,17.2
2026-07-08 15:50:00,39.3,51.1,7.0,1,93.2,7.8
2026-07-08 15:55:00,39.9,52.8,6.0,1,70.6,5.9
2026-07-08 16:00:00,33.6,59.7,9.0,2,225.3,18.8
2026-07-08 16:05:00,32.9,57.0,8.0,3,134.5,11.3
2026-07-08 16:10:00,36.2,55.5,8.0,2,20.9,1.7
2026-07-08 16:15:00,37.0,52.9,9.0,2,91.5,7.6
2026-07-08 16:20:00,36.1,52.2,10.0,6,190.3,15.9
2026-07-08 16:25:00,37.3,51.3,4.0,2,153.0,12.8
2026-07-08 16:30:00,35.8,55.0,8.0,3,10.0,0.8
2026-07-08 16:35:00,35.2,63.6,5.0,2,213.4,17.8
2026-07-08 16:40:00,35.4,56.7,12.0,2,146.7,12.2
2026-07-08 16:45:00,35.9,54.0,8.0,6,183.1,15.3
2026-07-08 16:50:00,37.5,52.8,9.0,6,139.8,11.6
2026-07-08 16:55:00,35.5,55.0,7.0,2,53.1,4.4
2026-07-08 17:00:00,35.8,53.2,8.0,3,82.2,6.8
2026-07-08 17:05:00,37.3,53.9,11.0,2,19.7,1.6
2026-07-08 17:10:00,36.0,52.8,10.0,2,15.4,1.3
2026-07-08 17:15:00,38.3,48.0,13.0,2,79.6,6.6
2026-07-08 17:20:00,34.7,56.0,6.0,3,10.0,0.8
2026-07-08 17:25:00,34.3,56.8,8.0,2,59.7,5.0
2026-07-08 17:30:00,36.8,51.9,10.0,5,90.2,7.5
2026-07-08 17:35:00,37.0,53.0,10.0,2,5.0,0.4
2026-07-08 17:40:00,34.8,57.2,9.0,2,155.6,13.0
2026-07-08 17:45:00,38.7,50.1,5.0,3,41.0,3.4
2026-07-08 17:50:00,39.7,48.0,6.0,3,95.0,7.9
2026-07-08 17:55:00,35.2,52.1,9.0,2,72.7,6.1
2026-07-08 18:00:00,37.9,50.5,4.0,3,95.6,8.0
2026-07-08 18:05:00,31.2,62.6,5.0,3,88.3,7.4
2026-07-08 18:10:00,37.2,51.4,6.0,3,303.2,25.3
2026-07-08 18:15:00,33.8,56.6,5.0,3,169.4,14.1
2026-07-08 18:20:00,37.0,51.3,6.0,3,10.0,0.8
2026-07-08 18:25:00,33.6,54.7,6.0,3,10.0,0.8
2026-07-08 18:30:00,35.2,51.7,5.0,3,223.6,18.6
2026-07-08 18:35:00,33.9,55.8,5.0,3,106.1,8.8
2026-07-08 18:40:00,34.9,53.0,8.0,3,217.2,18.1
2026-07-08 18:45:00,38.5,53.9,6.0,3,196.7,16.3
2026-07-08 18:50:00,35.1,53.9,6.0,3,81.3,6.8
2026-07-08 18:55:00,39.0,49.8,6.0,3,119.8,10.0
2026-07-08 19:00:00,34.2,55.2,5.0,3,54.1,4.6
2026-07-08 19:05:00,36.7,53.5,5.0,3,189.6,15.8
2026-07-08 19:10:00,32.5,61.1,4.0,3,117.4,9.9
2026-07-08 19:15:00,34.3,53.1,5.0,3,213.6,17.8
2026-07-08 19:20:00,34.0,56.5,5.0,2,134.1,11.2
2026-07-08 19:25:00,36.8,49.0,5.0,3,46.2,3.8
2026-07-08 19:30:00,34.9,57.6,5.0,3,82.0,6.7
2026-07-08 19:35:00,31.8,58.2,6.0,2,5.0,0.4
2026-07-08 19:40:00,32.9,53.7,5.0,3,57.6,4.8
2026-07-08 19:45:00,33.3,53.8,5.0,3,238.3,19.9
2026-07-08 19:50:00,36.0,55.4,5.0,3,102.2,8.5
2026-07-08 19:55:00,35.8,49.9,6.0,3,95.9,8.0
2026-07-08 20:00:00,33.7,57.4,6.0,3,88.5,7.4
2026-07-08 20:05:00,33.3,56.3,5.0,3,208.6,17.5
2026-07-08 20:10:00,35.1,54.9,6.0,2,178.8,14.9
2026-07-08 20:15:00,32.5,56.6,5.0,3,367.6,30.7
2026-07-08 20:20:00,34.7,53.8,5.0,3,326.0,27.2
2026-07-08 20:25:00,34.6,54.8,5.0,3,167.9,13.9
2026-07-08 20:30:00,33.7,58.0,6.0,3,21.4,1.8
2026-07-08 20:35:00,34.6,55.3,5.0,3,53.5,4.5
2026-07-08 20:40:00,34.2,57.2,6.0,3,131.4,11.0
2026-07-08 20:45:00,34.8,55.2,4.0,3,10.0,0.8
2026-07-08 20:50:00,32.2,59.6,6.0,3,47.9,4.0
2026-07-08 20:55:00,35.0,56.3,5.0,3,181.9,15.3
2026-07-08 21:00:00,35.0,55.1,4.0,2,164.8,13.7
2026-07-08 21:05:00,34.0,55.2,4.0,3,10.0,0.8
2026-07-08 21:10:00,34.4,58.5,5.0,3,151.7,12.6
2026-07-08 21:15:00,33.3,56.1,4.0,3,56.4,4.7
2026-07-08 21:20:00,34.8,57.2,4.0,3,48.6,4.1
2026-07-08 21:25:00,33.6,57.4,4.0,3,156.4,13.0
2026-07-08 21:30:00,31.8,58.1,5.0,2,190.1,15.8
2026-07-08 21:35:00,34.7,57.2,4.0,3,243.9,20.3
2026-07-08 21:40:00,31.1,62.2,4.0,3,98.8,8.2
2026-07-08 21:45:00,33.9,58.3,5.0,3,225.8,18.8
2026-07-08 21:50:00,32.9,58.2,5.0,3,134.3,11.2
2026-07-08 21:55:00,32.8,61.2,5.0,3,10.0,0.8
2026-07-08 22:00:00,33.1,54.9,5.0,3,201.9,16.9
2026-07-08 22:05:00,31.8,57.2,5.0,3,220.3,18.4
2026-07-08 22:10:00,33.6,56.8,4.0,3,139.9,11.7
2026-07-08 22:15:00,32.9,61.0,4.0,3,10.0,0.8
2026-07-08 22:20:00,31.9,61.0,5.0,3,10.0,0.8
2026-07-08 22:25:00,34.8,53.3,4.0,3,146.5,12.2
2026-07-08 22:30:00,33.1,57.3,4.0,3,146.4,12.2
2026-07-08 22:35:00,33.7,55.0,4.0,3,167.2,13.9
2026-07-08 22:40:00,34.9,56.4,6.0,3,10.0,0.9
2026-07-08 22:45:00,34.9,58.2,6.0,3,28.8,2.4
2026-07-08 22:50:00,33.7,59.4,4.0,3,54.6,4.6
2026-07-08 22:55:00,32.4,59.2,5.0,3,199.5,16.6
2026-07-08 23:00:00,29.9,60.8,5.0,3,106.9,8.8
2026-07-08 23:05:00,33.0,59.5,4.0,3,205.1,17.1
2026-07-08 23:10:00,34.6,59.8,5.0,3,18.2,1.5
2026-07-08 23:15:00,33.2,63.0,4.0,3,10.0,0.8
2026-07-08 23:20:00,26.2,61.7,4.0,3,179.3,14.9
2026-07-08 23:25:00,34.2,61.3,4.0,3,85.7,7.1
2026-07-08 23:30:00,34.3,59.3,4.0,3,109.6,9.1
2026-07-08 23:35:00,32.0,61.4,4.0,3,10.0,0.8
2026-07-08 23:40:00,34.4,59.1,4.0,3,117.3,9.8
2026-07-08 23:45:00,33.7,61.4,4.0,3,123.7,10.3
2026-07-08 23:50:00,31.3,61.1,5.0,3,107.0,8.9
2026-07-08 23:55:00,34.9,57.6,4.0,3,164.0,13.7
2026-07-09 00:00:00,30.6,61.8,4.0,3,174.4,14.5
2026-07-09 00:05:00,32.1,61.6,4.0,3,216.2,18.0
2026-07-09 00:10:00,32.0,60.1,4.0,3,111.5,9.3
2026-07-09 00:15:00,31.2,57.8,4.0,2,90.6,7.4
2026-07-09 00:20:00,32.6,59.5,4.0,3,254.1,21.2
2026-07-09 00:25:00,33.8,58.8,5.0,3,10.0,0.8
2026-07-09 00:30:00,33.8,58.6,4.0,3,187.7,15.6
2026-07-09 00:35:00,33.1,58.5,4.0,2,81.5,6.8
2026-07-09 00:40:00,30.1,63.4,5.0,3,109.2,9.1
2026-07-09 00:45:00,30.5,57.9,4.0,3,95.9,8.0
2026-07-09 00:50:00,32.4,59.9,5.0,3,66.2,5.5
2026-07-09 00:55:00,32.2,60.1,4.0,3,153.6,12.8
2026-07-09 01:00:00,31.1,64.3,4.0,3,268.7,22.4
2026-07-09 01:05:00,33.3,57.9,4.0,3,221.5,18.5
2026-07-09 01:10:00,31.6,60.9,4.0,3,185.0,15.5
2026-07-09 01:15:00,32.0,59.8,4.0,3,93.4,7.8
2026-07-09 01:20:00,32.4,59.2,4.0,3,249.6,20.9
2026-07-09 01:25:00,31.6,63.1,4.0,3,142.6,11.9
2026-07-09 01:30:00,33.9,55.2,4.0,3,13.2,1.1
2026-07-09 01:35:00,30.7,60.1,5.0,2,148.8,12.4
2026-07-09 01:40:00,31.0,62.2,5.0,3,33.8,2.8
2026-07-09 01:45:00,30.7,61.7,4.0,3,247.9,20.7
2026-07-09 01:50:00,33.0,57.8,4.0,3,204.6,17.0
2026-07-09 01:55:00,32.3,59.1,4.0,3,216.8,18.1
2026-07-09 02:00:00,30.5,63.8,4.0,3,119.3,9.9
2026-07-09 02:05:00,30.1,63.4,4.0,3,30.2,2.5
2026-07-09 02:10:00,32.6,56.8,4.0,3,10.0,0.8
2026-07-09 02:15:00,31.5,60.7,4.0,3,31.8,2.6
2026-07-09 02:20:00,32.6,58.4,4.0,3,10.0,0.9
2026-07-09 02:25:00,31.0,62.0,4.0,3,310.0,25.8
2026-07-09 02:30:00,31.6,59.2,4.0,3,56.2,4.6
2026-07-09 02:35:00,31.4,57.4,5.0,3,56.2,4.7
2026-07-09 02:40:00,30.4,63.4,5.0,3,55.5,4.6
2026-07-09 02:45:00,30.9,62.3,5.0,3,10.0,0.8
2026-07-09 02:50:00,29.7,66.2,4.0,3,10.0,0.8
2026-07-09 02:55:00,31.6,56.8,4.0,3,247.5,20.6
2026-07-09 03:00:00,31.4,59.7,4.0,3,262.6,22.0
2026-07-09 03:05:00,31.6,59.0,4.0,3,210.1,17.5
2026-07-09 03:10:00,31.3,59.1,4.0,3,150.6,12.6
2026-07-09 03:15:00,30.5,57.7,4.0,3,10.0,0.9
2026-07-09 03:20:00,32.2,56.1,4.0,3,218.9,18.2
2026-07-09 03:25:00,31.5,60.4,4.0,3,106.2,8.8
2026-07-09 03:30:00,32.0,57.8,5.0,3,152.8,12.7
2026-07-09 03:35:00,32.1,56.8,4.0,3,131.6,11.0
2026-07-09 03:40:00,30.5,64.8,4.0,3,174.1,14.5
2026-07-09 03:45:00,31.0,66.3,4.0,3,191.4,16.1
2026-07-09 03:50:00,31.4,59.8,4.0,3,93.0,7.8
2026-07-09 03:55:00,29.4,59.5,4.0,3,197.6,16.5
2026-07-09 04:00:00,29.2,64.8,6.0,3,79.8,6.6
2026-07-09 04:05:00,29.0,58.7,4.0,2,201.0,16.7
2026-07-09 04:10:00,30.3,58.3,4.0,2,98.1,8.2
2026-07-09 04:15:00,30.1,63.3,5.0,3,194.8,16.2
2026-07-09 04:20:00,28.9,60.7,5.0,3,197.1,16.4
2026-07-09 04:25:00,30.6,60.6,4.0,3,10.0,0.7
2026-07-09 04:30:00,30.3,58.0,5.0,3,108.9,9.1
2026-07-09 04:35:00,31.6,59.7,5.0,3,10.0,0.8
2026-07-09 04:40:00,32.5,60.9,4.0,3,10.0,0.8
2026-07-09 04:45:00,30.9,59.2,4.0,3,111.2,9.3
2026-07-09 04:50:00,29.7,62.8,5.0,3,93.5,7.8
2026-07-09 04:55:00,31.1,58.3,5.0,2,5.0,0.4
2026-07-09 05:00:00,30.3,60.5,6.0,3,82.7,7.0
2026-07-09 05:05:00,30.1,60.7,6.0,3,163.6,13.6
2026-07-09 05:10:00,29.5,65.0,4.0,3,72.5,6.0
2026-07-09 05:15:00,29.8,59.9,5.0,3,10.0,0.8
2026-07-09 05:20:00,30.1,61.7,4.0,3,10.0,0.7
2026-07-09 05:25:00,31.0,61.8,6.0,3,10.0,0.8
2026-07-09 05:30:00,30.7,63.4,4.0,3,28.3,2.5
2026-07-09 05:35:00,32.0,60.3,5.0,3,40.0,3.3
2026-07-09 05:40:00,30.9,61.0,5.0,3,230.3,19.2
2026-07-09 05:45:00,30.7,60.3,4.0,3,120.7,10.1
2026-07-09 05:50:00,30.0,64.5,4.0,3,15.9,1.3
2026-07-09 05:55:00,29.3,61.9,5.0,3,179.5,15.0
2026-07-09 06:00:00,29.5,61.7,6.0,3,176.3,14.8
2026-07-09 06:05:00,29.4,66.3,6.0,1,10.0,0.8
2026-07-09 06:10:00,27.7,66.9,4.0,2,64.4,5.4
2026-07-09 06:15:00,29.1,64.9,6.0,2,205.5,17.1
2026-07-09 06:20:00,31.5,61.6,6.0,3,67.4,5.6
2026-07-09 06:25:00,30.3,62.0,6.0,3,218.3,18.2
2026-07-09 06:30:00,29.7,60.3,5.0,0,7.5,0.6
2026-07-09 06:35:00,30.4,62.6,5.0,3,197.0,16.4
2026-07-09 06:40:00,28.2,65.4,5.0,3,78.5,6.4
2026-07-09 06:45:00,30.3,60.5,6.0,0,8.6,0.7
2026-07-09 06:50:00,31.2,58.6,7.0,3,101.7,8.5
2026-07-09 06:55:00,29.9,62.7,6.0,0,7.7,0.6
2026-07-09 07:00:00,27.7,62.8,6.0,0,6.5,0.5
2026-07-09 07:05:00,29.1,63.6,5.0,0,9.3,0.9
2026-07-09 07:10:00,31.0,60.4,6.0,0,5.9,0.5
2026-07-09 07:15:00,29.9,62.4,6.0,1,58.4,4.9
2026-07-09 07:20:00,28.0,66.6,5.0,0,7.5,0.6
2026-07-09 07:25:00,32.2,60.7,8.0,2,160.2,13.3
2026-07-09 07:30:00,28.2,63.6,5.0,3,75.1,6.3
2026-07-09 07:35:00,29.3,65.7,7.0,0,8.9,0.7
2026-07-09 07:40:00,28.5,64.3,4.0,0,4.8,0.4
2026-07-09 07:45:00,28.5,69.1,5.0,0,8.1,0.7
2026-07-09 07:50:00,29.1,62.5,5.0,0,3.5,0.3
2026-07-09 07:55:00,30.3,58.2,6.0,3,153.8,12.8
2026-07-09 08:00:00,30.9,63.2,6.0,0,3.8,0.4
2026-07-09 08:05:00,29.1,64.9,9.0,0,3.5,0.3
2026-07-09 08:10:00,28.4,67.8,6.0,1,109.7,9.1
2026-07-09 08:15:00,30.0,63.3,4.0,0,3.5,0.3
2026-07-09 08:20:00,30.1,68.0,4.0,0,4.1,0.3
2026-07-09 08:25:00,29.8,62.4,5.0,0,5.7,0.5
2026-07-09 08:30:00,29.8,65.3,8.0,0,4.9,0.4
2026-07-09 08:35:00,29.4,62.2,8.0,0,3.5,0.3
2026-07-09 08:40:00,29.6,64.3,4.0,0,3.5,0.3
2026-07-09 08:45:00,29.3,65.2,5.0,0,4.0,0.3
2026-07-09 08:50:00,30.7,63.5,4.0,0,3.8,0.3
2026-07-09 08:55:00,32.0,61.4,6.0,3,10.0,0.8
2026-07-09 09:00:00,30.3,54.4,8.0,0,9.3,0.8
2026-07-09 09:05:00,30.1,62.3,7.0,3,189.3,15.8
2026-07-09 09:10:00,30.4,60.6,7.0,0,5.5,0.5
2026-07-09 09:15:00,29.3,62.7,8.0,0,9.0,0.8
2026-07-09 09:20:00,30.9,60.5,5.0,3,10.0,0.8
2026-07-09 09:25:00,30.6,64.0,4.0,0,4.1,0.3
2026-07-09 09:30:00,29.6,63.7,5.0,0,7.6,0.5
2026-07-09 09:35:00,31.1,59.7,8.0,3,48.9,4.1
2026-07-09 09:40:00,30.1,58.9,7.0,0,6.0,0.5
2026-07-09 09:45:00,29.0,67.8,6.0,3,290.7,24.2
2026-07-09 09:50:00,30.5,60.3,8.0,0,3.9,0.3
2026-07-09 09:55:00,30.3,61.8,7.0,0,6.0,0.5
2026-07-09 10:00:00,32.1,64.5,6.0,3,77.8,6.5
2026-07-09 10:05:00,32.0,58.6,4.0,0,5.1,0.4
2026-07-09 10:10:00,30.9,60.9,8.0,0,4.9,0.4
2026-07-09 10:15:00,30.5,62.5,6.0,1,58.9,4.9
2026-07-09 10:20:00,31.1,57.7,6.0,0,3.5,0.3
2026-07-09 10:25:00,31.5,56.9,6.0,1,76.0,6.3
2026-07-09 10:30:00,31.6,59.5,8.0,0,9.4,0.8
2026-07-09 10:35:00,31.4,59.8,7.0,3,138.4,11.5
2026-07-09 10:40:00,31.0,61.6,6.0,0,6.6,0.5
2026-07-09 10:45:00,32.2,57.5,7.0,0,3.5,0.3
2026-07-09 10:50:00,30.3,63.2,8.0,3,145.0,12.1
2026-07-09 10:55:00,33.9,52.6,7.0,1,42.0,3.5
2026-07-09 11:00:00,33.3,57.5,6.0,0,6.3,0.5
2026-07-09 11:05:00,31.3,61.6,4.0,3,139.9,11.7
2026-07-09 11:10:00,32.7,59.4,8.0,0,4.8,0.4
2026-07-09 11:15:00,33.4,57.1,5.0,0,8.3,0.7
2026-07-09 11:20:00,32.1,57.9,4.0,3,70.9,5.9
2026-07-09 11:25:00,30.9,60.9,4.0,1,51.8,4.3
2026-07-09 11:30:00,31.4,63.5,5.0,0,4.9,0.4
2026-07-09 11:35:00,33.1,56.5,7.0,3,147.8,12.3
2026-07-09 11:40:00,30.6,64.1,8.0,1,110.5,9.2
2026-07-09 11:45:00,30.9,64.1,7.0,3,102.4,8.5
2026-07-09 11:50:00,33.1,53.8,9.0,0,5.4,0.4
2026-07-09 11:55:00,32.3,58.9,6.0,0,4.2,0.4
2026-07-09 12:00:00,32.8,56.0,6.0,3,10.0,0.8
2026-07-09 12:05:00,33.0,54.3,4.0,3,10.0,0.8
2026-07-09 12:10:00,31.9,61.8,5.0,0,6.5,0.5
2026-07-09 12:15:00,34.1,57.6,4.0,0,5.5,0.5
2026-07-09 12:20:00,32.6,59.4,4.0,3,94.1,7.8
2026-07-09 12:25:00,32.9,55.5,7.0,1,44.3,3.7
2026-07-09 12:30:00,33.9,57.2,4.0,0,8.0,0.7
2026-07-09 12:35:00,33.3,54.4,4.0,0,6.1,0.5
2026-07-09 12:40:00,32.8,58.6,4.0,3,154.4,12.9
2026-07-09 12:45:00,31.3,59.1,7.0,0,10.4,0.9
2026-07-09 12:50:00,34.0,59.2,9.0,1,10.0,0.8
2026-07-09 12:55:00,33.6,56.3,6.0,1,10.0,0.8
2026-07-09 13:00:00,33.6,57.5,7.0,1,28.4,2.4
2026-07-09 13:05:00,33.0,58.4,5.0,2,124.0,10.3
2026-07-09 13:10:00,34.2,55.7,7.0,0,5.2,0.4
2026-07-09 13:15:00,34.7,55.4,5.0,0,3.9,0.3
2026-07-09 13:20:00,34.3,56.5,7.0,3,155.7,13.0
2026-07-09 13:25:00,36.1,50.6,6.0,0,4.1,0.3
2026-07-09 13:30:00,35.0,55.7,4.0,0,4.1,0.3
2026-07-09 13:35:00,34.1,58.3,5.0,0,3.9,0.3
2026-07-09 13:40:00,35.0,55.7,6.0,3,124.7,10.4
2026-07-09 13:45:00,34.2,55.0,4.0,0,8.5,0.7
2026-07-09 13:50:00,34.2,56.4,6.0,1,12.3,1.0
2026-07-09 13:55:00,35.7,52.6,5.0,0,5.0,0.4
2026-07-09 14:00:00,33.7,56.0,7.0,2,66.7,5.7
2026-07-09 14:05:00,35.0,51.9,5.0,1,10.0,0.8
2026-07-09 14:10:00,36.6,56.2,7.0,5,148.7,12.4
2026-07-09 14:15:00,35.4,58.9,7.0,1,13.5,1.1
2026-07-09 14:20:00,34.4,53.8,6.0,2,233.1,19.4
2026-07-09 14:25:00,32.5,59.6,6.0,1,17.5,1.6
2026-07-09 14:30:00,31.7,62.1,7.0,2,19.4,1.6
2026-07-09 14:35:00,37.9,49.1,6.0,0,6.1,0.5
2026-07-09 14:40:00,35.4,49.1,6.0,2,101.4,8.4
2026-07-09 14:45:00,34.1,59.5,7.0,2,137.6,11.5
2026-07-09 14:50:00,35.4,54.3,7.0,2,133.5,11.1
2026-07-09 14:55:00,33.6,55.2,6.0,0,3.5,0.3
2026-07-09 15:00:00,35.3,54.4,6.0,3,108.5,9.0
2026-07-09 15:05:00,34.5,54.4,8.0,1,14.2,1.2
2026-07-09 15:10:00,33.8,62.5,6.0,3,96.7,8.1
2026-07-09 15:15:00,32.9,55.8,9.0,3,136.9,11.4
2026-07-09 15:20:00,33.6,56.9,6.0,2,38.3,3.2
2026-07-09 15:25:00,37.2,55.0,6.0,2,164.7,13.8
2026-07-09 15:30:00,34.4,58.1,7.0,6,133.8,11.2
2026-07-09 15:35:00,36.5,55.4,7.0,2,146.6,12.2
2026-07-09 15:40:00,37.1,51.3,6.0,1,131.4,11.0
2026-07-09 15:45:00,35.8,53.4,8.0,2,114.4,9.6
2026-07-09 15:50:00,35.4,49.4,7.0,2,133.5,11.1
2026-07-09 15:55:00,36.0,53.3,7.0,3,22.6,1.9
2026-07-09 16:00:00,35.7,53.7,8.0,3,111.3,9.3
2026-07-09 16:05:00,38.1,52.8,10.0,2,58.3,4.9
2026-07-09 16:10:00,39.1,54.1,10.0,6,197.0,16.4
2026-07-09 16:15:00,38.5,52.3,8.0,2,245.0,20.4
2026-07-09 16:20:00,33.1,58.9,6.0,3,186.2,15.5
2026-07-09 16:25:00,35.7,53.6,6.0,2,205.9,17.2
2026-07-09 16:30:00,36.3,56.0,6.0,3,116.8,9.6
2026-07-09 16:35:00,37.0,52.3,7.0,3,20.4,1.7
2026-07-09 16:40:00,33.7,58.4,8.0,2,49.1,4.1
2026-07-09 16:45:00,33.7,57.6,8.0,1,10.0,0.8
2026-07-09 16:50:00,38.3,51.8,9.0,2,87.7,7.3
2026-07-09 16:55:00,35.5,50.3,5.0,2,190.3,15.9
2026-07-09 17:00:00,33.8,58.7,8.0,6,147.6,12.3
2026-07-09 17:05:00,34.4,56.0,10.0,3,19.0,1.7
2026-07-09 17:10:00,37.1,54.0,4.0,3,220.1,18.3
2026-07-09 17:15:00,34.9,55.3,10.0,3,94.5,8.0
2026-07-09 17:20:00,36.8,53.7,14.0,2,152.5,12.7
2026-07-09 17:25:00,34.7,58.3,10.0,3,10.0,0.8
2026-07-09 17:30:00,33.3,54.9,9.0,2,110.9,9.2
2026-07-09 17:35:00,38.9,51.3,8.0,3,17.3,1.4
2026-07-09 17:40:00,37.1,49.8,9.0,3,10.0,0.8
2026-07-09 17:45:00,35.8,55.1,12.0,3,10.0,0.8
2026-07-09 17:50:00,35.5,54.5,8.0,2,24.4,2.0
2026-07-09 17:55:00,39.0,48.1,11.0,3,131.1,10.9
2026-07-09 18:00:00,36.4,53.0,7.0,3,53.8,4.5
2026-07-09 18:05:00,37.4,50.2,8.0,3,10.0,0.8
2026-07-09 18:10:00,34.4,54.0,7.0,3,214.0,17.8
2026-07-09 18:15:00,35.5,54.7,6.0,3,79.6,6.6
2026-07-09 18:20:00,36.1,53.8,6.0,2,32.4,2.7
2026-07-09 18:25:00,34.5,49.7,6.0,3,107.2,8.9
2026-07-09 18:30:00,35.2,55.1,7.0,2,108.2,9.0
2026-07-09 18:35:00,34.4,54.2,5.0,3,170.0,14.2
2026-07-09 18:40:00,36.1,52.0,6.0,3,10.0,0.8
2026-07-09 18:45:00,33.1,53.4,6.0,3,10.0,0.8
2026-07-09 18:50:00,36.4,52.7,4.0,2,232.8,19.4
2026-07-09 18:55:00,35.9,51.9,6.0,3,106.9,8.9
2026-07-09 19:00:00,34.5,58.2,4.0,3,10.0,0.8
2026-07-09 19:05:00,35.4,50.2,5.0,3,283.9,23.7
2026-07-09 19:10:00,34.3,53.3,6.0,3,138.4,11.5
2026-07-09 19:15:00,33.9,53.6,5.0,3,94.5,7.9
2026-07-09 19:20:00,35.5,54.7,5.0,3,146.6,12.2
2026-07-09 19:25:00,35.6,56.7,5.0,3,162.4,13.5
2026-07-09 19:30:00,34.1,56.9,6.0,3,133.8,11.2
2026-07-09 19:35:00,34.0,53.4,5.0,2,193.5,16.1
2026-07-09 19:40:00,34.5,54.3,6.0,3,176.9,14.7
2026-07-09 19:45:00,34.0,54.0,6.0,3,207.4,17.3
2026-07-09 19:50:00,36.9,53.6,4.0,3,257.9,21.5
2026-07-09 19:55:00,35.2,53.4,5.0,3,31.1,2.6
2026-07-09 20:00:00,34.2,53.3,5.0,2,151.6,12.5
2026-07-09 20:05:00,32.9,58.9,5.0,3,10.0,0.8
2026-07-09 20:10:00,35.2,57.9,5.0,3,10.0,0.8
2026-07-09 20:15:00,33.3,56.8,5.0,3,123.1,10.3
2026-07-09 20:20:00,33.3,57.5,5.0,3,10.0,0.8
2026-07-09 20:25:00,35.3,52.0,5.0,3,10.0,0.8
2026-07-09 20:30:00,34.7,51.4,5.0,3,151.2,12.6
2026-07-09 20:35:00,30.6,56.1,6.0,3,61.9,5.2
2026-07-09 20:40:00,34.0,56.4,4.0,3,92.0,7.7
2026-07-09 20:45:00,34.4,55.4,5.0,3,245.4,20.4
2026-07-09 20:50:00,33.7,58.0,5.0,3,193.5,16.1
2026-07-09 20:55:00,34.4,55.7,5.0,3,125.5,10.5
2026-07-09 21:00:00,30.9,61.7,4.0,3,11.9,1.0
2026-07-09 21:05:00,29.4,62.8,4.0,3,87.2,7.3
2026-07-09 21:10:00,32.2,58.0,5.0,3,27.0,2.3
2026-07-09 21:15:00,34.0,55.1,7.0,3,80.0,6.7
2026-07-09 21:20:00,28.8,58.0,5.0,3,21.8,1.9
2026-07-09 21:25:00,32.4,61.2,4.0,3,110.1,9.2
2026-07-09 21:30:00,30.8,58.1,4.0,3,75.0,6.3
2026-07-09 21:35:00,33.2,54.9,5.0,3,20.8,1.7
2026-07-09 21:40:00,36.5,55.0,4.0,3,10.0,0.8
2026-07-09 21:45:00,33.3,54.8,6.0,3,244.6,20.4
2026-07-09 21:50:00,33.4,57.8,4.0,3,38.8,3.2
2026-07-09 21:55:00,34.8,55.7,5.0,3,194.3,16.2
2026-07-09 22:00:00,33.0,59.9,5.0,3,90.6,7.5
2026-07-09 22:05:00,32.6,60.1,5.0,3,109.6,9.1
2026-07-09 22:10:00,34.3,59.1,5.0,3,110.9,9.2
2026-07-09 22:15:00,33.6,58.0,5.0,3,75.1,6.3
2026-07-09 22:20:00,33.3,56.3,5.0,2,160.9,13.4
2026-07-09 22:25:00,32.7,56.5,4.0,3,100.2,8.4
2026-07-09 22:30:00,32.4,57.7,4.0,3,149.4,12.4
2026-07-09 22:35:00,34.3,60.8,4.0,3,10.0,0.8
2026-07-09 22:40:00,32.4,58.3,6.0,3,84.3,7.0
2026-07-09 22:45:00,34.7,56.9,5.0,3,103.4,8.6
2026-07-09 22:50:00,31.4,62.5,5.0,2,5.0,0.4
2026-07-09 22:55:00,35.0,56.9,4.0,3,158.7,13.1
2026-07-09 23:00:00,33.5,58.2,5.0,3,64.3,5.4
2026-07-09 23:05:00,30.9,61.9,4.0,2,127.0,10.6
2026-07-09 23:10:00,33.6,58.7,4.0,3,82.8,6.9
2026-07-09 23:15:00,31.5,60.9,4.0,3,169.5,14.1
2026-07-09 23:20:00,32.7,60.6,4.0,2,126.3,10.5
2026-07-09 23:25:00,31.8,59.6,4.0,3,10.0,0.8
2026-07-09 23:30:00,32.4,60.3,5.0,3,199.5,16.6
2026-07-09 23:35:00,34.4,61.2,5.0,2,5.0,0.4
2026-07-09 23:40:00,33.6,58.4,5.0,3,25.8,2.2
2026-07-09 23:45:00,30.6,63.0,4.0,3,193.7,16.1
2026-07-09 23:50:00,30.7,60.1,5.0,3,211.3,17.6
2026-07-09 23:55:00,33.2,62.2,4.0,3,69.9,5.8
2026-07-10 00:00:00,32.6,58.4,5.0,3,188.9,15.7
2026-07-10 00:05:00,31.4,60.0,4.0,3,69.0,5.8
2026-07-10 00:10:00,34.2,60.5,5.0,3,37.4,3.1
2026-07-10 00:15:00,33.2,61.3,4.0,3,135.2,11.3
2026-07-10 00:20:00,31.4,61.7,4.0,3,178.3,14.9
2026-07-10 00:25:00,31.3,59.1,5.0,3,16.5,1.4
2026-07-10 00:30:00,31.9,60.3,4.0,3,10.0,0.8
2026-07-10 00:35:00,31.8,60.2,4.0,3,119.4,10.0
2026-07-10 00:40:00,33.8,57.5,5.0,3,246.3,20.5
2026-07-10 00:45:00,33.4,60.0,4.0,3,99.8,8.3
2026-07-10 00:50:00,32.3,58.8,4.0,3,215.7,18.0
2026-07-10 00:55:00,33.1,57.4,5.0,3,198.8,16.6
2026-07-10 01:00:00,32.3,56.4,5.0,3,180.7,15.1
2026-07-10 01:05:00,31.6,63.0,4.0,3,88.1,7.3
2026-07-10 01:10:00,31.9,58.8,5.0,3,45.0,3.8
2026-07-10 01:15:00,32.1,58.6,5.0,3,114.9,9.6
2026-07-10 01:20:00,32.0,57.8,4.0,3,10.0,0.8
2026-07-10 01:25:00,30.8,63.5,4.0,3,176.5,14.7
2026-07-10 01:30:00,30.9,58.7,4.0,3,67.9,5.7
2026-07-10 01:35:00,31.3,58.4,4.0,2,276.8,23.1
2026-07-10 01:40:00,30.9,60.5,5.0,2,139.1,11.6
2026-07-10 01:45:00,30.2,61.9,4.0,3,89.3,7.4
2026-07-10 01:50:00,32.2,60.4,4.0,2,147.0,12.3
2026-07-10 01:55:00,31.9,58.6,4.0,3,86.2,7.2
2026-07-10 02:00:00,29.6,66.7,4.0,3,34.5,2.9
2026-07-10 02:05:00,30.8,59.6,4.0,3,55.2,4.6
2026-07-10 02:10:00,30.9,58.6,4.0,3,136.3,11.4
2026-07-10 02:15:00,31.3,57.8,4.0,3,10.0,0.8
2026-07-10 02:20:00,29.9,60.7,4.0,3,10.0,0.8
2026-07-10 02:25:00,29.6,60.2,4.0,3,26.8,2.2
2026-07-10 02:30:00,31.7,61.6,4.0,3,108.6,9.0
2026-07-10 02:35:00,29.4,60.9,4.0,3,10.0,0.8
2026-07-10 02:40:00,30.8,60.9,4.0,3,39.7,3.3
2026-07-10 02:45:00,30.7,58.9,4.0,3,10.0,0.8
2026-07-10 02:50:00,30.9,58.2,5.0,3,10.0,0.8
2026-07-10 02:55:00,31.4,62.9,4.0,3,66.0,5.4
2026-07-10 03:00:00,32.3,62.3,4.0,3,130.4,10.9
2026-07-10 03:05:00,28.9,67.0,5.0,3,111.2,9.3
2026-07-10 03:10:00,31.5,56.2,4.0,3,101.4,8.4
2026-07-10 03:15:00,28.0,62.2,4.0,2,44.0,3.7
2026-07-10 03:20:00,32.1,63.5,5.0,3,53.1,4.4
2026-07-10 03:25:00,28.5,64.0,4.0,3,207.6,17.3
2026-07-10 03:30:00,33.1,53.9,4.0,3,61.6,5.1
2026-07-10 03:35:00,30.2,64.4,4.0,3,10.0,0.8
2026-07-10 03:40:00,31.9,59.3,4.0,3,225.1,18.8
2026-07-10 03:45:00,31.7,60.8,5.0,2,123.7,10.3
2026-07-10 03:50:00,30.1,56.6,4.0,3,25.3,2.1
2026-07-10 03:55:00,30.2,61.1,5.0,3,78.3,6.5
2026-07-10 04:00:00,29.5,65.7,5.0,3,189.5,15.8
2026-07-10 04:05:00,31.2,58.6,4.0,3,45.9,3.8
2026-07-10 04:10:00,30.0,65.6,5.0,3,201.7,16.8
2026-07-10 04:15:00,29.6,59.6,5.0,3,114.4,9.5
2026-07-10 04:20:00,31.0,60.3,5.0,3,148.7,12.4
2026-07-10 04:25:00,29.5,67.5,5.0,3,124.7,10.4
2026-07-10 04:30:00,30.1,59.2,4.0,3,81.6,6.8
2026-07-10 04:35:00,30.5,62.2,5.0,3,241.4,20.1
2026-07-10 04:40:00,29.7,64.4,4.0,3,170.9,14.2
2026-07-10 04:45:00,29.9,62.8,4.0,3,10.0,0.8
2026-07-10 04:50:00,32.0,58.2,4.0,3,63.9,5.3
2026-07-10 04:55:00,30.2,59.7,4.0,3,173.0,14.5
2026-07-10 05:00:00,30.0,63.0,5.0,3,10.0,0.8
2026-07-10 05:05:00,30.1,62.2,4.0,3,31.3,2.6
2026-07-10 05:10:00,30.7,58.4,6.0,3,198.2,16.5
2026-07-10 05:15:00,29.3,66.0,4.0,3,132.1,11.0
2026-07-10 05:20:00,30.7,59.6,5.0,3,57.9,4.8
2026-07-10 05:25:00,30.5,58.8,5.0,3,167.2,13.9
2026-07-10 05:30:00,28.6,63.5,5.0,3,295.8,24.6
2026-07-10 05:35:00,31.9,57.7,5.0,3,22.1,1.8
2026-07-10 05:40:00,31.6,59.5,7.0,3,10.0,0.8
2026-07-10 05:45:00,29.5,60.8,5.0,3,256.3,21.4
2026-07-10 05:50:00,29.2,64.8,5.0,3,193.7,16.1
2026-07-10 05:55:00,30.5,64.7,5.0,3,79.5,6.6
2026-07-10 06:00:00,28.7,64.9,6.0,3,110.0,9.2
2026-07-10 06:05:00,31.3,57.8,6.0,3,179.4,15.0
2026-07-10 06:10:00,29.6,61.5,5.0,3,179.5,15.0
2026-07-10 06:15:00,31.5,60.8,4.0,0,5.5,0.5
2026-07-10 06:20:00,29.3,59.8,5.0,3,185.5,15.5
2026-07-10 06:25:00,29.9,60.4,5.0,3,33.0,2.9
2026-07-10 06:30:00,31.2,57.5,5.0,1,92.7,7.7
2026-07-10 06:35:00,29.7,63.4,5.0,3,81.6,6.8
2026-07-10 06:40:00,30.3,66.5,5.0,1,90.7,7.6
2026-07-10 06:45:00,31.0,58.6,5.0,3,276.3,23.0
2026-07-10 06:50:00,29.5,65.1,5.0,3,162.4,13.6
2026-07-10 06:55:00,28.9,63.2,5.0,3,252.0,21.0
2026-07-10 07:00:00,28.0,62.4,4.0,3,122.3,10.3
2026-07-10 07:05:00,30.3,65.9,6.0,3,60.2,5.0
2026-07-10 07:10:00,30.0,67.7,4.0,1,94.5,7.9
2026-07-10 07:15:00,30.8,62.3,5.0,1,62.7,5.2
2026-07-10 07:20:00,29.3,64.5,5.0,1,125.7,10.5
2026-07-10 07:25:00,28.0,65.8,4.0,2,114.9,9.6
2026-07-10 07:30:00,27.0,66.8,9.0,3,21.5,1.8
2026-07-10 07:35:00,32.8,59.1,6.0,0,3.5,0.2
2026-07-10 07:40:00,30.2,63.9,6.0,1,65.0,5.4
2026-07-10 07:45:00,29.8,66.9,5.0,0,6.2,0.6
2026-07-10 07:50:00,29.9,61.5,6.0,0,4.5,0.4
2026-07-10 07:55:00,28.0,65.9,4.0,3,68.6,5.6
2026-07-10 08:00:00,28.6,64.4,7.0,0,8.7,0.7
2026-07-10 08:05:00,31.5,62.7,4.0,0,7.2,0.6
2026-07-10 08:10:00,30.2,68.0,4.0,0,7.1,0.6
2026-07-10 08:15:00,28.6,67.2,5.0,0,3.8,0.3
2026-07-10 08:20:00,28.1,67.3,9.0,0,6.2,0.5
2026-07-10 08:25:00,28.9,66.3,4.0,0,9.4,0.8
2026-07-10 08:30:00,29.1,66.9,7.0,1,54.9,4.6
2026-07-10 08:35:00,31.8,65.6,4.0,0,4.0,0.3
2026-07-10 08:40:00,29.3,59.5,6.0,0,3.8,0.3
2026-07-10 08:45:00,28.2,66.7,10.0,0,5.6,0.5
2026-07-10 08:50:00,29.4,57.2,7.0,0,6.0,0.5
2026-07-10 08:55:00,29.8,65.1,4.0,0,6.9,0.6
2026-07-10 09:00:00,28.7,65.9,6.0,0,6.6,0.5
2026-07-10 09:05:00,30.5,60.5,5.0,3,212.7,17.7
2026-07-10 09:10:00,31.4,54.0,8.0,1,121.0,10.1
2026-07-10 09:15:00,30.2,62.2,6.0,3,114.4,9.5
2026-07-10 09:20:00,29.2,64.3,4.0,1,56.7,4.7
2026-07-10 09:25:00,29.5,63.2,6.0,0,6.0,0.5
2026-07-10 09:30:00,28.3,63.7,5.0,0,4.1,0.3
2026-07-10 09:35:00,29.9,60.6,4.0,1,10.0,0.8
2026-07-10 09:40:00,30.4,61.9,6.0,0,9.5,0.8
2026-07-10 09:45:00,29.1,62.0,6.0,3,10.0,0.8
2026-07-10 09:50:00,32.2,61.2,7.0,0,8.6,0.7
2026-07-10 09:55:00,31.0,60.9,8.0,0,6.5,0.5
2026-07-10 10:00:00,29.0,60.3,6.0,0,8.1,0.7
2026-07-10 10:05:00,29.1,64.3,4.0,0,5.5,0.5
2026-07-10 10:10:00,30.0,63.6,5.0,0,3.5,0.3
2026-07-10 10:15:00,32.9,62.3,6.0,0,7.4,0.6
2026-07-10 10:20:00,32.1,61.9,8.0,1,89.0,7.4
2026-07-10 10:25:00,32.9,56.8,6.0,0,3.5,0.3
2026-07-10 10:30:00,31.1,64.3,6.0,0,9.7,0.9
2026-07-10 10:35:00,30.8,58.6,6.0,0,3.5,0.3
2026-07-10 10:40:00,29.7,63.2,6.0,3,18.8,1.6
2026-07-10 10:45:00,31.5,62.3,9.0,0,8.4,0.6
2026-07-10 10:50:00,30.8,64.8,6.0,0,9.3,0.8
2026-07-10 10:55:00,30.8,65.8,6.0,0,3.5,0.3
2026-07-10 11:00:00,34.3,59.2,6.0,3,310.9,25.9
2026-07-10 11:05:00,32.4,58.7,5.0,0,3.5,0.3
2026-07-10 11:10:00,34.0,58.0,4.0,1,117.1,9.8
2026-07-10 11:15:00,30.8,62.0,4.0,0,6.6,0.5
2026-07-10 11:20:00,35.5,52.6,5.0,3,31.0,2.7
2026-07-10 11:25:00,32.1,59.2,8.0,0,8.7,0.7
2026-07-10 11:30:00,33.3,62.0,8.0,3,128.3,10.8
2026-07-10 11:35:00,33.5,58.9,5.0,0,7.0,0.6
2026-07-10 11:40:00,32.0,64.6,6.0,1,79.1,6.7
2026-07-10 11:45:00,33.4,54.9,6.0,0,4.0,0.3
2026-07-10 11:50:00,33.5,56.4,5.0,0,8.7,0.7
2026-07-10 11:55:00,31.7,61.1,8.0,0,10.1,0.8
2026-07-10 12:00:00,32.8,60.3,7.0,0,3.7,0.3
2026-07-10 12:05:00,33.6,56.9,7.0,0,6.4,0.5
2026-07-10 12:10:00,33.4,59.5,6.0,0,6.9,0.6
2026-07-10 12:15:00,35.1,56.8,4.0,0,5.1,0.3
2026-07-10 12:20:00,34.3,52.6,8.0,1,47.6,4.0
2026-07-10 12:25:00,33.5,59.2,7.0,0,3.9,0.3
2026-07-10 12:30:00,34.2,58.9,7.0,3,183.6,15.3
2026-07-10 12:35:00,31.3,61.5,5.0,0,3.5,0.3
2026-07-10 12:40:00,32.9,53.7,5.0,3,77.7,6.5
2026-07-10 12:45:00,33.9,56.0,7.0,0,3.5,0.3
2026-07-10 12:50:00,34.8,56.4,8.0,1,77.5,6.5
2026-07-10 12:55:00,33.8,54.7,9.0,1,97.8,8.1
2026-07-10 13:00:00,35.9,55.6,5.0,0,7.4,0.7
2026-07-10 13:05:00,35.2,56.2,6.0,0,4.6,0.4
2026-07-10 13:10:00,33.6,57.2,4.0,0,9.0,0.8
2026-07-10 13:15:00,34.0,56.3,4.0,3,10.0,0.8
2026-07-10 13:20:00,34.7,55.6,7.0,3,10.0,0.8
2026-07-10 13:25:00,33.7,56.7,5.0,0,6.7,0.6
2026-07-10 13:30:00,35.9,49.9,4.0,0,5.5,0.5
2026-07-10 13:35:00,32.9,56.8,5.0,0,8.5,0.7
2026-07-10 13:40:00,34.6,55.5,6.0,0,5.5,0.5
2026-07-10 13:45:00,35.0,58.3,6.0,0,4.5,0.4
2026-07-10 13:50:00,33.8,58.3,5.0,1,15.4,1.3
2026-07-10 13:55:00,33.6,60.7,7.0,3,21.4,1.8
2026-07-10 14:00:00,34.8,51.6,6.0,2,253.0,21.1
2026-07-10 14:05:00,36.1,52.6,7.0,2,178.1,14.8
2026-07-10 14:10:00,34.2,60.7,6.0,0,7.1,0.6
2026-07-10 14:15:00,33.4,54.9,6.0,2,118.5,9.9
2026-07-10 14:20:00,36.6,51.0,6.0,2,5.0,0.4
2026-07-10 14:25:00,35.5,53.5,6.0,1,10.0,0.8
2026-07-10 14:30:00,36.4,58.0,7.0,0,4.5,0.4
2026-07-10 14:35:00,36.0,52.0,6.0,2,5.0,0.4
2026-07-10 14:40:00,38.1,52.5,6.0,2,5.0,0.4
2026-07-10 14:45:00,36.5,53.9,7.0,1,58.4,4.9
2026-07-10 14:50:00,33.9,51.4,6.0,1,114.8,9.6
2026-07-10 14:55:00,35.6,54.0,7.0,2,76.6,6.4
2026-07-10 15:00:00,35.0,53.4,7.0,2,142.9,11.9
2026-07-10 15:05:00,35.2,55.9,8.0,2,108.7,9.1
2026-07-10 15:10:00,33.9,59.7,6.0,3,10.0,0.8
2026-07-10 15:15:00,35.4,53.4,8.0,2,153.0,12.8
2026-07-10 15:20:00,36.5,52.2,6.0,3,230.5,19.2
2026-07-10 15:25:00,35.7,59.4,9.0,3,175.4,14.6
2026-07-10 15:30:00,34.3,53.9,7.0,3,214.2,17.8
2026-07-10 15:35:00,33.7,53.1,8.0,2,269.8,22.5
2026-07-10 15:40:00,38.7,53.5,7.0,3,26.1,2.2
2026-07-10 15:45:00,36.2,53.2,8.0,2,28.5,2.4
2026-07-10 15:50:00,34.7,55.6,8.0,2,28.0,2.3
2026-07-10 15:55:00,36.4,58.0,7.0,2,112.1,9.3
2026-07-10 16:00:00,39.6,48.0,9.0,2,5.0,0.4
2026-07-10 16:05:00,37.3,51.5,4.0,2,97.6,8.1
2026-07-10 16:10:00,32.1,54.6,7.0,2,66.6,5.5
2026-07-10 16:15:00,40.3,49.5,8.0,6,149.2,12.4
2026-07-10 16:20:00,33.5,54.7,9.0,3,84.1,7.0
2026-07-10 16:25:00,36.0,50.6,9.0,2,5.0,0.4
2026-07-10 16:30:00,34.6,56.5,7.0,3,195.1,16.3
2026-07-10 16:35:00,35.2,54.2,7.0,6,157.7,13.1
2026-07-10 16:40:00,36.8,49.6,9.0,2,5.0,0.4
2026-07-10 16:45:00,33.2,53.6,9.0,3,10.0,0.8
2026-07-10 16:50:00,36.2,53.6,9.0,3,267.1,22.3
2026-07-10 16:55:00,38.1,48.0,8.0,2,61.0,5.1
2026-07-10 17:00:00,34.9,55.1,14.0,2,48.0,4.0
2026-07-10 17:05:00,34.0,59.2,9.0,3,206.5,17.2
2026-07-10 17:10:00,36.2,54.9,9.0,6,106.8,8.9
2026-07-10 17:15:00,35.8,51.7,13.0,2,74.1,6.2
2026-07-10 17:20:00,35.4,54.6,12.0,3,141.7,11.8
2026-07-10 17:25:00,34.3,51.6,10.0,2,206.8,17.2
2026-07-10 17:30:00,37.3,52.2,6.0,3,50.2,4.2
2026-07-10 17:35:00,37.5,50.6,9.0,3,10.0,0.8
2026-07-10 17:40:00,34.5,52.0,10.0,2,183.8,15.3
2026-07-10 17:45:00,34.8,56.3,13.0,2,132.8,11.1
2026-07-10 17:50:00,36.7,48.0,14.0,2,154.9,12.8
2026-07-10 17:55:00,34.7,51.3,7.0,2,22.5,1.9
2026-07-10 18:00:00,35.7,50.7,7.0,3,164.1,13.7
2026-07-10 18:05:00,38.0,49.7,5.0,3,239.0,19.9
2026-07-10 18:10:00,35.3,57.5,6.0,3,137.6,11.5
2026-07-10 18:15:00,33.3,58.2,5.0,3,161.6,13.5
2026-07-10 18:20:00,36.1,53.4,8.0,3,163.9,13.7
2026-07-10 18:25:00,35.1,54.4,6.0,3,120.7,10.1
2026-07-10 18:30:00,35.2,54.1,6.0,3,149.3,12.4
2026-07-10 18:35:00,36.2,56.7,6.0,3,239.9,20.0
2026-07-10 18:40:00,36.6,48.0,6.0,3,155.5,13.0
2026-07-10 18:45:00,35.5,55.9,7.0,2,150.2,12.5
2026-07-10 18:50:00,35.3,52.6,5.0,3,117.3,9.8
2026-07-10 18:55:00,39.0,51.3,4.0,3,34.8,2.9
2026-07-10 19:00:00,36.4,54.2,5.0,2,23.6,2.0
2026-07-10 19:05:00,35.9,55.3,4.0,3,178.0,14.8
2026-07-10 19:10:00,35.0,58.3,5.0,3,112.7,9.4
2026-07-10 19:15:00,33.4,53.4,5.0,3,114.1,9.5
2026-07-10 19:20:00,36.3,55.5,6.0,3,154.3,12.9
2026-07-10 19:25:00,35.0,54.5,5.0,3,107.4,9.1
2026-07-10 19:30:00,34.0,54.8,4.0,3,139.1,11.6
2026-07-10 19:35:00,34.5,60.0,5.0,3,122.2,10.2
2026-07-10 19:40:00,33.5,58.1,4.0,3,74.3,6.2
2026-07-10 19:45:00,36.3,52.2,5.0,3,183.1,15.3
2026-07-10 19:50:00,35.7,56.1,5.0,3,10.0,0.8
2026-07-10 19:55:00,35.1,54.5,5.0,3,156.8,13.1
2026-07-10 20:00:00,34.1,55.5,6.0,3,15.3,1.3
2026-07-10 20:05:00,33.2,56.0,6.0,3,206.2,17.2
2026-07-10 20:10:00,31.2,60.0,5.0,3,10.0,0.8
2026-07-10 20:15:00,32.2,57.1,6.0,3,58.3,4.9
2026-07-10 20:20:00,33.1,57.8,5.0,3,140.3,11.7
2026-07-10 20:25:00,32.9,59.5,5.0,3,92.8,7.7
2026-07-10 20:30:00,34.6,56.1,6.0,3,42.4,3.5
2026-07-10 20:35:00,35.3,59.3,5.0,3,201.6,16.9
2026-07-10 20:40:00,34.0,56.5,6.0,2,148.1,12.3
2026-07-10 20:45:00,36.2,57.0,5.0,2,244.7,20.4
2026-07-10 20:50:00,33.1,59.5,6.0,3,10.0,0.8
2026-07-10 20:55:00,34.0,59.7,6.0,3,113.8,9.5
2026-07-10 21:00:00,33.5,61.2,5.0,3,49.7,4.1
2026-07-10 21:05:00,35.2,52.6,5.0,3,172.4,14.4
2026-07-10 21:10:00,33.8,57.7,4.0,3,54.2,4.5
2026-07-10 21:15:00,33.8,57.0,5.0,2,180.0,15.0
2026-07-10 21:20:00,31.2,59.7,4.0,3,105.5,8.8
2026-07-10 21:25:00,32.3,57.8,5.0,3,78.3,6.5
2026-07-10 21:30:00,35.2,54.9,4.0,3,99.4,8.3
2026-07-10 21:35:00,30.5,58.1,5.0,3,118.2,9.8
2026-07-10 21:40:00,35.6,55.8,4.0,3,108.6,9.0
2026-07-10 21:45:00,34.4,58.4,5.0,3,99.8,8.3
2026-07-10 21:50:00,32.5,57.4,4.0,3,43.6,3.6
2026-07-10 21:55:00,32.4,57.8,4.0,3,125.6,10.5
2026-07-10 22:00:00,35.7,54.4,4.0,3,10.0,0.8
2026-07-10 22:05:00,35.0,54.5,5.0,3,138.0,11.5
2026-07-10 22:10:00,32.8,57.9,4.0,3,103.6,8.6
2026-07-10 22:15:00,33.1,58.8,5.0,3,10.0,0.8
2026-07-10 22:20:00,32.0,61.5,4.0,3,122.0,10.2
2026-07-10 22:25:00,33.1,55.8,4.0,3,254.4,21.2
2026-07-10 22:30:00,31.9,59.1,5.0,3,96.4,7.9
2026-07-10 22:35:00,32.8,60.6,4.0,3,120.8,10.1
2026-07-10 22:40:00,35.6,53.6,5.0,3,42.1,3.5
2026-07-10 22:45:00,32.8,60.8,4.0,3,313.9,26.2
2026-07-10 22:50:00,31.4,58.8,5.0,3,302.5,25.2
2026-07-10 22:55:00,30.9,61.5,5.0,3,257.6,21.6
2026-07-10 23:00:00,32.9,59.4,5.0,3,289.7,24.1
2026-07-10 23:05:00,31.3,61.3,5.0,3,27.4,2.4
2026-07-10 23:10:00,33.1,62.0,5.0,3,10.0,0.8
2026-07-10 23:15:00,29.7,61.3,5.0,3,354.7,29.6
2026-07-10 23:20:00,34.0,60.6,5.0,3,90.8,7.6
2026-07-10 23:25:00,30.7,61.4,4.0,3,32.1,2.7
2026-07-10 23:30:00,32.8,58.6,5.0,2,171.6,14.3
2026-07-10 23:35:00,32.1,59.9,4.0,3,145.8,12.2
2026-07-10 23:40:00,35.9,57.7,6.0,3,10.0,0.8
2026-07-10 23:45:00,33.0,57.5,5.0,3,128.3,10.7
2026-07-10 23:50:00,36.3,58.5,4.0,3,32.3,2.7
2026-07-10 23:55:00,33.7,60.2,5.0,3,184.7,15.4
2026-07-11 00:00:00,34.0,59.6,4.0,3,28.2,2.3
2026-07-11 00:05:00,32.0,62.1,5.0,2,19.1,1.6
2026-07-11 00:10:00,32.7,60.9,5.0,3,10.0,0.8
2026-07-11 00:15:00,33.8,57.8,4.0,3,22.3,1.8
2026-07-11 00:20:00,33.4,58.4,4.0,3,134.6,11.2
2026-07-11 00:25:00,32.9,60.6,4.0,3,50.7,4.2
2026-07-11 00:30:00,31.8,60.8,4.0,3,182.4,15.2
2026-07-11 00:35:00,32.1,60.0,4.0,3,102.2,8.5
2026-07-11 00:40:00,33.7,57.5,4.0,3,159.0,13.2
2026-07-11 00:45:00,33.9,57.8,5.0,3,21.9,1.8
2026-07-11 00:50:00,31.5,61.3,4.0,3,90.6,7.5
2026-07-11 00:55:00,31.3,57.9,4.0,3,102.4,8.5
2026-07-11 01:00:00,30.8,57.2,6.0,3,33.8,2.8
2026-07-11 01:05:00,32.4,60.2,6.0,3,61.2,5.1
2026-07-11 01:10:00,30.7,60.4,5.0,3,140.2,11.7
2026-07-11 01:15:00,32.3,60.0,4.0,3,10.0,0.8
2026-07-11 01:20:00,32.1,62.1,5.0,3,65.5,5.5
2026-07-11 01:25:00,31.1,59.0,4.0,3,94.0,7.8
2026-07-11 01:30:00,33.0,55.4,4.0,3,10.0,0.8
2026-07-11 01:35:00,30.2,61.4,4.0,3,10.0,0.8
2026-07-11 01:40:00,33.1,57.0,4.0,3,98.0,8.2
2026-07-11 01:45:00,31.9,59.7,4.0,3,17.0,1.4
2026-07-11 01:50:00,29.7,63.5,5.0,3,10.0,0.8
2026-07-11 01:55:00,33.0,58.8,5.0,3,31.2,2.6
2026-07-11 02:00:00,32.2,59.2,4.0,3,126.9,10.6
2026-07-11 02:05:00,30.6,64.0,4.0,3,139.5,11.7
2026-07-11 02:10:00,30.0,64.0,4.0,3,83.6,7.0
2026-07-11 02:15:00,29.4,62.8,5.0,3,204.4,17.0
2026-07-11 02:20:00,33.8,58.2,4.0,3,163.8,13.6
2026-07-11 02:25:00,30.1,58.5,4.0,3,10.0,0.8
2026-07-11 02:30:00,29.7,65.4,5.0,2,101.9,8.4
2026-07-11 02:35:00,31.4,60.3,4.0,3,52.2,4.4
2026-07-11 02:40:00,29.3,60.5,4.0,3,10.0,0.8
2026-07-11 02:45:00,30.0,61.4,4.0,3,223.6,18.6
2026-07-11 02:50:00,32.2,61.6,4.0,3,62.2,5.2
2026-07-11 02:55:00,31.6,58.1,4.0,3,296.3,24.7
2026-07-11 03:00:00,30.2,62.8,4.0,3,64.7,5.4
2026-07-11 03:05:00,30.7,63.2,4.0,3,86.9,7.2
2026-07-11 03:10:00,30.2,61.9,4.0,3,154.9,12.9
2026-07-11 03:15:00,30.6,59.1,4.0,3,260.9,21.7
2026-07-11 03:20:00,29.8,62.3,4.0,3,274.9,22.9
2026-07-11 03:25:00,30.0,58.8,5.0,3,104.9,8.8
2026-07-11 03:30:00,30.0,61.0,4.0,3,97.2,8.1
2026-07-11 03:35:00,29.9,59.7,4.0,3,52.1,4.3
2026-07-11 03:40:00,31.7,59.3,5.0,3,268.6,22.3
2026-07-11 03:45:00,31.4,56.9,4.0,3,163.8,13.6
2026-07-11 03:50:00,29.7,62.9,4.0,3,50.1,4.2
2026-07-11 03:55:00,29.4,65.9,5.0,2,125.0,10.3
2026-07-11 04:00:00,30.3,65.0,4.0,3,187.6,15.6
2026-07-11 04:05:00,32.7,54.4,4.0,3,163.6,13.6
2026-07-11 04:10:00,29.4,61.7,5.0,3,44.1,3.7
2026-07-11 04:15:00,30.3,64.1,4.0,3,58.6,4.9
2026-07-11 04:20:00,30.5,63.3,4.0,3,10.0,0.8
2026-07-11 04:25:00,30.3,60.2,4.0,3,205.7,17.1
2026-07-11 04:30:00,30.0,61.1,4.0,3,56.8,4.7
2026-07-11 04:35:00,31.7,59.6,6.0,3,10.0,0.8
2026-07-11 04:40:00,30.9,56.0,5.0,3,234.1,19.5
2026-07-11 04:45:00,31.3,61.5,4.0,3,132.7,11.1
2026-07-11 04:50:00,31.1,63.3,4.0,3,10.0,0.8
2026-07-11 04:55:00,31.4,58.9,5.0,3,166.8,13.9
2026-07-11 05:00:00,31.8,56.7,4.0,3,10.0,0.8
2026-07-11 05:05:00,31.6,63.0,5.0,3,32.2,2.7
2026-07-11 05:10:00,32.5,59.1,5.0,3,143.4,12.0
2026-07-11 05:15:00,31.5,61.7,4.0,3,140.8,11.7
2026-07-11 05:20:00,29.7,60.3,6.0,3,36.4,3.0
2026-07-11 05:25:00,31.1,58.1,5.0,3,10.0,0.8
2026-07-11 05:30:00,31.0,61.9,5.0,3,262.2,21.8
2026-07-11 05:35:00,32.1,61.4,5.0,2,185.0,15.4
2026-07-11 05:40:00,29.4,61.2,6.0,3,235.3,19.6
2026-07-11 05:45:00,30.8,61.1,5.0,3,78.2,6.5
2026-07-11 05:50:00,29.7,59.7,7.0,3,98.8,8.2
2026-07-11 05:55:00,30.8,59.8,5.0,3,39.0,3.3
2026-07-11 06:00:00,29.9,62.3,5.0,0,6.0,0.5
2026-07-11 06:05:00,30.5,62.9,6.0,3,77.3,6.3
2026-07-11 06:10:00,28.8,60.3,7.0,3,103.2,8.6
2026-07-11 06:15:00,30.8,64.1,5.0,0,6.3,0.5
2026-07-11 06:20:00,30.3,61.9,6.0,3,169.9,14.2
2026-07-11 06:25:00,30.2,65.0,6.0,1,10.5,0.9
2026-07-11 06:30:00,31.8,61.3,5.0,0,5.7,0.5
2026-07-11 06:35:00,29.7,64.8,5.0,2,47.4,4.0
2026-07-11 06:40:00,30.4,66.1,5.0,0,6.4,0.5
2026-07-11 06:45:00,30.2,60.8,4.0,3,10.0,0.8
2026-07-11 06:50:00,30.2,62.6,5.0,0,6.4,0.5
2026-07-11 06:55:00,32.1,57.5,5.0,1,10.0,0.8
2026-07-11 07:00:00,29.7,62.8,6.0,0,5.9,0.6
2026-07-11 07:05:00,29.0,65.8,6.0,0,4.5,0.4
2026-07-11 07:10:00,31.7,62.7,5.0,1,74.7,6.2
2026-07-11 07:15:00,29.3,62.7,8.0,0,3.5,0.3
2026-07-11 07:20:00,27.9,62.9,6.0,1,53.9,4.5
2026-07-11 07:25:00,28.8,64.6,7.0,3,138.3,11.5
2026-07-11 07:30:00,28.3,63.1,6.0,0,4.1,0.3
2026-07-11 07:35:00,27.7,64.7,7.0,0,4.2,0.4
2026-07-11 07:40:00,29.3,65.2,5.0,3,239.0,19.9
2026-07-11 07:45:00,29.6,64.3,5.0,0,6.9,0.6
2026-07-11 07:50:00,31.0,63.0,5.0,0,9.0,0.8
2026-07-11 07:55:00,30.4,61.1,5.0,0,5.5,0.5
2026-07-11 08:00:00,30.2,64.6,7.0,0,8.0,0.7
2026-07-11 08:05:00,28.5,64.8,6.0,0,4.2,0.4
2026-07-11 08:10:00,30.5,61.1,4.0,0,5.3,0.4
2026-07-11 08:15:00,31.1,58.2,6.0,0,5.2,0.3
2026-07-11 08:20:00,30.0,57.5,5.0,3,71.2,5.9
2026-07-11 08:25:00,30.0,58.8,8.0,3,14.2,1.2
2026-07-11 08:30:00,28.1,65.9,4.0,3,198.5,16.6
2026-07-11 08:35:00,30.7,59.3,5.0,0,6.7,0.6
2026-07-11 08:40:00,31.5,56.3,5.0,0,4.3,0.5
2026-07-11 08:45:00,29.9,61.7,8.0,0,7.0,0.6
2026-07-11 08:50:00,28.9,64.8,5.0,3,10.0,0.8
2026-07-11 08:55:00,29.4,64.4,8.0,3,10.0,0.8
2026-07-11 09:00:00,29.7,63.0,6.0,3,10.0,0.8
2026-07-11 09:05:00,29.7,62.9,7.0,1,31.8,2.6
2026-07-11 09:10:00,30.8,60.1,8.0,0,6.3,0.5
2026-07-11 09:15:00,30.4,63.5,4.0,0,5.9,0.5
2026-07-11 09:20:00,31.2,60.3,6.0,0,4.4,0.4
2026-07-11 09:25:00,30.5,61.6,7.0,0,3.5,0.3
2026-07-11 09:30:00,29.2,66.3,7.0,0,4.6,0.3
2026-07-11 09:35:00,29.6,65.1,4.0,0,7.0,0.6
2026-07-11 09:40:00,29.5,62.9,8.0,3,145.5,12.1
2026-07-11 09:45:00,29.9,62.0,6.0,0,3.5,0.3
2026-07-11 09:50:00,32.1,58.6,6.0,0,3.5,0.3
2026-07-11 09:55:00,32.3,54.2,6.0,0,5.0,0.4
2026-07-11 10:00:00,32.1,62.2,4.0,1,120.8,10.0
2026-07-11 10:05:00,31.2,59.6,7.0,3,10.0,0.8
2026-07-11 10:10:00,29.6,65.1,7.0,1,32.8,2.7
2026-07-11 10:15:00,31.4,60.9,6.0,0,3.8,0.3
2026-07-11 10:20:00,30.2,65.5,4.0,0,12.0,1.1
2026-07-11 10:25:00,33.0,59.8,5.0,0,6.0,0.5
2026-07-11 10:30:00,29.3,65.6,7.0,0,4.7,0.4
2026-07-11 10:35:00,31.5,59.3,6.0,1,82.2,6.8
2026-07-11 10:40:00,30.1,59.7,6.0,3,10.0,0.8
2026-07-11 10:45:00,31.1,61.5,6.0,0,7.8,0.6
2026-07-11 10:50:00,31.9,55.9,7.0,3,113.5,9.6
2026-07-11 10:55:00,32.3,58.5,5.0,0,5.4,0.4
2026-07-11 11:00:00,32.5,56.0,6.0,0,5.3,0.4
2026-07-11 11:05:00,33.4,55.5,8.0,0,9.2,0.8
2026-07-11 11:10:00,31.8,61.4,5.0,3,10.0,0.8
2026-07-11 11:15:00,32.8,59.7,6.0,3,154.0,12.8
2026-07-11 11:20:00,33.7,56.6,8.0,3,146.1,12.2
2026-07-11 11:25:00,32.9,59.0,7.0,0,3.5,0.3
2026-07-11 11:30:00,32.0,58.3,7.0,3,107.8,9.0
2026-07-11 11:35:00,32.3,65.0,7.0,0,3.6,0.3
2026-07-11 11:40:00,33.7,57.8,7.0,0,6.6,0.5
2026-07-11 11:45:00,31.4,59.1,6.0,1,105.3,8.8
2026-07-11 11:50:00,31.5,62.5,8.0,0,3.6,0.3
2026-07-11 11:55:00,33.2,60.8,5.0,1,55.0,4.6
2026-07-11 12:00:00,33.1,56.0,5.0,0,3.6,0.3
2026-07-11 12:05:00,32.0,56.1,4.0,3,32.0,2.7
2026-07-11 12:10:00,35.1,51.8,5.0,3,172.1,14.3
2026-07-11 12:15:00,32.4,57.4,5.0,3,10.0,0.8
2026-07-11 12:20:00,33.4,57.3,5.0,0,7.2,0.6
2026-07-11 12:25:00,32.9,54.2,4.0,0,4.2,0.4
2026-07-11 12:30:00,33.3,56.6,7.0,3,201.8,16.8
2026-07-11 12:35:00,32.6,58.2,5.0,3,80.0,6.7
2026-07-11 12:40:00,34.4,56.7,7.0,0,6.3,0.5
2026-07-11 12:45:00,33.7,58.5,7.0,0,5.0,0.4
2026-07-11 12:50:00,34.7,56.4,10.0,0,6.2,0.5
2026-07-11 12:55:00,32.9,62.7,6.0,3,92.3,7.7
2026-07-11 13:00:00,36.7,54.8,6.0,0,5.3,0.4
2026-07-11 13:05:00,32.0,60.0,5.0,0,7.2,0.6
2026-07-11 13:10:00,32.4,56.2,5.0,0,7.4,0.6
2026-07-11 13:15:00,36.2,51.0,6.0,0,4.1,0.3
2026-07-11 13:20:00,34.8,51.2,5.0,3,133.4,11.1
2026-07-11 13:25:00,34.6,55.7,5.0,2,96.5,7.9
2026-07-11 13:30:00,34.7,56.0,6.0,0,3.5,0.4
2026-07-11 13:35:00,34.9,57.1,5.0,0,5.2,0.4
2026-07-11 13:40:00,34.6,56.0,7.0,1,105.4,8.8
2026-07-11 13:45:00,33.1,60.4,7.0,3,214.8,17.9
2026-07-11 13:50:00,35.2,57.1,5.0,0,4.3,0.4
2026-07-11 13:55:00,35.0,52.0,7.0,1,97.1,8.1
2026-07-11 14:00:00,37.0,51.2,7.0,3,127.9,10.7
2026-07-11 14:05:00,37.5,51.8,6.0,2,230.8,19.2
2026-07-11 14:10:00,35.5,52.5,5.0,3,61.0,5.1
2026-07-11 14:15:00,33.2,56.3,5.0,2,109.0,9.2
2026-07-11 14:20:00,37.5,52.5,7.0,0,4.1,0.3
2026-07-11 14:25:00,33.5,56.2,7.0,3,152.8,12.7
2026-07-11 14:30:00,35.5,54.2,7.0,3,201.2,16.8
2026-07-11 14:35:00,34.6,53.0,8.0,0,3.5,0.3
2026-07-11 14:40:00,34.4,56.7,7.0,2,5.0,0.4
2026-07-11 14:45:00,36.1,54.5,7.0,3,191.7,16.0
2026-07-11 14:50:00,35.3,52.6,7.0,3,120.4,10.1
2026-07-11 14:55:00,35.7,50.8,6.0,2,16.7,1.4
2026-07-11 15:00:00,34.7,57.7,7.0,3,122.8,10.2
2026-07-11 15:05:00,35.6,57.8,8.0,3,136.9,11.4
2026-07-11 15:10:00,34.8,55.4,8.0,2,52.9,4.4
2026-07-11 15:15:00,35.6,53.2,7.0,2,26.0,2.2
2026-07-11 15:20:00,35.7,56.1,5.0,3,177.1,14.8
2026-07-11 15:25:00,38.4,51.8,6.0,6,155.2,12.9
2026-07-11 15:30:00,35.5,53.6,7.0,1,73.8,6.1
2026-07-11 15:35:00,32.9,59.1,6.0,3,90.8,7.6
2026-07-11 15:40:00,37.7,49.8,7.0,2,125.4,10.4
2026-07-11 15:45:00,36.4,51.5,6.0,3,118.0,9.8
2026-07-11 15:50:00,35.7,54.6,8.0,2,194.8,16.2
2026-07-11 15:55:00,35.2,54.7,6.0,6,104.2,8.7
2026-07-11 16:00:00,34.9,56.0,10.0,3,115.5,9.6
2026-07-11 16:05:00,39.3,52.5,6.0,3,10.0,0.8
2026-07-11 16:10:00,36.4,49.3,9.0,2,209.1,17.4
2026-07-11 16:15:00,33.8,55.8,6.0,2,214.6,17.9
2026-07-11 16:20:00,36.9,56.7,8.0,2,59.7,5.0
2026-07-11 16:25:00,38.2,49.6,9.0,2,88.4,7.5
2026-07-11 16:30:00,36.6,51.0,9.0,2,98.6,8.2
2026-07-11 16:35:00,35.0,49.2,7.0,3,48.7,4.1
2026-07-11 16:40:00,34.9,54.7,7.0,2,334.6,27.9
2026-07-11 16:45:00,35.0,55.7,6.0,2,137.5,11.5
2026-07-11 16:50:00,38.7,51.8,5.0,3,191.7,16.0
2026-07-11 16:55:00,36.3,50.6,7.0,3,276.8,23.1
2026-07-11 17:00:00,33.5,56.0,6.0,2,95.8,8.0
2026-07-11 17:05:00,37.1,52.6,5.0,3,110.4,9.2
2026-07-11 17:10:00,36.7,52.6,8.0,2,35.9,3.0
2026-07-11 17:15:00,35.7,50.5,8.0,2,200.7,16.7
2026-07-11 17:20:00,34.6,55.0,8.0,2,9.1,0.8
2026-07-11 17:25:00,34.6,52.5,6.0,2,126.4,10.6
2026-07-11 17:30:00,38.4,48.0,7.0,3,93.6,7.9
2026-07-11 17:35:00,36.9,54.1,8.0,6,185.3,15.4
2026-07-11 17:40:00,37.3,52.2,10.0,2,100.4,8.4
2026-07-11 17:45:00,36.9,53.9,7.0,3,55.7,4.6
2026-07-11 17:50:00,37.0,50.6,4.0,3,10.0,0.8
2026-07-11 17:55:00,35.6,55.4,8.0,2,80.0,6.7
2026-07-11 18:00:00,35.1,57.0,5.0,3,241.4,20.1
2026-07-11 18:05:00,37.5,56.3,4.0,3,35.1,2.9
2026-07-11 18:10:00,37.9,53.4,5.0,3,10.0,0.8
2026-07-11 18:15:00,33.3,57.2,5.0,3,131.0,10.9
2026-07-11 18:20:00,35.1,50.5,6.0,3,104.3,8.7
2026-07-11 18:25:00,36.9,52.0,7.0,3,292.6,24.4
2026-07-11 18:30:00,38.7,48.0,5.0,3,147.7,12.3
2026-07-11 18:35:00,38.6,48.2,7.0,3,244.5,20.4
2026-07-11 18:40:00,34.1,60.6,6.0,3,168.1,14.0
2026-07-11 18:45:00,37.7,48.6,6.0,3,52.5,4.4
2026-07-11 18:50:00,35.6,48.0,6.0,3,326.4,27.2
2026-07-11 18:55:00,37.3,54.0,6.0,2,255.3,21.4
2026-07-11 19:00:00,35.9,52.1,5.0,3,248.5,20.7
2026-07-11 19:05:00,33.1,58.7,4.0,3,155.9,13.0
2026-07-11 19:10:00,35.6,51.3,6.0,2,149.0,12.4
2026-07-11 19:15:00,36.2,52.3,5.0,3,203.5,16.9
2026-07-11 19:20:00,34.8,57.7,5.0,3,136.3,11.4
2026-07-11 19:25:00,34.5,52.2,6.0,3,125.9,10.5
2026-07-11 19:30:00,32.7,57.0,7.0,3,148.7,12.4
2026-07-11 19:35:00,35.8,54.4,4.0,3,290.9,24.2
2026-07-11 19:40:00,35.1,52.9,5.0,3,214.3,17.9
2026-07-11 19:45:00,33.6,56.9,6.0,3,105.1,8.8
2026-07-11 19:50:00,34.4,55.4,4.0,3,125.5,10.5
2026-07-11 19:55:00,35.1,55.8,4.0,3,10.0,0.8
2026-07-11 20:00:00,33.4,61.0,6.0,3,118.0,9.7
2026-07-11 20:05:00,34.2,61.9,5.0,3,160.4,13.4
2026-07-11 20:10:00,31.8,59.7,5.0,3,142.0,11.7
2026-07-11 20:15:00,36.2,54.0,4.0,3,123.6,10.4
2026-07-11 20:20:00,34.3,57.1,5.0,3,47.0,3.9
2026-07-11 20:25:00,32.7,57.4,4.0,3,185.3,15.4
2026-07-11 20:30:00,30.7,56.6,5.0,3,195.4,16.3
2026-07-11 20:35:00,35.7,54.6,5.0,3,112.9,9.4
2026-07-11 20:40:00,35.0,57.7,5.0,3,113.1,9.4
2026-07-11 20:45:00,34.5,52.9,5.0,3,103.2,8.6
2026-07-11 20:50:00,35.5,52.9,5.0,3,133.1,11.1
2026-07-11 20:55:00,35.5,53.7,6.0,3,151.9,12.7
2026-07-11 21:00:00,33.9,57.8,5.0,3,10.0,0.8
2026-07-11 21:05:00,33.3,62.2,5.0,2,186.4,15.5
2026-07-11 21:10:00,33.0,56.4,5.0,2,14.0,1.2
2026-07-11 21:15:00,34.3,56.9,4.0,3,63.8,5.3
2026-07-11 21:20:00,35.7,55.5,5.0,3,10.0,0.8
2026-07-11 21:25:00,33.5,56.9,5.0,3,57.1,4.8
2026-07-11 21:30:00,35.8,55.3,4.0,3,212.7,17.7
2026-07-11 21:35:00,34.2,55.9,5.0,3,17.7,1.5
2026-07-11 21:40:00,34.2,62.0,5.0,3,10.0,0.7
2026-07-11 21:45:00,37.2,55.6,5.0,3,10.0,0.8
2026-07-11 21:50:00,36.1,54.3,6.0,3,128.6,10.7
2026-07-11 21:55:00,36.1,57.4,5.0,3,167.9,14.0
2026-07-11 22:00:00,31.8,59.8,4.0,3,107.0,8.9
2026-07-11 22:05:00,36.2,55.4,5.0,3,10.0,0.8
2026-07-11 22:10:00,32.9,57.9,4.0,3,42.4,3.5
2026-07-11 22:15:00,32.6,58.1,4.0,3,249.0,20.8
2026-07-11 22:20:00,29.8,58.8,4.0,3,113.4,9.4
2026-07-11 22:25:00,33.4,54.6,4.0,3,10.0,0.8
2026-07-11 22:30:00,31.4,60.4,5.0,3,32.2,2.6
2026-07-11 22:35:00,33.6,57.3,5.0,3,10.0,0.7
2026-07-11 22:40:00,31.3,61.4,5.0,3,62.1,5.2
2026-07-11 22:45:00,35.6,54.1,6.0,3,114.9,9.5
2026-07-11 22:50:00,33.8,55.4,5.0,3,90.7,7.6
2026-07-11 22:55:00,36.3,56.7,4.0,3,70.3,5.9
2026-07-11 23:00:00,30.8,60.4,5.0,3,288.4,24.0
2026-07-11 23:05:00,35.6,59.4,4.0,3,124.4,10.4
2026-07-11 23:10:00,29.4,61.7,4.0,3,73.8,6.1
2026-07-11 23:15:00,33.1,62.4,4.0,3,173.2,14.4
2026-07-11 23:20:00,31.6,61.6,4.0,3,173.8,14.4
2026-07-11 23:25:00,31.9,60.9,5.0,3,141.2,11.8
2026-07-11 23:30:00,31.8,61.5,4.0,3,346.3,28.9
2026-07-11 23:35:00,31.0,60.4,4.0,3,39.1,3.3
2026-07-11 23:40:00,30.4,58.7,5.0,3,216.3,18.0
2026-07-11 23:45:00,31.9,60.8,4.0,3,207.7,17.3
2026-07-11 23:50:00,32.9,62.6,4.0,3,10.0,0.8
2026-07-11 23:55:00,34.9,55.1,4.0,3,153.2,12.8
2026-07-12 00:00:00,32.7,60.2,6.0,3,20.5,1.7
2026-07-12 00:05:00,33.8,56.5,5.0,3,112.0,9.3
2026-07-12 00:10:00,30.5,61.2,5.0,3,214.4,17.9
2026-07-12 00:15:00,31.8,60.4,5.0,3,117.5,9.8
2026-07-12 00:20:00,33.2,60.2,5.0,3,10.0,0.8
2026-07-12 00:25:00,32.8,59.7,6.0,3,174.8,14.6
2026-07-12 00:30:00,31.3,62.6,4.0,3,10.0,0.8
2026-07-12 00:35:00,33.5,60.5,4.0,3,63.3,5.3
2026-07-12 00:40:00,31.7,60.0,4.0,3,213.7,17.8
2026-07-12 00:45:00,31.4,62.1,5.0,3,10.0,0.8
2026-07-12 00:50:00,33.0,58.9,6.0,3,148.8,12.4
2026-07-12 00:55:00,32.4,59.1,4.0,3,41.1,3.4
2026-07-12 01:00:00,31.2,58.6,5.0,3,10.0,0.8
2026-07-12 01:05:00,31.2,62.8,4.0,3,40.6,3.4
2026-07-12 01:10:00,30.7,60.8,4.0,3,46.2,3.8
2026-07-12 01:15:00,31.3,56.4,5.0,3,10.0,0.8
2026-07-12 01:20:00,32.7,59.6,5.0,3,106.8,9.0
2026-07-12 01:25:00,31.9,59.0,5.0,3,111.6,9.3
2026-07-12 01:30:00,32.6,58.3,4.0,3,67.0,5.6
2026-07-12 01:35:00,32.2,58.9,4.0,3,69.5,5.8
2026-07-12 01:40:00,31.1,60.2,5.0,3,164.7,13.7
2026-07-12 01:45:00,30.2,66.5,4.0,3,10.0,0.8
2026-07-12 01:50:00,30.8,64.0,4.0,3,211.9,17.7
2026-07-12 01:55:00,31.1,61.9,4.0,3,49.0,4.1
2026-07-12 02:00:00,30.4,62.4,5.0,3,73.3,6.1
2026-07-12 02:05:00,32.3,61.6,4.0,3,22.3,1.9
2026-07-12 02:10:00,32.3,59.5,4.0,3,10.0,0.8
2026-07-12 02:15:00,33.7,58.8,4.0,3,194.9,16.2
2026-07-12 02:20:00,30.4,63.1,4.0,2,186.7,15.6
2026-07-12 02:25:00,33.0,58.2,4.0,3,31.2,2.6
2026-07-12 02:30:00,33.0,60.1,4.0,3,150.8,12.6
2026-07-12 02:35:00,30.9,60.0,5.0,3,141.1,11.8
2026-07-12 02:40:00,31.7,60.0,6.0,3,82.8,6.9
2026-07-12 02:45:00,32.6,56.1,4.0,3,204.2,17.0
2026-07-12 02:50:00,31.1,58.6,5.0,3,113.9,9.5
2026-07-12 02:55:00,31.1,54.7,4.0,3,10.0,0.8
2026-07-12 03:00:00,30.1,63.1,4.0,3,48.1,4.0
2026-07-12 03:05:00,28.3,66.7,5.0,2,214.3,17.9
2026-07-12 03:10:00,30.8,63.5,4.0,3,350.8,29.2
2026-07-12 03:15:00,30.0,59.5,5.0,3,109.2,9.1
2026-07-12 03:20:00,29.6,63.9,4.0,3,97.8,8.1
2026-07-12 03:25:00,31.2,60.2,5.0,3,195.2,16.3
2026-07-12 03:30:00,29.2,65.2,4.0,2,126.4,10.4
2026-07-12 03:35:00,31.6,58.0,4.0,3,233.6,19.5
2026-07-12 03:40:00,31.2,59.4,4.0,3,21.4,1.8
2026-07-12 03:45:00,30.3,58.0,5.0,3,106.6,8.9
2026-07-12 03:50:00,30.7,59.3,4.0,3,104.9,8.7
2026-07-12 03:55:00,29.5,63.0,5.0,3,10.0,0.8
2026-07-12 04:00:00,31.3,60.6,4.0,3,86.3,7.2
2026-07-12 04:05:00,30.7,56.8,5.0,3,124.5,10.4
2026-07-12 04:10:00,30.8,59.6,4.0,3,87.2,7.3
2026-07-12 04:15:00,31.1,60.9,5.0,3,284.5,23.7
2026-07-12 04:20:00,29.9,66.2,6.0,3,174.3,14.6
2026-07-12 04:25:00,29.0,61.9,4.0,3,135.5,11.3
2026-07-12 04:30:00,31.6,60.9,4.0,3,107.8,9.0
2026-07-12 04:35:00,31.3,58.6,5.0,3,172.6,14.5
2026-07-12 04:40:00,30.0,61.2,5.0,3,84.3,7.0
2026-07-12 04:45:00,31.0,58.3,6.0,3,10.0,0.8
2026-07-12 04:50:00,31.9,56.4,4.0,3,10.0,0.8
2026-07-12 04:55:00,31.7,58.2,5.0,3,127.5,10.6
2026-07-12 05:00:00,29.9,64.9,5.0,3,219.1,18.4
2026-07-12 05:05:00,29.0,62.6,4.0,2,70.0,5.8
2026-07-12 05:10:00,29.2,61.9,4.0,3,66.2,5.5
2026-07-12 05:15:00,30.1,62.9,4.0,2,41.3,3.4
2026-07-12 05:20:00,31.8,59.7,4.0,3,186.1,15.5
2026-07-12 05:25:00,29.8,62.8,5.0,3,145.6,12.1
2026-07-12 05:30:00,29.9,63.3,4.0,3,209.6,17.5
2026-07-12 05:35:00,29.9,60.6,5.0,3,10.0,0.8
2026-07-12 05:40:00,29.9,60.8,6.0,3,10.0,0.8
2026-07-12 05:45:00,30.4,64.0,4.0,3,263.6,22.0
2026-07-12 05:50:00,29.2,63.5,6.0,3,10.0,0.8
2026-07-12 05:55:00,31.4,61.6,4.0,2,106.1,8.8
2026-07-12 06:00:00,30.0,65.1,5.0,0,4.7,0.4
2026-07-12 06:05:00,32.4,60.7,7.0,3,139.1,11.6
2026-07-12 06:10:00,29.1,61.3,5.0,0,5.6,0.5
2026-07-12 06:15:00,31.6,60.0,6.0,3,246.5,20.5
2026-07-12 06:20:00,31.4,62.6,7.0,0,4.3,0.4
2026-07-12 06:25:00,29.8,64.0,5.0,3,142.8,11.9
2026-07-12 06:30:00,29.8,63.4,5.0,3,232.5,19.4
2026-07-12 06:35:00,29.3,60.5,4.0,3,224.8,18.7
2026-07-12 06:40:00,29.3,62.5,6.0,3,179.0,14.9
2026-07-12 06:45:00,30.2,62.5,6.0,3,138.1,11.6
2026-07-12 06:50:00,30.2,59.5,6.0,0,5.4,0.4
2026-07-12 06:55:00,28.7,66.3,6.0,3,10.0,0.8
2026-07-12 07:00:00,32.3,58.8,4.0,2,89.0,7.4
2026-07-12 07:05:00,29.5,58.6,8.0,0,6.8,0.6
2026-07-12 07:10:00,29.8,61.5,5.0,0,8.3,0.7
2026-07-12 07:15:00,29.1,63.2,6.0,0,8.6,0.7
2026-07-12 07:20:00,29.5,63.0,5.0,3,10.0,0.8
2026-07-12 07:25:00,29.4,66.9,5.0,3,85.7,7.2
2026-07-12 07:30:00,29.7,64.4,4.0,3,10.0,0.8
2026-07-12 07:35:00,29.7,59.7,6.0,0,4.2,0.4
2026-07-12 07:40:00,30.6,58.1,4.0,2,57.5,4.8
2026-07-12 07:45:00,30.0,61.9,5.0,0,4.0,0.4
2026-07-12 07:50:00,30.5,62.1,5.0,3,158.3,13.1
2026-07-12 07:55:00,29.7,65.4,5.0,0,3.5,0.3
2026-07-12 08:00:00,29.9,66.8,4.0,1,47.0,3.9
2026-07-12 08:05:00,29.4,67.7,4.0,3,320.2,26.7
2026-07-12 08:10:00,30.8,60.3,8.0,0,7.1,0.6
2026-07-12 08:15:00,30.0,64.8,9.0,0,5.9,0.5
2026-07-12 08:20:00,29.5,64.3,4.0,0,8.3,0.8
2026-07-12 08:25:00,29.4,60.8,7.0,0,5.9,0.4
2026-07-12 08:30:00,29.5,58.7,7.0,1,133.7,11.1
2026-07-12 08:35:00,29.7,63.3,4.0,3,108.9,9.1
2026-07-12 08:40:00,29.6,59.5,8.0,3,138.0,11.5
2026-07-12 08:45:00,29.0,62.0,9.0,3,10.0,0.8
2026-07-12 08:50:00,30.5,60.1,8.0,0,4.4,0.4
2026-07-12 08:55:00,30.6,62.1,10.0,0,5.4,0.5
2026-07-12 09:00:00,32.2,62.3,8.0,0,5.1,0.4
2026-07-12 09:05:00,29.6,63.2,5.0,0,4.1,0.3
2026-07-12 09:10:00,31.0,59.8,6.0,1,108.5,9.0
2026-07-12 09:15:00,28.1,60.5,7.0,3,93.2,7.8
2026-07-12 09:20:00,31.1,62.0,9.0,0,5.7,0.5
2026-07-12 09:25:00,28.6,64.8,6.0,0,3.8,0.3
2026-07-12 09:30:00,29.1,62.6,5.0,0,8.3,0.7
2026-07-12 09:35:00,30.6,64.5,4.0,0,3.5,0.3
2026-07-12 09:40:00,29.5,60.5,8.0,3,110.9,9.2
2026-07-12 09:45:00,29.4,61.9,7.0,3,83.2,6.9
2026-07-12 09:50:00,29.7,62.5,5.0,0,7.9,0.7
2026-07-12 09:55:00,31.0,59.7,8.0,0,4.5,0.4
2026-07-12 10:00:00,30.1,63.8,6.0,0,3.5,0.3
2026-07-12 10:05:00,31.1,62.2,4.0,3,141.1,11.8
2026-07-12 10:10:00,30.8,63.9,8.0,1,100.5,8.4
2026-07-12 10:15:00,32.1,60.9,4.0,3,45.8,3.8
2026-07-12 10:20:00,32.2,59.4,6.0,0,3.5,0.3
2026-07-12 10:25:00,29.1,63.2,6.0,0,5.4,0.4
2026-07-12 10:30:00,32.4,60.4,4.0,0,4.7,0.4
2026-07-12 10:35:00,30.5,61.6,7.0,3,115.9,9.7
2026-07-12 10:40:00,31.5,60.8,5.0,3,147.4,12.3
2026-07-12 10:45:00,30.1,63.7,8.0,0,6.3,0.5
2026-07-12 10:50:00,31.6,60.8,7.0,3,228.8,19.1
2026-07-12 10:55:00,34.1,57.8,6.0,3,112.9,9.4
2026-07-12 11:00:00,32.8,56.5,4.0,3,51.5,4.3
2026-07-12 11:05:00,32.1,62.7,5.0,3,91.8,7.6
2026-07-12 11:10:00,32.4,56.4,5.0,0,4.6,0.4
2026-07-12 11:15:00,31.0,62.2,8.0,0,6.7,0.6
2026-07-12 11:20:00,34.2,55.1,6.0,0,5.5,0.5
2026-07-12 11:25:00,33.0,60.7,7.0,0,6.8,0.6
2026-07-12 11:30:00,31.5,62.5,8.0,3,146.1,12.2
2026-07-12 11:35:00,31.5,60.4,8.0,0,7.2,0.6
2026-07-12 11:40:00,32.7,62.3,8.0,0,6.5,0.5
2026-07-12 11:45:00,33.7,56.6,7.0,1,67.8,5.6
2026-07-12 11:50:00,31.4,62.7,6.0,0,4.9,0.4
2026-07-12 11:55:00,33.9,55.0,7.0,0,8.3,0.7
2026-07-12 12:00:00,33.6,58.2,6.0,0,5.4,0.4
2026-07-12 12:05:00,32.6,56.4,7.0,0,4.0,0.3
2026-07-12 12:10:00,33.2,57.8,5.0,0,4.6,0.4
2026-07-12 12:15:00,35.6,53.9,8.0,0,6.3,0.5
2026-07-12 12:20:00,32.1,61.7,6.0,0,7.5,0.6
2026-07-12 12:25:00,32.9,56.6,7.0,1,39.1,3.3
2026-07-12 12:30:00,34.8,63.0,4.0,0,6.8,0.6
2026-07-12 12:35:00,33.9,53.2,6.0,1,10.0,0.8
2026-07-12 12:40:00,32.8,59.0,7.0,0,6.8,0.5
2026-07-12 12:45:00,34.8,56.0,6.0,0,4.8,0.4
2026-07-12 12:50:00,34.8,56.6,4.0,0,7.7,0.6
2026-07-12 12:55:00,34.1,55.1,4.0,1,90.1,7.5
2026-07-12 13:00:00,33.6,57.5,6.0,3,23.1,1.9
2026-07-12 13:05:00,33.8,55.1,7.0,1,49.0,4.1
2026-07-12 13:10:00,34.7,60.0,6.0,0,5.5,0.5
2026-07-12 13:15:00,32.8,56.5,6.0,0,4.4,0.4
2026-07-12 13:20:00,35.9,52.8,7.0,1,75.6,6.3
2026-07-12 13:25:00,36.3,50.9,6.0,3,40.2,3.4
2026-07-12 13:30:00,34.1,54.0,7.0,1,183.4,15.3
2026-07-12 13:35:00,34.7,51.5,6.0,0,3.5,0.3
2026-07-12 13:40:00,35.7,55.3,6.0,3,116.0,9.7
2026-07-12 13:45:00,36.6,50.3,7.0,0,6.7,0.6
2026-07-12 13:50:00,36.1,50.8,7.0,0,4.3,0.5
2026-07-12 13:55:00,32.3,56.4,6.0,0,3.5,0.3
2026-07-12 14:00:00,34.6,56.0,6.0,2,141.4,11.8
2026-07-12 14:05:00,35.8,53.9,5.0,3,10.0,0.8
2026-07-12 14:10:00,34.4,55.5,5.0,1,125.0,10.4
2026-07-12 14:15:00,37.6,49.9,6.0,2,120.0,10.0
2026-07-12 14:20:00,37.4,53.0,7.0,2,74.5,6.2
2026-07-12 14:25:00,33.9,54.5,5.0,2,75.8,6.3
2026-07-12 14:30:00,34.9,55.0,5.0,0,3.5,0.3
2026-07-12 14:35:00,34.0,55.6,7.0,2,5.0,0.4
2026-07-12 14:40:00,34.8,50.9,7.0,3,92.7,7.7
2026-07-12 14:45:00,34.8,59.9,7.0,1,86.5,7.2
2026-07-12 14:50:00,36.4,54.5,5.0,3,64.8,5.4
2026-07-12 14:55:00,33.8,56.6,7.0,3,156.2,13.0
2026-07-12 15:00:00,32.3,58.4,8.0,6,145.6,12.1
2026-07-12 15:05:00,33.7,60.6,6.0,2,90.9,7.6
2026-07-12 15:10:00,34.5,57.7,7.0,3,26.3,2.2
2026-07-12 15:15:00,35.0,55.4,7.0,2,6.7,0.6
2026-07-12 15:20:00,36.2,51.7,7.0,2,73.3,6.1
2026-07-12 15:25:00,34.4,54.1,7.0,2,126.8,10.6
2026-07-12 15:30:00,34.3,51.5,8.0,3,65.4,5.4
2026-07-12 15:35:00,34.7,54.2,7.0,2,5.0,0.4
2026-07-12 15:40:00,34.4,56.8,6.0,2,80.6,6.7
2026-07-12 15:45:00,35.2,55.8,7.0,6,140.5,11.7
2026-07-12 15:50:00,35.1,55.9,6.0,2,129.9,10.8
2026-07-12 15:55:00,36.9,51.4,7.0,2,5.0,0.4
2026-07-12 16:00:00,35.0,55.7,9.0,2,54.3,4.5
2026-07-12 16:05:00,35.9,55.3,7.0,6,91.0,7.6
2026-07-12 16:10:00,35.6,48.6,9.0,3,100.8,8.4
2026-07-12 16:15:00,37.7,52.2,6.0,6,173.9,14.5
2026-07-12 16:20:00,36.2,57.9,8.0,2,5.0,0.4
2026-07-12 16:25:00,38.1,50.4,9.0,2,169.7,14.1
2026-07-12 16:30:00,34.7,48.9,8.0,3,41.5,3.5
2026-07-12 16:35:00,36.4,51.0,5.0,3,16.1,1.2
2026-07-12 16:40:00,35.6,49.6,8.0,3,45.5,3.8
2026-07-12 16:45:00,34.6,53.4,7.0,1,60.2,5.0
2026-07-12 16:50:00,36.4,50.1,6.0,2,52.3,4.4
2026-07-12 16:55:00,39.1,52.2,8.0,2,48.4,4.1
2026-07-12 17:00:00,35.0,56.5,5.0,3,10.0,0.8
2026-07-12 17:05:00,36.3,53.8,9.0,6,197.0,16.4
2026-07-12 17:10:00,34.2,58.6,12.0,3,15.4,1.3
2026-07-12 17:15:00,34.0,53.8,9.0,2,167.9,14.0
2026-07-12 17:20:00,35.2,54.3,8.0,3,156.5,13.0
2026-07-12 17:25:00,35.8,59.6,8.0,3,10.0,0.8
2026-07-12 17:30:00,35.8,55.1,11.0,2,81.2,6.8
2026-07-12 17:35:00,36.2,54.6,8.0,2,242.2,20.2
2026-07-12 17:40:00,33.6,53.7,7.0,3,10.0,0.8
2026-07-12 17:45:00,35.4,52.7,6.0,3,78.0,6.5
2026-07-12 17:50:00,37.4,48.9,6.0,2,142.4,11.9
2026-07-12 17:55:00,34.1,60.0,11.0,2,136.3,11.4
2026-07-12 18:00:00,34.9,50.2,5.0,3,164.9,13.7
2026-07-12 18:05:00,36.1,55.6,7.0,3,10.0,0.8
2026-07-12 18:10:00,34.2,56.8,7.0,3,44.5,3.7
2026-07-12 18:15:00,36.2,48.7,5.0,3,222.2,18.5
2026-07-12 18:20:00,32.9,59.7,5.0,3,117.0,9.7
2026-07-12 18:25:00,37.1,51.3,7.0,3,161.7,13.5
2026-07-12 18:30:00,36.2,49.4,6.0,3,10.0,0.8
2026-07-12 18:35:00,35.7,54.5,6.0,3,45.9,3.9
2026-07-12 18:40:00,37.5,49.4,7.0,3,192.5,16.0
2026-07-12 18:45:00,35.0,53.8,7.0,3,133.8,11.2
2026-07-12 18:50:00,34.5,53.5,6.0,3,154.7,12.9
2026-07-12 18:55:00,37.9,48.8,5.0,3,164.3,13.7
2026-07-12 19:00:00,37.5,49.0,5.0,2,138.9,11.6
2026-07-12 19:05:00,34.0,57.7,5.0,3,178.2,14.8
2026-07-12 19:10:00,34.8,55.7,5.0,3,69.1,5.8
2026-07-12 19:15:00,36.4,53.6,5.0,3,10.0,0.8
2026-07-12 19:20:00,34.8,54.1,5.0,3,41.8,3.5
2026-07-12 19:25:00,35.8,53.9,5.0,3,66.4,5.5
2026-07-12 19:30:00,36.0,51.8,5.0,3,10.0,0.8
2026-07-12 19:35:00,34.2,53.9,6.0,3,145.3,12.1
2026-07-12 19:40:00,35.5,58.0,5.0,3,180.5,15.0
2026-07-12 19:45:00,34.9,56.8,5.0,3,112.8,9.4
2026-07-12 19:50:00,33.3,55.4,5.0,3,44.5,3.7
2026-07-12 19:55:00,33.6,52.9,6.0,3,111.8,9.3
2026-07-12 20:00:00,33.4,53.5,6.0,3,10.0,0.8
2026-07-12 20:05:00,35.7,53.4,5.0,3,10.0,0.8
2026-07-12 20:10:00,35.7,55.0,6.0,3,252.4,21.0
2026-07-12 20:15:00,35.4,55.3,6.0,3,10.0,0.8
2026-07-12 20:20:00,35.0,55.8,5.0,3,175.2,14.6
2026-07-12 20:25:00,34.9,56.3,5.0,3,224.7,18.7
2026-07-12 20:30:00,34.7,53.6,5.0,3,100.3,8.4
2026-07-12 20:35:00,34.9,58.7,5.0,3,96.0,8.0
2026-07-12 20:40:00,35.0,55.0,5.0,2,202.0,16.8
2026-07-12 20:45:00,32.3,58.9,5.0,3,117.2,9.8
2026-07-12 20:50:00,33.2,55.9,5.0,3,10.0,0.8
2026-07-12 20:55:00,32.9,58.3,5.0,3,46.5,3.9
2026-07-12 21:00:00,35.4,59.7,4.0,3,227.2,18.9
2026-07-12 21:05:00,36.2,53.2,5.0,3,112.4,9.4
2026-07-12 21:10:00,30.5,58.0,5.0,3,88.1,7.3
2026-07-12 21:15:00,36.1,53.5,4.0,3,108.3,9.0
2026-07-12 21:20:00,33.9,56.5,4.0,3,40.2,3.4
2026-07-12 21:25:00,35.2,54.9,5.0,3,10.0,0.8
2026-07-12 21:30:00,34.5,54.6,4.0,3,184.3,15.4
2026-07-12 21:35:00,35.9,55.2,6.0,3,19.4,1.6
2026-07-12 21:40:00,34.1,59.9,6.0,3,298.1,24.8
2026-07-12 21:45:00,31.7,58.8,4.0,3,75.4,6.3
2026-07-12 21:50:00,33.6,57.2,5.0,3,134.0,11.2
2026-07-12 21:55:00,34.5,57.2,5.0,3,249.1,20.8
2026-07-12 22:00:00,32.8,59.6,4.0,3,143.5,12.0
2026-07-12 22:05:00,34.0,59.9,5.0,3,10.0,0.8
2026-07-12 22:10:00,33.0,58.6,4.0,3,49.9,4.2
2026-07-12 22:15:00,32.2,58.9,5.0,3,10.0,0.8
2026-07-12 22:20:00,31.5,57.7,4.0,3,83.6,7.0
2026-07-12 22:25:00,32.5,60.1,5.0,3,10.4,0.9
2026-07-12 22:30:00,33.4,56.2,4.0,3,81.4,6.8
2026-07-12 22:35:00,30.2,59.1,4.0,3,222.9,18.6
2026-07-12 22:40:00,31.9,59.6,5.0,3,251.2,20.9
2026-07-12 22:45:00,30.2,63.7,5.0,3,10.0,0.8
2026-07-12 22:50:00,32.2,60.3,4.0,3,10.0,0.8
2026-07-12 22:55:00,34.8,56.5,4.0,3,107.6,9.1
2026-07-12 23:00:00,30.6,59.5,5.0,3,82.9,6.9
2026-07-12 23:05:00,34.1,61.3,4.0,3,10.0,0.8
2026-07-12 23:10:00,38.1,56.7,4.0,3,79.7,6.6
2026-07-12 23:15:00,35.5,57.8,4.0,3,97.5,8.1
2026-07-12 23:20:00,33.1,60.4,6.0,3,70.0,5.8
2026-07-12 23:25:00,34.4,58.2,4.0,3,208.5,17.4
2026-07-12 23:30:00,30.3,60.0,5.0,3,193.6,16.1
2026-07-12 23:35:00,29.9,60.4,4.0,3,87.1,7.3
2026-07-12 23:40:00,32.9,58.7,4.0,3,210.1,17.5
2026-07-12 23:45:00,33.6,57.6,4.0,3,178.4,14.8
2026-07-12 23:50:00,34.8,56.8,4.0,3,108.6,8.9
2026-07-12 23:55:00,31.8,61.8,4.0,3,10.0,0.8
2026-07-13 00:00:00,32.4,60.7,4.0,3,10.0,0.8
2026-07-13 00:05:00,32.3,58.7,4.0,3,61.8,5.1
2026-07-13 00:10:00,32.0,61.3,4.0,3,140.6,11.7
2026-07-13 00:15:00,32.0,60.5,4.0,3,10.0,0.8
2026-07-13 00:20:00,31.1,60.3,4.0,3,195.2,16.3
2026-07-13 00:25:00,32.5,58.0,5.0,3,227.4,19.0
2026-07-13 00:30:00,32.4,60.2,4.0,3,139.5,11.6
2026-07-13 00:35:00,31.6,63.0,4.0,3,143.5,11.9
2026-07-13 00:40:00,33.0,59.3,4.0,3,163.8,13.6
2026-07-13 00:45:00,33.4,60.4,4.0,3,134.2,11.3
2026-07-13 00:50:00,33.0,59.0,6.0,3,105.4,8.8
2026-07-13 00:55:00,30.8,62.3,5.0,3,86.5,7.2
2026-07-13 01:00:00,31.6,59.8,4.0,3,180.6,15.0
2026-07-13 01:05:00,30.6,57.3,4.0,2,5.0,0.4
2026-07-13 01:10:00,31.6,58.9,5.0,3,177.3,14.8
2026-07-13 01:15:00,30.6,61.6,4.0,3,10.0,0.8
2026-07-13 01:20:00,32.6,60.6,4.0,3,95.9,8.0
2026-07-13 01:25:00,32.2,59.1,4.0,3,142.7,11.9
2026-07-13 01:30:00,32.5,59.0,6.0,3,10.0,0.8
2026-07-13 01:35:00,32.4,58.1,4.0,3,155.1,12.9
2026-07-13 01:40:00,31.2,63.3,5.0,3,83.3,6.9
2026-07-13 01:45:00,31.1,63.3,4.0,3,272.6,22.7
2026-07-13 01:50:00,33.1,57.0,4.0,3,164.6,13.7
2026-07-13 01:55:00,31.3,57.9,4.0,3,109.0,9.1
2026-07-13 02:00:00,29.5,58.8,5.0,3,139.9,11.7
2026-07-13 02:05:00,32.1,60.7,4.0,3,110.9,9.2
2026-07-13 02:10:00,31.2,60.9,4.0,3,10.0,0.8
2026-07-13 02:15:00,32.7,56.4,4.0,3,95.2,7.9
2026-07-13 02:20:00,31.3,61.1,4.0,3,10.0,0.8
2026-07-13 02:25:00,31.0,57.9,4.0,3,72.6,6.0
2026-07-13 02:30:00,32.7,60.2,4.0,3,113.3,9.4
2026-07-13 02:35:00,29.3,62.5,4.0,3,10.0,0.8
2026-07-13 02:40:00,30.3,59.3,5.0,3,93.5,7.8
2026-07-13 02:45:00,30.0,61.5,5.0,2,154.3,12.9
2026-07-13 02:50:00,28.5,63.7,4.0,3,231.3,19.3
2026-07-13 02:55:00,32.0,60.2,4.0,2,36.5,3.0
2026-07-13 03:00:00,29.9,65.1,4.0,3,52.5,4.5
2026-07-13 03:05:00,31.5,62.4,4.0,3,16.7,1.4
2026-07-13 03:10:00,30.9,61.1,4.0,2,7.8,0.6
2026-07-13 03:15:00,31.1,59.9,4.0,3,197.7,16.5
2026-07-13 03:20:00,30.0,60.8,4.0,3,120.1,10.0
2026-07-13 03:25:00,29.7,58.4,4.0,3,98.0,8.2
2026-07-13 03:30:00,30.6,61.2,5.0,3,147.9,12.3
2026-07-13 03:35:00,31.5,57.7,4.0,3,115.3,9.6
2026-07-13 03:40:00,30.5,64.3,4.0,3,33.1,2.8
2026-07-13 03:45:00,29.8,62.0,4.0,3,10.0,0.8
2026-07-13 03:50:00,29.3,65.1,4.0,3,258.9,21.6
2026-07-13 03:55:00,30.7,59.9,5.0,3,142.5,11.9
2026-07-13 04:00:00,29.7,61.1,5.0,3,238.8,19.9
2026-07-13 04:05:00,30.3,63.4,5.0,2,89.2,7.4
2026-07-13 04:10:00,30.1,62.9,4.0,3,79.8,6.6
2026-07-13 04:15:00,29.9,63.4,5.0,3,210.2,17.5
2026-07-13 04:20:00,30.6,61.1,5.0,3,31.9,2.7
2026-07-13 04:25:00,30.9,62.9,5.0,3,10.0,0.8
2026-07-13 04:30:00,32.4,59.9,6.0,3,142.6,11.9
2026-07-13 04:35:00,31.1,54.8,5.0,3,183.7,15.3
2026-07-13 04:40:00,32.0,58.2,5.0,3,193.8,16.2
2026-07-13 04:45:00,29.5,65.9,4.0,3,138.6,11.5
2026-07-13 04:50:00,28.6,62.1,5.0,3,41.4,3.4
2026-07-13 04:55:00,30.3,57.4,5.0,3,135.3,11.3
2026-07-13 05:00:00,31.0,60.7,6.0,3,133.9,11.2
2026-07-13 05:05:00,30.9,62.2,5.0,2,93.4,7.8
2026-07-13 05:10:00,31.3,59.5,5.0,3,94.9,7.9
2026-07-13 05:15:00,27.9,68.6,4.0,3,61.5,5.1
2026-07-13 05:20:00,31.4,64.2,4.0,3,10.0,0.7
2026-07-13 05:25:00,30.5,57.7,5.0,3,119.3,10.0
2026-07-13 05:30:00,28.8,63.7,6.0,3,122.4,10.2
2026-07-13 05:35:00,30.9,56.4,6.0,3,10.0,0.8
2026-07-13 05:40:00,30.4,63.3,5.0,3,272.5,22.7
2026-07-13 05:45:00,30.6,60.2,7.0,3,10.0,0.8
2026-07-13 05:50:00,31.1,59.8,5.0,3,41.9,3.5
2026-07-13 05:55:00,30.6,64.0,6.0,3,123.1,10.3
2026-07-13 06:00:00,28.6,62.2,4.0,1,102.5,8.5
2026-07-13 06:05:00,29.8,59.8,4.0,3,134.9,11.2
2026-07-13 06:10:00,28.5,60.4,5.0,0,7.3,0.6
2026-07-13 06:15:00,30.5,64.4,5.0,2,5.0,0.4
2026-07-13 06:20:00,31.2,62.9,6.0,3,28.8,2.4
2026-07-13 06:25:00,28.8,63.9,5.0,1,108.5,9.0
2026-07-13 06:30:00,29.3,61.2,6.0,1,46.4,3.8
2026-07-13 06:35:00,29.1,65.7,7.0,0,5.8,0.5
2026-07-13 06:40:00,29.5,69.0,6.0,3,18.1,1.5
2026-07-13 06:45:00,30.3,61.7,5.0,0,6.5,0.5
2026-07-13 06:50:00,29.5,61.0,4.0,3,91.8,7.6
2026-07-13 06:55:00,30.5,64.4,4.0,3,98.3,8.2
2026-07-13 07:00:00,30.7,58.8,7.0,1,52.4,4.5
2026-07-13 07:05:00,30.7,60.6,5.0,3,226.8,18.9
2026-07-13 07:10:00,28.3,58.8,6.0,0,5.1,0.4
2026-07-13 07:15:00,31.1,60.2,6.0,0,5.6,0.5
2026-07-13 07:20:00,31.1,57.8,5.0,0,5.4,0.4
2026-07-13 07:25:00,31.2,63.8,5.0,3,10.0,0.8
2026-07-13 07:30:00,29.4,61.1,5.0,3,107.0,8.9
2026-07-13 07:35:00,28.7,66.4,8.0,3,86.9,7.2
2026-07-13 07:40:00,28.4,64.8,4.0,0,3.5,0.3
2026-07-13 07:45:00,28.3,65.5,7.0,0,7.1,0.6
2026-07-13 07:50:00,29.5,64.6,6.0,0,3.8,0.3
2026-07-13 07:55:00,30.5,61.7,6.0,3,134.2,11.2
2026-07-13 08:00:00,30.9,59.6,6.0,0,4.4,0.4
2026-07-13 08:05:00,28.9,62.2,4.0,0,6.2,0.5
2026-07-13 08:10:00,29.4,64.6,4.0,3,76.6,6.4
2026-07-13 08:15:00,29.3,59.0,5.0,3,193.9,16.2
2026-07-13 08:20:00,28.7,68.5,7.0,0,7.6,0.6
2026-07-13 08:25:00,30.2,62.5,8.0,0,4.3,0.4
2026-07-13 08:30:00,29.8,62.0,7.0,0,7.0,0.6
2026-07-13 08:35:00,29.6,63.8,7.0,0,6.2,0.5
2026-07-13 08:40:00,29.8,61.4,8.0,0,5.1,0.4
2026-07-13 08:45:00,30.1,61.9,4.0,0,5.3,0.5
2026-07-13 08:50:00,30.1,59.6,4.0,0,5.3,0.4
2026-07-13 08:55:00,28.5,65.7,4.0,0,6.0,0.5
2026-07-13 09:00:00,31.0,60.9,8.0,0,7.8,0.6
2026-07-13 09:05:00,30.3,62.6,4.0,3,160.3,13.4
2026-07-13 09:10:00,29.5,66.9,6.0,1,76.3,6.3
2026-07-13 09:15:00,30.3,60.2,5.0,3,216.1,18.0
2026-07-13 09:20:00,30.4,61.7,7.0,1,28.7,2.5
2026-07-13 09:25:00,31.2,56.8,6.0,1,32.0,2.7
2026-07-13 09:30:00,28.8,65.7,7.0,0,6.1,0.4
2026-07-13 09:35:00,31.5,60.3,6.0,1,10.9,0.9
2026-07-13 09:40:00,30.0,62.6,8.0,0,5.0,0.4
2026-07-13 09:45:00,29.4,63.1,9.0,1,148.6,12.4
2026-07-13 09:50:00,29.4,62.1,9.0,1,10.0,0.8
2026-07-13 09:55:00,28.9,70.2,6.0,0,4.6,0.4
2026-07-13 10:00:00,29.0,64.1,5.0,1,10.0,0.8
2026-07-13 10:05:00,31.8,60.9,6.0,3,111.8,9.3
2026-07-13 10:10:00,33.2,55.8,9.0,0,5.8,0.5
2026-07-13 10:15:00,29.2,65.7,6.0,0,4.6,0.4
2026-07-13 10:20:00,29.9,62.6,7.0,0,3.5,0.3
2026-07-13 10:25:00,31.8,61.2,7.0,3,99.7,8.3
2026-07-13 10:30:00,30.9,63.4,7.0,3,65.9,5.5
2026-07-13 10:35:00,31.9,59.9,8.0,3,10.0,0.8
2026-07-13 10:40:00,30.9,60.0,5.0,1,10.0,0.8
2026-07-13 10:45:00,30.3,57.2,5.0,3,134.0,11.2
2026-07-13 10:50:00,30.7,60.9,6.0,1,94.7,7.9
2026-07-13 10:55:00,28.3,63.5,8.0,0,7.8,0.6
2026-07-13 11:00:00,31.2,58.1,8.0,0,5.2,0.4
2026-07-13 11:05:00,33.5,60.8,6.0,3,140.1,11.7
2026-07-13 11:10:00,33.7,59.4,8.0,3,149.9,12.5
2026-07-13 11:15:00,34.0,52.2,6.0,0,5.1,0.4
2026-07-13 11:20:00,32.9,58.6,5.0,0,8.2,0.7
2026-07-13 11:25:00,30.0,60.7,4.0,3,66.1,5.5
2026-07-13 11:30:00,31.7,61.0,6.0,0,4.5,0.3
2026-07-13 11:35:00,33.9,54.8,6.0,1,19.5,1.6
2026-07-13 11:40:00,34.2,55.0,8.0,0,6.4,0.5
2026-07-13 11:45:00,33.9,59.0,7.0,0,5.5,0.5
2026-07-13 11:50:00,32.2,61.3,6.0,0,6.2,0.5
2026-07-13 11:55:00,31.0,64.8,6.0,0,4.3,0.4
2026-07-13 12:00:00,33.4,56.9,6.0,0,7.3,0.6
2026-07-13 12:05:00,33.5,53.7,4.0,3,10.0,0.8
2026-07-13 12:10:00,35.2,57.0,4.0,0,9.1,0.7
2026-07-13 12:15:00,33.7,59.3,7.0,1,101.4,8.4
2026-07-13 12:20:00,33.5,58.9,6.0,0,3.6,0.3
2026-07-13 12:25:00,33.6,55.3,4.0,0,7.0,0.6
2026-07-13 12:30:00,33.9,54.0,8.0,3,29.3,2.4
2026-07-13 12:35:00,34.2,57.6,9.0,1,62.7,5.2
2026-07-13 12:40:00,32.7,56.4,8.0,0,5.7,0.5
2026-07-13 12:45:00,32.3,58.4,7.0,0,6.2,0.5
2026-07-13 12:50:00,35.0,62.2,7.0,3,120.6,10.0
2026-07-13 12:55:00,31.6,65.6,6.0,3,198.2,16.5
2026-07-13 13:00:00,36.0,55.1,6.0,2,7.4,0.6
2026-07-13 13:05:00,31.9,57.8,7.0,0,6.4,0.5
2026-07-13 13:10:00,33.4,55.3,7.0,3,10.0,0.8
2026-07-13 13:15:00,35.2,56.2,7.0,0,3.5,0.3
2026-07-13 13:20:00,34.1,60.0,4.0,3,243.1,20.3
2026-07-13 13:25:00,32.6,57.1,7.0,0,3.9,0.3
2026-07-13 13:30:00,34.6,54.1,6.0,0,5.0,0.4
2026-07-13 13:35:00,34.2,56.1,5.0,0,7.9,0.7
2026-07-13 13:40:00,33.9,52.8,6.0,0,4.9,0.4
2026-07-13 13:45:00,33.4,53.6,6.0,0,6.4,0.5
2026-07-13 13:50:00,34.1,53.0,5.0,0,5.6,0.5
2026-07-13 13:55:00,33.4,58.6,6.0,1,126.1,10.5
2026-07-13 14:00:00,38.3,51.5,6.0,4,84.0,7.0
2026-07-13 14:05:00,34.5,58.1,6.0,1,24.2,2.0
2026-07-13 14:10:00,34.3,51.4,7.0,2,5.0,0.4
2026-07-13 14:15:00,34.1,52.2,6.0,1,67.8,5.6
2026-07-13 14:20:00,37.4,53.0,6.0,2,34.4,2.9
2026-07-13 14:25:00,32.5,55.6,7.0,1,118.3,9.9
2026-07-13 14:30:00,35.4,52.4,6.0,1,123.3,10.3
2026-07-13 14:35:00,34.5,57.8,7.0,2,139.4,11.6
2026-07-13 14:40:00,32.8,56.0,7.0,1,117.1,9.8
2026-07-13 14:45:00,33.7,55.2,7.0,2,70.3,5.9
2026-07-13 14:50:00,35.3,53.8,7.0,0,5.6,0.5
2026-07-13 14:55:00,33.6,56.0,7.0,3,10.0,0.7
2026-07-13 15:00:00,36.1,54.9,7.0,1,91.6,7.6
2026-07-13 15:05:00,38.1,48.5,8.0,3,262.6,21.8
2026-07-13 15:10:00,35.9,53.2,6.0,2,122.4,10.2
2026-07-13 15:15:00,33.7,58.7,7.0,3,10.0,0.8
2026-07-13 15:20:00,34.5,59.9,7.0,1,63.8,5.2
2026-07-13 15:25:00,35.3,51.3,7.0,2,38.2,3.2
2026-07-13 15:30:00,35.2,55.1,9.0,3,229.6,19.1
2026-07-13 15:35:00,35.9,53.2,7.0,2,206.4,17.3
2026-07-13 15:40:00,36.1,53.2,5.0,2,64.4,5.4
2026-07-13 15:45:00,38.1,49.4,7.0,2,169.8,14.2
2026-07-13 15:50:00,35.7,55.5,8.0,2,104.9,8.7
2026-07-13 15:55:00,34.1,57.2,6.0,1,93.0,7.8
2026-07-13 16:00:00,38.0,57.0,8.0,2,39.4,3.3
2026-07-13 16:05:00,38.2,48.0,8.0,6,140.8,11.7
2026-07-13 16:10:00,36.6,48.7,8.0,2,269.1,22.4
2026-07-13 16:15:00,35.9,58.2,7.0,2,196.4,16.4
2026-07-13 16:20:00,37.2,51.9,9.0,2,83.3,6.9
2026-07-13 16:25:00,35.9,52.4,11.0,3,61.7,5.1
2026-07-13 16:30:00,33.1,56.9,7.0,2,171.9,14.3
2026-07-13 16:35:00,37.1,48.9,6.0,2,98.8,8.2
2026-07-13 16:40:00,37.6,52.5,7.0,2,78.8,6.6
2026-07-13 16:45:00,38.4,50.6,10.0,2,45.3,3.8
2026-07-13 16:50:00,35.1,56.8,7.0,6,160.2,13.3
2026-07-13 16:55:00,36.6,54.7,8.0,2,99.1,8.3
2026-07-13 17:00:00,36.8,55.0,6.0,2,124.4,10.4
2026-07-13 17:05:00,36.5,53.2,13.0,2,116.7,9.7
2026-07-13 17:10:00,36.5,57.2,8.0,2,145.3,12.1
2026-07-13 17:15:00,36.4,54.4,9.0,2,98.2,8.2
2026-07-13 17:20:00,36.7,50.9,6.0,3,225.5,18.8
2026-07-13 17:25:00,37.6,49.2,6.0,3,10.0,0.8
2026-07-13 17:30:00,38.5,48.5,8.0,3,152.7,12.7
2026-07-13 17:35:00,35.0,56.0,9.0,2,5.0,0.4
2026-07-13 17:40:00,36.0,49.5,11.0,2,131.2,10.9
2026-07-13 17:45:00,35.6,54.1,4.0,3,191.4,16.0
2026-07-13 17:50:00,35.3,51.7,6.0,3,128.4,10.7
2026-07-13 17:55:00,33.5,52.5,7.0,2,42.8,3.7
2026-07-13 18:00:00,35.4,50.9,6.0,3,153.6,12.8
2026-07-13 18:05:00,36.2,53.0,4.0,3,193.8,16.2
2026-07-13 18:10:00,35.1,56.3,6.0,3,119.0,9.9
2026-07-13 18:15:00,35.3,52.2,5.0,3,62.4,5.2
2026-07-13 18:20:00,36.1,48.0,6.0,3,10.0,0.8
2026-07-13 18:25:00,37.8,59.8,5.0,3,184.9,15.4
2026-07-13 18:30:00,34.6,57.8,5.0,3,199.4,16.6
2026-07-13 18:35:00,33.3,58.7,6.0,3,164.2,13.7
2026-07-13 18:40:00,35.2,58.5,7.0,3,170.9,14.3
2026-07-13 18:45:00,38.6,50.6,7.0,3,125.7,10.4
2026-07-13 18:50:00,33.3,55.8,7.0,3,64.1,5.4
2026-07-13 18:55:00,36.5,56.3,8.0,3,204.1,17.0
2026-07-13 19:00:00,36.3,56.3,5.0,3,61.2,5.1
2026-07-13 19:05:00,31.5,60.2,6.0,3,114.4,9.5
2026-07-13 19:10:00,35.3,56.4,6.0,3,152.4,12.7
2026-07-13 19:15:00,35.5,51.3,5.0,3,226.0,18.8
2026-07-13 19:20:00,34.4,54.8,5.0,3,10.0,0.8
2026-07-13 19:25:00,33.8,60.0,5.0,3,181.1,15.1
2026-07-13 19:30:00,33.9,57.8,6.0,3,64.9,5.4
2026-07-13 19:35:00,34.3,52.2,5.0,3,148.7,12.4
2026-07-13 19:40:00,34.3,54.3,5.0,3,10.0,0.8
2026-07-13 19:45:00,34.1,59.3,6.0,3,38.4,3.3
2026-07-13 19:50:00,34.3,56.6,5.0,3,207.6,17.3
2026-07-13 19:55:00,36.4,53.5,5.0,2,5.0,0.4
2026-07-13 20:00:00,32.4,58.6,5.0,3,207.6,17.3
2026-07-13 20:05:00,31.6,58.8,5.0,3,87.4,7.4
2026-07-13 20:10:00,35.8,53.5,6.0,3,254.2,21.2
2026-07-13 20:15:00,33.8,55.0,5.0,3,104.0,8.6
2026-07-13 20:20:00,33.6,59.0,5.0,3,133.2,11.1
2026-07-13 20:25:00,34.0,57.0,5.0,3,31.3,2.6
2026-07-13 20:30:00,34.4,57.6,4.0,3,63.9,5.3
2026-07-13 20:35:00,33.4,58.3,5.0,3,140.7,11.7
2026-07-13 20:40:00,34.8,58.6,6.0,3,10.0,0.8
2026-07-13 20:45:00,32.7,58.8,7.0,3,113.1,9.4
2026-07-13 20:50:00,33.7,58.5,5.0,3,143.1,11.9
2026-07-13 20:55:00,31.0,60.0,5.0,3,104.7,8.7
2026-07-13 21:00:00,35.3,54.0,5.0,3,231.1,19.3
2026-07-13 21:05:00,33.3,57.2,6.0,3,62.0,5.2
2026-07-13 21:10:00,34.5,57.7,5.0,3,83.5,7.0
2026-07-13 21:15:00,34.2,58.1,5.0,3,69.0,5.8
2026-07-13 21:20:00,34.3,59.5,5.0,3,77.8,6.5
2026-07-13 21:25:00,33.5,56.6,5.0,3,90.2,7.5
2026-07-13 21:30:00,34.1,57.3,4.0,3,55.2,4.6
2026-07-13 21:35:00,32.1,58.5,4.0,3,203.3,16.9
2026-07-13 21:40:00,31.8,62.1,4.0,3,227.2,18.9
2026-07-13 21:45:00,33.4,58.3,4.0,3,205.2,17.1
2026-07-13 21:50:00,32.5,59.1,4.0,3,167.1,13.9
2026-07-13 21:55:00,35.6,55.5,6.0,2,79.8,6.6
2026-07-13 22:00:00,33.4,57.4,4.0,3,18.6,1.6
2026-07-13 22:05:00,31.8,56.5,4.0,3,97.5,8.1
2026-07-13 22:10:00,32.5,56.2,4.0,3,287.9,24.1
2026-07-13 22:15:00,33.0,58.5,5.0,3,85.4,7.0
2026-07-13 22:20:00,32.7,58.6,4.0,3,138.9,11.6
2026-07-13 22:25:00,33.2,58.4,4.0,3,10.0,0.8
2026-07-13 22:30:00,32.9,60.1,5.0,2,56.4,4.8
2026-07-13 22:35:00,30.8,60.4,4.0,3,151.9,12.7
2026-07-13 22:40:00,29.7,60.5,4.0,3,44.9,3.7
2026-07-13 22:45:00,32.3,58.4,4.0,3,81.1,6.8
2026-07-13 22:50:00,33.7,58.0,5.0,3,10.0,0.8
2026-07-13 22:55:00,32.3,58.1,4.0,3,99.8,8.3
2026-07-13 23:00:00,34.9,60.2,4.0,3,183.4,15.3
2026-07-13 23:05:00,32.5,59.9,5.0,3,187.0,15.6
2026-07-13 23:10:00,35.1,58.8,5.0,3,69.9,5.8
2026-07-13 23:15:00,34.7,57.5,5.0,3,172.2,14.3
2026-07-13 23:20:00,34.5,60.4,4.0,3,189.2,15.8
2026-07-13 23:25:00,30.4,63.3,4.0,3,36.9,3.1
2026-07-13 23:30:00,32.6,57.8,4.0,3,189.7,15.8
2026-07-13 23:35:00,34.9,59.2,4.0,3,75.3,6.3
2026-07-13 23:40:00,33.1,59.4,4.0,3,10.0,0.8
2026-07-13 23:45:00,33.6,59.7,4.0,3,43.2,3.5
2026-07-13 23:50:00,30.0,62.0,6.0,3,123.8,10.3
2026-07-13 23:55:00,36.2,54.5,5.0,2,31.4,2.6
2026-07-14 00:00:00,31.1,61.9,5.0,3,10.0,0.8
2026-07-14 00:05:00,29.6,63.5,4.0,3,10.0,0.8
2026-07-14 00:10:00,31.6,62.1,4.0,3,138.9,11.6
2026-07-14 00:15:00,29.0,61.1,6.0,3,135.4,11.3
2026-07-14 00:20:00,30.7,61.1,4.0,3,80.4,6.7
2026-07-14 00:25:00,35.3,56.7,5.0,3,112.4,9.4
2026-07-14 00:30:00,31.6,57.7,6.0,3,162.0,13.5
2026-07-14 00:35:00,30.3,60.6,4.0,3,10.0,0.8
2026-07-14 00:40:00,32.1,58.5,4.0,3,10.0,0.8
2026-07-14 00:45:00,31.0,61.3,4.0,3,175.6,14.6
2026-07-14 00:50:00,33.2,56.9,4.0,3,136.9,11.4
2026-07-14 00:55:00,31.0,59.5,5.0,3,150.4,12.5
2026-07-14 01:00:00,31.7,59.1,4.0,3,30.5,2.5
2026-07-14 01:05:00,30.4,63.0,5.0,3,120.6,10.0
2026-07-14 01:10:00,33.8,62.0,5.0,3,197.1,16.4
2026-07-14 01:15:00,31.9,60.2,5.0,3,121.8,10.1
2026-07-14 01:20:00,31.3,58.7,4.0,3,57.9,4.8
2026-07-14 01:25:00,31.1,59.6,5.0,2,5.0,0.4
2026-07-14 01:30:00,30.9,62.1,5.0,3,123.1,10.3
2026-07-14 01:35:00,30.7,59.0,4.0,3,221.7,18.5
2026-07-14 01:40:00,30.7,63.1,4.0,3,117.7,9.8
2026-07-14 01:45:00,33.0,58.7,5.0,3,10.0,0.8
2026-07-14 01:50:00,30.9,60.8,5.0,3,254.8,21.2
2026-07-14 01:55:00,29.5,60.0,4.0,3,76.7,6.4
2026-07-14 02:00:00,29.6,65.2,5.0,3,42.4,3.4
2026-07-14 02:05:00,32.0,57.5,4.0,2,118.7,9.9
2026-07-14 02:10:00,30.7,61.7,5.0,3,48.8,4.1
2026-07-14 02:15:00,30.8,60.8,4.0,3,147.4,12.3
2026-07-14 02:20:00,32.3,55.1,4.0,3,50.0,4.2
2026-07-14 02:25:00,30.1,61.7,5.0,3,10.0,0.8
2026-07-14 02:30:00,31.7,56.9,5.0,3,142.9,11.9
2026-07-14 02:35:00,30.2,60.5,4.0,3,122.2,10.1
2026-07-14 02:40:00,31.6,61.0,4.0,3,111.8,9.4
2026-07-14 02:45:00,30.5,63.3,5.0,3,12.9,1.1
2026-07-14 02:50:00,30.7,61.3,4.0,3,67.2,5.6
2026-07-14 02:55:00,31.9,57.4,4.0,3,142.5,11.9
2026-07-14 03:00:00,31.2,58.7,4.0,3,112.4,9.4
2026-07-14 03:05:00,30.3,60.1,4.0,3,131.3,10.9
2026-07-14 03:10:00,30.0,57.0,4.0,2,45.2,3.8
2026-07-14 03:15:00,32.1,59.0,4.0,2,23.4,1.8
2026-07-14 03:20:00,31.1,56.4,4.0,3,237.8,19.7
2026-07-14 03:25:00,30.1,62.2,5.0,3,126.5,10.5
2026-07-14 03:30:00,29.8,59.0,4.0,3,147.0,12.2
2026-07-14 03:35:00,31.5,56.9,5.0,3,21.6,1.8
2026-07-14 03:40:00,30.6,62.8,4.0,3,10.0,0.8
2026-07-14 03:45:00,30.3,61.7,4.0,3,163.1,13.5
2026-07-14 03:50:00,30.6,56.7,4.0,3,62.1,5.2
2026-07-14 03:55:00,30.8,59.5,4.0,3,10.0,0.8
2026-07-14 04:00:00,30.2,62.7,5.0,3,146.7,12.2
2026-07-14 04:05:00,31.5,58.2,4.0,3,195.0,16.2
2026-07-14 04:10:00,31.6,58.7,4.0,3,10.7,0.9
2026-07-14 04:15:00,30.8,61.6,5.0,3,10.0,0.8
2026-07-14 04:20:00,31.7,59.5,4.0,3,230.0,19.2
2026-07-14 04:25:00,30.3,59.3,4.0,3,218.8,18.2
2026-07-14 04:30:00,31.0,60.7,5.0,3,194.1,16.2
2026-07-14 04:35:00,31.3,59.4,4.0,3,31.5,2.6
2026-07-14 04:40:00,31.4,64.4,6.0,3,78.7,6.6
2026-07-14 04:45:00,31.2,60.0,4.0,2,127.2,10.6
2026-07-14 04:50:00,30.9,61.2,4.0,3,140.0,11.7
2026-07-14 04:55:00,32.3,59.1,6.0,3,183.1,15.3
2026-07-14 05:00:00,29.7,62.4,6.0,3,93.2,7.7
2026-07-14 05:05:00,30.0,61.1,5.0,3,338.0,28.2
2026-07-14 05:10:00,30.0,63.5,6.0,3,157.9,13.2
2026-07-14 05:15:00,29.8,63.9,6.0,3,116.3,9.7
2026-07-14 05:20:00,28.3,69.6,5.0,3,91.5,7.6
2026-07-14 05:25:00,31.4,61.9,5.0,3,125.4,10.4
2026-07-14 05:30:00,29.2,65.4,4.0,3,139.1,11.6
2026-07-14 05:35:00,30.3,63.6,4.0,3,10.0,0.8
2026-07-14 05:40:00,28.8,63.0,5.0,3,10.0,0.8
2026-07-14 05:45:00,30.7,58.8,5.0,3,39.7,3.2
2026-07-14 05:50:00,29.4,61.4,4.0,3,76.9,6.4
2026-07-14 05:55:00,29.1,65.4,5.0,3,119.7,10.0
2026-07-14 06:00:00,30.1,65.4,4.0,3,65.8,5.5
2026-07-14 06:05:00,29.3,65.2,5.0,1,10.0,0.8
2026-07-14 06:10:00,29.4,63.3,5.0,0,5.8,0.5
2026-07-14 06:15:00,30.0,66.0,6.0,0,3.9,0.3
2026-07-14 06:20:00,30.6,60.9,5.0,3,102.8,8.6
2026-07-14 06:25:00,29.1,61.8,4.0,0,5.2,0.4
2026-07-14 06:30:00,29.0,64.7,7.0,3,10.0,0.8
2026-07-14 06:35:00,29.9,65.4,6.0,3,211.5,17.6
2026-07-14 06:40:00,30.4,60.4,6.0,1,46.9,3.9
2026-07-14 06:45:00,31.2,57.4,6.0,3,10.0,0.8
2026-07-14 06:50:00,28.9,64.4,6.0,3,132.0,11.0
2026-07-14 06:55:00,29.6,64.8,6.0,3,15.2,1.3
2026-07-14 07:00:00,30.8,54.2,6.0,1,132.7,11.1
2026-07-14 07:05:00,31.7,62.3,6.0,1,109.3,9.1
2026-07-14 07:10:00,28.4,61.7,5.0,0,4.7,0.4
2026-07-14 07:15:00,28.7,66.3,7.0,0,5.4,0.4
2026-07-14 07:20:00,29.9,57.9,5.0,0,4.1,0.3
2026-07-14 07:25:00,28.8,60.9,6.0,2,80.1,6.7
2026-07-14 07:30:00,28.6,66.2,6.0,1,10.0,0.8
2026-07-14 07:35:00,29.8,65.8,6.0,1,81.9,6.8
2026-07-14 07:40:00,31.2,60.7,4.0,0,9.1,0.8
2026-07-14 07:45:00,28.0,71.0,6.0,0,3.5,0.3
2026-07-14 07:50:00,31.1,58.4,4.0,1,21.7,1.8
2026-07-14 07:55:00,28.9,61.8,6.0,3,140.2,11.7
2026-07-14 08:00:00,29.8,62.1,8.0,0,3.5,0.3
2026-07-14 08:05:00,31.2,59.9,10.0,0,6.4,0.5
2026-07-14 08:10:00,29.7,63.6,7.0,3,242.2,20.2
2026-07-14 08:15:00,29.0,62.2,8.0,3,176.9,14.7
2026-07-14 08:20:00,30.2,63.6,4.0,0,7.1,0.6
2026-07-14 08:25:00,29.2,65.0,7.0,0,8.7,0.7
2026-07-14 08:30:00,30.0,66.4,4.0,3,26.9,2.3
2026-07-14 08:35:00,29.1,62.7,9.0,1,51.3,4.4
2026-07-14 08:40:00,30.3,62.9,4.0,0,5.0,0.4
2026-07-14 08:45:00,27.8,67.3,4.0,0,5.5,0.5
2026-07-14 08:50:00,28.2,65.2,8.0,0,6.5,0.5
2026-07-14 08:55:00,27.8,65.3,10.0,0,8.3,0.7
2026-07-14 09:00:00,29.9,57.8,8.0,0,3.5,0.3
2026-07-14 09:05:00,28.3,65.4,6.0,0,5.9,0.6
2026-07-14 09:10:00,29.2,65.2,4.0,0,6.8,0.6
2026-07-14 09:15:00,28.7,64.4,5.0,3,125.6,10.5
2026-07-14 09:20:00,31.6,58.3,6.0,0,4.8,0.3
2026-07-14 09:25:00,28.9,60.2,6.0,0,6.4,0.6
2026-07-14 09:30:00,28.5,65.9,4.0,0,4.3,0.4
2026-07-14 09:35:00,30.2,62.4,9.0,0,7.9,0.7
2026-07-14 09:40:00,31.8,63.2,9.0,0,3.5,0.3
2026-07-14 09:45:00,29.8,59.4,10.0,0,5.0,0.4
2026-07-14 09:50:00,29.9,61.6,4.0,0,6.6,0.5
2026-07-14 09:55:00,31.4,57.3,5.0,0,4.9,0.4
2026-07-14 10:00:00,31.9,62.4,6.0,0,7.2,0.6
2026-07-14 10:05:00,31.4,63.5,6.0,3,73.2,6.1
2026-07-14 10:10:00,30.3,66.5,6.0,0,5.6,0.5
2026-07-14 10:15:00,31.5,61.8,5.0,3,10.0,0.8
2026-07-14 10:20:00,29.4,65.2,5.0,0,6.1,0.5
2026-07-14 10:25:00,30.2,63.4,9.0,0,6.6,0.5
2026-07-14 10:30:00,32.6,60.4,4.0,0,5.4,0.4
2026-07-14 10:35:00,32.4,59.5,4.0,0,3.5,0.3
2026-07-14 10:40:00,31.4,62.1,5.0,1,136.1,11.3
2026-07-14 10:45:00,28.8,69.0,6.0,1,10.0,0.8
2026-07-14 10:50:00,29.6,63.7,6.0,0,9.0,0.8
2026-07-14 10:55:00,30.2,62.5,7.0,3,192.3,16.0
2026-07-14 11:00:00,32.2,59.8,5.0,3,310.1,25.8
2026-07-14 11:05:00,31.0,60.8,6.0,0,8.2,0.7
2026-07-14 11:10:00,32.1,60.1,6.0,0,6.9,0.6
2026-07-14 11:15:00,34.3,55.7,8.0,3,218.9,18.2
2026-07-14 11:20:00,32.8,61.2,9.0,3,10.0,0.8
2026-07-14 11:25:00,32.6,61.2,6.0,0,4.8,0.4
2026-07-14 11:30:00,31.3,65.9,7.0,3,287.7,24.1
2026-07-14 11:35:00,30.6,61.7,6.0,3,50.6,4.2
2026-07-14 11:40:00,31.0,61.9,7.0,3,68.9,5.7
2026-07-14 11:45:00,30.5,62.5,7.0,1,10.0,0.8
2026-07-14 11:50:00,32.5,59.4,7.0,0,6.4,0.5
2026-07-14 11:55:00,32.8,61.1,7.0,0,3.5,0.3
2026-07-14 12:00:00,32.3,55.1,7.0,1,72.3,6.0
2026-07-14 12:05:00,33.6,58.3,6.0,0,3.5,0.3
2026-07-14 12:10:00,35.1,59.8,8.0,1,87.5,7.3
2026-07-14 12:15:00,35.6,57.4,6.0,0,10.3,0.9
2026-07-14 12:20:00,34.3,59.2,5.0,0,3.5,0.3
2026-07-14 12:25:00,33.2,59.9,4.0,3,39.5,3.3
2026-07-14 12:30:00,34.3,54.6,7.0,3,119.0,9.9
2026-07-14 12:35:00,34.9,53.3,7.0,0,4.9,0.4
2026-07-14 12:40:00,31.2,59.1,4.0,1,50.5,4.2
2026-07-14 12:45:00,35.1,52.0,5.0,0,5.8,0.4
2026-07-14 12:50:00,32.8,60.8,7.0,0,6.2,0.5
2026-07-14 12:55:00,32.8,62.1,6.0,1,120.6,10.0
2026-07-14 13:00:00,33.7,57.8,6.0,1,54.0,4.5
2026-07-14 13:05:00,34.4,57.7,7.0,3,10.0,0.8
2026-07-14 13:10:00,32.8,58.9,6.0,0,5.5,0.5
2026-07-14 13:15:00,33.7,58.2,6.0,3,19.3,1.6
2026-07-14 13:20:00,34.7,49.6,5.0,0,4.8,0.3
2026-07-14 13:25:00,34.3,56.6,6.0,0,5.3,0.4
2026-07-14 13:30:00,34.5,54.3,5.0,1,78.0,6.5
2026-07-14 13:35:00,33.7,56.6,5.0,1,67.8,5.6
2026-07-14 13:40:00,34.9,55.4,6.0,0,7.8,0.5
2026-07-14 13:45:00,35.3,52.3,7.0,0,6.8,0.6
2026-07-14 13:50:00,35.2,51.5,6.0,0,6.9,0.6
2026-07-14 13:55:00,34.6,53.3,5.0,3,208.0,17.3
2026-07-14 14:00:00,36.2,49.9,7.0,4,49.0,4.1
2026-07-14 14:05:00,36.1,50.7,7.0,2,124.1,10.3
2026-07-14 14:10:00,38.6,48.1,7.0,3,333.1,27.8
2026-07-14 14:15:00,36.6,49.4,6.0,2,83.6,7.0
2026-07-14 14:20:00,34.7,56.4,7.0,2,123.4,10.3
2026-07-14 14:25:00,33.5,54.4,7.0,3,10.0,0.8
2026-07-14 14:30:00,34.4,51.0,7.0,3,197.9,16.5
2026-07-14 14:35:00,34.3,54.6,7.0,2,5.0,0.3
2026-07-14 14:40:00,35.6,51.4,7.0,1,52.8,4.4
2026-07-14 14:45:00,33.8,59.7,7.0,3,10.0,0.8
2026-07-14 14:50:00,36.5,53.3,5.0,3,64.4,5.4
2026-07-14 14:55:00,32.8,53.8,6.0,1,100.8,8.4
2026-07-14 15:00:00,33.4,57.7,7.0,1,26.2,2.2
2026-07-14 15:05:00,35.5,54.3,6.0,2,208.6,17.4
2026-07-14 15:10:00,34.5,54.7,8.0,2,5.0,0.4
2026-07-14 15:15:00,33.9,59.3,7.0,2,161.9,13.5
2026-07-14 15:20:00,34.8,52.7,8.0,2,86.2,7.2
2026-07-14 15:25:00,34.6,57.4,8.0,2,265.5,22.1
2026-07-14 15:30:00,35.7,52.9,6.0,2,99.8,8.3
2026-07-14 15:35:00,34.8,54.8,8.0,2,148.8,12.4
2026-07-14 15:40:00,34.9,53.1,7.0,3,10.0,0.8
2026-07-14 15:45:00,35.7,52.3,8.0,2,5.0,0.4
2026-07-14 15:50:00,37.0,51.4,8.0,2,193.3,16.1
2026-07-14 15:55:00,37.7,48.0,8.0,3,193.2,16.1
2026-07-14 16:00:00,36.4,53.7,9.0,1,127.1,10.6
2026-07-14 16:05:00,36.5,53.1,8.0,3,155.5,13.0
2026-07-14 16:10:00,35.9,50.0,8.0,2,132.9,11.1
2026-07-14 16:15:00,36.9,53.9,11.0,2,5.0,0.4
2026-07-14 16:20:00,36.8,55.8,8.0,2,44.3,3.6
2026-07-14 16:25:00,38.2,49.4,7.0,6,197.0,16.4
2026-07-14 16:30:00,33.4,54.3,8.0,2,72.5,6.0
2026-07-14 16:35:00,35.8,56.1,9.0,2,181.9,15.2
2026-07-14 16:40:00,36.7,53.5,9.0,3,115.6,9.6
2026-07-14 16:45:00,36.2,52.8,6.0,3,173.3,14.4
2026-07-14 16:50:00,34.8,56.5,9.0,2,75.5,6.2
2026-07-14 16:55:00,34.2,55.9,9.0,2,5.0,0.4
2026-07-14 17:00:00,37.7,55.3,8.0,2,61.3,5.1
2026-07-14 17:05:00,34.9,54.4,6.0,2,139.6,11.5
2026-07-14 17:10:00,33.2,57.5,12.0,2,88.4,7.4
2026-07-14 17:15:00,37.8,54.3,12.0,2,148.5,12.4
2026-07-14 17:20:00,37.1,48.0,12.0,3,160.1,13.3
2026-07-14 17:25:00,36.1,56.3,5.0,3,10.0,0.8
2026-07-14 17:30:00,34.7,53.2,8.0,3,134.2,11.2
2026-07-14 17:35:00,36.1,54.5,9.0,3,49.3,4.1
2026-07-14 17:40:00,38.4,55.2,12.0,2,5.0,0.4
2026-07-14 17:45:00,33.4,55.2,10.0,3,38.3,3.2
2026-07-14 17:50:00,33.5,54.7,8.0,3,149.9,12.5
2026-07-14 17:55:00,35.2,53.9,9.0,2,239.6,20.0
2026-07-14 18:00:00,35.2,50.2,7.0,3,222.2,18.5
2026-07-14 18:05:00,34.4,60.9,7.0,3,98.5,8.2
2026-07-14 18:10:00,36.4,52.7,8.0,3,250.6,20.9
2026-07-14 18:15:00,37.2,56.4,8.0,3,76.3,6.4
2026-07-14 18:20:00,35.8,52.6,8.0,3,10.0,0.9
2026-07-14 18:25:00,36.3,53.0,5.0,3,10.0,0.8
2026-07-14 18:30:00,35.8,56.0,5.0,3,10.0,0.8
2026-07-14 18:35:00,35.3,51.0,5.0,3,141.2,11.8
2026-07-14 18:40:00,33.1,56.1,7.0,2,94.9,7.9
2026-07-14 18:45:00,33.5,58.4,5.0,3,274.9,22.9
2026-07-14 18:50:00,33.0,55.9,7.0,2,122.2,10.2
2026-07-14 18:55:00,35.0,53.0,7.0,3,208.1,17.4
2026-07-14 19:00:00,35.0,57.3,5.0,3,185.5,15.5
2026-07-14 19:05:00,32.7,60.6,6.0,3,249.5,20.8
2026-07-14 19:10:00,34.8,58.5,5.0,3,165.4,13.8
2026-07-14 19:15:00,33.5,54.9,5.0,3,206.0,17.2
2026-07-14 19:20:00,33.2,55.5,5.0,3,114.6,9.5
2026-07-14 19:25:00,33.8,55.0,6.0,3,27.7,2.3
2026-07-14 19:30:00,33.1,58.6,6.0,3,10.0,0.8
2026-07-14 19:35:00,35.5,51.4,6.0,3,70.8,5.9
2026-07-14 19:40:00,34.4,52.8,5.0,3,10.0,0.8
2026-07-14 19:45:00,35.8,52.1,6.0,3,74.4,6.2
2026-07-14 19:50:00,34.1,53.6,5.0,3,76.6,6.4
2026-07-14 19:55:00,34.1,57.8,6.0,3,183.0,15.2
2026-07-14 20:00:00,36.7,55.4,6.0,3,92.0,7.6
2026-07-14 20:05:00,31.8,57.8,6.0,3,217.2,18.1
2026-07-14 20:10:00,35.9,54.1,4.0,3,65.1,5.4
2026-07-14 20:15:00,36.4,48.7,6.0,3,16.6,1.4
2026-07-14 20:20:00,35.2,54.3,6.0,3,263.9,22.0
2026-07-14 20:25:00,33.6,59.5,5.0,3,207.9,17.3
2026-07-14 20:30:00,36.1,53.2,5.0,3,117.7,9.8
2026-07-14 20:35:00,33.6,54.6,5.0,3,53.3,4.4
2026-07-14 20:40:00,33.1,60.3,5.0,3,306.8,25.7
2026-07-14 20:45:00,33.5,54.7,5.0,3,108.8,9.1
2026-07-14 20:50:00,33.3,60.5,5.0,3,183.1,15.3
2026-07-14 20:55:00,32.7,63.9,6.0,3,238.5,19.9
2026-07-14 21:00:00,35.1,55.8,5.0,3,145.4,12.0
2026-07-14 21:05:00,32.3,60.9,4.0,3,10.0,0.8
2026-07-14 21:10:00,33.4,54.4,5.0,3,90.0,7.5
2026-07-14 21:15:00,31.3,56.2,5.0,3,61.3,5.1
2026-07-14 21:20:00,33.5,55.9,5.0,3,103.9,8.7
2026-07-14 21:25:00,31.8,60.5,5.0,3,134.8,11.2
2026-07-14 21:30:00,31.7,59.1,5.0,3,71.6,6.0
2026-07-14 21:35:00,33.3,57.3,5.0,3,73.9,6.2
2026-07-14 21:40:00,35.0,53.7,5.0,3,119.3,9.8
2026-07-14 21:45:00,34.1,56.7,5.0,3,10.0,0.8
2026-07-14 21:50:00,34.2,55.6,5.0,3,76.4,6.4
2026-07-14 21:55:00,33.3,55.9,5.0,3,130.2,10.8
2026-07-14 22:00:00,32.3,56.9,5.0,3,121.4,10.1
2026-07-14 22:05:00,34.0,57.6,4.0,3,38.9,3.2
2026-07-14 22:10:00,32.0,57.7,5.0,3,60.9,5.1
2026-07-14 22:15:00,34.0,57.3,4.0,3,10.0,0.8
2026-07-14 22:20:00,34.6,53.4,4.0,2,164.8,13.7
2026-07-14 22:25:00,31.6,60.4,5.0,3,36.7,3.1
2026-07-14 22:30:00,31.8,59.7,4.0,3,10.0,0.8
2026-07-14 22:35:00,32.0,58.7,6.0,3,83.7,7.0
2026-07-14 22:40:00,30.7,60.6,4.0,3,145.2,12.1
2026-07-14 22:45:00,32.1,60.8,5.0,3,40.5,3.4
2026-07-14 22:50:00,34.7,53.9,4.0,3,10.0,0.9
2026-07-14 22:55:00,31.3,59.9,4.0,3,180.7,15.0
2026-07-14 23:00:00,35.0,56.5,4.0,3,123.4,10.3
2026-07-14 23:05:00,31.8,60.5,4.0,3,28.0,2.3
2026-07-14 23:10:00,36.5,57.3,5.0,3,24.1,2.1
2026-07-14 23:15:00,31.3,60.6,4.0,3,183.9,15.3
2026-07-14 23:20:00,32.3,61.3,5.0,3,143.3,11.9
2026-07-14 23:25:00,30.9,62.1,5.0,2,196.0,16.3
2026-07-14 23:30:00,31.3,62.2,4.0,3,166.9,13.9
2026-07-14 23:35:00,35.0,57.9,5.0,3,10.0,0.8
2026-07-14 23:40:00,33.4,60.5,4.0,2,187.3,15.7
2026-07-14 23:45:00,34.5,59.6,4.0,3,152.8,12.7
2026-07-14 23:50:00,30.1,60.7,4.0,3,12.4,1.0
2026-07-14 23:55:00,33.8,59.4,4.0,3,10.0,0.8
2026-07-15 00:00:00,30.8,60.8,4.0,3,102.2,8.5
2026-07-15 00:05:00,30.3,63.4,4.0,3,147.4,12.3
2026-07-15 00:10:00,32.3,61.0,4.0,3,108.0,9.0
2026-07-15 00:15:00,32.3,59.4,4.0,3,112.0,9.3
2026-07-15 00:20:00,32.1,59.4,4.0,3,10.0,0.8
2026-07-15 00:25:00,32.9,60.7,4.0,3,10.0,0.8
2026-07-15 00:30:00,33.1,61.1,4.0,3,144.5,11.9
2026-07-15 00:35:00,33.8,59.1,5.0,3,126.1,10.6
2026-07-15 00:40:00,30.5,62.2,5.0,3,61.6,5.1
2026-07-15 00:45:00,33.9,60.4,6.0,3,65.1,5.4
2026-07-15 00:50:00,34.4,58.0,4.0,3,113.2,9.4
2026-07-15 00:55:00,31.6,60.5,5.0,2,35.8,3.0
2026-07-15 01:00:00,29.8,63.3,4.0,3,67.9,5.7
2026-07-15 01:05:00,30.1,61.3,4.0,3,166.9,13.9
2026-07-15 01:10:00,30.9,63.9,4.0,3,170.7,14.2
2026-07-15 01:15:00,33.2,57.3,5.0,3,97.1,8.1
2026-07-15 01:20:00,31.4,60.5,5.0,3,84.9,7.1
2026-07-15 01:25:00,30.8,64.4,5.0,3,128.3,10.7
2026-07-15 01:30:00,30.7,58.1,5.0,3,10.0,0.8
2026-07-15 01:35:00,30.1,62.4,5.0,3,99.2,8.4
2026-07-15 01:40:00,32.1,58.3,4.0,3,10.0,0.8
2026-07-15 01:45:00,31.3,60.5,5.0,3,142.0,11.8
2026-07-15 01:50:00,33.3,55.8,4.0,3,184.5,15.4
2026-07-15 01:55:00,31.9,59.1,5.0,3,10.0,0.8
2026-07-15 02:00:00,31.8,59.7,4.0,3,164.3,13.7
2026-07-15 02:05:00,30.6,62.0,4.0,3,95.7,8.0
2026-07-15 02:10:00,29.6,65.1,4.0,3,148.7,12.4
2026-07-15 02:15:00,29.9,56.9,4.0,3,192.6,16.0
2026-07-15 02:20:00,29.3,63.1,5.0,2,5.0,0.4
2026-07-15 02:25:00,31.9,59.1,4.0,3,124.4,10.4
2026-07-15 02:30:00,30.4,61.6,4.0,3,117.3,9.8
2026-07-15 02:35:00,31.9,59.6,4.0,3,10.0,0.8
2026-07-15 02:40:00,31.0,58.9,4.0,3,28.2,2.3
2026-07-15 02:45:00,30.5,57.9,4.0,2,137.0,11.4
2026-07-15 02:50:00,29.6,63.5,4.0,3,281.3,23.4
2026-07-15 02:55:00,31.2,58.2,5.0,3,192.6,16.0
2026-07-15 03:00:00,30.2,62.8,4.0,3,145.8,12.2
2026-07-15 03:05:00,31.3,57.8,4.0,3,20.7,1.7
2026-07-15 03:10:00,29.6,64.5,4.0,2,191.3,15.9
2026-07-15 03:15:00,31.0,60.4,4.0,3,136.3,11.4
2026-07-15 03:20:00,32.1,58.8,4.0,3,66.8,5.6
2026-07-15 03:25:00,30.7,60.5,4.0,3,301.0,25.1
2026-07-15 03:30:00,31.2,59.3,4.0,3,226.9,18.9
2026-07-15 03:35:00,31.0,60.0,4.0,3,31.7,2.7
2026-07-15 03:40:00,32.4,61.1,4.0,3,40.5,3.4
2026-07-15 03:45:00,30.8,57.2,4.0,3,85.1,7.1
2026-07-15 03:50:00,31.1,58.8,4.0,3,218.5,18.2
2026-07-15 03:55:00,30.4,64.1,4.0,2,137.4,11.3
2026-07-15 04:00:00,29.4,65.5,5.0,3,201.9,16.8
2026-07-15 04:05:00,28.9,67.8,4.0,3,10.0,0.8
2026-07-15 04:10:00,31.5,59.6,4.0,3,142.0,11.8
2026-07-15 04:15:00,29.2,60.3,4.0,3,207.4,17.3
2026-07-15 04:20:00,31.0,57.7,4.0,2,5.0,0.4
2026-07-15 04:25:00,30.6,60.5,6.0,3,86.3,7.2
2026-07-15 04:30:00,31.2,62.3,4.0,3,153.6,12.8
2026-07-15 04:35:00,29.7,62.2,4.0,3,272.0,22.7
2026-07-15 04:40:00,29.4,62.5,4.0,2,258.7,21.6
2026-07-15 04:45:00,30.6,62.4,5.0,3,227.8,19.0
2026-07-15 04:50:00,29.9,62.6,4.0,3,148.1,12.3
2026-07-15 04:55:00,28.9,63.1,5.0,3,134.9,11.3
2026-07-15 05:00:00,31.9,57.5,5.0,3,101.9,8.5
2026-07-15 05:05:00,29.4,65.5,5.0,3,154.3,13.0
2026-07-15 05:10:00,29.2,66.0,5.0,3,87.8,7.3
2026-07-15 05:15:00,29.9,60.5,5.0,3,197.8,16.5
2026-07-15 05:20:00,31.2,59.8,6.0,3,14.7,1.2
2026-07-15 05:25:00,28.1,67.0,6.0,3,51.0,4.2
2026-07-15 05:30:00,31.2,58.3,6.0,3,69.8,5.8
2026-07-15 05:35:00,29.2,64.6,4.0,3,213.4,17.8
2026-07-15 05:40:00,30.3,61.4,4.0,3,175.5,14.6
2026-07-15 05:45:00,29.5,60.8,4.0,3,131.9,11.0
2026-07-15 05:50:00,31.9,63.3,5.0,3,136.2,11.3
2026-07-15 05:55:00,30.2,61.5,4.0,3,10.0,0.8
2026-07-15 06:00:00,29.2,65.0,5.0,2,58.0,4.8
2026-07-15 06:05:00,29.5,61.2,6.0,1,111.3,9.3
2026-07-15 06:10:00,29.9,65.9,6.0,3,162.5,13.5
2026-07-15 06:15:00,30.0,66.6,6.0,3,10.0,0.8
2026-07-15 06:20:00,30.2,59.4,6.0,1,112.1,9.3
2026-07-15 06:25:00,29.8,62.7,5.0,3,45.0,3.8
2026-07-15 06:30:00,28.6,67.5,5.0,3,378.2,31.5
2026-07-15 06:35:00,29.5,62.5,6.0,1,174.5,14.5
2026-07-15 06:40:00,30.4,62.9,6.0,3,147.1,12.3
2026-07-15 06:45:00,29.2,60.5,6.0,1,85.2,7.1
2026-07-15 06:50:00,30.4,60.5,6.0,1,71.0,5.9
2026-07-15 06:55:00,29.8,63.6,5.0,1,87.5,7.3
2026-07-15 07:00:00,29.2,62.4,6.0,0,3.5,0.3
2026-07-15 07:05:00,30.7,60.6,5.0,0,6.6,0.5
2026-07-15 07:10:00,27.5,62.7,6.0,0,5.8,0.5
2026-07-15 07:15:00,28.7,66.1,7.0,1,45.3,3.9
2026-07-15 07:20:00,30.8,58.1,7.0,3,115.7,9.6
2026-07-15 07:25:00,31.4,64.1,6.0,2,165.8,13.8
2026-07-15 07:30:00,31.9,58.0,6.0,0,4.2,0.4
2026-07-15 07:35:00,29.5,65.2,7.0,1,60.9,5.1
2026-07-15 07:40:00,29.9,64.4,4.0,3,83.4,7.1
2026-07-15 07:45:00,30.3,59.7,7.0,1,25.1,2.1
2026-07-15 07:50:00,30.8,60.0,6.0,0,9.2,0.8
2026-07-15 07:55:00,29.8,61.8,6.0,0,3.5,0.3
2026-07-15 08:00:00,30.3,61.1,5.0,0,5.4,0.4
2026-07-15 08:05:00,29.8,59.7,4.0,3,212.7,17.7
2026-07-15 08:10:00,29.9,63.9,9.0,1,130.2,10.8
2026-07-15 08:15:00,28.3,63.4,7.0,0,7.9,0.7
2026-07-15 08:20:00,28.9,63.9,6.0,0,5.8,0.5
2026-07-15 08:25:00,28.7,66.9,7.0,3,10.0,0.8
2026-07-15 08:30:00,28.0,66.9,6.0,1,16.7,1.4
2026-07-15 08:35:00,27.4,64.9,4.0,0,3.5,0.3
2026-07-15 08:40:00,28.8,66.8,6.0,0,8.4,0.7
2026-07-15 08:45:00,29.0,65.6,4.0,0,3.5,0.3
2026-07-15 08:50:00,29.4,61.7,7.0,3,53.3,4.4
2026-07-15 08:55:00,29.9,61.4,9.0,0,3.5,0.3
2026-07-15 09:00:00,30.1,64.8,5.0,0,7.4,0.6
2026-07-15 09:05:00,29.6,65.1,8.0,0,3.6,0.3
2026-07-15 09:10:00,28.9,60.6,5.0,0,5.0,0.3
2026-07-15 09:15:00,30.9,58.8,6.0,0,3.6,0.3
2026-07-15 09:20:00,29.8,64.6,5.0,0,5.6,0.5
2026-07-15 09:25:00,29.4,60.7,7.0,1,25.8,2.2
2026-07-15 09:30:00,29.7,65.0,9.0,0,7.9,0.7
2026-07-15 09:35:00,29.1,68.6,7.0,3,204.4,17.0
2026-07-15 09:40:00,29.3,64.5,7.0,3,102.8,8.7
2026-07-15 09:45:00,29.3,61.4,7.0,0,3.5,0.3
2026-07-15 09:50:00,29.6,63.6,6.0,0,6.0,0.6
2026-07-15 09:55:00,30.6,64.2,9.0,0,3.5,0.3
2026-07-15 10:00:00,31.3,61.1,6.0,0,9.7,0.8
2026-07-15 10:05:00,32.6,60.2,4.0,1,54.8,4.6
2026-07-15 10:10:00,32.2,57.9,5.0,3,137.2,11.4
2026-07-15 10:15:00,33.1,56.9,7.0,0,3.7,0.3
2026-07-15 10:20:00,31.5,62.6,6.0,3,49.5,4.1
2026-07-15 10:25:00,31.5,59.1,6.0,3,154.3,12.9
2026-07-15 10:30:00,30.3,56.6,6.0,0,6.6,0.4
2026-07-15 10:35:00,31.8,59.6,6.0,0,6.1,0.5
2026-07-15 10:40:00,30.1,63.2,8.0,3,55.7,4.7
2026-07-15 10:45:00,29.2,66.1,8.0,0,5.8,0.5
2026-07-15 10:50:00,32.6,62.8,5.0,3,10.0,0.8
2026-07-15 10:55:00,29.5,63.6,7.0,0,4.6,0.3
2026-07-15 11:00:00,32.8,60.0,6.0,0,3.5,0.3
2026-07-15 11:05:00,31.4,60.8,4.0,0,8.4,0.7
2026-07-15 11:10:00,33.6,58.0,7.0,0,3.6,0.3
2026-07-15 11:15:00,33.7,56.6,9.0,0,5.3,0.4
2026-07-15 11:20:00,32.9,59.2,5.0,0,4.8,0.4
2026-07-15 11:25:00,33.7,55.3,6.0,1,12.1,1.0
2026-07-15 11:30:00,32.3,63.9,4.0,0,7.5,0.6
2026-07-15 11:35:00,34.8,49.6,6.0,0,10.0,0.8
2026-07-15 11:40:00,33.1,59.3,6.0,1,33.8,2.9
2026-07-15 11:45:00,31.3,61.5,9.0,3,189.7,15.8
2026-07-15 11:50:00,32.4,59.9,5.0,3,23.2,1.9
2026-07-15 11:55:00,32.1,56.6,7.0,0,4.1,0.2
2026-07-15 12:00:00,33.1,53.7,7.0,0,5.8,0.5
2026-07-15 12:05:00,31.5,62.0,10.0,0,7.7,0.7
2026-07-15 12:10:00,33.8,60.2,7.0,0,8.2,0.7
2026-07-15 12:15:00,31.8,60.5,6.0,0,5.2,0.4
2026-07-15 12:20:00,30.5,64.0,8.0,3,10.0,0.7
2026-07-15 12:25:00,33.0,57.0,7.0,1,48.0,3.9
2026-07-15 12:30:00,32.5,59.7,8.0,3,15.2,1.3
2026-07-15 12:35:00,32.4,62.1,7.0,0,5.3,0.4
2026-07-15 12:40:00,29.9,62.2,4.0,3,107.4,9.0
2026-07-15 12:45:00,32.4,62.0,7.0,3,36.6,2.9
2026-07-15 12:50:00,33.2,53.7,7.0,0,8.1,0.7
2026-07-15 12:55:00,32.6,57.2,5.0,0,3.5,0.4
2026-07-15 13:00:00,34.4,57.0,6.0,2,5.0,0.4
2026-07-15 13:05:00,35.6,58.6,4.0,0,7.3,0.6
2026-07-15 13:10:00,34.6,55.3,6.0,0,3.9,0.3
2026-07-15 13:15:00,35.2,51.6,7.0,3,265.4,22.1
2026-07-15 13:20:00,35.3,59.0,7.0,0,5.8,0.5
2026-07-15 13:25:00,32.8,57.8,7.0,0,5.6,0.5
2026-07-15 13:30:00,34.5,57.2,5.0,0,4.3,0.4
2026-07-15 13:35:00,35.1,53.6,5.0,1,103.2,8.6
2026-07-15 13:40:00,33.5,57.4,7.0,1,10.0,0.8
2026-07-15 13:45:00,33.1,56.2,6.0,3,200.2,16.6
2026-07-15 13:50:00,34.6,61.1,7.0,1,40.0,3.3
2026-07-15 13:55:00,32.3,62.0,8.0,3,112.8,9.4
2026-07-15 14:00:00,33.2,61.1,5.0,2,208.1,17.2
2026-07-15 14:05:00,33.8,54.3,8.0,2,177.0,14.8
2026-07-15 14:10:00,35.4,49.9,6.0,3,21.0,1.8
2026-07-15 14:15:00,35.1,53.9,7.0,1,79.4,6.6
2026-07-15 14:20:00,36.2,59.4,6.0,2,65.5,5.5
2026-07-15 14:25:00,33.4,55.9,6.0,2,199.6,16.6
2026-07-15 14:30:00,33.4,59.2,5.0,1,89.0,7.4
2026-07-15 14:35:00,35.5,51.7,6.0,2,113.5,9.5
2026-07-15 14:40:00,33.6,54.4,7.0,2,164.6,13.6
2026-07-15 14:45:00,33.9,55.9,7.0,3,187.3,15.6
2026-07-15 14:50:00,32.1,63.2,7.0,2,90.3,7.5
2026-07-15 14:55:00,35.2,57.2,6.0,2,44.1,3.7
2026-07-15 15:00:00,37.7,48.0,8.0,3,130.6,11.0
2026-07-15 15:05:00,34.2,57.0,7.0,2,240.9,20.1
2026-07-15 15:10:00,37.0,49.9,7.0,1,189.5,15.8
2026-07-15 15:15:00,35.5,52.6,7.0,2,136.5,11.4
2026-07-15 15:20:00,33.2,57.8,6.0,2,5.0,0.4
2026-07-15 15:25:00,34.4,58.4,7.0,2,111.3,9.3
2026-07-15 15:30:00,34.3,58.4,7.0,2,154.3,12.9
2026-07-15 15:35:00,35.2,55.1,8.0,2,186.5,15.5
2026-07-15 15:40:00,36.2,54.0,8.0,2,266.8,22.2
2026-07-15 15:45:00,38.1,54.1,6.0,2,148.4,12.4
2026-07-15 15:50:00,33.6,52.7,6.0,2,43.0,3.5
2026-07-15 15:55:00,34.9,58.8,8.0,1,135.2,11.3
2026-07-15 16:00:00,34.8,52.9,6.0,2,83.0,6.9
2026-07-15 16:05:00,34.2,55.8,9.0,3,41.5,3.5
2026-07-15 16:10:00,36.3,51.9,6.0,3,124.3,10.4
2026-07-15 16:15:00,36.1,50.6,7.0,2,201.7,16.7
2026-07-15 16:20:00,33.4,57.2,8.0,2,45.6,3.8
2026-07-15 16:25:00,36.2,53.7,6.0,2,116.0,9.7
2026-07-15 16:30:00,34.3,54.9,6.0,2,62.4,5.2
2026-07-15 16:35:00,36.1,52.9,5.0,2,75.4,6.3
2026-07-15 16:40:00,38.0,54.7,9.0,2,82.1,6.8
2026-07-15 16:45:00,36.8,57.5,8.0,3,122.1,10.2
2026-07-15 16:50:00,36.4,55.8,8.0,2,117.7,9.8
2026-07-15 16:55:00,35.3,54.7,8.0,2,89.2,7.3
2026-07-15 17:00:00,36.3,48.3,8.0,2,5.0,0.4
2026-07-15 17:05:00,37.2,53.6,7.0,2,195.8,16.3
2026-07-15 17:10:00,37.0,54.0,11.0,3,36.5,3.0
2026-07-15 17:15:00,36.0,55.4,4.0,2,186.6,15.6
2026-07-15 17:20:00,36.6,49.4,5.0,3,10.0,0.8
2026-07-15 17:25:00,33.9,57.9,12.0,6,197.0,16.4
2026-07-15 17:30:00,34.9,58.8,9.0,2,116.2,9.7
2026-07-15 17:35:00,37.5,48.8,4.0,2,197.8,16.5
2026-07-15 17:40:00,37.7,53.3,9.0,2,157.9,13.2
2026-07-15 17:45:00,36.4,50.5,4.0,3,209.5,17.5
2026-07-15 17:50:00,38.8,49.8,12.0,2,162.2,13.5
2026-07-15 17:55:00,37.1,49.3,11.0,2,125.5,10.5
2026-07-15 18:00:00,34.8,53.6,9.0,3,167.3,13.9
2026-07-15 18:05:00,33.1,55.5,6.0,3,91.7,7.6
2026-07-15 18:10:00,37.7,52.5,4.0,2,159.2,13.3
2026-07-15 18:15:00,36.6,55.0,5.0,3,150.1,12.5
2026-07-15 18:20:00,38.3,54.0,5.0,2,20.0,1.7
2026-07-15 18:25:00,39.0,48.2,6.0,3,182.4,15.2
2026-07-15 18:30:00,33.0,57.5,4.0,3,67.6,5.6
2026-07-15 18:35:00,33.0,53.5,6.0,3,75.3,6.3
2026-07-15 18:40:00,30.3,59.2,5.0,2,74.7,6.2
2026-07-15 18:45:00,36.8,52.5,5.0,3,257.7,21.5
2026-07-15 18:50:00,36.4,50.3,8.0,3,46.6,3.9
2026-07-15 18:55:00,35.4,55.4,7.0,3,269.7,22.5
2026-07-15 19:00:00,32.9,56.8,6.0,3,399.4,33.3
2026-07-15 19:05:00,34.5,55.6,6.0,3,128.1,10.7
2026-07-15 19:10:00,34.9,57.6,5.0,3,10.0,0.8
2026-07-15 19:15:00,35.7,52.9,5.0,3,96.2,8.0
2026-07-15 19:20:00,35.0,56.6,4.0,3,111.6,9.3
2026-07-15 19:25:00,35.5,57.4,5.0,3,97.7,8.1
2026-07-15 19:30:00,34.4,58.6,5.0,3,219.7,18.3
2026-07-15 19:35:00,36.2,52.8,5.0,3,62.4,5.2
2026-07-15 19:40:00,35.5,51.9,6.0,3,144.7,12.1
2026-07-15 19:45:00,33.0,55.4,5.0,3,140.1,11.7
2026-07-15 19:50:00,36.5,49.3,5.0,3,143.0,11.9
2026-07-15 19:55:00,36.3,54.7,5.0,3,22.3,1.9
2026-07-15 20:00:00,34.7,57.3,5.0,3,186.8,15.6
2026-07-15 20:05:00,34.4,56.3,6.0,3,16.3,1.4
2026-07-15 20:10:00,36.4,51.1,5.0,3,139.6,11.6
2026-07-15 20:15:00,31.7,58.1,5.0,3,149.5,12.5
2026-07-15 20:20:00,35.8,57.5,5.0,3,17.1,1.4
2026-07-15 20:25:00,33.3,58.5,5.0,3,10.2,0.8
2026-07-15 20:30:00,35.6,56.5,5.0,3,73.8,6.1
2026-07-15 20:35:00,34.2,63.2,5.0,3,203.1,16.9
2026-07-15 20:40:00,32.2,59.0,6.0,3,142.4,11.9
2026-07-15 20:45:00,33.3,52.7,5.0,3,197.0,16.4
2026-07-15 20:50:00,35.4,52.7,4.0,3,203.9,17.0
2026-07-15 20:55:00,33.7,57.4,6.0,3,170.8,14.2
2026-07-15 21:00:00,32.5,58.4,5.0,3,101.9,8.5
2026-07-15 21:05:00,32.5,58.0,4.0,3,10.0,0.8
2026-07-15 21:10:00,34.4,56.4,5.0,3,165.2,13.8
2026-07-15 21:15:00,36.0,53.7,6.0,3,311.3,25.8
2026-07-15 21:20:00,30.2,61.1,4.0,3,39.7,3.3
2026-07-15 21:25:00,37.6,56.4,5.0,2,5.0,0.4
2026-07-15 21:30:00,33.7,60.6,5.0,3,101.6,8.5
2026-07-15 21:35:00,34.3,60.0,5.0,3,261.4,21.7
2026-07-15 21:40:00,32.8,56.3,6.0,3,151.7,12.6
2026-07-15 21:45:00,33.4,57.5,5.0,3,146.5,12.2
2026-07-15 21:50:00,33.7,56.7,5.0,3,68.3,5.8
2026-07-15 21:55:00,31.9,60.0,5.0,3,130.0,10.8
2026-07-15 22:00:00,31.6,59.3,4.0,3,122.5,10.2
2026-07-15 22:05:00,34.5,56.4,4.0,3,141.2,11.8
2026-07-15 22:10:00,30.5,63.2,4.0,3,10.0,0.8
2026-07-15 22:15:00,33.4,58.0,4.0,3,317.4,26.4
2026-07-15 22:20:00,32.2,59.2,4.0,3,106.5,8.9
2026-07-15 22:25:00,31.3,60.5,5.0,3,16.8,1.4
2026-07-15 22:30:00,35.6,57.1,5.0,3,43.1,3.6
2026-07-15 22:35:00,31.3,61.0,5.0,3,10.0,0.8
2026-07-15 22:40:00,31.1,62.9,6.0,3,82.6,6.9
2026-07-15 22:45:00,32.5,56.2,6.0,3,76.7,6.4
2026-07-15 22:50:00,31.6,60.1,4.0,3,191.6,16.0
2026-07-15 22:55:00,32.7,58.3,5.0,3,10.0,0.7
2026-07-15 23:00:00,32.8,59.3,4.0,2,7.7,0.6
2026-07-15 23:05:00,32.9,60.8,5.0,3,10.0,0.8
2026-07-15 23:10:00,32.3,62.0,4.0,3,10.0,0.8
2026-07-15 23:15:00,31.2,59.8,4.0,3,136.9,11.4
2026-07-15 23:20:00,33.7,61.8,5.0,2,197.7,16.6
2026-07-15 23:25:00,32.3,57.9,4.0,3,164.7,13.7
2026-07-15 23:30:00,31.6,61.3,4.0,3,10.0,0.8
2026-07-15 23:35:00,35.2,57.1,4.0,3,141.8,11.8
2026-07-15 23:40:00,32.3,59.1,4.0,3,42.2,3.5
2026-07-15 23:45:00,34.5,58.9,5.0,3,196.3,16.4
2026-07-15 23:50:00,34.8,58.0,5.0,2,132.9,11.1
2026-07-15 23:55:00,34.9,54.3,4.0,3,274.1,22.8
2026-07-16 00:00:00,32.8,60.3,5.0,3,10.0,0.8
2026-07-16 00:05:00,31.9,61.3,4.0,3,54.1,4.5
2026-07-16 00:10:00,31.8,60.0,4.0,3,195.7,16.3
2026-07-16 00:15:00,31.6,60.1,6.0,3,196.2,16.4
2026-07-16 00:20:00,29.2,61.8,4.0,3,91.9,7.7
2026-07-16 00:25:00,32.8,57.1,5.0,3,186.4,15.5
2026-07-16 00:30:00,32.2,57.4,4.0,3,146.6,12.2
2026-07-16 00:35:00,32.9,60.5,4.0,3,191.5,16.0
2026-07-16 00:40:00,31.8,61.7,4.0,3,197.5,16.5
2026-07-16 00:45:00,32.7,60.4,4.0,3,94.1,7.8
2026-07-16 00:50:00,30.2,62.0,5.0,3,178.6,14.9
2026-07-16 00:55:00,30.5,62.4,5.0,3,95.2,7.9
2026-07-16 01:00:00,29.0,64.7,4.0,3,182.0,15.2
2026-07-16 01:05:00,31.1,59.4,4.0,3,39.7,3.3
2026-07-16 01:10:00,30.5,61.9,5.0,3,144.3,12.0
2026-07-16 01:15:00,30.4,61.1,4.0,3,142.3,11.9
2026-07-16 01:20:00,31.6,59.6,4.0,3,188.5,15.7
2026-07-16 01:25:00,30.9,62.9,4.0,3,95.1,7.9
2026-07-16 01:30:00,29.9,65.0,5.0,3,22.2,1.9
2026-07-16 01:35:00,33.6,53.5,4.0,3,98.3,8.2
2026-07-16 01:40:00,31.2,60.2,4.0,3,10.0,0.8
2026-07-16 01:45:00,30.3,61.3,4.0,3,68.0,5.7
2026-07-16 01:50:00,30.6,63.4,4.0,3,10.0,0.8
2026-07-16 01:55:00,31.1,58.3,4.0,3,111.8,9.3
2026-07-16 02:00:00,30.6,54.3,4.0,3,201.6,16.8
2026-07-16 02:05:00,32.2,61.0,5.0,2,61.5,5.1
2026-07-16 02:10:00,30.7,63.6,4.0,3,188.0,15.7
2026-07-16 02:15:00,32.9,53.7,4.0,3,10.0,0.8
2026-07-16 02:20:00,30.3,61.6,5.0,3,127.0,10.6
2026-07-16 02:25:00,31.3,64.1,4.0,3,325.8,27.2
2026-07-16 02:30:00,31.9,56.9,4.0,3,55.9,4.7
2026-07-16 02:35:00,32.1,59.5,5.0,3,146.4,12.2
2026-07-16 02:40:00,32.2,60.3,4.0,3,211.8,17.6
2026-07-16 02:45:00,30.5,58.2,4.0,3,10.0,0.8
2026-07-16 02:50:00,30.8,59.8,4.0,3,137.5,11.5
2026-07-16 02:55:00,28.0,61.3,5.0,3,189.2,15.8
2026-07-16 03:00:00,30.1,61.6,4.0,3,76.0,6.3
2026-07-16 03:05:00,31.4,58.0,5.0,3,10.0,0.8
2026-07-16 03:10:00,31.2,60.7,5.0,3,216.1,18.0
2026-07-16 03:15:00,30.2,63.4,4.0,3,10.0,0.8
2026-07-16 03:20:00,32.1,62.1,4.0,3,10.0,0.8
2026-07-16 03:25:00,29.9,67.9,4.0,3,10.0,0.8
2026-07-16 03:30:00,29.6,63.3,5.0,3,68.2,5.7
2026-07-16 03:35:00,29.8,61.7,4.0,3,10.0,0.8
2026-07-16 03:40:00,29.1,62.7,4.0,3,10.0,0.8
2026-07-16 03:45:00,31.0,58.2,4.0,3,42.7,3.6
2026-07-16 03:50:00,30.6,62.3,5.0,3,221.8,18.4
2026-07-16 03:55:00,30.9,59.5,4.0,2,24.9,2.1
2026-07-16 04:00:00,29.7,64.2,4.0,3,145.4,12.1
2026-07-16 04:05:00,30.1,59.8,4.0,3,125.2,10.5
2026-07-16 04:10:00,27.8,65.0,4.0,3,250.8,20.9
2026-07-16 04:15:00,30.5,62.6,5.0,3,255.9,21.3
2026-07-16 04:20:00,30.2,61.7,4.0,3,21.4,1.8
2026-07-16 04:25:00,29.0,59.1,4.0,3,15.9,1.3
2026-07-16 04:30:00,30.0,62.3,4.0,3,48.0,4.0
2026-07-16 04:35:00,29.8,60.6,4.0,3,127.7,10.6
2026-07-16 04:40:00,32.0,62.0,4.0,3,229.3,19.1
2026-07-16 04:45:00,29.0,66.6,4.0,3,10.0,0.8
2026-07-16 04:50:00,30.5,55.6,4.0,3,97.8,8.1
2026-07-16 04:55:00,29.0,66.2,5.0,3,93.1,7.8
2026-07-16 05:00:00,29.5,64.2,4.0,3,234.4,19.5
2026-07-16 05:05:00,30.2,59.1,5.0,3,184.9,15.4
2026-07-16 05:10:00,29.8,64.7,6.0,3,11.3,0.9
2026-07-16 05:15:00,30.0,59.9,5.0,2,5.0,0.4
2026-07-16 05:20:00,30.3,64.5,4.0,3,178.5,14.9
2026-07-16 05:25:00,29.5,62.0,6.0,3,78.9,6.6
2026-07-16 05:30:00,30.8,58.1,5.0,3,129.6,10.8
2026-07-16 05:35:00,29.7,67.5,5.0,3,10.0,0.8
2026-07-16 05:40:00,29.9,59.5,5.0,3,10.0,0.8
2026-07-16 05:45:00,30.3,60.4,5.0,3,78.1,6.5
2026-07-16 05:50:00,30.2,61.0,5.0,3,16.5,1.4
2026-07-16 05:55:00,30.6,60.7,4.0,3,87.6,7.2
2026-07-16 06:00:00,30.0,64.1,5.0,3,45.0,3.8
2026-07-16 06:05:00,30.2,62.5,7.0,1,144.3,12.0
2026-07-16 06:10:00,29.4,65.6,4.0,3,109.2,9.1
2026-07-16 06:15:00,28.8,65.3,5.0,0,6.1,0.5
2026-07-16 06:20:00,28.4,61.8,7.0,1,10.0,0.8
2026-07-16 06:25:00,28.2,66.5,6.0,2,5.6,0.5
2026-07-16 06:30:00,31.3,61.1,6.0,3,127.0,10.7
2026-07-16 06:35:00,27.7,65.0,5.0,3,170.2,14.2
2026-07-16 06:40:00,30.8,65.6,5.0,3,169.3,14.1
2026-07-16 06:45:00,29.0,65.4,5.0,0,4.8,0.4
2026-07-16 06:50:00,30.8,63.3,6.0,3,222.5,18.6
2026-07-16 06:55:00,27.7,68.2,6.0,0,7.5,0.6
2026-07-16 07:00:00,29.1,62.9,6.0,1,81.1,6.8
2026-07-16 07:05:00,30.9,62.7,5.0,0,4.0,0.3
2026-07-16 07:10:00,30.1,63.2,5.0,0,3.5,0.3
2026-07-16 07:15:00,28.9,62.9,6.0,0,5.7,0.6
2026-07-16 07:20:00,27.2,63.9,6.0,0,5.4,0.4
2026-07-16 07:25:00,27.9,65.8,5.0,0,8.5,0.7
2026-07-16 07:30:00,30.9,62.6,4.0,0,5.4,0.4
2026-07-16 07:35:00,28.9,64.3,7.0,0,5.5,0.4
2026-07-16 07:40:00,29.2,63.3,5.0,0,3.5,0.2
2026-07-16 07:45:00,29.6,63.2,6.0,0,5.9,0.5
2026-07-16 07:50:00,27.9,65.1,5.0,3,113.8,9.5
2026-07-16 07:55:00,29.8,66.6,5.0,3,10.0,0.8
2026-07-16 08:00:00,28.7,65.1,7.0,1,95.2,7.9
2026-07-16 08:05:00,29.5,62.1,4.0,3,194.5,16.3
2026-07-16 08:10:00,28.6,60.3,4.0,0,3.5,0.3
2026-07-16 08:15:00,27.4,65.9,9.0,0,5.1,0.3
2026-07-16 08:20:00,28.7,63.1,8.0,0,3.7,0.3
2026-07-16 08:25:00,29.9,61.2,7.0,1,10.0,0.8
2026-07-16 08:30:00,29.6,65.4,4.0,1,53.7,4.5
2026-07-16 08:35:00,29.2,63.9,7.0,1,104.0,8.7
2026-07-16 08:40:00,30.2,58.2,6.0,0,6.5,0.5
2026-07-16 08:45:00,29.0,65.5,5.0,0,5.3,0.4
2026-07-16 08:50:00,29.3,59.8,6.0,0,7.8,0.6
2026-07-16 08:55:00,28.7,66.1,4.0,0,3.5,0.3
2026-07-16 09:00:00,30.8,60.2,4.0,0,5.6,0.5
2026-07-16 09:05:00,30.1,62.6,7.0,1,106.7,8.9
2026-07-16 09:10:00,29.2,63.7,7.0,1,126.2,10.5
2026-07-16 09:15:00,28.1,65.1,7.0,0,5.7,0.5
2026-07-16 09:20:00,31.0,61.6,8.0,1,71.4,6.0
2026-07-16 09:25:00,29.0,64.3,7.0,0,5.2,0.4
2026-07-16 09:30:00,29.9,67.2,9.0,0,7.7,0.6
2026-07-16 09:35:00,32.4,59.5,8.0,1,39.1,3.3
2026-07-16 09:40:00,30.7,62.1,6.0,3,129.9,10.8
2026-07-16 09:45:00,31.6,58.5,7.0,1,94.2,7.8
2026-07-16 09:50:00,29.2,64.7,7.0,0,5.3,0.4
2026-07-16 09:55:00,31.0,58.6,4.0,0,3.5,0.3
2026-07-16 10:00:00,30.8,64.1,7.0,3,175.0,14.6
2026-07-16 10:05:00,31.2,57.8,7.0,0,6.3,0.5
2026-07-16 10:10:00,33.1,56.6,4.0,3,178.8,14.9
2026-07-16 10:15:00,30.5,58.4,8.0,0,9.1,0.8
2026-07-16 10:20:00,30.8,62.5,6.0,0,4.1,0.3
2026-07-16 10:25:00,29.8,62.0,6.0,0,5.3,0.4
2026-07-16 10:30:00,31.8,61.8,6.0,0,5.9,0.5
2026-07-16 10:35:00,30.1,60.4,6.0,0,7.4,0.7
2026-07-16 10:40:00,31.9,61.3,9.0,0,7.0,0.6
2026-07-16 10:45:00,28.9,65.5,6.0,3,80.7,6.7
2026-07-16 10:50:00,31.4,61.3,6.0,3,79.4,6.6
2026-07-16 10:55:00,30.0,62.8,6.0,3,285.2,23.8
2026-07-16 11:00:00,33.0,58.4,5.0,0,5.7,0.5
2026-07-16 11:05:00,32.2,57.1,7.0,0,4.6,0.4
2026-07-16 11:10:00,31.6,57.7,5.0,1,74.8,6.2
2026-07-16 11:15:00,31.8,61.2,7.0,3,10.0,0.8
2026-07-16 11:20:00,31.3,59.8,5.0,3,63.8,5.3
2026-07-16 11:25:00,33.1,59.0,5.0,0,4.5,0.3
2026-07-16 11:30:00,31.1,64.7,5.0,1,87.6,7.3
2026-07-16 11:35:00,31.9,58.7,5.0,0,6.4,0.5
2026-07-16 11:40:00,32.6,57.3,4.0,0,4.1,0.3
2026-07-16 11:45:00,34.0,55.8,4.0,1,10.0,0.8
2026-07-16 11:50:00,32.2,59.4,6.0,3,182.5,15.2
2026-07-16 11:55:00,32.0,61.1,4.0,0,3.5,0.3
2026-07-16 12:00:00,33.6,57.1,9.0,0,5.0,0.4
2026-07-16 12:05:00,30.9,66.6,6.0,0,4.4,0.4
2026-07-16 12:10:00,31.9,60.9,7.0,3,87.6,7.4
2026-07-16 12:15:00,32.8,60.4,7.0,0,4.7,0.4
2026-07-16 12:20:00,32.5,58.8,5.0,0,6.6,0.5
2026-07-16 12:25:00,31.5,63.0,6.0,0,5.7,0.5
2026-07-16 12:30:00,34.2,55.7,7.0,1,65.3,5.4
2026-07-16 12:35:00,33.5,55.7,7.0,0,5.0,0.4
2026-07-16 12:40:00,33.4,59.7,8.0,0,3.5,0.3
2026-07-16 12:45:00,32.5,58.7,5.0,0,4.7,0.4
2026-07-16 12:50:00,33.3,58.2,7.0,1,85.5,7.1
2026-07-16 12:55:00,33.8,59.3,5.0,0,3.5,0.3
2026-07-16 13:00:00,33.6,57.2,7.0,0,3.9,0.3
2026-07-16 13:05:00,34.4,55.2,7.0,3,54.1,4.5
2026-07-16 13:10:00,33.0,56.4,5.0,0,3.9,0.3
2026-07-16 13:15:00,34.0,59.0,6.0,0,5.5,0.5
2026-07-16 13:20:00,35.2,53.4,5.0,2,51.5,4.3
2026-07-16 13:25:00,35.3,54.0,7.0,0,5.6,0.5
2026-07-16 13:30:00,35.4,54.7,5.0,0,5.0,0.4
2026-07-16 13:35:00,34.2,56.6,6.0,0,3.5,0.3
2026-07-16 13:40:00,33.9,59.0,7.0,1,65.3,5.4
2026-07-16 13:45:00,33.4,57.0,6.0,0,3.5,0.2
2026-07-16 13:50:00,31.8,63.3,7.0,3,177.2,14.8
2026-07-16 13:55:00,32.3,58.3,6.0,0,8.2,0.7
2026-07-16 14:00:00,34.4,56.4,7.0,5,74.0,6.2
2026-07-16 14:05:00,34.5,54.9,6.0,0,3.8,0.3
2026-07-16 14:10:00,36.7,57.8,6.0,1,58.8,4.9
2026-07-16 14:15:00,36.5,52.2,5.0,1,58.7,4.9
2026-07-16 14:20:00,33.7,55.7,6.0,3,227.5,19.0
2026-07-16 14:25:00,35.8,54.1,6.0,1,23.0,1.9
2026-07-16 14:30:00,34.0,55.3,5.0,0,4.9,0.4
2026-07-16 14:35:00,35.6,54.8,5.0,2,5.0,0.4
2026-07-16 14:40:00,35.8,56.8,6.0,1,106.4,8.9
2026-07-16 14:45:00,36.4,53.5,7.0,2,170.4,14.2
2026-07-16 14:50:00,34.0,56.4,7.0,2,124.4,10.4
2026-07-16 14:55:00,36.1,52.9,7.0,0,4.5,0.4
2026-07-16 15:00:00,32.9,55.9,8.0,3,120.8,10.1
2026-07-16 15:05:00,37.3,52.3,6.0,2,132.6,11.0
2026-07-16 15:10:00,35.5,54.1,6.0,1,50.9,4.2
2026-07-16 15:15:00,35.5,56.7,7.0,2,149.6,12.5
2026-07-16 15:20:00,32.7,55.1,7.0,3,10.0,0.8
2026-07-16 15:25:00,35.0,57.8,8.0,2,97.4,8.1
2026-07-16 15:30:00,37.3,51.7,7.0,3,115.8,9.6
2026-07-16 15:35:00,34.9,55.1,8.0,1,10.0,0.9
2026-07-16 15:40:00,36.5,50.6,7.0,2,116.8,9.7
2026-07-16 15:45:00,35.5,55.3,7.0,2,96.6,8.1
2026-07-16 15:50:00,36.9,50.4,7.0,3,141.9,11.8
2026-07-16 15:55:00,35.8,54.6,7.0,1,35.7,3.0
2026-07-16 16:00:00,34.6,55.5,6.0,2,213.3,17.7
2026-07-16 16:05:00,36.1,52.5,8.0,3,13.5,1.1
2026-07-16 16:10:00,38.4,48.0,9.0,2,29.3,2.4
2026-07-16 16:15:00,36.8,57.4,8.0,2,164.7,13.7
2026-07-16 16:20:00,35.9,51.0,4.0,2,15.8,1.3
2026-07-16 16:25:00,39.4,50.3,8.0,2,9.0,0.8
2026-07-16 16:30:00,37.8,49.7,9.0,2,5.0,0.4
2026-07-16 16:35:00,37.3,54.3,6.0,3,241.6,20.0
2026-07-16 16:40:00,36.5,51.9,9.0,2,5.0,0.4
2026-07-16 16:45:00,37.1,50.4,7.0,3,154.1,12.8
2026-07-16 16:50:00,37.2,53.4,7.0,3,17.6,1.5
2026-07-16 16:55:00,32.7,53.9,8.0,2,119.6,10.0
2026-07-16 17:00:00,36.8,51.2,6.0,3,155.8,13.0
2026-07-16 17:05:00,35.8,55.4,11.0,3,154.1,12.8
2026-07-16 17:10:00,35.2,58.3,12.0,2,19.3,1.6
2026-07-16 17:15:00,35.8,50.7,6.0,3,49.9,4.1
2026-07-16 17:20:00,33.4,54.4,8.0,2,125.2,10.4
2026-07-16 17:25:00,32.9,57.6,13.0,3,10.0,0.8
2026-07-16 17:30:00,38.3,48.0,11.0,2,227.4,19.0
2026-07-16 17:35:00,36.9,56.0,4.0,2,64.0,5.3
2026-07-16 17:40:00,31.8,55.1,11.0,2,128.4,10.7
2026-07-16 17:45:00,35.1,53.0,4.0,3,79.4,6.6
2026-07-16 17:50:00,37.7,52.1,10.0,3,48.4,4.0
2026-07-16 17:55:00,35.6,53.8,6.0,3,128.8,10.7
2026-07-16 18:00:00,37.3,49.2,7.0,3,80.1,6.8
2026-07-16 18:05:00,36.9,56.9,6.0,3,149.6,12.5
2026-07-16 18:10:00,32.8,49.8,6.0,3,126.1,10.5
2026-07-16 18:15:00,34.9,51.4,7.0,2,180.4,15.0
2026-07-16 18:20:00,34.4,53.3,5.0,3,173.2,14.3
2026-07-16 18:25:00,32.7,54.3,5.0,3,158.4,13.2
2026-07-16 18:30:00,32.6,60.2,7.0,3,195.5,16.3
2026-07-16 18:35:00,33.7,51.3,6.0,3,26.9,2.2
2026-07-16 18:40:00,34.0,59.6,5.0,3,200.2,16.7
2026-07-16 18:45:00,35.6,52.9,6.0,3,280.1,23.3
2026-07-16 18:50:00,36.9,48.6,6.0,3,215.3,17.9
2026-07-16 18:55:00,36.0,48.0,5.0,3,10.0,0.8
2026-07-16 19:00:00,35.5,53.6,5.0,3,253.3,21.1
2026-07-16 19:05:00,34.1,54.1,5.0,3,174.6,14.6
2026-07-16 19:10:00,35.3,54.9,6.0,3,196.8,16.4
2026-07-16 19:15:00,34.3,54.5,5.0,3,32.9,2.7
2026-07-16 19:20:00,33.9,58.2,4.0,3,10.0,0.8
2026-07-16 19:25:00,37.1,51.9,5.0,3,237.5,19.8
2026-07-16 19:30:00,31.3,58.1,5.0,3,62.2,5.3
2026-07-16 19:35:00,31.9,60.6,5.0,3,30.2,2.4
2026-07-16 19:40:00,35.0,55.2,5.0,3,10.0,0.8
2026-07-16 19:45:00,34.1,57.5,6.0,3,10.0,0.8
2026-07-16 19:50:00,32.5,60.3,6.0,3,105.1,8.8
2026-07-16 19:55:00,33.1,56.3,5.0,3,186.6,15.7
2026-07-16 20:00:00,32.6,58.0,6.0,3,131.8,11.0
2026-07-16 20:05:00,35.2,57.0,5.0,3,92.4,7.7
2026-07-16 20:10:00,35.6,49.7,6.0,3,225.2,18.9
2026-07-16 20:15:00,36.2,54.0,6.0,3,237.5,19.8
2026-07-16 20:20:00,31.6,58.5,5.0,3,22.6,1.9
2026-07-16 20:25:00,32.0,59.3,5.0,3,122.0,10.2
2026-07-16 20:30:00,31.9,57.0,6.0,3,116.3,9.7
2026-07-16 20:35:00,35.7,57.0,5.0,2,122.5,10.2
2026-07-16 20:40:00,34.5,54.4,5.0,3,77.5,6.5
2026-07-16 20:45:00,34.0,55.5,5.0,3,146.2,12.2
2026-07-16 20:50:00,34.2,54.9,5.0,3,236.2,19.7
2026-07-16 20:55:00,33.8,59.3,5.0,3,10.0,0.8
2026-07-16 21:00:00,31.7,55.1,4.0,2,109.7,9.1
2026-07-16 21:05:00,34.1,60.3,4.0,3,125.6,10.5
2026-07-16 21:10:00,33.0,60.7,4.0,3,118.1,9.7
2026-07-16 21:15:00,31.5,58.2,4.0,3,83.5,7.0
2026-07-16 21:20:00,34.2,58.8,4.0,3,172.6,14.3
2026-07-16 21:25:00,32.7,58.4,5.0,3,81.5,6.8
2026-07-16 21:30:00,33.7,60.4,4.0,3,40.9,3.4
2026-07-16 21:35:00,33.1,59.6,5.0,3,175.1,14.6
2026-07-16 21:40:00,34.6,60.6,6.0,3,10.0,0.8
2026-07-16 21:45:00,33.6,54.4,6.0,3,43.4,3.7
2026-07-16 21:50:00,32.0,59.2,4.0,3,30.8,2.6
2026-07-16 21:55:00,33.8,53.9,4.0,3,254.4,21.2
2026-07-16 22:00:00,33.2,57.0,4.0,3,118.0,9.8
2026-07-16 22:05:00,33.4,62.1,5.0,3,10.0,0.7
2026-07-16 22:10:00,34.1,58.1,5.0,3,127.3,10.6
2026-07-16 22:15:00,31.7,61.2,5.0,3,10.0,0.8
2026-07-16 22:20:00,33.6,58.6,4.0,3,130.0,10.8
2026-07-16 22:25:00,30.1,61.7,4.0,2,5.0,0.4
2026-07-16 22:30:00,32.5,57.7,5.0,3,10.0,0.9
2026-07-16 22:35:00,32.2,57.6,5.0,3,10.0,0.8
2026-07-16 22:40:00,34.8,55.5,4.0,3,167.8,14.0
2026-07-16 22:45:00,32.4,53.5,4.0,3,49.7,4.0
2026-07-16 22:50:00,33.5,57.6,4.0,3,215.7,18.0
2026-07-16 22:55:00,30.1,61.3,4.0,3,10.0,0.8
2026-07-16 23:00:00,31.7,59.5,4.0,3,155.9,13.0
2026-07-16 23:05:00,30.8,60.7,4.0,2,109.3,9.2
2026-07-16 23:10:00,37.0,58.2,4.0,3,61.7,5.1
2026-07-16 23:15:00,31.2,62.0,4.0,3,169.6,14.1
2026-07-16 23:20:00,32.5,58.1,4.0,3,67.9,5.7
2026-07-16 23:25:00,32.6,58.7,5.0,3,158.8,13.2
2026-07-16 23:30:00,29.4,62.8,4.0,3,80.6,6.7
2026-07-16 23:35:00,31.4,61.4,5.0,3,113.6,9.6
2026-07-16 23:40:00,33.1,61.6,5.0,3,220.4,18.4
2026-07-16 23:45:00,32.5,61.9,5.0,3,110.1,9.2
2026-07-16 23:50:00,28.1,66.0,4.0,3,49.9,4.2
2026-07-16 23:55:00,31.3,60.2,4.0,3,20.9,1.7
2026-07-17 00:00:00,33.2,61.4,4.0,3,148.0,12.3
2026-07-17 00:05:00,32.6,58.3,5.0,3,203.8,17.0
2026-07-17 00:10:00,33.4,62.3,5.0,3,163.9,13.7
2026-07-17 00:15:00,30.6,61.8,6.0,3,258.3,21.5
2026-07-17 00:20:00,33.5,59.7,4.0,3,131.0,10.9
2026-07-17 00:25:00,31.8,61.6,4.0,3,55.6,4.6
2026-07-17 00:30:00,33.9,56.7,5.0,3,225.1,18.8
2026-07-17 00:35:00,31.9,58.7,4.0,3,10.0,0.7
2026-07-17 00:40:00,29.3,62.4,4.0,3,34.1,2.8
2026-07-17 00:45:00,32.9,59.9,5.0,3,111.9,9.3
2026-07-17 00:50:00,31.3,63.5,4.0,3,14.9,1.2
2026-07-17 00:55:00,31.4,59.2,5.0,3,152.5,12.7
2026-07-17 01:00:00,29.9,64.9,4.0,3,67.0,5.6
2026-07-17 01:05:00,32.7,58.2,4.0,3,198.1,16.5
2026-07-17 01:10:00,30.7,60.8,4.0,3,148.0,12.3
2026-07-17 01:15:00,32.7,58.4,4.0,3,271.7,22.6
2026-07-17 01:20:00,30.8,60.6,5.0,3,10.0,0.8
2026-07-17 01:25:00,30.4,62.5,4.0,3,146.6,12.2
2026-07-17 01:30:00,32.4,58.4,5.0,3,116.6,9.7
2026-07-17 01:35:00,31.1,58.3,4.0,3,115.7,9.6
2026-07-17 01:40:00,31.2,60.2,5.0,3,68.3,5.7
2026-07-17 01:45:00,30.0,62.9,4.0,3,133.7,11.1
2026-07-17 01:50:00,30.8,58.7,4.0,3,10.0,0.8
2026-07-17 01:55:00,31.6,61.1,5.0,3,10.0,0.8
2026-07-17 02:00:00,29.3,66.3,4.0,2,147.6,12.3
2026-07-17 02:05:00,30.1,65.8,4.0,3,31.8,2.6
2026-07-17 02:10:00,30.3,62.7,4.0,3,10.0,0.8
2026-07-17 02:15:00,30.8,56.8,4.0,3,138.7,11.6
2026-07-17 02:20:00,32.4,60.3,4.0,3,16.9,1.5
2026-07-17 02:25:00,30.4,64.1,4.0,3,97.9,8.2
2026-07-17 02:30:00,30.0,60.7,4.0,3,129.5,10.8
2026-07-17 02:35:00,33.8,56.5,5.0,3,89.6,7.5
2026-07-17 02:40:00,30.3,63.1,4.0,3,161.6,13.5
2026-07-17 02:45:00,30.5,65.9,4.0,3,61.5,5.2
2026-07-17 02:50:00,30.3,61.3,4.0,3,97.3,8.1
2026-07-17 02:55:00,30.4,63.9,4.0,3,58.0,4.8
2026-07-17 03:00:00,30.3,62.4,4.0,3,185.1,15.4
2026-07-17 03:05:00,31.2,60.7,4.0,3,10.0,0.8
2026-07-17 03:10:00,30.7,64.2,4.0,3,135.7,11.3
2026-07-17 03:15:00,31.4,57.9,4.0,3,237.8,19.8
2026-07-17 03:20:00,31.3,60.6,5.0,3,144.3,12.0
2026-07-17 03:25:00,30.5,61.4,4.0,3,50.0,4.2
2026-07-17 03:30:00,30.7,57.4,4.0,3,132.1,11.0
2026-07-17 03:35:00,31.4,62.9,4.0,3,45.0,3.8
2026-07-17 03:40:00,29.1,65.6,4.0,3,198.4,16.5
2026-07-17 03:45:00,32.9,57.6,4.0,3,142.7,12.0
2026-07-17 03:50:00,29.7,62.0,4.0,3,117.1,9.9
2026-07-17 03:55:00,29.9,62.3,4.0,3,226.8,18.9
2026-07-17 04:00:00,28.8,66.3,5.0,3,108.9,9.2
2026-07-17 04:05:00,28.8,64.6,6.0,3,10.0,0.8
2026-07-17 04:10:00,31.1,58.7,6.0,3,108.0,9.0
2026-07-17 04:15:00,32.5,56.7,4.0,2,241.2,20.2
2026-07-17 04:20:00,29.5,63.2,5.0,3,78.1,6.5
2026-07-17 04:25:00,30.4,59.2,4.0,3,100.1,8.3
2026-07-17 04:30:00,30.3,62.7,6.0,3,146.3,12.3
2026-07-17 04:35:00,31.1,58.4,4.0,3,164.0,13.7
2026-07-17 04:40:00,32.4,55.7,4.0,3,10.0,0.9
2026-07-17 04:45:00,31.7,67.7,5.0,3,104.2,8.7
2026-07-17 04:50:00,29.8,67.8,4.0,3,85.1,7.1
2026-07-17 04:55:00,30.6,61.7,4.0,3,121.2,10.1
2026-07-17 05:00:00,30.5,63.6,6.0,3,139.3,11.6
2026-07-17 05:05:00,29.9,64.9,6.0,3,96.5,8.0
2026-07-17 05:10:00,28.9,64.2,4.0,3,10.0,0.8
2026-07-17 05:15:00,29.2,64.4,6.0,3,94.4,7.8
2026-07-17 05:20:00,31.0,60.4,4.0,2,71.4,6.0
2026-07-17 05:25:00,31.1,63.5,5.0,3,205.1,17.0
2026-07-17 05:30:00,29.8,65.6,7.0,3,10.0,0.8
2026-07-17 05:35:00,30.2,65.5,5.0,3,222.4,18.5
2026-07-17 05:40:00,31.1,61.4,5.0,2,195.3,16.3
2026-07-17 05:45:00,28.4,69.7,5.0,3,10.0,0.7
2026-07-17 05:50:00,29.5,63.2,6.0,3,120.1,9.9
2026-07-17 05:55:00,31.8,64.0,5.0,3,48.3,4.0
2026-07-17 06:00:00,30.0,61.7,6.0,0,7.2,0.6
2026-07-17 06:05:00,28.7,62.1,5.0,3,100.5,8.4
2026-07-17 06:10:00,29.8,67.0,5.0,0,6.1,0.5
2026-07-17 06:15:00,30.6,63.1,5.0,1,28.3,2.4
2026-07-17 06:20:00,27.4,67.7,5.0,3,166.4,13.9
2026-07-17 06:25:00,29.8,62.3,5.0,3,184.8,15.4
2026-07-17 06:30:00,29.3,62.1,4.0,3,214.9,17.9
2026-07-17 06:35:00,28.2,63.9,6.0,0,4.1,0.3
2026-07-17 06:40:00,29.8,63.3,6.0,3,10.0,0.8
2026-07-17 06:45:00,29.6,63.0,4.0,0,6.5,0.5
2026-07-17 06:50:00,29.7,59.3,5.0,3,24.7,2.1
2026-07-17 06:55:00,29.4,67.0,5.0,3,51.5,4.3
2026-07-17 07:00:00,28.2,64.3,5.0,1,49.4,4.1
2026-07-17 07:05:00,27.7,69.0,5.0,0,3.5,0.3
2026-07-17 07:10:00,28.5,63.2,7.0,0,5.3,0.4
2026-07-17 07:15:00,30.2,62.6,7.0,0,3.5,0.3
2026-07-17 07:20:00,29.5,65.7,5.0,0,6.1,0.4
2026-07-17 07:25:00,29.2,65.8,6.0,0,4.7,0.4
2026-07-17 07:30:00,28.1,64.8,7.0,0,5.0,0.4
2026-07-17 07:35:00,28.9,65.5,7.0,0,7.9,0.7
2026-07-17 07:40:00,30.1,64.0,6.0,1,33.9,2.8
2026-07-17 07:45:00,29.8,62.5,5.0,0,4.0,0.3
2026-07-17 07:50:00,28.8,61.7,4.0,3,35.6,3.0
2026-07-17 07:55:00,26.4,66.6,5.0,0,4.1,0.4
2026-07-17 08:00:00,28.4,64.0,4.0,0,3.5,0.3
2026-07-17 08:05:00,28.6,64.7,9.0,0,5.6,0.5
2026-07-17 08:10:00,28.1,69.2,6.0,0,5.4,0.4
2026-07-17 08:15:00,28.7,66.6,6.0,0,7.0,0.6
2026-07-17 08:20:00,30.1,60.4,5.0,0,5.4,0.4
2026-07-17 08:25:00,29.1,68.3,4.0,0,6.2,0.5
2026-07-17 08:30:00,30.3,61.9,8.0,0,6.5,0.6
2026-07-17 08:35:00,27.5,67.9,7.0,0,6.2,0.5
2026-07-17 08:40:00,28.8,62.1,8.0,0,5.2,0.3
2026-07-17 08:45:00,27.0,65.9,4.0,0,6.6,0.5
2026-07-17 08:50:00,28.7,67.0,9.0,3,139.3,11.6
2026-07-17 08:55:00,28.0,63.4,6.0,0,6.8,0.6
2026-07-17 09:00:00,31.2,60.9,8.0,0,7.5,0.6
2026-07-17 09:05:00,30.2,63.4,4.0,3,171.8,14.3
2026-07-17 09:10:00,30.9,58.8,7.0,3,10.0,0.8
2026-07-17 09:15:00,29.3,59.4,6.0,0,10.1,0.8
2026-07-17 09:20:00,28.6,66.9,6.0,0,3.5,0.3
2026-07-17 09:25:00,28.6,71.0,6.0,0,6.5,0.5
2026-07-17 09:30:00,30.0,63.7,5.0,0,5.5,0.5
2026-07-17 09:35:00,31.8,61.4,4.0,3,10.0,0.8
2026-07-17 09:40:00,30.2,60.2,4.0,0,5.9,0.5
2026-07-17 09:45:00,29.3,67.2,6.0,1,59.7,5.0
2026-07-17 09:50:00,29.5,62.4,9.0,1,74.5,6.1
2026-07-17 09:55:00,29.7,65.8,8.0,0,7.0,0.6
2026-07-17 10:00:00,33.0,59.9,6.0,0,5.9,0.4
2026-07-17 10:05:00,32.1,61.2,6.0,0,3.5,0.3
2026-07-17 10:10:00,31.0,62.6,9.0,0,4.5,0.5
2026-07-17 10:15:00,30.9,62.7,7.0,0,6.6,0.5
2026-07-17 10:20:00,31.1,61.8,7.0,0,3.9,0.3
2026-07-17 10:25:00,31.3,63.1,4.0,3,87.0,7.2
2026-07-17 10:30:00,30.3,60.7,6.0,0,3.5,0.3
2026-07-17 10:35:00,29.8,62.4,5.0,0,4.9,0.4
2026-07-17 10:40:00,31.9,63.3,9.0,1,27.0,2.2
2026-07-17 10:45:00,30.8,62.0,5.0,3,100.8,8.4
2026-07-17 10:50:00,31.8,59.5,5.0,1,67.5,5.6
2026-07-17 10:55:00,32.6,61.4,5.0,3,240.7,20.1
2026-07-17 11:00:00,32.8,60.4,6.0,0,3.5,0.3
2026-07-17 11:05:00,32.6,55.6,7.0,0,4.0,0.3
2026-07-17 11:10:00,35.7,55.7,6.0,3,10.0,0.8
2026-07-17 11:15:00,32.4,59.4,6.0,3,53.4,4.4
2026-07-17 11:20:00,31.0,62.9,7.0,0,9.4,0.7
2026-07-17 11:25:00,31.9,59.8,4.0,3,216.0,18.0
2026-07-17 11:30:00,33.9,57.8,7.0,0,4.4,0.4
2026-07-17 11:35:00,30.8,57.1,6.0,0,6.3,0.5
2026-07-17 11:40:00,31.4,58.4,5.0,1,96.9,8.1
2026-07-17 11:45:00,33.4,59.3,6.0,0,3.8,0.3
2026-07-17 11:50:00,31.9,66.1,6.0,0,6.8,0.6
2026-07-17 11:55:00,32.1,60.4,4.0,0,5.0,0.3
2026-07-17 12:00:00,34.4,54.2,8.0,0,7.1,0.6
2026-07-17 12:05:00,32.4,59.4,8.0,0,4.9,0.4
2026-07-17 12:10:00,31.6,58.1,4.0,0,4.6,0.4
2026-07-17 12:15:00,31.7,63.3,5.0,3,55.9,4.7
2026-07-17 12:20:00,33.9,56.8,8.0,3,165.0,13.8
2026-07-17 12:25:00,33.5,59.9,7.0,3,59.6,5.0
2026-07-17 12:30:00,32.4,58.7,7.0,1,47.9,4.0
2026-07-17 12:35:00,31.9,62.7,7.0,3,77.7,6.5
2026-07-17 12:40:00,32.9,54.2,7.0,3,150.9,12.6
2026-07-17 12:45:00,34.5,55.8,5.0,0,5.2,0.4
2026-07-17 12:50:00,32.3,60.5,5.0,0,5.5,0.5
2026-07-17 12:55:00,32.5,58.2,8.0,1,96.7,8.1
2026-07-17 13:00:00,32.5,59.5,7.0,0,6.0,0.5
2026-07-17 13:05:00,33.4,58.1,6.0,0,4.1,0.2
2026-07-17 13:10:00,34.2,58.6,6.0,3,76.7,6.4
2026-07-17 13:15:00,36.3,54.2,7.0,0,3.7,0.3
2026-07-17 13:20:00,34.1,57.1,5.0,0,3.5,0.3
2026-07-17 13:25:00,33.8,58.8,7.0,3,35.3,2.9
2026-07-17 13:30:00,34.8,51.4,5.0,3,162.4,13.4
2026-07-17 13:35:00,34.7,53.2,5.0,1,128.5,10.7
2026-07-17 13:40:00,33.2,53.9,6.0,3,21.2,1.8
2026-07-17 13:45:00,36.5,53.7,6.0,3,167.0,13.9
2026-07-17 13:50:00,33.8,57.6,6.0,0,4.3,0.4
2026-07-17 13:55:00,34.1,59.7,5.0,2,51.6,4.4
2026-07-17 14:00:00,35.4,55.1,7.0,1,19.8,1.6
2026-07-17 14:05:00,35.1,53.1,7.0,3,69.6,5.8
2026-07-17 14:10:00,36.8,53.0,6.0,1,79.2,6.6
2026-07-17 14:15:00,33.8,51.7,5.0,2,172.8,14.5
2026-07-17 14:20:00,35.7,53.0,6.0,3,20.1,1.7
2026-07-17 14:25:00,34.8,49.4,6.0,1,162.7,13.6
2026-07-17 14:30:00,36.0,54.4,5.0,3,174.8,14.6
2026-07-17 14:35:00,34.3,54.9,6.0,1,76.5,6.4
2026-07-17 14:40:00,34.1,55.5,7.0,0,3.5,0.3
2026-07-17 14:45:00,35.7,51.7,6.0,0,3.5,0.4
2026-07-17 14:50:00,35.1,53.0,6.0,3,61.7,5.1
2026-07-17 14:55:00,33.4,58.3,7.0,2,35.1,2.9
2026-07-17 15:00:00,37.3,48.9,7.0,2,109.7,9.1
2026-07-17 15:05:00,36.5,54.1,6.0,3,83.2,7.0
2026-07-17 15:10:00,35.4,52.4,9.0,2,49.0,4.1
2026-07-17 15:15:00,34.8,51.2,7.0,6,117.3,9.8
2026-07-17 15:20:00,36.0,56.2,8.0,1,25.3,2.1
2026-07-17 15:25:00,36.4,56.0,6.0,2,100.6,8.4
2026-07-17 15:30:00,33.3,55.4,5.0,3,10.0,0.8
2026-07-17 15:35:00,36.0,52.3,7.0,3,10.0,0.8
2026-07-17 15:40:00,36.3,52.6,6.0,3,202.3,16.9
2026-07-17 15:45:00,32.2,56.0,8.0,2,100.4,8.4
2026-07-17 15:50:00,35.7,52.5,6.0,3,117.2,9.8
2026-07-17 15:55:00,36.4,54.0,7.0,2,107.2,8.9
2026-07-17 16:00:00,36.9,57.1,9.0,2,38.0,3.3
2026-07-17 16:05:00,37.2,51.2,8.0,3,201.6,16.8
2026-07-17 16:10:00,35.5,56.2,7.0,2,96.3,8.0
2026-07-17 16:15:00,34.4,55.8,5.0,3,92.2,7.7
2026-07-17 16:20:00,33.3,52.4,6.0,2,126.7,10.6
2026-07-17 16:25:00,37.6,51.6,7.0,3,107.5,9.0
2026-07-17 16:30:00,37.1,51.8,6.0,2,74.5,6.2
2026-07-17 16:35:00,37.8,54.8,8.0,2,32.2,2.7
2026-07-17 16:40:00,34.9,58.0,7.0,2,41.5,3.5
2026-07-17 16:45:00,37.2,52.9,6.0,2,177.3,14.8
2026-07-17 16:50:00,33.7,58.6,6.0,2,100.6,8.4
2026-07-17 16:55:00,34.7,54.4,5.0,3,247.2,20.6
2026-07-17 17:00:00,36.3,56.0,8.0,2,208.9,17.4
2026-07-17 17:05:00,37.3,52.1,7.0,2,81.1,6.7
2026-07-17 17:10:00,39.1,52.9,8.0,3,138.3,11.5
2026-07-17 17:15:00,35.7,56.9,8.0,3,245.6,20.5
2026-07-17 17:20:00,34.5,56.9,8.0,6,197.0,16.4
2026-07-17 17:25:00,34.5,52.8,10.0,3,60.7,5.1
2026-07-17 17:30:00,34.9,53.3,5.0,3,79.0,6.6
2026-07-17 17:35:00,40.0,50.9,10.0,2,88.3,7.4
2026-07-17 17:40:00,37.4,54.2,9.0,3,33.3,2.8
2026-07-17 17:45:00,38.1,51.3,8.0,3,149.7,12.4
2026-07-17 17:50:00,35.7,52.7,6.0,3,21.9,1.8
2026-07-17 17:55:00,36.1,53.6,9.0,3,249.8,20.8
2026-07-17 18:00:00,36.3,52.2,7.0,3,10.0,0.8
2026-07-17 18:05:00,34.2,54.5,4.0,3,101.0,8.4
2026-07-17 18:10:00,34.6,60.1,7.0,2,141.8,11.8
2026-07-17 18:15:00,33.9,54.2,8.0,2,143.2,11.9
2026-07-17 18:20:00,34.3,56.5,6.0,2,204.3,17.0
2026-07-17 18:25:00,35.2,54.5,8.0,3,50.2,4.2
2026-07-17 18:30:00,33.7,52.4,7.0,3,124.2,10.4
2026-07-17 18:35:00,35.6,50.3,6.0,3,34.7,2.9
2026-07-17 18:40:00,35.6,53.5,5.0,3,121.1,10.1
2026-07-17 18:45:00,34.8,49.3,5.0,3,137.2,11.4
2026-07-17 18:50:00,33.7,60.7,5.0,3,150.0,12.5
2026-07-17 18:55:00,35.3,53.0,7.0,3,257.1,21.4
2026-07-17 19:00:00,33.8,55.1,5.0,3,97.4,8.1
2026-07-17 19:05:00,34.5,58.1,6.0,3,77.3,6.3
2026-07-17 19:10:00,36.0,53.2,5.0,3,85.2,7.1
2026-07-17 19:15:00,32.8,58.8,5.0,3,10.0,0.8
2026-07-17 19:20:00,37.4,50.6,5.0,3,186.6,15.7
2026-07-17 19:25:00,34.4,55.5,6.0,2,5.0,0.4
2026-07-17 19:30:00,35.0,56.9,5.0,3,16.1,1.3
2026-07-17 19:35:00,33.4,54.6,5.0,3,195.2,16.3
2026-07-17 19:40:00,36.0,54.7,5.0,3,24.6,1.9
2026-07-17 19:45:00,34.3,50.0,5.0,2,137.1,11.4
2026-07-17 19:50:00,33.9,58.9,5.0,3,10.0,0.8
2026-07-17 19:55:00,33.7,54.9,5.0,3,10.0,0.8
2026-07-17 20:00:00,33.5,56.8,5.0,3,179.8,15.0
2026-07-17 20:05:00,34.5,55.8,6.0,3,215.8,18.0
2026-07-17 20:10:00,34.1,54.3,6.0,3,135.6,11.3
2026-07-17 20:15:00,33.8,54.5,4.0,3,11.9,1.0
2026-07-17 20:20:00,32.8,58.8,5.0,2,16.9,1.4
2026-07-17 20:25:00,32.8,58.9,6.0,3,10.0,0.8
2026-07-17 20:30:00,33.2,55.5,5.0,3,62.3,5.2
2026-07-17 20:35:00,34.5,57.1,5.0,3,182.8,15.2
2026-07-17 20:40:00,34.8,56.8,5.0,3,78.3,6.5
2026-07-17 20:45:00,35.0,54.7,6.0,3,10.0,0.9
2026-07-17 20:50:00,33.9,53.9,6.0,3,24.3,2.0
2026-07-17 20:55:00,34.4,56.0,4.0,3,119.9,10.0
2026-07-17 21:00:00,33.0,58.6,5.0,2,90.3,7.5
2026-07-17 21:05:00,30.7,59.9,4.0,3,209.1,17.4
2026-07-17 21:10:00,33.0,56.8,5.0,3,158.6,13.2
2026-07-17 21:15:00,32.7,59.1,5.0,3,28.3,2.4
2026-07-17 21:20:00,31.7,61.5,4.0,3,100.3,8.4
2026-07-17 21:25:00,32.4,57.0,4.0,3,192.4,16.0
2026-07-17 21:30:00,33.5,56.9,4.0,2,13.3,1.1
2026-07-17 21:35:00,31.6,64.4,6.0,3,98.5,8.2
2026-07-17 21:40:00,32.2,59.2,4.0,3,10.0,0.8
2026-07-17 21:45:00,35.6,53.2,6.0,3,42.7,3.6
2026-07-17 21:50:00,30.9,58.9,4.0,3,10.0,0.8
2026-07-17 21:55:00,33.0,56.5,5.0,3,130.1,10.8
2026-07-17 22:00:00,30.9,60.8,6.0,2,116.6,9.6
2026-07-17 22:05:00,31.5,60.1,5.0,3,218.9,18.3
2026-07-17 22:10:00,32.3,57.6,4.0,3,233.4,19.4
2026-07-17 22:15:00,31.2,63.4,4.0,3,97.8,8.1
2026-07-17 22:20:00,33.4,58.0,4.0,3,25.5,2.1
2026-07-17 22:25:00,34.6,55.9,5.0,3,84.5,7.0
2026-07-17 22:30:00,33.8,55.1,4.0,3,116.4,9.8
2026-07-17 22:35:00,34.1,55.5,4.0,3,213.0,17.8
2026-07-17 22:40:00,30.6,58.0,6.0,3,135.8,11.3
2026-07-17 22:45:00,32.2,58.6,6.0,3,10.0,0.8
2026-07-17 22:50:00,33.3,56.2,5.0,3,174.5,14.5
2026-07-17 22:55:00,33.9,58.9,4.0,3,10.0,0.8
2026-07-17 23:00:00,35.6,57.3,4.0,3,120.8,10.1
2026-07-17 23:05:00,34.3,60.2,4.0,3,251.7,20.9
2026-07-17 23:10:00,34.0,59.8,4.0,3,10.0,0.8
2026-07-17 23:15:00,37.2,58.2,4.0,3,93.2,7.8
2026-07-17 23:20:00,32.5,61.3,5.0,3,98.2,8.2
2026-07-17 23:25:00,31.8,63.3,6.0,3,104.4,8.7
2026-07-17 23:30:00,32.7,58.5,5.0,3,176.4,14.7
2026-07-17 23:35:00,30.7,62.2,4.0,2,16.6,1.4
2026-07-17 23:40:00,32.5,60.5,5.0,3,44.5,3.7
2026-07-17 23:45:00,29.2,63.4,5.0,3,163.5,13.6
2026-07-17 23:50:00,31.4,60.7,4.0,3,80.6,6.7
2026-07-17 23:55:00,32.1,61.9,4.0,3,115.4,9.6
2026-07-18 00:00:00,33.3,57.3,4.0,3,10.0,0.8
2026-07-18 00:05:00,33.5,57.5,6.0,3,198.7,16.6
2026-07-18 00:10:00,30.9,60.2,5.0,3,118.6,9.8
2026-07-18 00:15:00,34.7,57.9,4.0,3,156.5,13.0
2026-07-18 00:20:00,32.3,59.9,4.0,3,203.4,17.0
2026-07-18 00:25:00,32.4,58.7,5.0,3,79.6,6.6
2026-07-18 00:30:00,30.1,60.2,4.0,2,5.0,0.3
2026-07-18 00:35:00,31.3,59.7,4.0,2,9.5,0.8
2026-07-18 00:40:00,33.4,56.6,5.0,3,82.6,6.9
2026-07-18 00:45:00,32.3,59.4,5.0,3,10.0,0.8
2026-07-18 00:50:00,32.2,59.8,5.0,3,120.2,10.0
2026-07-18 00:55:00,32.4,60.4,4.0,3,225.3,18.8
2026-07-18 01:00:00,30.1,62.3,4.0,3,99.8,8.2
2026-07-18 01:05:00,31.3,63.5,4.0,3,31.8,2.6
2026-07-18 01:10:00,32.7,60.0,5.0,3,182.8,15.2
2026-07-18 01:15:00,32.4,60.3,4.0,3,10.0,0.8
2026-07-18 01:20:00,31.3,61.1,4.0,3,51.2,4.3
2026-07-18 01:25:00,32.9,59.3,5.0,3,45.8,3.8
2026-07-18 01:30:00,30.3,61.4,5.0,3,183.2,15.2
2026-07-18 01:35:00,30.5,61.7,4.0,2,188.7,15.7
2026-07-18 01:40:00,33.1,61.4,5.0,3,125.0,10.4
2026-07-18 01:45:00,32.0,59.5,4.0,3,53.1,4.4
2026-07-18 01:50:00,31.2,58.3,5.0,3,60.0,4.9
2026-07-18 01:55:00,31.4,61.5,4.0,3,120.0,10.0
2026-07-18 02:00:00,30.1,64.3,4.0,3,122.6,10.2
2026-07-18 02:05:00,31.3,60.8,4.0,3,118.1,9.8
2026-07-18 02:10:00,31.2,56.1,4.0,2,151.9,12.7
2026-07-18 02:15:00,31.0,64.0,5.0,3,46.1,3.8
2026-07-18 02:20:00,29.7,63.4,4.0,3,199.7,16.6
2026-07-18 02:25:00,31.3,59.7,4.0,3,245.5,20.5
2026-07-18 02:30:00,30.4,64.6,4.0,3,229.6,19.2
2026-07-18 02:35:00,29.9,57.7,6.0,3,212.6,17.7
2026-07-18 02:40:00,32.4,59.0,4.0,3,314.3,26.2
2026-07-18 02:45:00,33.4,56.0,4.0,3,43.5,3.6
2026-07-18 02:50:00,33.1,61.3,4.0,3,49.0,4.1
2026-07-18 02:55:00,31.7,60.4,4.0,3,10.0,0.8
2026-07-18 03:00:00,30.2,59.8,5.0,2,198.7,16.6
2026-07-18 03:05:00,30.4,64.3,5.0,3,84.2,7.0
2026-07-18 03:10:00,30.9,54.8,4.0,3,10.0,0.8
2026-07-18 03:15:00,30.0,63.4,5.0,3,221.6,18.5
2026-07-18 03:20:00,31.9,56.1,4.0,3,124.7,10.4
2026-07-18 03:25:00,28.4,63.6,4.0,3,76.4,6.4
2026-07-18 03:30:00,30.2,61.3,4.0,3,10.0,0.8
2026-07-18 03:35:00,31.3,62.3,4.0,3,10.0,0.8
2026-07-18 03:40:00,29.6,68.1,4.0,2,5.0,0.4
2026-07-18 03:45:00,30.2,57.6,4.0,3,59.4,5.0
2026-07-18 03:50:00,31.1,61.5,4.0,2,238.5,19.9
2026-07-18 03:55:00,32.1,64.1,4.0,3,248.1,20.7
2026-07-18 04:00:00,28.9,62.8,4.0,3,206.3,17.2
2026-07-18 04:05:00,28.9,62.6,4.0,3,172.1,14.2
2026-07-18 04:10:00,29.3,64.2,4.0,3,10.0,0.8
2026-07-18 04:15:00,28.7,66.8,5.0,3,96.8,8.1
2026-07-18 04:20:00,28.8,66.2,5.0,3,83.6,7.0
2026-07-18 04:25:00,29.3,62.6,5.0,3,43.9,3.7
2026-07-18 04:30:00,31.6,57.5,4.0,3,110.2,9.2
2026-07-18 04:35:00,30.0,65.8,5.0,3,25.9,2.2
2026-07-18 04:40:00,30.3,59.8,4.0,2,285.6,23.7
2026-07-18 04:45:00,29.3,58.6,4.0,3,57.9,4.8
2026-07-18 04:50:00,31.0,56.8,5.0,3,28.9,2.3
2026-07-18 04:55:00,32.3,56.9,4.0,3,49.1,4.0
2026-07-18 05:00:00,29.4,66.7,5.0,3,10.0,0.8
2026-07-18 05:05:00,31.8,57.2,5.0,3,111.8,9.3
2026-07-18 05:10:00,30.5,65.0,4.0,3,160.3,13.4
2026-07-18 05:15:00,30.2,65.0,6.0,3,34.5,2.9
2026-07-18 05:20:00,30.5,62.3,5.0,3,203.7,17.0
2026-07-18 05:25:00,30.5,56.4,5.0,3,28.6,2.4
2026-07-18 05:30:00,31.9,57.1,5.0,3,10.0,0.8
2026-07-18 05:35:00,30.7,60.1,5.0,3,197.6,16.5
2026-07-18 05:40:00,30.7,65.1,5.0,3,58.7,4.9
2026-07-18 05:45:00,29.8,61.7,5.0,3,125.7,10.5
2026-07-18 05:50:00,31.0,59.4,4.0,3,10.0,0.8
2026-07-18 05:55:00,29.3,64.1,5.0,3,91.1,7.6
2026-07-18 06:00:00,30.0,59.9,5.0,1,88.5,7.4
2026-07-18 06:05:00,32.5,58.8,7.0,1,56.9,4.7
2026-07-18 06:10:00,27.6,64.8,5.0,0,5.0,0.4
2026-07-18 06:15:00,30.1,67.9,6.0,0,6.7,0.6
2026-07-18 06:20:00,30.2,60.5,5.0,0,4.8,0.4
2026-07-18 06:25:00,29.7,67.0,5.0,3,76.7,6.4
2026-07-18 06:30:00,29.7,60.9,6.0,0,9.5,0.8
2026-07-18 06:35:00,30.0,63.2,6.0,0,6.1,0.5
2026-07-18 06:40:00,29.7,64.1,6.0,3,71.7,6.0
2026-07-18 06:45:00,30.1,62.8,6.0,3,73.3,6.1
2026-07-18 06:50:00,29.5,63.6,4.0,3,121.4,10.1
2026-07-18 06:55:00,31.7,61.8,6.0,3,115.3,9.6
2026-07-18 07:00:00,29.2,64.8,5.0,3,150.5,12.5
2026-07-18 07:05:00,30.1,62.0,5.0,1,10.0,0.8
2026-07-18 07:10:00,28.8,62.8,10.0,0,5.9,0.5
2026-07-18 07:15:00,30.5,61.4,4.0,1,56.9,4.6
2026-07-18 07:20:00,30.3,61.7,5.0,0,3.5,0.3
2026-07-18 07:25:00,30.0,62.1,5.0,3,10.0,0.8
2026-07-18 07:30:00,28.4,65.2,5.0,0,6.7,0.6
2026-07-18 07:35:00,28.7,61.2,4.0,3,237.0,19.8
2026-07-18 07:40:00,31.4,58.0,6.0,3,85.7,7.1
2026-07-18 07:45:00,28.7,66.5,4.0,0,6.7,0.6
2026-07-18 07:50:00,30.2,56.9,6.0,3,59.2,4.9
2026-07-18 07:55:00,28.5,67.7,6.0,0,3.6,0.3
2026-07-18 08:00:00,30.5,60.4,6.0,3,135.2,11.2
2026-07-18 08:05:00,28.6,68.6,6.0,0,5.6,0.5
2026-07-18 08:10:00,28.3,68.0,9.0,0,8.6,0.7
2026-07-18 08:15:00,28.6,63.8,7.0,0,6.0,0.5
2026-07-18 08:20:00,28.8,63.8,7.0,0,7.2,0.6
2026-07-18 08:25:00,29.8,66.6,7.0,1,10.0,0.8
2026-07-18 08:30:00,29.5,66.3,6.0,0,4.8,0.4
2026-07-18 08:35:00,28.2,67.5,7.0,0,3.5,0.3
2026-07-18 08:40:00,29.4,66.2,5.0,0,6.5,0.5
2026-07-18 08:45:00,28.1,62.8,11.0,0,5.2,0.4
2026-07-18 08:50:00,30.1,62.9,7.0,0,6.0,0.5
2026-07-18 08:55:00,30.3,60.2,12.0,0,5.6,0.5
2026-07-18 09:00:00,29.9,60.1,10.0,0,3.9,0.3
2026-07-18 09:05:00,30.3,62.5,5.0,1,10.0,0.8
2026-07-18 09:10:00,31.9,58.7,7.0,0,5.6,0.5
2026-07-18 09:15:00,29.8,62.5,7.0,0,4.2,0.3
2026-07-18 09:20:00,28.9,63.1,8.0,0,3.5,0.3
2026-07-18 09:25:00,30.6,58.7,6.0,0,7.1,0.6
2026-07-18 09:30:00,28.7,68.6,8.0,0,3.8,0.3
2026-07-18 09:35:00,29.7,63.4,4.0,1,106.6,8.9
2026-07-18 09:40:00,29.3,60.2,5.0,0,5.2,0.4
2026-07-18 09:45:00,29.2,64.2,6.0,0,3.7,0.2
2026-07-18 09:50:00,29.7,66.7,5.0,0,8.4,0.7
2026-07-18 09:55:00,31.0,63.4,4.0,3,89.0,7.4
2026-07-18 10:00:00,32.2,58.6,7.0,0,6.5,0.6
2026-07-18 10:05:00,32.0,58.9,5.0,3,115.3,9.6
2026-07-18 10:10:00,31.3,58.8,5.0,0,3.5,0.3
2026-07-18 10:15:00,30.7,60.1,7.0,0,5.5,0.5
2026-07-18 10:20:00,28.3,63.5,8.0,0,5.5,0.5
2026-07-18 10:25:00,31.4,57.6,5.0,0,5.7,0.5
2026-07-18 10:30:00,28.4,63.9,5.0,0,4.3,0.4
2026-07-18 10:35:00,28.8,65.1,5.0,0,4.2,0.4
2026-07-18 10:40:00,30.8,60.7,8.0,3,72.0,6.0
2026-07-18 10:45:00,31.3,61.4,8.0,0,8.5,0.7
2026-07-18 10:50:00,30.4,65.7,7.0,1,10.0,0.8
2026-07-18 10:55:00,32.7,63.1,6.0,0,3.7,0.3
2026-07-18 11:00:00,32.9,58.1,4.0,0,3.5,0.2
2026-07-18 11:05:00,32.1,61.6,7.0,0,3.5,0.3
2026-07-18 11:10:00,33.9,56.3,7.0,1,132.0,11.0
2026-07-18 11:15:00,34.1,55.3,6.0,3,155.3,12.9
2026-07-18 11:20:00,33.0,55.4,6.0,1,92.3,7.7
2026-07-18 11:25:00,31.6,60.5,5.0,1,136.7,11.4
2026-07-18 11:30:00,31.8,62.5,8.0,0,5.0,0.4
2026-07-18 11:35:00,30.8,58.4,4.0,0,3.5,0.3
2026-07-18 11:40:00,32.4,58.3,6.0,1,144.9,12.1
2026-07-18 11:45:00,31.3,59.9,7.0,0,9.9,0.8
2026-07-18 11:50:00,32.0,60.2,8.0,3,10.0,0.8
2026-07-18 11:55:00,32.7,59.2,8.0,3,126.0,10.5
2026-07-18 12:00:00,31.2,62.3,8.0,0,3.5,0.3
2026-07-18 12:05:00,32.0,64.4,6.0,0,4.0,0.3
2026-07-18 12:10:00,32.9,56.1,10.0,0,9.8,0.8
2026-07-18 12:15:00,33.4,55.2,8.0,0,7.7,0.6
2026-07-18 12:20:00,32.9,58.9,6.0,0,3.5,0.3
2026-07-18 12:25:00,33.1,61.6,6.0,0,5.5,0.5
2026-07-18 12:30:00,32.6,55.1,7.0,3,60.2,5.0
2026-07-18 12:35:00,31.8,60.8,6.0,0,6.0,0.5
2026-07-18 12:40:00,32.8,57.9,4.0,3,10.0,0.8
2026-07-18 12:45:00,33.2,59.9,6.0,0,3.5,0.3
2026-07-18 12:50:00,33.1,59.5,4.0,1,119.0,10.0
2026-07-18 12:55:00,33.6,57.3,7.0,0,6.7,0.6
2026-07-18 13:00:00,34.6,56.5,7.0,0,3.5,0.3
2026-07-18 13:05:00,34.9,53.1,6.0,0,3.5,0.2
2026-07-18 13:10:00,33.3,59.4,7.0,3,202.2,16.8
2026-07-18 13:15:00,32.3,62.5,7.0,3,71.9,6.0
2026-07-18 13:20:00,35.5,54.1,5.0,0,7.4,0.6
2026-07-18 13:25:00,34.5,54.4,6.0,0,6.6,0.5
2026-07-18 13:30:00,33.0,57.4,6.0,0,9.2,0.8
2026-07-18 13:35:00,34.4,57.6,6.0,0,5.3,0.4
2026-07-18 13:40:00,35.3,54.1,7.0,3,194.2,16.1
2026-07-18 13:45:00,36.1,49.8,7.0,1,44.5,3.7
2026-07-18 13:50:00,34.4,58.1,5.0,0,8.6,0.7
2026-07-18 13:55:00,35.3,51.6,6.0,0,4.4,0.4
2026-07-18 14:00:00,33.1,58.0,6.0,0,7.8,0.6
2026-07-18 14:05:00,34.8,50.5,6.0,2,18.2,1.5
2026-07-18 14:10:00,34.4,55.7,7.0,3,169.0,14.1
2026-07-18 14:15:00,35.3,54.2,8.0,2,129.0,10.8
2026-07-18 14:20:00,37.1,48.0,8.0,3,39.9,3.3
2026-07-18 14:25:00,35.2,55.3,7.0,3,207.6,17.4
2026-07-18 14:30:00,33.5,53.9,6.0,3,84.4,7.0
2026-07-18 14:35:00,33.0,57.3,7.0,2,50.9,4.2
2026-07-18 14:40:00,37.2,51.2,6.0,3,45.9,3.8
2026-07-18 14:45:00,35.6,50.5,5.0,2,160.4,13.4
2026-07-18 14:50:00,35.5,51.7,8.0,1,35.2,2.9
2026-07-18 14:55:00,34.3,53.3,6.0,3,17.7,1.5
2026-07-18 15:00:00,36.0,55.7,8.0,2,228.3,19.0
2026-07-18 15:05:00,34.3,57.3,8.0,2,23.3,1.9
2026-07-18 15:10:00,36.2,58.1,9.0,2,5.0,0.4
2026-07-18 15:15:00,34.1,54.5,8.0,2,79.6,6.6
2026-07-18 15:20:00,35.2,53.2,6.0,1,70.5,5.9
2026-07-18 15:25:00,34.8,55.2,8.0,2,383.5,32.0
2026-07-18 15:30:00,31.2,58.1,7.0,2,165.5,13.8
2026-07-18 15:35:00,35.2,53.1,6.0,2,139.0,11.6
2026-07-18 15:40:00,34.4,55.4,5.0,6,59.3,4.9
2026-07-18 15:45:00,35.4,55.7,7.0,2,180.1,15.0
2026-07-18 15:50:00,35.7,49.2,5.0,2,191.0,15.9
2026-07-18 15:55:00,38.1,49.9,8.0,2,126.1,10.5
2026-07-18 16:00:00,36.7,49.4,6.0,6,45.5,3.8
2026-07-18 16:05:00,36.7,52.2,7.0,1,112.7,9.4
2026-07-18 16:10:00,37.0,53.3,7.0,1,155.9,13.0
2026-07-18 16:15:00,37.5,54.3,8.0,2,95.9,8.0
2026-07-18 16:20:00,36.9,51.4,7.0,2,54.9,4.6
2026-07-18 16:25:00,36.6,52.9,9.0,2,117.1,9.9
2026-07-18 16:30:00,37.3,48.1,8.0,2,189.3,15.8
2026-07-18 16:35:00,32.6,55.0,8.0,2,184.6,15.3
2026-07-18 16:40:00,39.4,50.2,7.0,3,34.5,2.9
2026-07-18 16:45:00,38.6,48.0,9.0,2,57.1,4.8
2026-07-18 16:50:00,36.5,55.6,10.0,3,137.6,11.5
2026-07-18 16:55:00,34.1,56.6,12.0,6,95.8,8.0
2026-07-18 17:00:00,38.4,48.0,6.0,3,40.2,3.4
2026-07-18 17:05:00,35.1,50.1,8.0,3,142.7,11.9
2026-07-18 17:10:00,37.2,49.9,4.0,3,59.9,5.0
2026-07-18 17:15:00,34.0,52.9,10.0,2,91.1,7.6
2026-07-18 17:20:00,40.2,48.0,5.0,2,6.7,0.5
2026-07-18 17:25:00,33.7,51.8,9.0,2,183.8,15.3
2026-07-18 17:30:00,36.4,52.1,12.0,3,188.7,15.7
2026-07-18 17:35:00,32.5,59.1,7.0,2,140.4,11.7
2026-07-18 17:40:00,36.2,51.0,6.0,3,71.1,5.9
2026-07-18 17:45:00,35.5,55.0,12.0,3,88.5,7.4
2026-07-18 17:50:00,38.3,49.8,10.0,2,78.6,6.5
2026-07-18 17:55:00,35.5,55.5,6.0,3,92.9,7.7
2026-07-18 18:00:00,37.3,49.7,6.0,3,121.1,10.1
2026-07-18 18:05:00,33.5,56.7,5.0,3,108.2,9.0
2026-07-18 18:10:00,34.8,54.9,7.0,3,20.8,1.7
2026-07-18 18:15:00,34.9,58.1,6.0,3,272.5,22.7
2026-07-18 18:20:00,36.2,54.5,8.0,3,162.5,13.5
2026-07-18 18:25:00,35.9,54.0,5.0,3,186.5,15.5
2026-07-18 18:30:00,36.6,48.6,6.0,3,208.6,17.4
2026-07-18 18:35:00,35.8,52.0,6.0,3,86.3,7.2
2026-07-18 18:40:00,36.5,50.5,6.0,3,177.7,14.8
2026-07-18 18:45:00,33.8,53.4,5.0,3,223.8,18.6
2026-07-18 18:50:00,36.0,53.3,4.0,3,230.5,19.2
2026-07-18 18:55:00,38.1,51.6,7.0,2,67.1,5.6
2026-07-18 19:00:00,32.4,58.4,5.0,3,187.4,15.6
2026-07-18 19:05:00,35.4,57.1,5.0,2,24.4,2.0
2026-07-18 19:10:00,35.6,55.1,5.0,3,85.6,7.0
2026-07-18 19:15:00,36.7,49.9,5.0,3,223.7,18.6
2026-07-18 19:20:00,35.7,54.3,4.0,3,10.0,0.8
2026-07-18 19:25:00,34.8,56.3,6.0,3,48.7,4.1
2026-07-18 19:30:00,35.3,57.2,6.0,3,10.0,0.8
2026-07-18 19:35:00,33.7,55.9,5.0,3,83.3,6.9
2026-07-18 19:40:00,34.2,55.3,6.0,3,68.4,5.7
2026-07-18 19:45:00,32.9,59.6,5.0,2,106.4,8.9
2026-07-18 19:50:00,36.7,53.1,6.0,3,63.4,5.3
2026-07-18 19:55:00,35.3,50.7,5.0,3,85.8,7.2
2026-07-18 20:00:00,32.8,53.9,5.0,3,10.0,0.8
2026-07-18 20:05:00,34.5,59.8,5.0,3,160.0,13.3
2026-07-18 20:10:00,35.7,51.1,5.0,3,85.4,7.1
2026-07-18 20:15:00,35.5,54.6,5.0,3,76.3,6.4
2026-07-18 20:20:00,32.8,59.6,6.0,3,10.0,0.7
2026-07-18 20:25:00,29.6,57.3,6.0,3,15.2,1.3
2026-07-18 20:30:00,34.6,53.6,6.0,3,22.5,1.9
2026-07-18 20:35:00,32.8,55.1,5.0,3,146.7,12.2
2026-07-18 20:40:00,35.0,59.2,5.0,3,348.0,29.0
2026-07-18 20:45:00,35.4,59.3,5.0,3,126.2,10.4
2026-07-18 20:50:00,35.7,53.2,6.0,3,173.9,14.5
2026-07-18 20:55:00,36.6,55.0,5.0,3,180.3,15.0
2026-07-18 21:00:00,35.3,56.4,4.0,3,10.0,0.8
2026-07-18 21:05:00,36.1,54.6,6.0,3,206.2,17.2
2026-07-18 21:10:00,35.5,52.6,5.0,3,127.2,10.7
2026-07-18 21:15:00,35.7,59.9,5.0,3,199.2,16.6
2026-07-18 21:20:00,33.4,54.1,4.0,3,14.7,1.2
2026-07-18 21:25:00,31.6,59.6,5.0,3,129.1,10.8
2026-07-18 21:30:00,37.2,52.9,6.0,2,216.7,18.1
2026-07-18 21:35:00,33.6,59.3,5.0,3,166.0,13.8
2026-07-18 21:40:00,35.3,57.4,6.0,3,97.2,8.1
2026-07-18 21:45:00,32.7,56.3,5.0,3,10.0,0.8
2026-07-18 21:50:00,34.9,54.7,4.0,3,10.0,0.8
2026-07-18 21:55:00,29.9,57.7,5.0,3,167.1,13.8
2026-07-18 22:00:00,32.2,59.3,6.0,3,155.7,13.0
2026-07-18 22:05:00,32.7,59.8,5.0,3,44.0,3.7
2026-07-18 22:10:00,33.5,56.9,5.0,3,176.4,14.7
2026-07-18 22:15:00,34.4,56.4,5.0,3,55.7,4.6
2026-07-18 22:20:00,31.2,63.5,4.0,3,17.9,1.5
2026-07-18 22:25:00,33.8,59.2,5.0,3,142.0,11.8
2026-07-18 22:30:00,34.6,59.3,5.0,3,10.0,0.8
2026-07-18 22:35:00,36.2,51.0,4.0,3,122.8,10.2
2026-07-18 22:40:00,33.9,58.4,5.0,3,10.0,0.8
2026-07-18 22:45:00,32.1,59.5,4.0,3,10.0,0.8
2026-07-18 22:50:00,31.0,57.6,4.0,3,70.7,5.9
2026-07-18 22:55:00,35.5,53.9,5.0,3,166.3,14.0
2026-07-18 23:00:00,33.9,58.8,4.0,3,10.0,0.8
2026-07-18 23:05:00,32.5,57.9,4.0,3,168.9,14.1
2026-07-18 23:10:00,29.6,60.4,5.0,2,38.9,3.2
2026-07-18 23:15:00,30.8,60.2,4.0,3,208.8,17.4
2026-07-18 23:20:00,33.7,60.1,5.0,2,5.0,0.4
2026-07-18 23:25:00,33.2,58.5,4.0,3,125.9,10.5
2026-07-18 23:30:00,29.0,61.2,5.0,3,89.0,7.3
2026-07-18 23:35:00,33.7,60.8,5.0,3,102.3,8.5
2026-07-18 23:40:00,29.7,58.9,5.0,3,10.0,0.8
2026-07-18 23:45:00,35.1,58.8,5.0,3,100.0,8.3
2026-07-18 23:50:00,33.0,60.2,4.0,3,131.8,11.0
2026-07-18 23:55:00,31.7,61.0,4.0,3,427.7,35.6
2026-07-19 00:00:00,33.2,58.4,4.0,2,109.3,9.1
2026-07-19 00:05:00,32.4,58.3,4.0,3,217.7,18.1
2026-07-19 00:10:00,33.6,61.0,4.0,3,90.1,7.5
2026-07-19 00:15:00,32.1,58.8,5.0,3,16.5,1.4
2026-07-19 00:20:00,32.1,58.4,4.0,3,134.6,11.2
2026-07-19 00:25:00,31.6,60.4,4.0,3,99.6,8.3
2026-07-19 00:30:00,32.3,58.8,4.0,2,192.3,16.0
2026-07-19 00:35:00,34.1,59.9,4.0,3,136.7,11.4
2026-07-19 00:40:00,31.3,60.3,4.0,3,13.1,1.1
2026-07-19 00:45:00,32.8,61.1,5.0,3,10.0,0.8
2026-07-19 00:50:00,30.9,61.6,4.0,3,138.7,11.6
2026-07-19 00:55:00,29.4,61.6,4.0,3,61.6,5.1
2026-07-19 01:00:00,31.5,62.1,4.0,3,103.1,8.6
2026-07-19 01:05:00,31.6,59.0,4.0,3,10.0,0.8
2026-07-19 01:10:00,31.2,60.1,5.0,3,200.9,16.7
2026-07-19 01:15:00,29.9,63.2,4.0,3,10.0,0.8
2026-07-19 01:20:00,31.6,60.5,4.0,3,178.6,14.9
2026-07-19 01:25:00,31.5,59.1,5.0,3,98.9,8.2
2026-07-19 01:30:00,30.5,58.9,4.0,3,83.6,7.0
2026-07-19 01:35:00,30.1,62.0,4.0,3,119.2,9.9
2026-07-19 01:40:00,31.1,59.5,4.0,3,85.5,7.1
2026-07-19 01:45:00,31.9,59.8,5.0,3,77.1,6.4
2026-07-19 01:50:00,31.7,59.2,5.0,3,101.5,8.5
2026-07-19 01:55:00,30.5,60.3,5.0,3,60.5,5.0
2026-07-19 02:00:00,31.0,60.2,5.0,3,131.5,11.0
2026-07-19 02:05:00,31.8,59.5,4.0,2,174.9,14.6
2026-07-19 02:10:00,29.5,64.8,4.0,3,218.1,18.2
2026-07-19 02:15:00,30.9,62.0,5.0,3,327.2,27.3
2026-07-19 02:20:00,32.3,64.0,5.0,3,192.9,16.1
2026-07-19 02:25:00,29.4,63.6,5.0,3,164.2,13.6
2026-07-19 02:30:00,32.1,57.6,5.0,3,10.0,0.8
2026-07-19 02:35:00,32.6,58.1,4.0,3,91.3,7.6
2026-07-19 02:40:00,30.6,62.8,5.0,3,45.0,3.8
2026-07-19 02:45:00,30.4,64.2,4.0,3,10.0,0.8
2026-07-19 02:50:00,32.0,62.6,4.0,3,195.5,16.3
2026-07-19 02:55:00,30.6,59.0,5.0,3,10.0,0.8
2026-07-19 03:00:00,27.9,68.6,4.0,3,32.6,2.7
2026-07-19 03:05:00,30.3,61.6,4.0,2,194.9,16.2
2026-07-19 03:10:00,30.8,58.7,5.0,3,10.0,0.8
2026-07-19 03:15:00,31.1,59.9,4.0,3,92.6,7.7
2026-07-19 03:20:00,29.4,66.0,4.0,3,205.0,17.1
2026-07-19 03:25:00,30.1,63.1,4.0,3,10.0,0.8
2026-07-19 03:30:00,31.4,57.0,5.0,3,58.1,4.8
2026-07-19 03:35:00,30.3,58.8,4.0,3,175.5,14.5
2026-07-19 03:40:00,28.8,61.1,5.0,3,215.7,18.0
2026-07-19 03:45:00,31.6,57.8,4.0,3,106.4,8.9
2026-07-19 03:50:00,30.1,62.2,4.0,3,10.0,0.8
2026-07-19 03:55:00,31.5,57.1,4.0,3,76.8,6.4
2026-07-19 04:00:00,28.7,63.5,5.0,2,59.7,5.0
2026-07-19 04:05:00,30.0,66.0,5.0,3,67.5,5.6
2026-07-19 04:10:00,30.7,65.4,5.0,3,51.6,4.3
2026-07-19 04:15:00,30.1,66.2,5.0,2,169.2,14.1
2026-07-19 04:20:00,28.9,59.6,4.0,3,10.0,0.8
2026-07-19 04:25:00,27.7,70.7,5.0,3,168.1,14.0
2026-07-19 04:30:00,31.8,59.5,5.0,3,74.4,6.2
2026-07-19 04:35:00,30.4,61.9,5.0,3,10.0,0.8
2026-07-19 04:40:00,31.4,62.6,4.0,3,155.5,13.0
2026-07-19 04:45:00,31.1,62.3,4.0,3,252.1,21.0
2026-07-19 04:50:00,30.8,56.1,5.0,3,129.3,10.8
2026-07-19 04:55:00,29.8,61.1,6.0,3,14.7,1.2
2026-07-19 05:00:00,30.5,61.0,5.0,3,290.8,24.2
2026-07-19 05:05:00,31.4,57.6,5.0,3,102.5,8.5
2026-07-19 05:10:00,30.1,64.5,5.0,2,129.1,10.8
2026-07-19 05:15:00,31.8,62.7,5.0,3,172.7,14.5
2026-07-19 05:20:00,28.7,64.6,6.0,2,79.5,6.6
2026-07-19 05:25:00,28.6,65.4,5.0,3,70.5,5.8
2026-07-19 05:30:00,31.0,61.0,5.0,3,47.4,4.0
2026-07-19 05:35:00,29.3,63.9,5.0,3,169.1,14.1
2026-07-19 05:40:00,31.9,61.9,5.0,3,19.6,1.6
2026-07-19 05:45:00,31.3,56.8,5.0,3,66.6,5.5
2026-07-19 05:50:00,31.5,61.2,5.0,3,94.4,7.9
2026-07-19 05:55:00,30.9,61.2,5.0,3,216.5,18.0
2026-07-19 06:00:00,28.9,62.9,6.0,3,10.0,0.8
2026-07-19 06:05:00,28.3,64.3,5.0,3,198.3,16.4
2026-07-19 06:10:00,31.1,64.6,5.0,3,172.9,14.4
2026-07-19 06:15:00,28.4,62.5,5.0,3,156.5,13.0
2026-07-19 06:20:00,31.2,60.5,5.0,3,166.4,13.9
2026-07-19 06:25:00,30.4,65.3,5.0,3,10.0,0.9
2026-07-19 06:30:00,29.7,60.6,6.0,1,16.8,1.5
2026-07-19 06:35:00,30.2,61.5,6.0,3,10.0,0.8
2026-07-19 06:40:00,30.2,62.5,5.0,3,10.0,0.8
2026-07-19 06:45:00,29.6,64.1,5.0,3,70.4,5.9
2026-07-19 06:50:00,31.1,60.8,5.0,2,102.3,8.5
2026-07-19 06:55:00,31.0,59.3,5.0,1,104.0,8.6
2026-07-19 07:00:00,29.5,64.4,6.0,3,131.5,11.0
2026-07-19 07:05:00,28.7,64.3,5.0,0,9.2,0.8
2026-07-19 07:10:00,30.8,62.9,5.0,0,3.7,0.3
2026-07-19 07:15:00,27.1,69.2,8.0,3,17.7,1.5
2026-07-19 07:20:00,29.9,59.2,4.0,3,155.0,12.9
2026-07-19 07:25:00,30.2,64.7,7.0,3,89.7,7.4
2026-07-19 07:30:00,28.5,64.2,7.0,3,104.2,8.8
2026-07-19 07:35:00,30.4,63.9,5.0,0,3.5,0.4
2026-07-19 07:40:00,29.3,64.8,6.0,0,5.9,0.5
2026-07-19 07:45:00,28.8,68.8,4.0,0,5.9,0.5
2026-07-19 07:50:00,30.4,62.0,6.0,0,5.2,0.4
2026-07-19 07:55:00,28.2,64.3,7.0,2,164.0,13.8
2026-07-19 08:00:00,30.2,61.0,7.0,3,158.0,13.2
2026-07-19 08:05:00,27.0,64.5,6.0,3,104.9,8.7
2026-07-19 08:10:00,29.6,65.1,10.0,0,7.4,0.5
2026-07-19 08:15:00,29.3,60.9,8.0,0,3.5,0.3
2026-07-19 08:20:00,28.7,66.4,8.0,0,5.2,0.4
2026-07-19 08:25:00,29.7,62.4,5.0,0,3.9,0.2
2026-07-19 08:30:00,29.2,59.5,4.0,0,8.7,0.7
2026-07-19 08:35:00,30.4,65.5,7.0,0,7.0,0.6
2026-07-19 08:40:00,29.9,54.6,6.0,0,4.1,0.2
2026-07-19 08:45:00,29.8,62.6,8.0,0,5.6,0.5
2026-07-19 08:50:00,29.6,63.7,7.0,3,10.0,0.8
2026-07-19 08:55:00,28.7,58.9,6.0,0,5.1,0.3
2026-07-19 09:00:00,29.5,64.4,6.0,0,3.5,0.4
2026-07-19 09:05:00,30.1,60.8,4.0,1,66.9,5.6
2026-07-19 09:10:00,29.7,62.4,4.0,0,8.7,0.7
2026-07-19 09:15:00,31.1,64.1,5.0,3,241.3,20.1
2026-07-19 09:20:00,29.9,63.1,4.0,3,151.9,12.7
2026-07-19 09:25:00,30.3,61.3,6.0,0,4.6,0.4
2026-07-19 09:30:00,28.3,64.8,4.0,0,11.7,1.0
2026-07-19 09:35:00,30.9,65.5,5.0,0,5.6,0.5
2026-07-19 09:40:00,29.2,64.8,10.0,3,10.0,0.9
2026-07-19 09:45:00,28.7,62.4,6.0,0,8.0,0.6
2026-07-19 09:50:00,31.7,58.8,6.0,3,85.1,7.1
2026-07-19 09:55:00,30.6,58.8,6.0,3,119.0,9.8
2026-07-19 10:00:00,31.9,59.1,6.0,3,10.0,0.8
2026-07-19 10:05:00,31.3,64.5,5.0,1,67.0,5.6
2026-07-19 10:10:00,30.7,61.4,6.0,0,5.5,0.5
2026-07-19 10:15:00,30.5,59.1,5.0,0,6.1,0.5
2026-07-19 10:20:00,31.7,61.3,4.0,0,4.7,0.4
2026-07-19 10:25:00,32.1,59.0,8.0,0,3.5,0.3
2026-07-19 10:30:00,30.8,62.8,5.0,3,172.7,14.4
2026-07-19 10:35:00,33.2,57.8,8.0,0,8.8,0.7
2026-07-19 10:40:00,30.6,65.1,5.0,3,10.0,0.8
2026-07-19 10:45:00,29.2,61.8,4.0,0,4.3,0.4
2026-07-19 10:50:00,28.9,61.6,9.0,0,8.4,0.7
2026-07-19 10:55:00,28.9,66.2,4.0,0,9.7,0.7
2026-07-19 11:00:00,31.8,55.1,4.0,0,4.2,0.4
2026-07-19 11:05:00,32.0,59.2,4.0,1,96.2,8.0
2026-07-19 11:10:00,33.0,60.0,6.0,0,3.8,0.3
2026-07-19 11:15:00,32.2,54.1,4.0,0,4.3,0.4
2026-07-19 11:20:00,33.2,58.0,5.0,0,3.5,0.3
2026-07-19 11:25:00,32.3,55.6,4.0,0,6.2,0.5
2026-07-19 11:30:00,32.3,54.8,8.0,0,8.1,0.7
2026-07-19 11:35:00,31.6,57.7,7.0,0,3.6,0.3
2026-07-19 11:40:00,33.8,56.4,4.0,3,253.7,21.1
2026-07-19 11:45:00,30.6,60.1,4.0,1,10.0,0.9
2026-07-19 11:50:00,32.6,61.4,5.0,0,6.4,0.5
2026-07-19 11:55:00,32.1,59.7,7.0,1,66.4,5.5
2026-07-19 12:00:00,34.2,55.0,8.0,1,10.0,0.8
2026-07-19 12:05:00,33.3,54.4,6.0,3,186.4,15.5
2026-07-19 12:10:00,33.3,58.2,6.0,0,5.0,0.4
2026-07-19 12:15:00,33.0,63.2,5.0,1,100.3,8.4
2026-07-19 12:20:00,34.9,53.4,7.0,0,5.1,0.4
2026-07-19 12:25:00,33.3,56.2,8.0,0,5.5,0.5
2026-07-19 12:30:00,35.5,51.5,6.0,1,80.0,6.7
2026-07-19 12:35:00,33.6,60.1,6.0,0,6.2,0.5
2026-07-19 12:40:00,33.3,59.9,7.0,3,44.2,3.7
2026-07-19 12:45:00,33.1,56.8,9.0,0,4.2,0.4
2026-07-19 12:50:00,33.9,55.2,6.0,0,5.5,0.5
2026-07-19 12:55:00,32.7,56.2,6.0,1,146.3,12.2
2026-07-19 13:00:00,34.1,55.3,5.0,1,136.8,11.4
2026-07-19 13:05:00,34.0,58.9,6.0,0,4.3,0.4
2026-07-19 13:10:00,34.3,55.9,5.0,0,5.8,0.5
2026-07-19 13:15:00,34.3,59.1,7.0,1,36.1,3.0
2026-07-19 13:20:00,34.4,53.7,7.0,0,3.7,0.3
2026-07-19 13:25:00,34.1,50.0,8.0,2,144.6,12.0
2026-07-19 13:30:00,35.7,60.3,6.0,1,78.3,6.5
2026-07-19 13:35:00,34.4,56.1,8.0,0,7.3,0.5
2026-07-19 13:40:00,36.9,53.6,6.0,1,142.4,11.9
2026-07-19 13:45:00,34.0,54.2,6.0,0,4.8,0.4
2026-07-19 13:50:00,35.0,51.1,7.0,3,10.3,0.9
2026-07-19 13:55:00,33.1,58.1,5.0,0,3.5,0.3
2026-07-19 14:00:00,36.7,48.0,6.0,1,88.1,7.3
2026-07-19 14:05:00,33.7,55.7,6.0,2,142.9,11.9
2026-07-19 14:10:00,35.4,56.7,7.0,1,99.8,8.3
2026-07-19 14:15:00,34.3,56.7,6.0,4,49.0,4.2
2026-07-19 14:20:00,35.4,54.9,6.0,0,5.1,0.4
2026-07-19 14:25:00,34.4,59.7,6.0,1,144.4,12.0
2026-07-19 14:30:00,33.6,57.3,6.0,5,185.1,15.4
2026-07-19 14:35:00,34.3,51.0,6.0,3,116.6,9.7
2026-07-19 14:40:00,36.9,52.2,7.0,0,5.3,0.4
2026-07-19 14:45:00,35.4,58.9,5.0,2,152.4,12.7
2026-07-19 14:50:00,32.9,56.5,7.0,3,10.0,0.8
2026-07-19 14:55:00,36.3,57.7,6.0,1,136.8,11.4
2026-07-19 15:00:00,34.3,57.7,7.0,3,88.9,7.4
2026-07-19 15:05:00,36.6,51.9,6.0,2,68.4,5.7
2026-07-19 15:10:00,36.3,50.8,7.0,3,102.3,8.5
2026-07-19 15:15:00,36.4,53.8,7.0,2,5.0,0.4
2026-07-19 15:20:00,38.1,53.9,7.0,3,137.2,11.4
2026-07-19 15:25:00,34.4,51.8,7.0,2,46.1,3.8
2026-07-19 15:30:00,36.4,53.3,7.0,6,148.3,12.4
2026-07-19 15:35:00,37.3,48.0,8.0,2,168.9,14.1
2026-07-19 15:40:00,34.7,54.2,6.0,1,75.7,6.3
2026-07-19 15:45:00,34.5,51.6,8.0,3,190.5,15.9
2026-07-19 15:50:00,35.2,55.6,7.0,2,5.0,0.4
2026-07-19 15:55:00,36.0,52.0,7.0,2,100.8,8.4
2026-07-19 16:00:00,34.0,58.1,10.0,3,178.6,14.9
2026-07-19 16:05:00,36.9,51.1,7.0,3,189.1,15.8
2026-07-19 16:10:00,34.0,54.0,8.0,2,111.7,9.3
2026-07-19 16:15:00,38.0,48.0,8.0,2,156.6,13.0
2026-07-19 16:20:00,36.9,53.3,6.0,2,5.0,0.4
2026-07-19 16:25:00,39.0,51.3,10.0,2,5.0,0.4
2026-07-19 16:30:00,37.1,54.3,8.0,3,137.3,11.4
2026-07-19 16:35:00,35.6,55.3,8.0,2,55.5,4.6
2026-07-19 16:40:00,34.9,55.4,10.0,3,118.2,9.8
2026-07-19 16:45:00,36.4,54.3,8.0,6,88.1,7.3
2026-07-19 16:50:00,36.0,54.9,8.0,3,46.0,3.9
2026-07-19 16:55:00,37.9,53.4,8.0,2,143.8,12.0
2026-07-19 17:00:00,34.5,50.6,6.0,3,10.0,0.8
2026-07-19 17:05:00,39.8,48.0,7.0,3,116.7,9.7
2026-07-19 17:10:00,38.4,48.0,8.0,3,10.0,0.8
2026-07-19 17:15:00,35.8,54.4,9.0,3,114.4,9.5
2026-07-19 17:20:00,39.4,54.0,12.0,3,10.0,0.8
2026-07-19 17:25:00,34.8,57.1,11.0,2,208.4,17.4
2026-07-19 17:30:00,36.5,51.0,7.0,2,47.8,4.0
2026-07-19 17:35:00,33.9,57.0,8.0,3,10.0,0.8
2026-07-19 17:40:00,39.4,50.4,12.0,2,34.6,2.9
2026-07-19 17:45:00,33.3,56.9,4.0,3,37.4,3.1
2026-07-19 17:50:00,33.6,52.2,8.0,3,382.7,31.9
2026-07-19 17:55:00,35.0,58.0,5.0,3,38.7,3.2
2026-07-19 18:00:00,37.5,48.4,9.0,3,65.8,5.5
2026-07-19 18:05:00,36.8,51.4,7.0,3,109.4,9.1
2026-07-19 18:10:00,35.4,56.5,5.0,3,173.7,14.5
2026-07-19 18:15:00,36.9,51.2,6.0,3,40.3,3.4
2026-07-19 18:20:00,35.0,54.5,5.0,3,10.0,0.8
2026-07-19 18:25:00,35.9,53.7,9.0,3,10.0,0.8
2026-07-19 18:30:00,38.0,51.2,4.0,3,74.6,6.2
2026-07-19 18:35:00,34.8,54.9,6.0,3,238.3,19.8
2026-07-19 18:40:00,33.9,56.1,6.0,3,15.5,1.3
2026-07-19 18:45:00,36.0,53.4,5.0,3,172.4,14.4
2026-07-19 18:50:00,36.5,50.3,6.0,3,59.6,5.0
2026-07-19 18:55:00,35.4,49.7,4.0,2,119.2,9.9
2026-07-19 19:00:00,35.9,55.9,6.0,3,87.0,7.2
2026-07-19 19:05:00,34.3,57.9,5.0,3,10.0,0.8
2026-07-19 19:10:00,34.7,55.8,6.0,3,137.7,11.5
2026-07-19 19:15:00,35.1,55.3,5.0,3,154.8,12.9
2026-07-19 19:20:00,35.0,52.6,6.0,3,10.0,0.7
2026-07-19 19:25:00,36.8,48.0,5.0,3,31.0,2.6
2026-07-19 19:30:00,35.1,54.0,6.0,3,93.7,7.8
2026-07-19 19:35:00,34.1,51.4,6.0,3,150.1,12.5
2026-07-19 19:40:00,35.3,54.8,5.0,2,262.7,21.9
2026-07-19 19:45:00,35.9,56.6,6.0,3,313.5,26.1
2026-07-19 19:50:00,35.6,52.6,7.0,3,46.3,3.9
2026-07-19 19:55:00,35.5,52.8,5.0,3,10.0,0.8
2026-07-19 20:00:00,31.8,56.7,5.0,3,53.0,4.4
2026-07-19 20:05:00,30.4,60.3,5.0,3,135.1,11.3
2026-07-19 20:10:00,35.8,54.6,5.0,3,146.7,12.2
2026-07-19 20:15:00,34.6,53.7,5.0,3,86.3,7.2
2026-07-19 20:20:00,33.9,58.5,6.0,3,10.0,0.8
2026-07-19 20:25:00,34.9,61.2,5.0,3,137.0,11.4
2026-07-19 20:30:00,36.7,56.2,6.0,3,113.0,9.4
2026-07-19 20:35:00,36.0,54.2,4.0,3,125.7,10.5
2026-07-19 20:40:00,35.3,54.9,5.0,3,40.0,3.3
2026-07-19 20:45:00,32.7,56.8,5.0,3,179.2,14.9
2026-07-19 20:50:00,32.9,56.5,6.0,3,121.5,10.1
2026-07-19 20:55:00,30.6,62.0,6.0,3,95.5,8.0
2026-07-19 21:00:00,34.3,58.6,4.0,3,196.3,16.4
2026-07-19 21:05:00,35.0,53.9,5.0,3,73.6,6.1
2026-07-19 21:10:00,35.1,56.7,4.0,3,182.8,15.2
2026-07-19 21:15:00,34.4,58.8,5.0,3,54.0,4.5
2026-07-19 21:20:00,33.1,57.2,5.0,3,10.0,0.8
2026-07-19 21:25:00,32.5,58.0,4.0,3,103.2,8.6
2026-07-19 21:30:00,32.1,60.0,4.0,3,10.0,0.8
2026-07-19 21:35:00,33.1,59.2,5.0,3,135.2,11.3
2026-07-19 21:40:00,31.9,59.7,4.0,3,195.5,16.3
2026-07-19 21:45:00,36.0,55.7,6.0,3,317.4,26.4
2026-07-19 21:50:00,31.4,60.1,4.0,3,194.9,16.2
2026-07-19 21:55:00,33.1,57.3,5.0,2,136.1,11.4
2026-07-19 22:00:00,29.9,58.9,4.0,3,263.7,22.1
2026-07-19 22:05:00,33.1,55.1,4.0,3,131.3,10.9
2026-07-19 22:10:00,32.7,59.6,5.0,3,227.9,19.0
2026-07-19 22:15:00,32.2,59.1,4.0,3,121.6,10.1
2026-07-19 22:20:00,31.3,60.6,5.0,3,229.8,19.2
2026-07-19 22:25:00,32.7,56.9,4.0,3,10.0,0.7
2026-07-19 22:30:00,31.9,59.4,4.0,3,10.0,0.8
2026-07-19 22:35:00,32.5,58.8,6.0,3,72.2,6.0
2026-07-19 22:40:00,35.5,58.3,4.0,3,182.6,15.2
2026-07-19 22:45:00,32.9,59.9,4.0,3,168.7,14.1
2026-07-19 22:50:00,33.5,56.3,5.0,3,22.2,1.8
2026-07-19 22:55:00,32.0,60.1,5.0,3,10.0,0.8
2026-07-19 23:00:00,31.0,59.7,5.0,3,93.4,7.8
2026-07-19 23:05:00,32.4,56.1,4.0,3,63.6,5.4
2026-07-19 23:10:00,37.1,59.9,5.0,3,69.3,5.8
2026-07-19 23:15:00,31.9,59.7,6.0,3,80.6,6.7
2026-07-19 23:20:00,33.1,61.1,4.0,3,84.5,7.0
2026-07-19 23:25:00,30.9,59.8,4.0,3,190.1,15.8
2026-07-19 23:30:00,27.3,61.7,4.0,3,183.9,15.3
2026-07-19 23:35:00,31.0,60.0,5.0,3,66.3,5.5
2026-07-19 23:40:00,36.8,57.9,4.0,3,70.9,5.9
2026-07-19 23:45:00,33.5,59.6,5.0,3,175.0,14.6
2026-07-19 23:50:00,35.5,59.0,4.0,3,129.0,10.8
2026-07-19 23:55:00,31.8,59.6,4.0,2,141.8,11.7
2026-07-20 00:00:00,29.2,62.3,5.0,3,186.8,15.6
2026-07-20 00:05:00,30.7,59.9,4.0,3,149.1,12.4
2026-07-20 00:10:00,32.6,61.7,5.0,2,252.7,21.1
2026-07-20 00:15:00,32.4,57.9,5.0,3,102.3,8.5
2026-07-20 00:20:00,32.1,58.9,5.0,3,122.9,10.2
2026-07-20 00:25:00,31.5,59.9,4.0,3,10.0,0.8
2026-07-20 00:30:00,33.3,62.4,5.0,3,49.8,4.1
2026-07-20 00:35:00,31.5,61.5,5.0,3,234.6,19.5
2026-07-20 00:40:00,32.5,58.5,4.0,2,172.8,14.4
2026-07-20 00:45:00,32.4,60.9,4.0,3,196.7,16.4
2026-07-20 00:50:00,31.7,61.0,4.0,3,82.7,6.9
2026-07-20 00:55:00,31.0,61.3,4.0,3,10.0,0.8
2026-07-20 01:00:00,31.1,61.9,4.0,2,113.0,9.4
2026-07-20 01:05:00,33.2,58.1,5.0,3,162.9,13.6
2026-07-20 01:10:00,32.5,59.2,5.0,3,10.0,0.8
2026-07-20 01:15:00,32.4,56.4,4.0,3,147.2,12.3
2026-07-20 01:20:00,30.7,63.7,4.0,3,109.4,9.0
2026-07-20 01:25:00,30.1,61.3,5.0,3,80.9,6.7
2026-07-20 01:30:00,32.5,56.8,5.0,3,198.0,16.5
2026-07-20 01:35:00,32.3,58.3,5.0,3,184.5,15.4
2026-07-20 01:40:00,31.6,59.3,4.0,3,172.9,14.4
2026-07-20 01:45:00,31.1,59.4,4.0,3,242.1,20.3
2026-07-20 01:50:00,30.1,63.4,4.0,3,56.2,4.7
2026-07-20 01:55:00,32.2,61.0,4.0,3,57.9,4.8
2026-07-20 02:00:00,32.3,54.2,4.0,3,110.9,9.2
2026-07-20 02:05:00,30.2,60.8,5.0,3,263.8,22.0
2026-07-20 02:10:00,30.1,61.2,5.0,3,10.0,0.8
2026-07-20 02:15:00,32.4,58.4,4.0,3,58.4,4.9
2026-07-20 02:20:00,30.3,66.0,4.0,3,50.6,4.2
2026-07-20 02:25:00,33.0,55.9,4.0,3,148.6,12.4
2026-07-20 02:30:00,30.9,64.8,4.0,3,10.0,0.8
2026-07-20 02:35:00,30.5,61.3,4.0,2,12.5,1.0
2026-07-20 02:40:00,31.0,64.6,5.0,2,105.7,8.8
2026-07-20 02:45:00,30.5,60.9,5.0,3,110.9,9.2
2026-07-20 02:50:00,32.2,58.0,4.0,3,255.7,21.3
2026-07-20 02:55:00,32.0,59.3,4.0,3,10.0,0.8
2026-07-20 03:00:00,31.6,62.7,5.0,3,29.1,2.4
2026-07-20 03:05:00,30.7,61.4,4.0,3,116.1,9.7
2026-07-20 03:10:00,30.0,62.7,4.0,3,185.6,15.5
2026-07-20 03:15:00,30.5,62.9,4.0,3,121.7,10.1
2026-07-20 03:20:00,30.1,59.9,5.0,3,189.3,15.8
2026-07-20 03:25:00,32.0,59.8,4.0,3,188.1,15.8
2026-07-20 03:30:00,31.5,58.2,4.0,3,10.0,0.8
2026-07-20 03:35:00,30.4,65.1,4.0,3,92.5,7.7
2026-07-20 03:40:00,29.5,64.0,4.0,3,10.0,0.8
2026-07-20 03:45:00,32.1,60.5,4.0,3,151.4,12.7
2026-07-20 03:50:00,30.6,56.3,4.0,3,292.5,24.4
2026-07-20 03:55:00,30.4,63.2,4.0,3,53.1,4.4
2026-07-20 04:00:00,31.9,58.6,4.0,3,77.2,6.4
2026-07-20 04:05:00,29.8,59.0,5.0,3,43.1,3.6
2026-07-20 04:10:00,30.0,62.6,5.0,3,236.2,19.7
2026-07-20 04:15:00,30.1,58.2,4.0,3,161.6,13.5
2026-07-20 04:20:00,28.9,65.9,4.0,3,78.9,6.6
2026-07-20 04:25:00,30.6,65.0,4.0,3,10.0,0.8
2026-07-20 04:30:00,29.5,58.6,5.0,2,156.4,13.0
2026-07-20 04:35:00,29.7,62.8,5.0,3,80.3,6.7
2026-07-20 04:40:00,29.6,62.6,4.0,3,11.5,1.0
2026-07-20 04:45:00,29.7,57.7,4.0,3,95.8,8.0
2026-07-20 04:50:00,29.4,65.8,5.0,3,117.7,9.8
2026-07-20 04:55:00,30.6,62.9,4.0,3,29.3,2.4
2026-07-20 05:00:00,30.0,66.8,4.0,3,70.7,5.9
2026-07-20 05:05:00,30.2,63.3,5.0,3,191.5,16.0
2026-07-20 05:10:00,32.4,56.9,5.0,3,49.4,4.1
2026-07-20 05:15:00,30.0,63.7,4.0,3,244.4,20.4
2026-07-20 05:20:00,30.8,64.0,5.0,3,150.9,12.6
2026-07-20 05:25:00,30.9,60.2,5.0,3,135.7,11.3
2026-07-20 05:30:00,30.1,64.2,4.0,3,147.0,12.2
2026-07-20 05:35:00,30.4,57.0,5.0,2,18.8,1.6
2026-07-20 05:40:00,30.2,65.4,6.0,3,10.0,0.8
2026-07-20 05:45:00,30.4,63.6,5.0,3,187.7,15.6
2026-07-20 05:50:00,29.6,57.9,5.0,3,208.2,17.2
2026-07-20 05:55:00,29.7,63.9,6.0,3,153.3,12.8
2026-07-20 06:00:00,29.9,58.9,6.0,3,10.0,0.8
2026-07-20 06:05:00,28.1,64.4,6.0,3,145.3,12.1
2026-07-20 06:10:00,31.3,62.0,5.0,3,14.1,1.2
2026-07-20 06:15:00,31.9,59.5,5.0,0,4.5,0.4
2026-07-20 06:20:00,30.1,65.0,5.0,3,167.8,14.0
2026-07-20 06:25:00,30.5,62.0,6.0,3,158.9,13.2
2026-07-20 06:30:00,30.9,61.2,7.0,3,72.9,6.1
2026-07-20 06:35:00,28.7,66.9,5.0,3,127.3,10.6
2026-07-20 06:40:00,30.8,60.8,6.0,3,132.0,11.0
2026-07-20 06:45:00,29.5,63.4,7.0,3,217.8,18.2
2026-07-20 06:50:00,32.0,59.8,7.0,0,3.5,0.3
2026-07-20 06:55:00,29.8,62.8,5.0,0,5.2,0.4
2026-07-20 07:00:00,30.5,64.6,7.0,1,118.0,9.8
2026-07-20 07:05:00,29.3,62.0,6.0,0,5.8,0.5
2026-07-20 07:10:00,31.9,57.7,5.0,0,6.3,0.5
2026-07-20 07:15:00,29.0,61.5,7.0,3,148.1,12.3
2026-07-20 07:20:00,30.8,56.2,7.0,0,7.5,0.6
2026-07-20 07:25:00,30.2,65.8,6.0,3,20.0,1.7
2026-07-20 07:30:00,30.0,60.4,5.0,0,6.5,0.5
2026-07-20 07:35:00,29.8,62.3,5.0,0,6.2,0.6
2026-07-20 07:40:00,28.8,68.1,4.0,0,6.6,0.5
2026-07-20 07:45:00,26.7,67.3,6.0,0,4.4,0.4
2026-07-20 07:50:00,30.7,62.7,6.0,0,7.4,0.6
2026-07-20 07:55:00,29.0,60.7,6.0,1,110.1,9.2
2026-07-20 08:00:00,30.7,64.8,4.0,0,5.3,0.4
2026-07-20 08:05:00,29.8,62.5,6.0,0,5.1,0.4
2026-07-20 08:10:00,30.7,59.0,6.0,0,3.5,0.3
2026-07-20 08:15:00,30.3,59.6,6.0,0,6.4,0.5
2026-07-20 08:20:00,26.6,71.0,9.0,0,6.2,0.5
2026-07-20 08:25:00,30.1,61.0,9.0,0,7.0,0.6
2026-07-20 08:30:00,29.0,61.6,8.0,3,10.0,0.7
2026-07-20 08:35:00,30.7,60.4,6.0,1,148.1,12.3
2026-07-20 08:40:00,30.1,62.5,6.0,0,3.5,0.3
2026-07-20 08:45:00,30.1,62.7,9.0,0,6.9,0.6
2026-07-20 08:50:00,29.1,64.9,10.0,0,5.1,0.4
2026-07-20 08:55:00,28.4,65.5,10.0,1,72.1,6.0
2026-07-20 09:00:00,29.5,64.9,7.0,0,3.7,0.3
2026-07-20 09:05:00,28.0,65.0,6.0,0,4.6,0.4
2026-07-20 09:10:00,29.3,68.6,7.0,1,128.0,10.7
2026-07-20 09:15:00,28.4,63.8,8.0,0,3.9,0.3
2026-07-20 09:20:00,28.4,68.3,6.0,0,6.2,0.5
2026-07-20 09:25:00,30.1,61.0,6.0,0,4.6,0.4
2026-07-20 09:30:00,30.6,58.2,12.0,0,5.3,0.4
2026-07-20 09:35:00,30.0,58.6,6.0,0,4.6,0.4
2026-07-20 09:40:00,29.4,64.2,8.0,0,5.2,0.4
2026-07-20 09:45:00,28.9,67.0,5.0,0,3.5,0.3
2026-07-20 09:50:00,29.6,60.4,6.0,0,3.5,0.3
2026-07-20 09:55:00,29.1,61.8,5.0,0,10.8,1.0
2026-07-20 10:00:00,30.9,62.3,5.0,3,226.7,18.9
2026-07-20 10:05:00,29.2,63.8,7.0,0,5.6,0.5
2026-07-20 10:10:00,31.8,59.0,7.0,3,10.0,0.8
2026-07-20 10:15:00,30.3,59.5,8.0,3,10.0,0.8
2026-07-20 10:20:00,31.4,61.5,6.0,1,48.2,4.0
2026-07-20 10:25:00,32.0,61.4,6.0,1,90.3,7.5
2026-07-20 10:30:00,31.3,62.0,6.0,3,65.0,5.4
2026-07-20 10:35:00,31.9,60.2,5.0,3,66.6,5.5
2026-07-20 10:40:00,28.6,62.3,7.0,0,11.4,1.0
2026-07-20 10:45:00,30.4,62.8,6.0,0,5.3,0.4
2026-07-20 10:50:00,32.2,60.2,4.0,0,5.4,0.4
2026-07-20 10:55:00,31.6,57.6,8.0,0,4.9,0.4
2026-07-20 11:00:00,34.4,55.2,5.0,0,6.6,0.5
2026-07-20 11:05:00,34.3,57.0,7.0,3,10.0,0.8
2026-07-20 11:10:00,32.7,58.4,7.0,3,110.9,9.2
2026-07-20 11:15:00,32.1,54.8,6.0,0,5.7,0.5
2026-07-20 11:20:00,31.4,59.0,5.0,0,3.5,0.3
2026-07-20 11:25:00,31.9,58.1,8.0,1,111.0,9.2
2026-07-20 11:30:00,32.0,61.0,5.0,0,3.5,0.4
2026-07-20 11:35:00,31.8,66.2,4.0,0,3.5,0.3
2026-07-20 11:40:00,31.4,60.9,7.0,3,10.0,0.8
2026-07-20 11:45:00,32.9,55.4,7.0,3,139.9,11.7
2026-07-20 11:50:00,34.3,55.7,4.0,0,5.7,0.5
2026-07-20 11:55:00,33.4,57.5,6.0,1,101.4,8.4
2026-07-20 12:00:00,33.1,59.8,8.0,0,5.8,0.5
2026-07-20 12:05:00,34.6,58.7,8.0,3,148.4,12.4
2026-07-20 12:10:00,33.8,60.3,7.0,0,5.7,0.5
2026-07-20 12:15:00,33.4,58.8,8.0,0,4.0,0.3
2026-07-20 12:20:00,33.3,57.6,7.0,0,3.5,0.3
2026-07-20 12:25:00,33.2,61.5,6.0,0,7.8,0.6
2026-07-20 12:30:00,34.2,55.4,5.0,0,5.9,0.5
2026-07-20 12:35:00,33.6,57.3,6.0,0,6.6,0.5
2026-07-20 12:40:00,32.6,58.1,8.0,1,83.4,7.0
2026-07-20 12:45:00,32.6,53.4,8.0,3,202.2,16.8
2026-07-20 12:50:00,33.8,60.0,7.0,0,7.4,0.6
2026-07-20 12:55:00,33.9,58.4,6.0,0,3.5,0.3
2026-07-20 13:00:00,33.7,50.5,8.0,0,5.6,0.5
2026-07-20 13:05:00,32.8,60.7,6.0,1,67.1,5.6
2026-07-20 13:10:00,35.5,53.1,7.0,0,7.7,0.6
2026-07-20 13:15:00,35.3,56.7,5.0,1,102.8,8.6
2026-07-20 13:20:00,31.8,59.9,6.0,1,93.3,7.8
2026-07-20 13:25:00,35.6,50.2,7.0,3,145.4,12.1
2026-07-20 13:30:00,33.9,56.4,5.0,3,162.2,13.5
2026-07-20 13:35:00,34.3,53.4,6.0,0,3.5,0.3
2026-07-20 13:40:00,35.4,50.8,6.0,1,73.8,6.1
2026-07-20 13:45:00,36.0,55.3,7.0,2,172.9,14.4
2026-07-20 13:50:00,35.2,55.3,7.0,3,10.0,0.8
2026-07-20 13:55:00,34.4,59.5,8.0,0,3.5,0.3
2026-07-20 14:00:00,32.9,56.3,7.0,1,100.9,8.4
2026-07-20 14:05:00,32.0,56.0,7.0,1,10.0,0.8
2026-07-20 14:10:00,36.1,55.0,6.0,1,88.7,7.4
2026-07-20 14:15:00,36.8,50.6,6.0,3,32.6,2.6
2026-07-20 14:20:00,33.7,55.5,7.0,3,91.6,7.6
2026-07-20 14:25:00,34.5,56.6,6.0,2,91.3,7.6
2026-07-20 14:30:00,34.1,55.5,6.0,2,83.5,7.0
2026-07-20 14:35:00,34.0,54.8,5.0,2,27.4,2.3
2026-07-20 14:40:00,36.4,49.7,7.0,0,3.5,0.3
2026-07-20 14:45:00,35.2,56.8,6.0,2,127.4,10.6
2026-07-20 14:50:00,34.5,54.5,6.0,1,10.0,0.8
2026-07-20 14:55:00,38.6,52.0,7.0,1,25.7,2.1
2026-07-20 15:00:00,33.7,57.2,5.0,3,180.6,15.0
2026-07-20 15:05:00,36.4,55.5,8.0,2,153.3,12.8
2026-07-20 15:10:00,34.3,54.9,6.0,2,16.5,1.4
2026-07-20 15:15:00,35.5,53.3,7.0,3,100.7,8.4
2026-07-20 15:20:00,35.9,51.2,6.0,2,140.3,11.7
2026-07-20 15:25:00,36.8,51.4,6.0,2,169.9,14.2
2026-07-20 15:30:00,35.3,55.0,6.0,2,165.6,13.8
2026-07-20 15:35:00,35.2,52.6,6.0,2,117.9,9.8
2026-07-20 15:40:00,35.3,55.0,6.0,2,74.9,6.2
2026-07-20 15:45:00,34.2,58.8,8.0,6,197.0,16.4
2026-07-20 15:50:00,36.6,51.9,6.0,3,81.0,6.8
2026-07-20 15:55:00,36.1,50.5,5.0,2,79.5,6.6
2026-07-20 16:00:00,36.9,51.4,5.0,2,5.0,0.4
2026-07-20 16:05:00,36.1,49.9,8.0,2,50.9,4.2
2026-07-20 16:10:00,35.9,56.5,5.0,2,77.2,6.4
2026-07-20 16:15:00,38.0,51.4,8.0,2,36.9,3.1
2026-07-20 16:20:00,37.8,49.7,11.0,2,111.4,9.4
2026-07-20 16:25:00,38.4,49.5,8.0,2,216.3,18.0
2026-07-20 16:30:00,36.8,49.8,8.0,3,156.5,13.0
2026-07-20 16:35:00,38.3,53.2,7.0,2,230.3,19.2
2026-07-20 16:40:00,35.6,58.0,8.0,3,10.0,0.8
2026-07-20 16:45:00,35.9,50.0,7.0,2,54.4,4.5
2026-07-20 16:50:00,38.0,53.6,8.0,2,237.3,19.8
2026-07-20 16:55:00,37.5,51.2,10.0,3,15.0,1.2
2026-07-20 17:00:00,35.8,57.0,7.0,2,188.2,15.7
2026-07-20 17:05:00,34.5,49.7,6.0,3,120.7,10.1
2026-07-20 17:10:00,36.0,53.8,8.0,3,108.0,9.0
2026-07-20 17:15:00,35.1,53.1,11.0,2,45.6,3.8
2026-07-20 17:20:00,39.4,51.3,8.0,3,146.5,12.2
2026-07-20 17:25:00,37.7,51.5,9.0,2,138.8,11.5
2026-07-20 17:30:00,35.0,54.4,10.0,3,128.3,10.7
2026-07-20 17:35:00,34.5,54.6,14.0,3,140.0,11.7
2026-07-20 17:40:00,34.9,58.8,11.0,3,53.8,4.5
2026-07-20 17:45:00,35.3,53.5,6.0,2,98.2,8.2
2026-07-20 17:50:00,36.0,55.6,4.0,3,222.4,18.5
2026-07-20 17:55:00,38.3,52.4,9.0,3,12.0,1.0
2026-07-20 18:00:00,33.7,58.1,5.0,3,84.0,7.0
2026-07-20 18:05:00,39.3,48.0,5.0,3,107.8,9.0
2026-07-20 18:10:00,33.7,57.7,5.0,3,161.1,13.3
2026-07-20 18:15:00,32.9,57.5,5.0,3,23.0,1.9
2026-07-20 18:20:00,38.2,48.0,5.0,3,97.6,8.1
2026-07-20 18:25:00,37.6,50.9,6.0,3,196.6,16.4
2026-07-20 18:30:00,35.0,60.5,5.0,2,5.0,0.4
2026-07-20 18:35:00,36.0,52.2,5.0,3,104.6,8.7
2026-07-20 18:40:00,36.0,52.2,7.0,3,119.5,10.0
2026-07-20 18:45:00,35.6,54.9,6.0,3,71.3,5.9
2026-07-20 18:50:00,33.1,54.9,6.0,3,105.2,8.8
2026-07-20 18:55:00,31.0,59.1,6.0,3,102.4,8.5
2026-07-20 19:00:00,33.6,55.3,5.0,3,141.1,11.8
2026-07-20 19:05:00,37.2,53.0,6.0,3,10.0,0.8
2026-07-20 19:10:00,37.2,52.0,6.0,3,92.9,7.7
2026-07-20 19:15:00,34.3,60.0,6.0,2,5.0,0.4
2026-07-20 19:20:00,33.4,56.7,4.0,3,117.3,9.8
2026-07-20 19:25:00,35.1,54.1,5.0,3,175.4,14.6
2026-07-20 19:30:00,35.3,56.7,6.0,3,163.9,13.7
2026-07-20 19:35:00,35.5,50.9,5.0,3,227.8,19.0
2026-07-20 19:40:00,31.2,63.1,5.0,3,107.0,8.9
2026-07-20 19:45:00,39.0,48.0,5.0,3,10.0,0.8
2026-07-20 19:50:00,36.3,55.9,5.0,3,98.5,8.2
2026-07-20 19:55:00,34.4,58.7,5.0,3,10.0,0.8
2026-07-20 20:00:00,33.1,56.3,4.0,3,10.0,0.8
2026-07-20 20:05:00,35.5,54.0,6.0,3,49.0,4.1
2026-07-20 20:10:00,34.8,55.4,5.0,3,125.6,10.5
2026-07-20 20:15:00,34.2,57.6,5.0,3,10.6,0.9
2026-07-20 20:20:00,34.7,53.7,6.0,3,222.1,18.5
2026-07-20 20:25:00,33.9,56.4,5.0,3,124.5,10.4
2026-07-20 20:30:00,34.7,55.1,6.0,3,214.1,17.8
2026-07-20 20:35:00,35.1,52.9,6.0,3,258.1,21.5
2026-07-20 20:40:00,34.6,53.7,5.0,3,191.8,16.0
2026-07-20 20:45:00,34.5,56.2,6.0,3,62.7,5.2
2026-07-20 20:50:00,36.1,54.6,6.0,3,12.5,1.0
2026-07-20 20:55:00,31.8,57.2,6.0,3,21.7,1.8
2026-07-20 21:00:00,32.3,58.7,5.0,3,117.1,9.8
2026-07-20 21:05:00,33.6,56.1,6.0,3,66.1,5.5
2026-07-20 21:10:00,32.4,60.9,5.0,3,13.7,1.1
2026-07-20 21:15:00,32.9,57.8,4.0,3,157.1,13.1
2026-07-20 21:20:00,35.4,57.8,5.0,3,149.8,12.5
2026-07-20 21:25:00,33.3,54.4,4.0,3,23.8,2.0
2026-07-20 21:30:00,30.8,60.5,6.0,2,155.3,12.9
2026-07-20 21:35:00,32.9,59.1,4.0,3,55.8,4.6
2026-07-20 21:40:00,33.6,57.1,6.0,3,10.0,0.8
2026-07-20 21:45:00,33.6,56.3,4.0,3,112.3,9.4
2026-07-20 21:50:00,34.3,56.4,5.0,3,64.7,5.4
2026-07-20 21:55:00,34.2,58.2,4.0,3,191.2,15.9
2026-07-20 22:00:00,32.6,56.3,4.0,2,5.0,0.4
2026-07-20 22:05:00,31.1,61.2,4.0,3,103.2,8.6
2026-07-20 22:10:00,32.2,59.5,5.0,3,37.2,3.1
2026-07-20 22:15:00,31.9,58.7,4.0,3,105.6,8.8
2026-07-20 22:20:00,32.4,58.3,4.0,3,77.8,6.5
2026-07-20 22:25:00,33.8,57.6,5.0,2,240.6,20.0
2026-07-20 22:30:00,33.4,61.0,4.0,3,36.6,3.0
2026-07-20 22:35:00,34.0,57.9,4.0,3,90.2,7.5
2026-07-20 22:40:00,32.3,57.0,6.0,3,10.0,0.8
2026-07-20 22:45:00,35.0,55.5,4.0,3,115.5,9.6
2026-07-20 22:50:00,33.8,55.3,4.0,3,122.2,10.2
2026-07-20 22:55:00,33.0,54.6,4.0,3,196.4,16.4
2026-07-20 23:00:00,33.7,57.5,4.0,3,116.9,9.7
2026-07-20 23:05:00,31.3,60.8,5.0,2,178.1,14.8
2026-07-20 23:10:00,28.7,64.0,4.0,3,15.2,1.3
2026-07-20 23:15:00,31.5,62.0,4.0,3,10.0,0.8
2026-07-20 23:20:00,34.0,57.3,5.0,3,10.0,0.8
2026-07-20 23:25:00,32.7,58.6,5.0,3,131.0,10.9
2026-07-20 23:30:00,32.3,58.6,5.0,3,210.3,17.5
2026-07-20 23:35:00,31.0,56.9,4.0,2,153.2,12.8
2026-07-20 23:40:00,29.0,61.7,5.0,3,111.4,9.3
2026-07-20 23:45:00,35.2,59.6,4.0,3,30.7,2.6
2026-07-20 23:50:00,32.2,59.7,4.0,3,124.3,10.4
2026-07-20 23:55:00,31.8,58.4,5.0,3,10.0,0.8
2026-07-21 00:00:00,31.0,59.7,5.0,3,106.8,8.9
2026-07-21 00:05:00,33.4,58.5,4.0,3,156.2,13.0
2026-07-21 00:10:00,33.0,60.4,4.0,3,34.3,2.9
2026-07-21 00:15:00,30.7,60.8,5.0,3,190.2,15.8
2026-07-21 00:20:00,33.3,60.0,4.0,3,228.5,19.0
2026-07-21 00:25:00,31.7,60.2,6.0,3,154.2,12.8
2026-07-21 00:30:00,31.1,61.1,4.0,3,137.6,11.5
2026-07-21 00:35:00,31.5,59.2,5.0,3,10.0,0.8
2026-07-21 00:40:00,30.9,60.0,4.0,3,131.4,10.9
2026-07-21 00:45:00,30.2,59.7,4.0,3,189.8,15.8
2026-07-21 00:50:00,32.8,60.3,4.0,3,94.0,7.8
2026-07-21 00:55:00,31.6,60.0,5.0,3,176.7,14.7
2026-07-21 01:00:00,31.8,53.7,5.0,3,117.2,9.8
2026-07-21 01:05:00,31.5,61.0,4.0,3,108.8,9.1
2026-07-21 01:10:00,31.7,61.6,4.0,3,147.4,12.3
2026-07-21 01:15:00,29.3,61.7,4.0,3,88.4,7.3
2026-07-21 01:20:00,30.4,62.5,5.0,3,37.6,3.1
2026-07-21 01:25:00,31.7,59.6,5.0,3,82.6,6.9
2026-07-21 01:30:00,30.0,58.6,5.0,3,73.9,6.2
2026-07-21 01:35:00,31.5,63.5,4.0,3,138.5,11.5
2026-07-21 01:40:00,29.9,62.0,5.0,3,26.3,2.2
2026-07-21 01:45:00,31.2,61.0,4.0,2,5.0,0.4
2026-07-21 01:50:00,32.7,57.6,4.0,3,207.2,17.3
2026-07-21 01:55:00,31.9,59.2,5.0,3,133.4,11.2
2026-07-21 02:00:00,28.6,64.9,4.0,3,210.4,17.5
2026-07-21 02:05:00,31.7,57.3,4.0,3,82.8,6.9
2026-07-21 02:10:00,32.8,62.2,4.0,3,10.0,0.8
2026-07-21 02:15:00,33.9,58.5,4.0,3,10.0,0.8
2026-07-21 02:20:00,31.3,61.7,4.0,2,181.6,15.1
2026-07-21 02:25:00,29.2,63.2,4.0,3,47.9,4.0
2026-07-21 02:30:00,31.2,58.7,4.0,3,11.7,1.0
2026-07-21 02:35:00,32.5,61.1,4.0,3,10.0,0.8
2026-07-21 02:40:00,30.5,63.1,5.0,3,121.4,10.1
2026-07-21 02:45:00,31.9,58.6,5.0,2,174.9,14.6
2026-07-21 02:50:00,29.8,60.1,4.0,3,134.7,11.2
2026-07-21 02:55:00,31.1,56.9,4.0,3,85.2,7.1
2026-07-21 03:00:00,27.6,66.1,4.0,3,228.4,19.0
2026-07-21 03:05:00,29.3,62.7,4.0,3,102.5,8.5
2026-07-21 03:10:00,30.2,64.7,4.0,3,76.0,6.3
2026-07-21 03:15:00,29.9,64.7,4.0,3,78.9,6.6
2026-07-21 03:20:00,28.9,64.0,5.0,3,171.0,14.2
2026-07-21 03:25:00,29.7,62.5,4.0,3,10.0,0.8
2026-07-21 03:30:00,30.6,58.4,4.0,3,10.0,0.8
2026-07-21 03:35:00,30.2,64.4,4.0,3,123.7,10.3
2026-07-21 03:40:00,30.3,61.6,4.0,3,123.6,10.3
2026-07-21 03:45:00,31.0,62.0,4.0,3,157.0,13.1
2026-07-21 03:50:00,29.9,65.2,4.0,3,102.7,8.6
2026-07-21 03:55:00,31.7,58.1,4.0,3,259.8,21.5
2026-07-21 04:00:00,29.0,61.9,5.0,3,177.5,14.8
2026-07-21 04:05:00,32.1,65.1,4.0,3,10.0,0.8
2026-07-21 04:10:00,31.2,61.8,5.0,3,10.0,0.8
2026-07-21 04:15:00,29.7,62.2,4.0,3,10.0,0.8
2026-07-21 04:20:00,29.8,65.9,5.0,3,111.9,9.2
2026-07-21 04:25:00,30.3,61.0,4.0,3,121.8,10.1
2026-07-21 04:30:00,30.7,62.0,5.0,3,255.4,21.3
2026-07-21 04:35:00,31.2,58.8,5.0,2,170.2,14.2
2026-07-21 04:40:00,28.7,64.6,5.0,3,39.9,3.2
2026-07-21 04:45:00,30.5,60.8,4.0,3,26.0,2.2
2026-07-21 04:50:00,27.8,64.2,5.0,3,127.3,10.6
2026-07-21 04:55:00,29.9,63.2,5.0,3,14.3,1.2
2026-07-21 05:00:00,31.3,59.2,5.0,3,82.6,6.8
2026-07-21 05:05:00,28.6,66.0,6.0,2,173.3,14.4
2026-07-21 05:10:00,28.5,64.3,5.0,3,186.2,15.5
2026-07-21 05:15:00,30.1,58.8,4.0,3,173.3,14.4
2026-07-21 05:20:00,31.2,62.0,6.0,3,198.7,16.6
2026-07-21 05:25:00,30.2,63.6,6.0,3,10.0,0.8
2026-07-21 05:30:00,28.2,70.2,6.0,3,154.1,12.8
2026-07-21 05:35:00,28.4,65.2,5.0,3,105.8,8.8
2026-07-21 05:40:00,30.0,63.0,6.0,3,313.4,26.1
2026-07-21 05:45:00,28.8,65.5,4.0,2,236.1,19.7
2026-07-21 05:50:00,30.1,64.6,6.0,3,168.3,14.0
2026-07-21 05:55:00,30.1,64.4,6.0,3,105.7,8.8
2026-07-21 06:00:00,29.2,64.5,5.0,1,83.9,7.0
2026-07-21 06:05:00,31.3,60.6,6.0,1,65.5,5.5
2026-07-21 06:10:00,30.2,64.1,6.0,3,195.5,16.3
2026-07-21 06:15:00,30.8,61.3,5.0,3,156.3,13.0
2026-07-21 06:20:00,30.5,59.3,5.0,3,172.0,14.3
2026-07-21 06:25:00,29.5,60.4,6.0,1,10.0,0.8
2026-07-21 06:30:00,29.5,62.9,5.0,0,3.5,0.3
2026-07-21 06:35:00,29.4,63.8,5.0,2,43.2,3.6
2026-07-21 06:40:00,30.3,67.2,6.0,3,150.1,12.5
2026-07-21 06:45:00,29.1,63.8,5.0,3,72.0,6.1
2026-07-21 06:50:00,31.2,60.9,7.0,3,71.2,5.9
2026-07-21 06:55:00,29.0,63.4,5.0,3,167.0,13.9
2026-07-21 07:00:00,29.5,64.8,6.0,0,6.6,0.5
2026-07-21 07:05:00,29.0,64.8,4.0,0,5.8,0.5
2026-07-21 07:10:00,28.8,62.9,6.0,0,3.5,0.2
2026-07-21 07:15:00,31.7,57.5,4.0,0,3.5,0.2
2026-07-21 07:20:00,28.8,63.4,6.0,0,3.7,0.3
2026-07-21 07:25:00,28.9,62.2,7.0,0,7.6,0.7
2026-07-21 07:30:00,28.5,64.3,6.0,0,3.5,0.3
2026-07-21 07:35:00,29.3,64.0,4.0,0,3.5,0.3
2026-07-21 07:40:00,29.2,62.6,7.0,0,5.1,0.4
2026-07-21 07:45:00,28.0,69.1,6.0,0,3.5,0.3
2026-07-21 07:50:00,28.8,67.2,5.0,0,8.7,0.7
2026-07-21 07:55:00,29.9,62.2,4.0,1,10.0,0.8
2026-07-21 08:00:00,30.3,59.7,4.0,1,51.0,4.2
2026-07-21 08:05:00,29.2,63.6,11.0,0,5.6,0.5
2026-07-21 08:10:00,29.2,63.4,5.0,3,50.5,4.3
2026-07-21 08:15:00,28.7,64.3,4.0,0,4.5,0.4
2026-07-21 08:20:00,28.6,63.7,7.0,0,4.6,0.4
2026-07-21 08:25:00,28.1,62.8,4.0,3,121.0,10.1
2026-07-21 08:30:00,27.4,66.5,7.0,0,4.1,0.3
2026-07-21 08:35:00,28.4,64.1,9.0,0,4.3,0.4
2026-07-21 08:40:00,30.2,61.6,4.0,0,10.1,0.8
2026-07-21 08:45:00,28.7,64.7,6.0,0,7.2,0.6
2026-07-21 08:50:00,28.8,64.1,7.0,3,150.0,12.5
2026-07-21 08:55:00,28.7,64.6,4.0,3,55.5,4.6
2026-07-21 09:00:00,31.1,60.0,5.0,3,145.2,12.0
2026-07-21 09:05:00,28.7,65.4,6.0,0,4.8,0.4
2026-07-21 09:10:00,30.0,60.9,10.0,0,5.7,0.5
2026-07-21 09:15:00,29.7,60.4,5.0,0,3.8,0.3
2026-07-21 09:20:00,29.8,60.8,6.0,1,10.0,0.8
2026-07-21 09:25:00,30.0,61.0,11.0,0,7.3,0.5
2026-07-21 09:30:00,29.8,59.8,8.0,0,3.5,0.3
2026-07-21 09:35:00,30.6,57.6,4.0,0,4.1,0.3
2026-07-21 09:40:00,29.7,64.2,6.0,3,108.4,9.0
2026-07-21 09:45:00,31.7,63.1,7.0,3,72.4,6.0
2026-07-21 09:50:00,29.8,64.2,9.0,1,10.0,0.8
2026-07-21 09:55:00,27.9,64.6,9.0,1,38.2,3.2
2026-07-21 10:00:00,31.4,57.0,7.0,3,173.8,14.5
2026-07-21 10:05:00,31.2,61.5,7.0,0,3.5,0.2
2026-07-21 10:10:00,30.8,58.1,5.0,0,7.0,0.6
2026-07-21 10:15:00,30.4,62.0,5.0,0,5.1,0.4
2026-07-21 10:20:00,28.3,63.2,5.0,0,3.5,0.3
2026-07-21 10:25:00,28.5,59.7,7.0,0,4.9,0.4
2026-07-21 10:30:00,32.6,62.4,7.0,0,5.1,0.4
2026-07-21 10:35:00,30.1,59.8,6.0,0,8.0,0.7
2026-07-21 10:40:00,31.8,59.5,8.0,1,108.1,9.0
2026-07-21 10:45:00,28.9,63.9,7.0,0,5.6,0.6
2026-07-21 10:50:00,29.5,62.3,8.0,0,5.0,0.4
2026-07-21 10:55:00,31.5,61.7,7.0,3,10.0,0.8
2026-07-21 11:00:00,32.1,57.7,7.0,1,10.0,0.8
2026-07-21 11:05:00,32.8,59.3,5.0,3,10.0,0.8
2026-07-21 11:10:00,32.2,60.1,8.0,0,5.2,0.4
2026-07-21 11:15:00,31.9,56.5,7.0,1,10.0,0.8
2026-07-21 11:20:00,31.4,61.1,6.0,0,3.5,0.3
2026-07-21 11:25:00,30.9,58.8,7.0,0,3.5,0.3
2026-07-21 11:30:00,33.7,54.2,8.0,0,3.5,0.3
2026-07-21 11:35:00,33.9,57.4,6.0,0,9.1,0.8
2026-07-21 11:40:00,31.0,60.2,5.0,3,109.9,9.2
2026-07-21 11:45:00,31.0,62.1,5.0,1,129.9,10.8
2026-07-21 11:50:00,31.8,60.9,4.0,0,4.1,0.3
2026-07-21 11:55:00,32.5,55.4,6.0,1,106.2,8.8
2026-07-21 12:00:00,33.0,59.9,7.0,0,6.3,0.5
2026-07-21 12:05:00,33.8,57.6,9.0,0,3.5,0.3
2026-07-21 12:10:00,33.1,56.5,5.0,0,4.2,0.4
2026-07-21 12:15:00,33.1,57.6,7.0,0,4.4,0.4
2026-07-21 12:20:00,35.9,55.5,6.0,0,6.1,0.5
2026-07-21 12:25:00,32.6,57.9,6.0,3,10.0,0.8
2026-07-21 12:30:00,35.0,60.3,4.0,1,82.5,6.9
2026-07-21 12:35:00,34.8,59.0,5.0,3,219.4,18.3
2026-07-21 12:40:00,33.8,57.1,9.0,0,4.7,0.4
2026-07-21 12:45:00,31.0,60.7,8.0,0,3.7,0.3
2026-07-21 12:50:00,33.2,57.3,7.0,1,63.4,5.3
2026-07-21 12:55:00,32.6,57.2,7.0,1,165.5,13.8
2026-07-21 13:00:00,33.9,56.7,7.0,2,84.6,7.0
2026-07-21 13:05:00,32.6,60.2,6.0,1,80.5,6.7
2026-07-21 13:10:00,34.7,51.6,6.0,0,3.5,0.3
2026-07-21 13:15:00,35.0,56.3,6.0,2,31.2,2.6
2026-07-21 13:20:00,35.2,56.7,6.0,3,76.7,6.4
2026-07-21 13:25:00,33.4,58.7,5.0,2,160.9,13.4
2026-07-21 13:30:00,32.6,58.1,5.0,3,10.0,0.8
2026-07-21 13:35:00,34.2,57.3,7.0,0,9.5,0.8
2026-07-21 13:40:00,35.9,56.6,6.0,0,4.0,0.3
2026-07-21 13:45:00,33.9,56.2,5.0,3,91.9,7.7
2026-07-21 13:50:00,34.4,55.6,6.0,3,262.6,21.9
2026-07-21 13:55:00,33.6,62.4,7.0,1,69.1,5.8
2026-07-21 14:00:00,33.9,56.8,6.0,1,56.5,4.7
2026-07-21 14:05:00,35.5,51.8,5.0,1,85.9,7.2
2026-07-21 14:10:00,34.4,57.6,7.0,1,29.9,2.5
2026-07-21 14:15:00,35.2,55.5,6.0,1,118.5,9.9
2026-07-21 14:20:00,35.3,52.8,7.0,3,28.2,2.3
2026-07-21 14:25:00,35.1,52.0,7.0,2,81.2,6.8
2026-07-21 14:30:00,35.4,54.9,6.0,1,127.6,10.5
2026-07-21 14:35:00,33.4,56.5,5.0,2,5.0,0.3
2026-07-21 14:40:00,33.3,53.8,8.0,1,126.2,10.5
2026-07-21 14:45:00,34.5,55.1,5.0,2,105.9,8.8
2026-07-21 14:50:00,34.6,54.9,6.0,2,5.0,0.4
2026-07-21 14:55:00,33.9,55.9,7.0,3,51.3,4.3
2026-07-21 15:00:00,35.8,54.8,6.0,2,105.6,8.8
2026-07-21 15:05:00,36.7,48.8,6.0,3,154.8,12.9
2026-07-21 15:10:00,37.1,49.8,7.0,2,109.4,9.1
2026-07-21 15:15:00,37.4,50.9,7.0,6,163.5,13.6
2026-07-21 15:20:00,33.6,59.1,6.0,3,229.5,19.0
2026-07-21 15:25:00,33.8,61.2,6.0,5,201.0,16.8
2026-07-21 15:30:00,35.0,54.6,8.0,3,18.0,1.5
2026-07-21 15:35:00,35.5,54.2,6.0,2,65.2,5.4
2026-07-21 15:40:00,35.1,49.1,7.0,2,178.4,14.9
2026-07-21 15:45:00,34.7,57.0,6.0,2,5.0,0.4
2026-07-21 15:50:00,35.0,55.6,8.0,2,107.3,8.9
2026-07-21 15:55:00,36.1,54.0,8.0,2,115.3,9.6
2026-07-21 16:00:00,34.0,52.6,8.0,2,96.5,8.0
2026-07-21 16:05:00,39.5,54.1,9.0,2,195.9,16.3
2026-07-21 16:10:00,36.0,56.8,10.0,2,49.7,4.1
2026-07-21 16:15:00,37.6,52.3,6.0,3,39.0,3.2
2026-07-21 16:20:00,35.1,56.6,6.0,3,10.0,0.7
2026-07-21 16:25:00,36.8,52.6,8.0,3,104.0,8.7
2026-07-21 16:30:00,36.1,55.1,6.0,2,92.6,7.7
2026-07-21 16:35:00,37.3,48.9,6.0,6,184.9,15.4
2026-07-21 16:40:00,35.7,48.4,5.0,2,108.3,9.0
2026-07-21 16:45:00,38.3,48.0,8.0,2,69.4,5.8
2026-07-21 16:50:00,33.7,53.9,5.0,2,5.0,0.4
2026-07-21 16:55:00,37.4,50.4,7.0,2,218.1,18.2
2026-07-21 17:00:00,36.3,54.1,4.0,2,38.8,3.2
2026-07-21 17:05:00,34.3,54.4,10.0,6,149.2,12.4
2026-07-21 17:10:00,39.5,49.3,10.0,3,127.3,10.6
2026-07-21 17:15:00,39.3,48.0,8.0,3,185.7,15.5
2026-07-21 17:20:00,32.4,53.6,11.0,2,40.3,3.4
2026-07-21 17:25:00,36.4,52.9,10.0,3,143.1,11.9
2026-07-21 17:30:00,37.3,50.3,6.0,3,114.7,9.6
2026-07-21 17:35:00,36.8,52.3,6.0,3,128.4,10.6
2026-07-21 17:40:00,38.8,51.6,11.0,2,5.0,0.4
2026-07-21 17:45:00,38.4,55.2,10.0,2,104.4,8.7
2026-07-21 17:50:00,36.5,52.6,8.0,2,113.6,9.6
2026-07-21 17:55:00,40.1,53.8,4.0,3,158.1,13.2
2026-07-21 18:00:00,36.7,53.6,7.0,3,10.0,0.8
2026-07-21 18:05:00,34.5,56.7,6.0,3,127.9,10.7
2026-07-21 18:10:00,34.1,58.2,6.0,3,10.0,0.9
2026-07-21 18:15:00,37.2,53.9,4.0,3,206.0,17.2
2026-07-21 18:20:00,33.7,53.6,7.0,3,264.2,22.0
2026-07-21 18:25:00,34.4,57.9,6.0,3,54.2,4.5
2026-07-21 18:30:00,34.7,53.6,5.0,3,133.3,11.1
2026-07-21 18:35:00,35.7,54.4,5.0,2,197.8,16.5
2026-07-21 18:40:00,34.7,55.0,6.0,3,176.8,14.7
2026-07-21 18:45:00,32.8,59.8,7.0,3,242.6,20.2
2026-07-21 18:50:00,37.1,53.1,5.0,3,94.0,7.7
2026-07-21 18:55:00,34.4,51.2,7.0,3,43.6,3.5
2026-07-21 19:00:00,37.2,56.9,5.0,3,146.9,12.2
2026-07-21 19:05:00,34.9,56.7,5.0,3,221.8,18.5
2026-07-21 19:10:00,36.2,52.0,6.0,3,112.4,9.3
2026-07-21 19:15:00,35.3,51.7,5.0,3,224.5,18.7
2026-07-21 19:20:00,36.3,55.3,6.0,3,194.5,16.2
2026-07-21 19:25:00,35.2,52.1,5.0,3,170.3,14.2
2026-07-21 19:30:00,34.8,56.8,5.0,2,70.7,5.9
2026-07-21 19:35:00,36.0,56.0,4.0,2,119.8,10.0
2026-07-21 19:40:00,37.9,49.8,6.0,3,102.9,8.6
2026-07-21 19:45:00,34.1,54.1,5.0,3,84.0,7.0
2026-07-21 19:50:00,35.5,53.0,6.0,3,256.7,21.5
2026-07-21 19:55:00,34.4,53.1,5.0,3,28.7,2.4
2026-07-21 20:00:00,34.6,56.4,5.0,3,150.8,12.7
2026-07-21 20:05:00,33.9,57.4,5.0,3,144.6,12.0
2026-07-21 20:10:00,30.8,61.3,5.0,3,135.8,11.3
2026-07-21 20:15:00,33.6,55.2,6.0,3,10.0,0.8
2026-07-21 20:20:00,35.3,56.9,5.0,3,112.0,9.3
2026-07-21 20:25:00,32.8,55.7,6.0,3,58.4,4.9
2026-07-21 20:30:00,35.2,57.0,4.0,3,187.3,15.6
2026-07-21 20:35:00,34.1,53.3,5.0,2,178.1,14.8
2026-07-21 20:40:00,33.6,60.2,5.0,3,127.6,10.6
2026-07-21 20:45:00,35.1,54.3,5.0,3,235.9,19.7
2026-07-21 20:50:00,34.8,56.9,4.0,3,231.7,19.3
2026-07-21 20:55:00,34.4,57.5,4.0,3,70.3,5.9
2026-07-21 21:00:00,34.8,53.9,5.0,3,231.7,19.4
2026-07-21 21:05:00,33.6,59.0,5.0,3,51.1,4.3
2026-07-21 21:10:00,30.8,58.8,5.0,3,222.8,18.6
2026-07-21 21:15:00,32.7,57.6,5.0,3,10.0,0.8
2026-07-21 21:20:00,30.6,58.8,4.0,3,236.2,19.7
2026-07-21 21:25:00,34.2,59.9,4.0,3,43.2,3.6
2026-07-21 21:30:00,34.6,54.2,4.0,3,75.5,6.3
2026-07-21 21:35:00,34.7,57.2,5.0,3,90.1,7.5
2026-07-21 21:40:00,34.0,55.8,6.0,3,52.8,4.4
2026-07-21 21:45:00,34.7,58.5,5.0,3,225.1,18.8
2026-07-21 21:50:00,30.9,64.2,4.0,3,10.0,0.8
2026-07-21 21:55:00,33.1,56.6,5.0,3,150.3,12.5
2026-07-21 22:00:00,30.5,60.7,4.0,3,158.2,13.2
2026-07-21 22:05:00,32.1,58.3,4.0,3,13.0,1.1
2026-07-21 22:10:00,34.9,58.4,5.0,3,65.5,5.5
2026-07-21 22:15:00,34.2,56.6,4.0,3,17.5,1.5
2026-07-21 22:20:00,33.5,59.5,4.0,2,207.8,17.3
2026-07-21 22:25:00,32.3,58.1,6.0,3,76.9,6.4
2026-07-21 22:30:00,31.1,64.2,4.0,2,129.1,10.7
2026-07-21 22:35:00,32.9,54.1,6.0,3,185.0,15.5
2026-07-21 22:40:00,34.2,57.8,4.0,2,72.7,6.1
2026-07-21 22:45:00,33.2,58.0,4.0,3,71.7,6.0
2026-07-21 22:50:00,30.3,60.6,4.0,3,130.3,10.9
2026-07-21 22:55:00,32.7,59.0,5.0,3,96.1,8.0
2026-07-21 23:00:00,28.8,62.1,4.0,3,281.7,23.4
2026-07-21 23:05:00,33.8,59.5,4.0,3,116.5,9.7
2026-07-21 23:10:00,31.1,61.3,5.0,3,29.6,2.5
2026-07-21 23:15:00,30.1,63.9,4.0,3,126.2,10.5
2026-07-21 23:20:00,33.8,55.0,5.0,3,166.5,13.9
2026-07-21 23:25:00,33.4,62.2,4.0,3,57.5,4.8
2026-07-21 23:30:00,32.8,63.6,4.0,3,218.5,18.1
2026-07-21 23:35:00,36.4,55.1,6.0,3,10.0,0.9
2026-07-21 23:40:00,33.5,59.4,4.0,3,67.5,5.6
2026-07-21 23:45:00,31.1,62.8,4.0,3,106.8,8.9
2026-07-21 23:50:00,33.3,60.8,5.0,3,191.2,15.9
2026-07-21 23:55:00,31.8,62.8,4.0,3,229.3,19.1
2026-07-22 00:00:00,33.4,59.5,5.0,3,227.2,18.9
2026-07-22 00:05:00,32.2,57.1,6.0,3,119.2,9.9
2026-07-22 00:10:00,32.3,61.7,5.0,3,204.7,17.1
2026-07-22 00:15:00,30.0,62.5,4.0,3,163.6,13.6
2026-07-22 00:20:00,31.9,62.2,4.0,3,116.5,9.7
2026-07-22 00:25:00,31.7,58.2,4.0,3,61.1,5.1
2026-07-22 00:30:00,30.5,59.6,5.0,3,125.7,10.5
2026-07-22 00:35:00,31.5,60.5,6.0,2,193.9,16.2
2026-07-22 00:40:00,32.4,61.6,6.0,3,216.4,18.0
2026-07-22 00:45:00,31.8,62.5,4.0,3,112.7,9.4
2026-07-22 00:50:00,30.1,60.6,4.0,3,71.6,6.0
2026-07-22 00:55:00,31.5,59.9,4.0,2,195.9,16.3
2026-07-22 01:00:00,30.7,66.1,5.0,3,206.8,17.2
2026-07-22 01:05:00,31.3,59.5,5.0,3,66.4,5.4
2026-07-22 01:10:00,31.2,61.8,4.0,3,154.2,12.8
2026-07-22 01:15:00,30.8,60.4,4.0,3,139.3,11.6
2026-07-22 01:20:00,30.7,62.1,6.0,3,184.7,15.4
2026-07-22 01:25:00,31.2,59.1,5.0,3,176.0,14.7
2026-07-22 01:30:00,32.0,58.2,4.0,3,163.6,13.6
2026-07-22 01:35:00,31.4,59.7,4.0,3,76.6,6.4
2026-07-22 01:40:00,32.5,58.0,4.0,3,59.7,5.0
2026-07-22 01:45:00,32.2,58.8,4.0,2,5.0,0.4
2026-07-22 01:50:00,32.5,59.8,5.0,3,133.6,11.1
2026-07-22 01:55:00,32.4,62.3,4.0,3,126.0,10.5
2026-07-22 02:00:00,32.4,57.4,4.0,3,322.9,26.9
2026-07-22 02:05:00,29.4,60.9,4.0,3,136.5,11.4
2026-07-22 02:10:00,31.4,60.3,5.0,3,113.3,9.3
2026-07-22 02:15:00,32.0,57.3,4.0,3,55.6,4.6
2026-07-22 02:20:00,32.2,55.1,4.0,3,15.7,1.3
2026-07-22 02:25:00,29.8,65.2,5.0,3,10.0,0.8
2026-07-22 02:30:00,31.4,60.5,4.0,3,11.0,0.9
2026-07-22 02:35:00,30.8,61.6,4.0,3,79.9,6.6
2026-07-22 02:40:00,32.7,53.7,4.0,3,190.4,16.0
2026-07-22 02:45:00,29.1,62.3,4.0,3,142.4,11.9
2026-07-22 02:50:00,29.8,59.3,4.0,3,19.1,1.6
2026-07-22 02:55:00,28.6,64.4,4.0,3,52.0,4.3
2026-07-22 03:00:00,30.3,62.0,4.0,3,95.6,8.0
2026-07-22 03:05:00,32.6,58.3,4.0,3,75.1,6.3
2026-07-22 03:10:00,30.2,60.2,5.0,3,30.2,2.5
2026-07-22 03:15:00,30.3,59.6,4.0,3,10.0,0.8
2026-07-22 03:20:00,30.8,60.4,5.0,3,11.7,1.1
2026-07-22 03:25:00,30.1,62.9,4.0,3,16.5,1.4
2026-07-22 03:30:00,30.6,59.8,4.0,3,205.6,17.2
2026-07-22 03:35:00,30.6,59.0,4.0,3,228.2,19.0
2026-07-22 03:40:00,29.3,61.1,4.0,3,10.0,0.8
2026-07-22 03:45:00,30.1,60.4,4.0,3,171.5,14.3
2026-07-22 03:50:00,31.0,59.5,4.0,3,212.4,17.7
2026-07-22 03:55:00,31.2,57.6,4.0,2,127.3,10.6
2026-07-22 04:00:00,31.4,58.8,5.0,3,37.5,3.1
2026-07-22 04:05:00,30.4,64.9,6.0,3,10.0,0.8
2026-07-22 04:10:00,30.4,60.9,6.0,3,249.5,20.8
2026-07-22 04:15:00,30.8,57.8,5.0,3,88.5,7.4
2026-07-22 04:20:00,29.4,57.5,5.0,2,176.3,14.7
2026-07-22 04:25:00,29.3,68.3,5.0,3,217.3,18.1
2026-07-22 04:30:00,29.9,65.5,4.0,3,112.5,9.4
2026-07-22 04:35:00,28.7,65.4,4.0,3,234.7,19.6
2026-07-22 04:40:00,30.4,64.7,5.0,3,145.8,12.2
2026-07-22 04:45:00,31.1,61.8,5.0,3,73.4,6.1
2026-07-22 04:50:00,29.3,63.4,5.0,3,62.6,5.2
2026-07-22 04:55:00,30.5,58.3,4.0,3,54.0,4.5
2026-07-22 05:00:00,29.3,67.7,5.0,3,87.3,7.3
2026-07-22 05:05:00,28.9,63.4,6.0,3,99.1,8.3
2026-07-22 05:10:00,31.8,58.9,5.0,3,137.4,11.4
2026-07-22 05:15:00,29.0,64.2,4.0,3,70.4,5.9
2026-07-22 05:20:00,28.7,64.8,4.0,3,259.8,21.6
2026-07-22 05:25:00,30.1,63.6,5.0,3,247.3,20.6
2026-07-22 05:30:00,30.1,63.4,6.0,3,130.4,10.9
2026-07-22 05:35:00,30.5,60.6,5.0,3,268.2,22.3
2026-07-22 05:40:00,31.7,59.9,5.0,3,233.8,19.5
2026-07-22 05:45:00,29.2,65.0,6.0,3,79.5,6.6
2026-07-22 05:50:00,29.4,62.1,5.0,2,156.3,13.0
2026-07-22 05:55:00,31.4,63.4,5.0,3,147.5,12.3
2026-07-22 06:00:00,30.5,61.9,6.0,3,100.8,8.4
2026-07-22 06:05:00,30.3,65.4,5.0,3,233.1,19.4
2026-07-22 06:10:00,29.1,61.3,5.0,3,29.9,2.5
2026-07-22 06:15:00,30.6,63.1,6.0,3,10.0,0.8
2026-07-22 06:20:00,30.3,60.4,5.0,2,78.9,6.6
2026-07-22 06:25:00,29.8,61.7,4.0,1,62.8,5.2
2026-07-22 06:30:00,29.1,65.9,6.0,0,4.2,0.4
2026-07-22 06:35:00,29.7,62.7,6.0,3,104.3,8.7
2026-07-22 06:40:00,31.1,66.2,5.0,1,83.1,6.9
2026-07-22 06:45:00,28.6,65.9,5.0,1,10.0,0.8
2026-07-22 06:50:00,28.9,63.0,6.0,3,31.0,2.6
2026-07-22 06:55:00,29.1,65.1,4.0,3,33.4,2.8
2026-07-22 07:00:00,28.8,63.8,5.0,0,3.8,0.3
2026-07-22 07:05:00,29.2,65.8,6.0,0,7.8,0.6
2026-07-22 07:10:00,30.3,61.4,6.0,3,90.2,7.5
2026-07-22 07:15:00,29.7,64.0,4.0,0,3.7,0.3
2026-07-22 07:20:00,29.3,64.1,6.0,3,67.1,5.6
2026-07-22 07:25:00,29.5,63.5,5.0,3,80.4,6.7
2026-07-22 07:30:00,29.9,65.2,5.0,0,4.0,0.3
2026-07-22 07:35:00,27.4,62.2,4.0,1,10.0,0.8
2026-07-22 07:40:00,30.4,62.2,8.0,3,87.6,7.3
2026-07-22 07:45:00,28.3,63.5,5.0,0,5.4,0.4
2026-07-22 07:50:00,28.7,61.3,6.0,0,7.4,0.5
2026-07-22 07:55:00,29.6,61.2,4.0,0,5.0,0.4
2026-07-22 08:00:00,29.0,62.5,4.0,1,102.0,8.5
2026-07-22 08:05:00,29.6,62.5,8.0,1,108.9,9.1
2026-07-22 08:10:00,29.3,64.4,4.0,0,5.1,0.4
2026-07-22 08:15:00,28.8,65.6,9.0,0,4.8,0.4
2026-07-22 08:20:00,30.8,60.3,10.0,0,4.1,0.2
2026-07-22 08:25:00,29.9,66.5,5.0,0,8.7,0.7
2026-07-22 08:30:00,29.4,62.5,5.0,0,3.5,0.3
2026-07-22 08:35:00,29.9,58.0,4.0,0,5.8,0.5
2026-07-22 08:40:00,28.3,64.2,4.0,0,3.9,0.3
2026-07-22 08:45:00,31.5,60.4,8.0,1,10.0,0.8
2026-07-22 08:50:00,27.9,57.8,9.0,3,130.4,10.9
2026-07-22 08:55:00,29.2,66.6,5.0,3,48.6,4.0
2026-07-22 09:00:00,29.4,63.3,5.0,0,6.2,0.5
2026-07-22 09:05:00,29.3,60.9,4.0,0,4.9,0.4
2026-07-22 09:10:00,29.2,61.5,4.0,0,5.5,0.5
2026-07-22 09:15:00,28.8,66.2,9.0,0,5.2,0.4
2026-07-22 09:20:00,31.0,63.2,7.0,0,3.5,0.3
2026-07-22 09:25:00,28.4,63.5,4.0,3,56.8,4.7
2026-07-22 09:30:00,30.8,58.1,7.0,0,4.9,0.3
2026-07-22 09:35:00,30.4,62.3,11.0,0,3.5,0.3
2026-07-22 09:40:00,29.3,64.4,6.0,0,5.4,0.5
2026-07-22 09:45:00,30.3,63.5,5.0,0,4.0,0.3
2026-07-22 09:50:00,29.5,62.0,7.0,0,4.5,0.4
2026-07-22 09:55:00,28.5,64.6,8.0,0,5.0,0.4
2026-07-22 10:00:00,29.4,63.5,7.0,3,183.1,15.3
2026-07-22 10:05:00,31.4,62.9,6.0,0,5.3,0.4
2026-07-22 10:10:00,31.4,63.7,6.0,0,3.5,0.2
2026-07-22 10:15:00,30.9,65.0,4.0,3,209.9,17.5
2026-07-22 10:20:00,30.2,65.3,5.0,1,10.0,0.9
2026-07-22 10:25:00,30.5,66.0,7.0,1,20.3,1.7
2026-07-22 10:30:00,30.3,64.5,5.0,3,263.6,22.0
2026-07-22 10:35:00,28.7,63.2,6.0,0,4.2,0.4
2026-07-22 10:40:00,30.7,65.1,6.0,3,109.4,9.2
2026-07-22 10:45:00,31.3,57.9,6.0,0,5.5,0.6
2026-07-22 10:50:00,30.7,66.9,6.0,0,8.1,0.7
2026-07-22 10:55:00,32.7,56.9,7.0,0,10.2,0.8
2026-07-22 11:00:00,31.0,63.3,7.0,3,205.4,17.1
2026-07-22 11:05:00,31.4,64.0,6.0,0,9.0,0.7
2026-07-22 11:10:00,32.3,60.3,6.0,0,3.5,0.3
2026-07-22 11:15:00,32.4,54.1,6.0,0,6.1,0.5
2026-07-22 11:20:00,30.0,60.4,5.0,0,7.3,0.6
2026-07-22 11:25:00,32.8,59.3,8.0,3,79.0,6.6
2026-07-22 11:30:00,32.4,60.6,5.0,1,81.6,6.8
2026-07-22 11:35:00,29.8,62.6,6.0,0,6.4,0.5
2026-07-22 11:40:00,32.0,59.8,6.0,0,5.0,0.5
2026-07-22 11:45:00,31.2,57.3,7.0,3,146.9,12.2
2026-07-22 11:50:00,31.6,64.5,7.0,0,5.7,0.5
2026-07-22 11:55:00,30.6,60.9,6.0,0,5.9,0.5
2026-07-22 12:00:00,33.6,59.1,9.0,0,3.9,0.4
2026-07-22 12:05:00,35.1,58.3,6.0,0,5.7,0.6
2026-07-22 12:10:00,33.5,54.4,6.0,3,114.9,9.5
2026-07-22 12:15:00,30.7,62.0,9.0,1,44.3,3.7
2026-07-22 12:20:00,33.5,58.0,5.0,0,3.5,0.3
2026-07-22 12:25:00,32.9,57.6,9.0,1,10.0,0.8
2026-07-22 12:30:00,31.9,62.1,4.0,1,49.9,4.2
2026-07-22 12:35:00,33.5,55.6,6.0,0,9.9,0.7
2026-07-22 12:40:00,34.1,56.5,4.0,0,4.5,0.4
2026-07-22 12:45:00,32.4,58.1,4.0,0,6.3,0.5
2026-07-22 12:50:00,31.3,66.6,7.0,3,259.3,21.6
2026-07-22 12:55:00,30.9,59.7,7.0,3,51.2,4.3
2026-07-22 13:00:00,33.0,59.7,6.0,3,33.7,2.7
2026-07-22 13:05:00,33.6,61.5,8.0,1,49.2,4.1
2026-07-22 13:10:00,33.2,55.1,7.0,0,5.7,0.5
2026-07-22 13:15:00,33.0,58.1,6.0,1,108.6,9.0
2026-07-22 13:20:00,34.4,53.0,4.0,3,109.8,9.1
2026-07-22 13:25:00,34.3,50.5,7.0,1,52.2,4.4
2026-07-22 13:30:00,34.0,54.2,6.0,3,10.0,0.8
2026-07-22 13:35:00,34.7,53.6,6.0,0,5.5,0.5
2026-07-22 13:40:00,33.0,56.5,7.0,1,135.2,11.3
2026-07-22 13:45:00,32.5,57.8,6.0,3,111.8,9.3
2026-07-22 13:50:00,33.2,57.5,7.0,1,10.0,0.8
2026-07-22 13:55:00,33.1,54.5,6.0,0,6.5,0.5
2026-07-22 14:00:00,31.6,59.6,7.0,2,62.6,5.2
2026-07-22 14:05:00,33.8,59.1,7.0,0,7.5,0.6
2026-07-22 14:10:00,36.1,56.7,7.0,3,10.0,0.8
2026-07-22 14:15:00,35.7,53.3,8.0,3,28.4,2.4
2026-07-22 14:20:00,35.3,56.6,6.0,3,104.8,8.7
2026-07-22 14:25:00,34.7,53.5,6.0,1,86.9,7.2
2026-07-22 14:30:00,36.6,52.1,6.0,1,165.8,13.8
2026-07-22 14:35:00,33.0,58.1,8.0,2,207.5,17.3
2026-07-22 14:40:00,33.2,56.1,7.0,1,58.5,4.9
2026-07-22 14:45:00,36.2,50.3,6.0,2,119.2,9.9
2026-07-22 14:50:00,34.6,57.2,6.0,2,85.7,7.1
2026-07-22 14:55:00,33.6,54.4,6.0,1,51.6,4.3
2026-07-22 15:00:00,36.1,52.3,7.0,2,89.1,7.4
2026-07-22 15:05:00,34.8,57.2,7.0,6,140.1,11.7
2026-07-22 15:10:00,34.2,56.7,8.0,2,99.9,8.3
2026-07-22 15:15:00,34.2,55.9,8.0,2,88.3,7.4
2026-07-22 15:20:00,35.8,50.5,9.0,3,10.0,0.8
2026-07-22 15:25:00,35.7,51.3,7.0,3,127.7,10.6
2026-07-22 15:30:00,37.5,52.7,7.0,2,189.9,15.8
2026-07-22 15:35:00,35.0,56.0,7.0,2,134.2,11.2
2026-07-22 15:40:00,35.0,55.2,7.0,2,128.9,10.7
2026-07-22 15:45:00,37.4,50.9,7.0,3,10.0,0.8
2026-07-22 15:50:00,36.7,51.6,7.0,2,84.4,7.0
2026-07-22 15:55:00,35.6,54.4,8.0,2,145.2,12.1
2026-07-22 16:00:00,33.6,53.0,7.0,6,158.9,13.2
2026-07-22 16:05:00,34.7,54.9,8.0,2,29.7,2.5
2026-07-22 16:10:00,34.3,51.9,7.0,2,113.9,9.5
2026-07-22 16:15:00,36.0,50.9,8.0,3,98.7,8.2
2026-07-22 16:20:00,35.2,54.6,12.0,2,5.0,0.4
2026-07-22 16:25:00,38.3,52.2,8.0,3,169.9,14.2
2026-07-22 16:30:00,33.6,56.7,11.0,2,80.7,6.7
2026-07-22 16:35:00,34.2,52.7,7.0,2,59.4,4.9
2026-07-22 16:40:00,36.3,48.7,7.0,2,97.8,8.1
2026-07-22 16:45:00,36.7,52.6,7.0,6,197.0,16.4
2026-07-22 16:50:00,32.0,53.2,8.0,2,67.6,5.6
2026-07-22 16:55:00,33.3,58.4,8.0,2,140.4,11.7
2026-07-22 17:00:00,35.5,50.7,10.0,3,207.9,17.3
2026-07-22 17:05:00,38.4,56.8,4.0,2,46.8,3.9
2026-07-22 17:10:00,39.4,48.0,6.0,3,239.7,20.0
2026-07-22 17:15:00,35.3,55.3,13.0,2,167.8,14.0
2026-07-22 17:20:00,35.7,51.5,5.0,2,221.3,18.4
2026-07-22 17:25:00,34.5,54.4,8.0,2,15.6,1.3
2026-07-22 17:30:00,37.1,52.5,10.0,2,148.3,12.4
2026-07-22 17:35:00,38.7,52.6,8.0,3,27.6,2.3
2026-07-22 17:40:00,38.2,53.6,6.0,6,169.4,14.1
2026-07-22 17:45:00,36.0,55.3,10.0,2,79.0,6.6
2026-07-22 17:50:00,34.5,57.8,11.0,3,69.3,5.8
2026-07-22 17:55:00,36.0,51.5,7.0,4,54.5,4.5
2026-07-22 18:00:00,37.4,53.5,7.0,3,44.1,3.7
2026-07-22 18:05:00,34.3,54.2,7.0,3,180.3,15.1
2026-07-22 18:10:00,31.9,60.4,7.0,3,123.3,10.3
2026-07-22 18:15:00,34.4,55.3,6.0,3,104.1,8.7
2026-07-22 18:20:00,34.5,56.5,8.0,3,99.5,8.3
2026-07-22 18:25:00,31.9,58.5,6.0,2,172.8,14.4
2026-07-22 18:30:00,35.4,55.9,5.0,3,155.0,12.9
2026-07-22 18:35:00,35.9,51.2,6.0,3,29.7,2.5
2026-07-22 18:40:00,38.2,48.0,8.0,3,174.8,14.6
2026-07-22 18:45:00,32.7,59.5,5.0,3,134.0,11.3
2026-07-22 18:50:00,36.3,56.5,4.0,3,197.1,16.5
2026-07-22 18:55:00,36.7,52.2,7.0,3,73.4,6.1
2026-07-22 19:00:00,35.1,56.4,5.0,3,109.5,9.1
2026-07-22 19:05:00,33.0,53.3,6.0,3,201.5,16.8
2026-07-22 19:10:00,32.9,55.7,5.0,3,10.0,0.7
2026-07-22 19:15:00,34.5,55.5,6.0,3,212.0,17.7
2026-07-22 19:20:00,34.5,51.3,5.0,3,82.3,6.9
2026-07-22 19:25:00,33.6,52.8,6.0,3,173.9,14.5
2026-07-22 19:30:00,36.2,53.6,5.0,3,176.6,14.7
2026-07-22 19:35:00,33.9,54.6,6.0,3,89.4,7.4
2026-07-22 19:40:00,31.8,57.7,5.0,3,108.0,9.0
2026-07-22 19:45:00,34.1,54.8,5.0,3,10.0,0.8
2026-07-22 19:50:00,35.1,51.6,6.0,3,10.0,0.8
2026-07-22 19:55:00,34.9,54.3,5.0,3,114.4,9.5
2026-07-22 20:00:00,34.3,56.2,5.0,3,208.4,17.4
2026-07-22 20:05:00,35.9,53.3,5.0,3,89.3,7.4
2026-07-22 20:10:00,32.2,57.3,5.0,3,10.0,0.8
2026-07-22 20:15:00,33.2,56.9,5.0,3,63.4,5.3
2026-07-22 20:20:00,36.0,56.1,5.0,3,61.3,5.1
2026-07-22 20:25:00,31.0,59.4,6.0,3,73.9,6.2
2026-07-22 20:30:00,33.7,52.8,6.0,3,15.1,1.3
2026-07-22 20:35:00,35.5,52.4,6.0,3,41.2,3.4
2026-07-22 20:40:00,35.5,56.9,6.0,3,10.0,0.9
2026-07-22 20:45:00,34.7,54.3,4.0,3,286.1,23.8
2026-07-22 20:50:00,34.8,55.5,5.0,3,252.3,21.0
2026-07-22 20:55:00,32.3,62.3,6.0,3,20.6,1.7
2026-07-22 21:00:00,35.2,57.1,6.0,3,109.3,9.1
2026-07-22 21:05:00,31.4,55.3,5.0,3,52.5,4.4
2026-07-22 21:10:00,31.5,62.0,6.0,2,15.4,1.3
2026-07-22 21:15:00,33.8,57.5,5.0,3,91.2,7.6
2026-07-22 21:20:00,32.5,59.1,4.0,2,194.1,16.2
2026-07-22 21:25:00,33.5,58.0,5.0,3,140.0,11.7
2026-07-22 21:30:00,33.8,58.9,4.0,3,121.8,10.1
2026-07-22 21:35:00,35.8,55.2,4.0,3,191.5,16.0
2026-07-22 21:40:00,33.9,54.3,5.0,3,60.1,5.0
2026-07-22 21:45:00,32.3,59.2,5.0,3,106.1,8.8
2026-07-22 21:50:00,34.2,54.2,4.0,3,10.0,0.8
2026-07-22 21:55:00,32.0,62.3,4.0,3,119.1,9.9
2026-07-22 22:00:00,33.9,56.7,5.0,3,10.0,0.8
2026-07-22 22:05:00,32.6,58.5,4.0,3,10.0,0.8
2026-07-22 22:10:00,33.1,56.8,5.0,3,216.9,18.1
2026-07-22 22:15:00,29.9,61.7,4.0,3,218.0,18.2
2026-07-22 22:20:00,29.2,62.5,4.0,3,16.4,1.4
2026-07-22 22:25:00,30.3,59.4,4.0,2,70.8,5.9
2026-07-22 22:30:00,35.1,57.1,4.0,3,256.0,21.3
2026-07-22 22:35:00,30.9,60.2,6.0,3,168.8,14.1
2026-07-22 22:40:00,33.6,57.5,4.0,3,147.3,12.3
2026-07-22 22:45:00,31.6,58.0,4.0,3,10.0,0.8
2026-07-22 22:50:00,32.2,63.3,4.0,3,265.2,22.2
2026-07-22 22:55:00,32.5,60.9,4.0,3,169.2,14.0
2026-07-22 23:00:00,35.3,59.4,4.0,3,35.2,2.9
2026-07-22 23:05:00,33.4,61.1,5.0,3,10.0,0.8
2026-07-22 23:10:00,33.0,60.1,4.0,3,10.0,0.9
2026-07-22 23:15:00,34.7,58.2,4.0,3,118.9,9.9
2026-07-22 23:20:00,31.1,56.8,4.0,3,86.2,7.2
2026-07-22 23:25:00,34.3,57.1,4.0,3,236.7,19.7
2026-07-22 23:30:00,34.0,62.3,5.0,3,11.0,0.9
2026-07-22 23:35:00,33.9,60.9,4.0,3,132.0,11.0
2026-07-22 23:40:00,32.0,60.5,5.0,3,197.2,16.4
2026-07-22 23:45:00,31.5,58.1,4.0,3,10.0,0.8
2026-07-22 23:50:00,30.7,61.9,4.0,3,158.8,13.3
2026-07-22 23:55:00,30.8,60.5,6.0,3,103.6,8.6
2026-07-23 00:00:00,30.7,62.1,5.0,3,56.6,4.7
2026-07-23 00:05:00,32.3,58.3,4.0,3,10.0,0.8
2026-07-23 00:10:00,31.6,59.7,7.0,3,145.0,12.1
2026-07-23 00:15:00,32.4,61.0,4.0,3,45.7,3.8
2026-07-23 00:20:00,32.4,62.5,6.0,3,71.5,6.0
2026-07-23 00:25:00,30.5,60.3,4.0,2,82.7,6.9
2026-07-23 00:30:00,30.5,59.9,4.0,3,228.3,19.0
2026-07-23 00:35:00,31.6,61.8,4.0,3,102.2,8.5
2026-07-23 00:40:00,30.9,59.2,4.0,3,126.4,10.5
2026-07-23 00:45:00,30.7,59.4,4.0,3,276.7,23.1
2026-07-23 00:50:00,34.0,58.9,4.0,3,119.9,10.0
2026-07-23 00:55:00,29.9,64.7,5.0,3,34.9,2.9
2026-07-23 01:00:00,33.0,56.8,5.0,3,216.6,18.0
2026-07-23 01:05:00,31.4,59.7,4.0,3,111.2,9.3
2026-07-23 01:10:00,32.1,59.6,4.0,3,59.8,5.0
2026-07-23 01:15:00,32.0,58.8,4.0,3,26.0,2.2
2026-07-23 01:20:00,31.7,57.0,4.0,3,79.8,6.6
2026-07-23 01:25:00,32.7,60.0,4.0,3,188.5,15.7
2026-07-23 01:30:00,30.2,62.2,4.0,3,55.8,4.6
2026-07-23 01:35:00,31.0,61.5,6.0,3,119.8,10.0
2026-07-23 01:40:00,30.4,61.4,4.0,3,31.1,2.6
2026-07-23 01:45:00,29.6,65.3,4.0,3,230.3,19.2
2026-07-23 01:50:00,30.6,60.5,5.0,3,10.0,0.8
2026-07-23 01:55:00,32.9,56.6,4.0,2,82.9,6.9
2026-07-23 02:00:00,30.5,65.6,5.0,3,18.7,1.6
2026-07-23 02:05:00,32.9,52.7,4.0,3,46.9,3.9
2026-07-23 02:10:00,33.0,57.5,4.0,3,10.0,0.8
2026-07-23 02:15:00,34.1,56.0,4.0,3,151.3,12.6
2026-07-23 02:20:00,32.8,57.9,5.0,3,165.0,13.8
2026-07-23 02:25:00,33.3,53.7,5.0,3,161.8,13.5
2026-07-23 02:30:00,31.1,57.9,5.0,3,165.6,13.8
2026-07-23 02:35:00,31.0,63.2,4.0,3,10.0,0.8
2026-07-23 02:40:00,31.0,64.2,4.0,3,127.7,10.6
2026-07-23 02:45:00,30.7,60.3,4.0,3,226.2,18.8
2026-07-23 02:50:00,30.9,58.8,4.0,3,75.1,6.3
2026-07-23 02:55:00,31.5,55.8,4.0,3,199.8,16.6
2026-07-23 03:00:00,29.7,64.9,4.0,3,91.0,7.6
2026-07-23 03:05:00,28.8,66.5,4.0,3,94.1,7.8
2026-07-23 03:10:00,30.6,54.5,4.0,3,10.0,0.8
2026-07-23 03:15:00,29.5,57.2,5.0,3,63.0,5.2
2026-07-23 03:20:00,29.6,63.1,4.0,3,218.0,18.2
2026-07-23 03:25:00,30.1,62.6,4.0,3,48.9,4.1
2026-07-23 03:30:00,29.8,61.3,5.0,3,271.8,22.6
2026-07-23 03:35:00,31.4,59.8,4.0,3,90.6,7.5
2026-07-23 03:40:00,30.0,61.6,4.0,3,223.7,18.6
2026-07-23 03:45:00,31.4,60.0,4.0,3,105.9,8.9
2026-07-23 03:50:00,30.4,59.4,4.0,3,10.0,0.8
2026-07-23 03:55:00,30.1,62.0,4.0,3,41.1,3.4
2026-07-23 04:00:00,30.2,60.3,4.0,3,41.5,3.5
2026-07-23 04:05:00,28.7,62.6,4.0,3,44.3,3.7
2026-07-23 04:10:00,30.4,56.8,5.0,3,10.0,0.8
2026-07-23 04:15:00,30.9,60.3,4.0,3,18.1,1.5
2026-07-23 04:20:00,31.1,62.5,6.0,3,158.7,13.3
2026-07-23 04:25:00,28.6,63.9,4.0,3,336.2,28.0
2026-07-23 04:30:00,28.4,64.2,4.0,3,123.0,10.2
2026-07-23 04:35:00,29.5,66.5,5.0,3,74.2,6.2
2026-07-23 04:40:00,31.5,62.4,5.0,3,10.0,0.8
2026-07-23 04:45:00,30.3,66.4,4.0,2,12.8,1.1
2026-07-23 04:50:00,29.2,69.6,5.0,3,279.2,23.3
2026-07-23 04:55:00,28.5,65.1,4.0,3,198.8,16.6
2026-07-23 05:00:00,29.3,61.3,5.0,3,64.8,5.4
2026-07-23 05:05:00,29.2,62.8,4.0,3,132.3,11.0
2026-07-23 05:10:00,30.8,62.5,5.0,3,63.4,5.3
2026-07-23 05:15:00,30.8,64.3,5.0,3,10.0,0.8
2026-07-23 05:20:00,28.9,62.1,4.0,3,70.1,5.8
2026-07-23 05:25:00,30.6,62.2,5.0,3,180.5,15.0
2026-07-23 05:30:00,30.5,60.1,5.0,3,137.1,11.4
2026-07-23 05:35:00,28.8,64.2,6.0,3,85.9,7.2
2026-07-23 05:40:00,29.8,62.6,4.0,2,161.5,13.5
2026-07-23 05:45:00,30.2,63.1,5.0,3,162.3,13.5
2026-07-23 05:50:00,30.1,66.7,4.0,3,76.6,6.4
2026-07-23 05:55:00,28.3,66.3,6.0,3,214.4,17.9
2026-07-23 06:00:00,29.8,62.1,5.0,3,12.7,1.0
2026-07-23 06:05:00,30.2,61.2,6.0,3,73.3,6.1
2026-07-23 06:10:00,31.1,60.6,5.0,1,33.2,2.9
2026-07-23 06:15:00,29.0,62.5,4.0,0,5.5,0.5
2026-07-23 06:20:00,29.1,64.3,5.0,3,174.9,14.5
2026-07-23 06:25:00,29.5,58.6,4.0,2,53.4,4.4
2026-07-23 06:30:00,29.9,62.4,6.0,0,6.9,0.6
2026-07-23 06:35:00,29.7,62.9,7.0,0,6.3,0.5
2026-07-23 06:40:00,30.2,60.0,6.0,0,3.5,0.3
2026-07-23 06:45:00,28.6,64.1,5.0,0,5.4,0.4
2026-07-23 06:50:00,30.0,64.9,5.0,3,168.3,14.0
2026-07-23 06:55:00,29.0,66.6,6.0,3,45.7,3.8
2026-07-23 07:00:00,29.1,62.7,7.0,3,28.0,2.3
2026-07-23 07:05:00,31.1,62.1,5.0,0,4.9,0.4
2026-07-23 07:10:00,27.7,62.5,6.0,1,10.0,0.8
2026-07-23 07:15:00,28.9,63.5,4.0,1,115.8,9.6
2026-07-23 07:20:00,27.8,66.5,6.0,0,6.6,0.5
2026-07-23 07:25:00,29.4,67.1,4.0,0,6.7,0.6
2026-07-23 07:30:00,30.4,64.8,6.0,0,5.6,0.5
2026-07-23 07:35:00,29.4,64.0,4.0,0,6.1,0.5
2026-07-23 07:40:00,29.1,61.7,6.0,3,150.1,12.5
2026-07-23 07:45:00,30.7,64.8,6.0,0,5.7,0.5
2026-07-23 07:50:00,29.6,62.4,5.0,1,27.1,2.3
2026-07-23 07:55:00,30.1,63.5,4.0,0,4.2,0.4
2026-07-23 08:00:00,29.9,62.4,7.0,0,7.9,0.6
2026-07-23 08:05:00,26.0,71.0,9.0,1,108.5,9.0
2026-07-23 08:10:00,29.0,62.5,10.0,1,83.8,7.1
2026-07-23 08:15:00,27.9,67.9,7.0,0,6.6,0.6
2026-07-23 08:20:00,28.2,65.0,7.0,0,9.2,0.8
2026-07-23 08:25:00,30.8,62.7,4.0,0,5.0,0.4
2026-07-23 08:30:00,28.7,68.4,9.0,0,4.3,0.4
2026-07-23 08:35:00,31.2,55.9,4.0,1,96.6,8.0
2026-07-23 08:40:00,27.5,66.1,9.0,0,3.5,0.3
2026-07-23 08:45:00,27.9,63.5,6.0,0,10.0,0.9
2026-07-23 08:50:00,30.0,63.6,4.0,0,6.5,0.6
2026-07-23 08:55:00,28.7,66.1,7.0,0,7.0,0.6
2026-07-23 09:00:00,30.0,61.5,6.0,0,8.9,0.7
2026-07-23 09:05:00,29.6,61.9,5.0,0,5.8,0.5
2026-07-23 09:10:00,29.6,63.7,6.0,1,19.7,1.6
2026-07-23 09:15:00,29.4,60.4,6.0,0,4.0,0.3
2026-07-23 09:20:00,29.9,63.5,6.0,0,7.3,0.6
2026-07-23 09:25:00,30.4,60.0,4.0,0,5.0,0.4
2026-07-23 09:30:00,31.5,62.1,7.0,0,3.5,0.3
2026-07-23 09:35:00,29.5,60.2,6.0,3,231.1,19.3
2026-07-23 09:40:00,29.3,62.3,9.0,0,8.5,0.7
2026-07-23 09:45:00,29.1,62.1,8.0,3,184.4,15.4
2026-07-23 09:50:00,31.3,59.9,8.0,1,81.4,6.8
2026-07-23 09:55:00,30.5,65.1,10.0,3,10.0,0.8
2026-07-23 10:00:00,28.5,66.6,7.0,3,45.8,3.8
2026-07-23 10:05:00,28.5,63.7,6.0,3,10.0,0.8
2026-07-23 10:10:00,29.8,61.9,4.0,0,3.5,0.3
2026-07-23 10:15:00,31.0,63.3,6.0,3,229.7,19.1
2026-07-23 10:20:00,30.7,59.2,8.0,0,4.0,0.3
2026-07-23 10:25:00,31.3,61.0,7.0,3,99.6,8.3
2026-07-23 10:30:00,30.5,60.7,6.0,0,7.0,0.6
2026-07-23 10:35:00,32.3,59.2,6.0,0,3.5,0.3
2026-07-23 10:40:00,31.6,62.3,5.0,3,78.0,6.5
2026-07-23 10:45:00,30.8,60.1,7.0,1,65.2,5.4
2026-07-23 10:50:00,32.0,62.1,6.0,1,74.2,6.2
2026-07-23 10:55:00,28.8,69.2,8.0,3,129.1,10.8
2026-07-23 11:00:00,32.0,61.1,6.0,3,146.6,12.2
2026-07-23 11:05:00,32.3,59.0,6.0,1,10.0,0.8
2026-07-23 11:10:00,32.8,61.2,5.0,0,5.7,0.5
2026-07-23 11:15:00,30.3,59.6,6.0,0,6.0,0.5
2026-07-23 11:20:00,31.9,63.4,4.0,1,90.2,7.5
2026-07-23 11:25:00,32.6,56.9,8.0,0,7.6,0.6
2026-07-23 11:30:00,32.7,63.8,5.0,0,6.7,0.6
2026-07-23 11:35:00,33.4,55.8,6.0,1,172.2,14.3
2026-07-23 11:40:00,33.0,59.7,4.0,1,10.0,0.8
2026-07-23 11:45:00,32.1,55.7,4.0,0,6.9,0.6
2026-07-23 11:50:00,32.9,57.7,6.0,0,7.3,0.6
2026-07-23 11:55:00,31.9,57.2,6.0,0,8.4,0.8
2026-07-23 12:00:00,33.3,54.0,7.0,1,110.4,9.2
2026-07-23 12:05:00,34.1,59.4,9.0,0,4.5,0.4
2026-07-23 12:10:00,33.1,54.9,4.0,0,3.5,0.2
2026-07-23 12:15:00,33.6,55.3,8.0,0,3.6,0.3
2026-07-23 12:20:00,34.3,53.9,7.0,3,70.4,5.9
2026-07-23 12:25:00,34.0,59.4,5.0,0,6.7,0.6
2026-07-23 12:30:00,34.6,58.1,6.0,3,129.8,10.8
2026-07-23 12:35:00,35.8,56.9,8.0,0,4.9,0.4
2026-07-23 12:40:00,34.0,54.6,6.0,0,4.3,0.4
2026-07-23 12:45:00,32.7,61.9,6.0,0,7.6,0.6
2026-07-23 12:50:00,33.8,54.9,5.0,0,6.6,0.5
2026-07-23 12:55:00,33.7,55.1,5.0,0,8.6,0.7
2026-07-23 13:00:00,34.5,53.6,5.0,1,53.7,4.5
2026-07-23 13:05:00,35.5,52.1,7.0,0,6.0,0.5
2026-07-23 13:10:00,31.9,59.3,5.0,0,6.6,0.5
2026-07-23 13:15:00,35.6,51.5,5.0,3,113.9,9.5
2026-07-23 13:20:00,35.9,53.8,6.0,0,4.7,0.4
2026-07-23 13:25:00,34.5,48.6,5.0,3,249.4,20.8
2026-07-23 13:30:00,34.5,56.0,8.0,3,108.1,9.0
2026-07-23 13:35:00,33.5,54.2,6.0,0,3.5,0.3
2026-07-23 13:40:00,33.8,54.8,6.0,0,4.4,0.4
2026-07-23 13:45:00,34.6,53.6,6.0,2,138.7,11.6
2026-07-23 13:50:00,34.5,57.9,7.0,0,4.0,0.3
2026-07-23 13:55:00,34.6,56.6,7.0,0,3.5,0.3
2026-07-23 14:00:00,35.5,53.8,6.0,2,79.8,6.5
2026-07-23 14:05:00,35.9,52.0,6.0,2,83.5,7.0
2026-07-23 14:10:00,35.7,55.8,6.0,2,178.2,14.8
2026-07-23 14:15:00,33.1,61.3,6.0,0,5.8,0.5
2026-07-23 14:20:00,35.8,53.8,5.0,2,5.0,0.4
2026-07-23 14:25:00,37.2,48.3,5.0,4,50.3,4.2
2026-07-23 14:30:00,34.5,53.7,6.0,3,140.5,11.7
2026-07-23 14:35:00,36.7,54.1,5.0,3,49.5,4.1
2026-07-23 14:40:00,33.3,55.7,6.0,2,5.0,0.4
2026-07-23 14:45:00,34.5,53.3,6.0,1,15.2,1.3
2026-07-23 14:50:00,33.7,54.1,6.0,4,49.0,4.1
2026-07-23 14:55:00,36.5,53.2,7.0,3,50.7,4.1
2026-07-23 15:00:00,37.7,48.2,7.0,2,45.1,3.8
2026-07-23 15:05:00,35.3,54.2,7.0,2,92.2,7.7
2026-07-23 15:10:00,37.0,52.6,8.0,2,80.8,6.7
2026-07-23 15:15:00,37.7,50.6,7.0,2,40.7,3.4
2026-07-23 15:20:00,35.4,51.9,5.0,2,230.5,19.2
2026-07-23 15:25:00,35.6,56.2,5.0,6,168.0,14.0
2026-07-23 15:30:00,36.4,50.1,7.0,2,197.9,16.5
2026-07-23 15:35:00,34.3,55.8,7.0,3,145.6,12.1
2026-07-23 15:40:00,35.6,55.6,8.0,2,5.0,0.4
2026-07-23 15:45:00,38.3,51.3,9.0,2,47.5,4.0
2026-07-23 15:50:00,34.7,57.7,7.0,2,130.1,10.8
2026-07-23 15:55:00,36.6,50.3,7.0,3,24.8,2.1
2026-07-23 16:00:00,36.7,50.8,8.0,2,125.4,10.4
2026-07-23 16:05:00,35.7,52.6,6.0,2,36.9,3.1
2026-07-23 16:10:00,36.3,60.6,9.0,3,134.3,11.2
2026-07-23 16:15:00,38.6,51.7,8.0,2,203.3,16.9
2026-07-23 16:20:00,36.8,54.1,10.0,2,28.7,2.4
2026-07-23 16:25:00,37.0,53.8,5.0,2,97.8,8.1
2026-07-23 16:30:00,38.4,50.9,8.0,2,94.0,7.8
2026-07-23 16:35:00,35.5,56.3,7.0,2,118.9,9.9
2026-07-23 16:40:00,34.4,50.7,6.0,2,55.1,4.6
2026-07-23 16:45:00,38.6,51.2,9.0,2,137.8,11.5
2026-07-23 16:50:00,36.2,54.1,7.0,3,83.9,7.0
2026-07-23 16:55:00,37.3,54.3,10.0,2,34.7,2.9
2026-07-23 17:00:00,34.7,51.4,7.0,6,123.1,10.3
2026-07-23 17:05:00,36.7,49.4,7.0,2,126.0,10.5
2026-07-23 17:10:00,34.1,52.5,14.0,3,159.0,13.2
2026-07-23 17:15:00,36.2,54.5,5.0,3,10.0,0.8
2026-07-23 17:20:00,34.9,55.9,6.0,3,232.1,19.3
2026-07-23 17:25:00,34.5,52.2,4.0,3,10.0,0.8
2026-07-23 17:30:00,35.5,59.1,7.0,3,262.7,21.9
2026-07-23 17:35:00,32.0,58.4,10.0,3,111.7,9.3
2026-07-23 17:40:00,34.0,55.8,9.0,2,55.2,4.6
2026-07-23 17:45:00,37.4,51.1,9.0,3,150.2,12.5
2026-07-23 17:50:00,36.7,55.0,6.0,3,101.1,8.4
2026-07-23 17:55:00,34.1,56.4,8.0,3,112.1,9.3
2026-07-23 18:00:00,36.0,58.3,5.0,3,21.1,1.8
2026-07-23 18:05:00,33.5,52.7,6.0,3,159.8,13.2
2026-07-23 18:10:00,36.3,48.7,6.0,3,144.2,12.0
2026-07-23 18:15:00,34.8,52.5,5.0,3,142.4,11.9
2026-07-23 18:20:00,34.5,56.4,6.0,3,236.7,19.7
2026-07-23 18:25:00,34.9,53.3,6.0,3,10.0,0.8
2026-07-23 18:30:00,39.5,52.8,5.0,3,112.2,9.4
2026-07-23 18:35:00,33.7,54.7,6.0,3,10.0,0.8
2026-07-23 18:40:00,35.4,56.8,4.0,3,207.8,17.3
2026-07-23 18:45:00,36.4,50.6,6.0,3,169.4,14.1
2026-07-23 18:50:00,33.4,59.3,4.0,3,84.2,7.0
2026-07-23 18:55:00,32.3,61.0,6.0,3,183.2,15.2
2026-07-23 19:00:00,33.6,55.0,5.0,3,149.0,12.4
2026-07-23 19:05:00,35.5,55.2,5.0,3,10.0,0.8
2026-07-23 19:10:00,34.0,56.5,6.0,3,162.8,13.7
2026-07-23 19:15:00,34.1,56.9,6.0,3,29.7,2.5
2026-07-23 19:20:00,35.7,56.8,5.0,3,118.9,9.9
2026-07-23 19:25:00,33.3,58.9,5.0,2,208.6,17.4
2026-07-23 19:30:00,34.3,56.7,6.0,3,187.8,15.5
2026-07-23 19:35:00,32.4,59.3,4.0,3,109.3,9.1
2026-07-23 19:40:00,34.9,51.9,5.0,3,99.3,8.3
2026-07-23 19:45:00,34.7,55.0,5.0,3,230.1,19.2
2026-07-23 19:50:00,35.5,51.6,6.0,3,120.6,10.0
2026-07-23 19:55:00,32.9,57.1,5.0,3,82.3,6.9
2026-07-23 20:00:00,33.5,59.4,5.0,3,10.0,0.8
2026-07-23 20:05:00,32.0,58.5,5.0,3,107.2,8.9
2026-07-23 20:10:00,33.5,51.7,6.0,3,166.5,13.8
2026-07-23 20:15:00,35.9,52.3,5.0,3,236.5,19.7
2026-07-23 20:20:00,33.4,58.3,6.0,3,10.0,0.8
2026-07-23 20:25:00,31.9,57.5,5.0,3,144.5,12.0
2026-07-23 20:30:00,32.9,59.3,4.0,3,165.6,13.8
2026-07-23 20:35:00,31.5,56.5,5.0,3,67.8,5.6
2026-07-23 20:40:00,32.0,59.4,6.0,3,251.1,20.9
2026-07-23 20:45:00,34.8,56.6,5.0,2,80.8,6.7
2026-07-23 20:50:00,31.8,60.4,5.0,3,31.2,2.6
2026-07-23 20:55:00,34.3,54.8,5.0,3,266.2,22.2
2026-07-23 21:00:00,33.3,59.1,4.0,3,117.2,9.8
2026-07-23 21:05:00,32.4,61.3,5.0,3,172.8,14.4
2026-07-23 21:10:00,33.6,53.1,5.0,3,69.2,5.8
2026-07-23 21:15:00,31.8,59.1,4.0,3,10.0,0.8
2026-07-23 21:20:00,34.5,53.1,6.0,3,95.9,8.0
2026-07-23 21:25:00,32.2,57.0,4.0,3,162.0,13.5
2026-07-23 21:30:00,32.7,56.7,5.0,3,57.3,4.8
2026-07-23 21:35:00,32.5,58.2,6.0,2,113.5,9.5
2026-07-23 21:40:00,34.3,57.5,5.0,3,80.3,6.7
2026-07-23 21:45:00,34.0,58.7,5.0,3,112.3,9.4
2026-07-23 21:50:00,29.4,61.6,5.0,3,10.0,0.9
2026-07-23 21:55:00,33.6,58.6,5.0,3,80.0,6.7
2026-07-23 22:00:00,30.0,58.9,5.0,3,123.5,10.3
2026-07-23 22:05:00,32.1,61.0,5.0,3,58.4,4.9
2026-07-23 22:10:00,32.4,52.5,4.0,3,214.2,17.9
2026-07-23 22:15:00,32.0,62.0,5.0,3,124.9,10.4
2026-07-23 22:20:00,33.3,60.5,5.0,3,10.0,0.8
2026-07-23 22:25:00,33.6,59.1,4.0,3,60.0,5.0
2026-07-23 22:30:00,31.4,63.9,5.0,3,43.9,3.7
2026-07-23 22:35:00,31.4,56.2,4.0,3,29.6,2.5
2026-07-23 22:40:00,32.5,60.1,5.0,3,240.2,20.1
2026-07-23 22:45:00,30.3,60.9,4.0,3,159.9,13.3
2026-07-23 22:50:00,31.9,59.7,4.0,3,71.5,6.0
2026-07-23 22:55:00,34.5,54.6,4.0,3,63.6,5.3
2026-07-23 23:00:00,29.5,62.2,5.0,3,77.0,6.4
2026-07-23 23:05:00,31.7,60.9,4.0,3,53.6,4.6
2026-07-23 23:10:00,31.2,59.6,4.0,3,43.6,3.6
2026-07-23 23:15:00,36.0,57.8,4.0,3,149.5,12.5
2026-07-23 23:20:00,31.3,58.6,4.0,2,184.7,15.5
2026-07-23 23:25:00,31.4,60.0,5.0,3,10.0,0.8
2026-07-23 23:30:00,30.4,62.6,4.0,3,150.7,12.6
2026-07-23 23:35:00,32.3,61.5,4.0,3,10.0,0.8
2026-07-23 23:40:00,32.8,60.9,5.0,3,150.0,12.5
2026-07-23 23:45:00,30.7,62.4,6.0,3,198.8,16.6
2026-07-23 23:50:00,34.1,60.5,5.0,3,13.3,1.1
2026-07-23 23:55:00,32.8,58.8,4.0,3,40.7,3.4
2026-07-24 00:00:00,33.0,59.8,6.0,2,116.5,9.7
2026-07-24 00:05:00,31.5,62.0,5.0,3,190.8,15.9
2026-07-24 00:10:00,32.2,58.0,6.0,2,162.6,13.6
2026-07-24 00:15:00,31.7,58.4,4.0,3,77.4,6.4
2026-07-24 00:20:00,33.7,56.7,4.0,3,36.2,2.9
2026-07-24 00:25:00,32.1,57.5,5.0,3,41.3,3.4
2026-07-24 00:30:00,31.9,58.7,4.0,2,6.0,0.5
2026-07-24 00:35:00,31.4,59.8,5.0,3,317.7,26.5
2026-07-24 00:40:00,31.3,62.8,6.0,3,61.3,5.1
2026-07-24 00:45:00,32.2,59.3,4.0,2,143.1,11.9
2026-07-24 00:50:00,32.9,57.3,6.0,3,149.6,12.5
2026-07-24 00:55:00,31.1,61.0,5.0,3,162.3,13.5
2026-07-24 01:00:00,31.4,60.0,4.0,3,242.7,20.2
2026-07-24 01:05:00,31.4,59.0,4.0,3,275.0,22.9
2026-07-24 01:10:00,31.6,59.1,5.0,3,10.0,0.7
2026-07-24 01:15:00,29.7,64.4,4.0,3,232.7,19.4
2026-07-24 01:20:00,30.4,59.3,5.0,3,117.4,9.8
2026-07-24 01:25:00,30.0,59.3,5.0,3,14.6,1.2
2026-07-24 01:30:00,31.3,61.3,4.0,3,191.1,15.9
2026-07-24 01:35:00,30.4,60.6,4.0,2,84.4,7.1
2026-07-24 01:40:00,30.8,63.8,4.0,3,25.6,2.1
2026-07-24 01:45:00,30.2,61.6,5.0,3,218.9,18.1
2026-07-24 01:50:00,30.9,60.8,4.0,3,71.5,6.0
2026-07-24 01:55:00,30.2,63.2,5.0,3,199.8,16.6
2026-07-24 02:00:00,31.6,56.0,5.0,3,170.3,14.2
2026-07-24 02:05:00,31.3,61.2,4.0,3,10.0,0.8
2026-07-24 02:10:00,31.0,60.0,4.0,3,10.0,0.7
2026-07-24 02:15:00,30.4,64.2,4.0,3,119.8,10.0
2026-07-24 02:20:00,28.5,63.1,4.0,3,62.2,5.2
2026-07-24 02:25:00,30.3,62.3,4.0,3,163.3,13.6
2026-07-24 02:30:00,29.9,61.7,4.0,3,84.4,7.1
2026-07-24 02:35:00,31.1,61.7,5.0,3,28.6,2.4
2026-07-24 02:40:00,31.5,59.5,4.0,3,135.5,11.3
2026-07-24 02:45:00,31.1,61.4,5.0,3,10.0,0.8
2026-07-24 02:50:00,32.2,63.3,5.0,3,10.0,0.8
2026-07-24 02:55:00,30.1,61.5,4.0,3,13.8,1.3
2026-07-24 03:00:00,29.7,63.6,4.0,3,10.0,0.8
2026-07-24 03:05:00,31.4,65.4,4.0,3,136.9,11.4
2026-07-24 03:10:00,30.5,62.3,5.0,3,29.8,2.6
2026-07-24 03:15:00,30.1,56.2,4.0,3,125.7,10.5
2026-07-24 03:20:00,32.2,57.0,5.0,3,170.7,14.2
2026-07-24 03:25:00,30.9,57.8,4.0,2,166.8,13.9
2026-07-24 03:30:00,30.1,64.2,4.0,3,216.5,18.1
2026-07-24 03:35:00,29.6,62.6,5.0,3,175.2,14.6
2026-07-24 03:40:00,31.7,62.0,4.0,3,10.0,0.8
2026-07-24 03:45:00,30.5,62.8,4.0,3,25.6,2.1
2026-07-24 03:50:00,30.3,63.1,4.0,3,10.0,0.8
2026-07-24 03:55:00,31.0,57.6,5.0,3,24.3,2.0
2026-07-24 04:00:00,31.0,61.9,6.0,3,234.0,19.5
2026-07-24 04:05:00,30.7,64.7,5.0,3,131.2,10.9
2026-07-24 04:10:00,31.1,56.7,4.0,3,192.5,16.0
2026-07-24 04:15:00,30.6,60.5,6.0,3,10.0,0.8
2026-07-24 04:20:00,30.7,62.1,4.0,3,86.9,7.2
2026-07-24 04:25:00,29.4,63.7,4.0,3,157.6,13.1
2026-07-24 04:30:00,32.0,62.6,4.0,3,16.3,1.4
2026-07-24 04:35:00,28.8,66.3,5.0,3,85.3,7.1
2026-07-24 04:40:00,30.4,62.7,4.0,3,188.2,15.8
2026-07-24 04:45:00,28.7,66.7,6.0,3,193.1,16.1
2026-07-24 04:50:00,30.0,64.3,4.0,3,151.5,12.6
2026-07-24 04:55:00,29.5,63.3,4.0,3,101.5,8.5
2026-07-24 05:00:00,30.1,61.7,6.0,3,114.7,9.5
2026-07-24 05:05:00,30.3,64.2,6.0,3,10.0,0.8
2026-07-24 05:10:00,29.1,62.4,6.0,3,270.3,22.5
2026-07-24 05:15:00,30.0,62.4,4.0,3,10.0,0.9
2026-07-24 05:20:00,31.3,58.1,4.0,3,219.0,18.2
2026-07-24 05:25:00,28.8,66.0,6.0,3,10.0,0.8
2026-07-24 05:30:00,29.2,66.4,4.0,2,137.7,11.5
2026-07-24 05:35:00,30.8,59.3,4.0,3,81.0,6.8
2026-07-24 05:40:00,30.1,62.1,5.0,3,138.2,11.5
2026-07-24 05:45:00,30.1,61.4,4.0,3,40.7,3.5
2026-07-24 05:50:00,30.9,63.4,5.0,3,10.0,0.9
2026-07-24 05:55:00,29.3,66.7,4.0,3,32.4,2.7
2026-07-24 06:00:00,29.3,62.8,6.0,3,82.9,6.8
2026-07-24 06:05:00,29.1,57.9,6.0,0,7.3,0.6
2026-07-24 06:10:00,29.4,65.9,6.0,2,140.9,11.7
2026-07-24 06:15:00,30.9,61.4,5.0,3,119.6,10.0
2026-07-24 06:20:00,28.2,65.5,4.0,3,94.2,7.8
2026-07-24 06:25:00,28.6,66.8,5.0,3,115.9,9.7
2026-07-24 06:30:00,28.5,64.3,4.0,3,134.2,11.2
2026-07-24 06:35:00,31.0,59.9,7.0,3,163.9,13.7
2026-07-24 06:40:00,29.2,63.2,6.0,1,31.3,2.6
2026-07-24 06:45:00,29.4,64.6,5.0,3,64.3,5.4
2026-07-24 06:50:00,28.3,67.1,7.0,3,134.8,11.2
2026-07-24 06:55:00,29.5,66.7,5.0,3,10.0,0.9
2026-07-24 07:00:00,30.3,63.1,7.0,3,10.0,0.8
2026-07-24 07:05:00,29.6,62.8,7.0,0,4.6,0.4
2026-07-24 07:10:00,29.2,65.9,6.0,3,64.0,5.3
2026-07-24 07:15:00,27.6,63.9,4.0,0,6.3,0.5
2026-07-24 07:20:00,29.0,67.5,5.0,3,378.2,31.5
2026-07-24 07:25:00,29.5,63.8,10.0,0,4.3,0.4
2026-07-24 07:30:00,28.2,64.8,5.0,0,5.2,0.4
2026-07-24 07:35:00,30.0,60.2,5.0,1,135.0,11.1
2026-07-24 07:40:00,30.3,63.6,5.0,3,103.8,8.7
2026-07-24 07:45:00,28.7,63.9,4.0,3,178.9,14.9
2026-07-24 07:50:00,30.1,62.2,6.0,0,4.3,0.4
2026-07-24 07:55:00,29.2,59.8,4.0,2,154.8,12.9
2026-07-24 08:00:00,30.5,60.7,5.0,0,6.1,0.5
2026-07-24 08:05:00,31.5,58.9,7.0,0,6.7,0.6
2026-07-24 08:10:00,28.0,66.5,6.0,0,8.9,0.7
2026-07-24 08:15:00,30.1,61.7,7.0,1,78.9,6.6
2026-07-24 08:20:00,30.7,55.1,6.0,0,4.4,0.4
2026-07-24 08:25:00,28.1,64.4,4.0,1,59.0,4.9
2026-07-24 08:30:00,28.6,61.1,9.0,3,209.4,17.3
2026-07-24 08:35:00,28.6,62.1,9.0,1,10.0,0.8
2026-07-24 08:40:00,29.1,66.3,4.0,0,5.1,0.4
2026-07-24 08:45:00,28.8,60.3,7.0,3,77.6,6.5
2026-07-24 08:50:00,29.0,64.7,5.0,3,235.7,19.6
2026-07-24 08:55:00,30.2,61.0,8.0,0,7.7,0.6
2026-07-24 09:00:00,27.7,64.4,8.0,3,148.6,12.4
2026-07-24 09:05:00,28.7,62.2,9.0,0,4.8,0.5
2026-07-24 09:10:00,30.5,62.6,5.0,0,6.5,0.5
2026-07-24 09:15:00,30.4,63.0,4.0,0,4.5,0.4
2026-07-24 09:20:00,28.6,60.6,4.0,0,6.3,0.4
2026-07-24 09:25:00,30.4,64.7,11.0,0,6.7,0.6
2026-07-24 09:30:00,31.3,57.8,8.0,0,8.1,0.7
2026-07-24 09:35:00,29.7,64.0,8.0,0,4.0,0.3
2026-07-24 09:40:00,28.7,61.7,4.0,1,91.4,7.7
2026-07-24 09:45:00,30.8,60.3,7.0,0,6.5,0.4
2026-07-24 09:50:00,31.7,56.9,4.0,0,5.2,0.4
2026-07-24 09:55:00,28.8,63.1,7.0,0,3.5,0.3
2026-07-24 10:00:00,30.8,61.2,6.0,0,4.3,0.4
2026-07-24 10:05:00,32.0,57.4,6.0,3,201.1,16.8
2026-07-24 10:10:00,30.9,62.2,5.0,0,4.0,0.3
2026-07-24 10:15:00,28.8,65.3,8.0,0,6.4,0.5
2026-07-24 10:20:00,31.3,66.9,5.0,0,3.7,0.3
2026-07-24 10:25:00,29.7,65.1,8.0,3,122.3,10.2
2026-07-24 10:30:00,29.3,66.2,6.0,0,5.7,0.5
2026-07-24 10:35:00,28.8,60.4,7.0,0,5.5,0.5
2026-07-24 10:40:00,32.1,55.5,7.0,0,6.8,0.6
2026-07-24 10:45:00,29.8,62.3,7.0,3,127.2,10.6
2026-07-24 10:50:00,31.2,65.0,6.0,0,4.5,0.4
2026-07-24 10:55:00,31.4,66.2,9.0,0,3.5,0.3
2026-07-24 11:00:00,32.4,57.4,8.0,0,7.4,0.6
2026-07-24 11:05:00,32.6,57.3,4.0,3,230.4,19.3
2026-07-24 11:10:00,32.6,60.0,6.0,0,4.4,0.4
2026-07-24 11:15:00,32.4,58.6,8.0,0,7.7,0.5
2026-07-24 11:20:00,31.4,60.1,5.0,1,116.8,9.7
2026-07-24 11:25:00,31.3,62.2,6.0,0,5.5,0.5
2026-07-24 11:30:00,32.1,66.0,6.0,0,5.6,0.5
2026-07-24 11:35:00,32.1,62.6,8.0,3,62.1,5.2
2026-07-24 11:40:00,32.7,63.1,5.0,3,134.2,11.2
2026-07-24 11:45:00,33.4,53.1,5.0,3,113.5,9.5
2026-07-24 11:50:00,32.6,61.3,7.0,0,6.7,0.6
2026-07-24 11:55:00,31.3,58.4,7.0,0,6.8,0.6
2026-07-24 12:00:00,30.8,65.7,7.0,0,5.3,0.4
2026-07-24 12:05:00,32.4,62.4,7.0,1,79.5,6.6
2026-07-24 12:10:00,31.8,61.5,6.0,0,4.6,0.4
2026-07-24 12:15:00,32.4,57.2,7.0,0,5.4,0.4
2026-07-24 12:20:00,33.5,56.1,7.0,0,3.5,0.3
2026-07-24 12:25:00,33.4,56.5,6.0,0,7.5,0.6
2026-07-24 12:30:00,35.3,56.4,6.0,0,3.8,0.3
2026-07-24 12:35:00,33.8,57.9,5.0,0,4.5,0.4
2026-07-24 12:40:00,35.4,57.9,5.0,1,10.2,0.8
2026-07-24 12:45:00,34.1,60.4,7.0,0,4.7,0.4
2026-07-24 12:50:00,34.5,53.6,4.0,0,6.2,0.5
2026-07-24 12:55:00,32.9,59.4,7.0,3,117.3,9.8
2026-07-24 13:00:00,32.7,59.5,6.0,0,5.2,0.4
2026-07-24 13:05:00,33.4,56.9,6.0,3,166.7,13.9
2026-07-24 13:10:00,33.9,58.8,6.0,0,6.8,0.6
2026-07-24 13:15:00,33.2,58.8,7.0,0,6.5,0.5
2026-07-24 13:20:00,32.8,56.6,7.0,0,3.9,0.4
2026-07-24 13:25:00,34.4,55.2,8.0,0,3.9,0.3
2026-07-24 13:30:00,32.7,57.4,7.0,0,5.0,0.4
2026-07-24 13:35:00,32.1,57.3,6.0,0,6.9,0.6
2026-07-24 13:40:00,32.6,58.2,7.0,0,6.6,0.5
2026-07-24 13:45:00,33.6,53.5,4.0,0,6.8,0.6
2026-07-24 13:50:00,32.8,59.4,7.0,0,5.0,0.4
2026-07-24 13:55:00,33.6,60.5,6.0,0,7.5,0.6
2026-07-24 14:00:00,35.5,54.3,5.0,2,180.2,15.0
2026-07-24 14:05:00,35.5,56.4,6.0,1,90.3,7.5
2026-07-24 14:10:00,33.7,56.7,7.0,2,5.0,0.4
2026-07-24 14:15:00,32.8,54.9,7.0,2,39.5,3.3
2026-07-24 14:20:00,33.8,61.0,7.0,1,154.3,12.9
2026-07-24 14:25:00,35.6,48.2,7.0,0,6.2,0.5
2026-07-24 14:30:00,35.9,53.7,6.0,1,57.3,4.8
2026-07-24 14:35:00,35.2,52.7,6.0,0,4.3,0.4
2026-07-24 14:40:00,36.4,56.9,7.0,0,5.0,0.4
2026-07-24 14:45:00,37.1,52.8,7.0,1,114.7,9.6
2026-07-24 14:50:00,34.0,62.1,7.0,2,98.6,8.2
2026-07-24 14:55:00,36.8,52.7,7.0,2,8.4,0.7
2026-07-24 15:00:00,35.1,52.8,9.0,2,81.4,6.8
2026-07-24 15:05:00,36.9,48.7,7.0,3,134.9,11.2
2026-07-24 15:10:00,36.5,55.4,8.0,3,99.9,8.3
2026-07-24 15:15:00,32.8,55.3,6.0,2,115.5,9.6
2026-07-24 15:20:00,34.2,54.6,5.0,3,254.5,21.2
2026-07-24 15:25:00,33.8,58.7,6.0,2,223.4,18.6
2026-07-24 15:30:00,33.1,59.1,6.0,3,140.6,11.7
2026-07-24 15:35:00,36.7,51.4,7.0,3,50.4,4.2
2026-07-24 15:40:00,38.3,49.9,6.0,2,156.5,13.0
2026-07-24 15:45:00,35.1,50.7,7.0,2,156.4,13.0
2026-07-24 15:50:00,36.7,48.2,7.0,3,107.4,9.0
2026-07-24 15:55:00,37.5,53.5,7.0,3,107.1,8.8
2026-07-24 16:00:00,36.4,54.9,8.0,2,104.2,8.7
2026-07-24 16:05:00,36.0,54.1,10.0,2,5.0,0.4
2026-07-24 16:10:00,35.7,54.1,7.0,3,58.0,4.8
2026-07-24 16:15:00,36.9,50.7,7.0,3,67.1,5.6
2026-07-24 16:20:00,37.4,55.2,7.0,3,96.4,8.0
2026-07-24 16:25:00,36.7,48.5,9.0,2,43.6,3.6
2026-07-24 16:30:00,36.7,51.5,7.0,2,5.0,0.4
2026-07-24 16:35:00,36.0,53.7,8.0,2,144.0,12.0
2026-07-24 16:40:00,33.6,55.9,9.0,2,107.9,9.0
2026-07-24 16:45:00,37.4,51.8,7.0,2,116.5,9.7
2026-07-24 16:50:00,34.1,54.2,5.0,3,150.6,12.5
2026-07-24 16:55:00,37.0,53.5,7.0,2,139.3,11.6
2026-07-24 17:00:00,37.5,48.2,6.0,3,10.0,0.7
2026-07-24 17:05:00,34.1,54.9,7.0,2,63.7,5.3
2026-07-24 17:10:00,35.1,55.4,4.0,2,5.0,0.4
2026-07-24 17:15:00,39.9,48.0,4.0,2,66.1,5.5
2026-07-24 17:20:00,36.0,53.2,10.0,2,135.7,11.3
2026-07-24 17:25:00,34.0,56.0,6.0,2,5.0,0.4
2026-07-24 17:30:00,37.5,48.0,11.0,2,115.6,9.6
2026-07-24 17:35:00,34.8,49.9,7.0,2,6.3,0.5
2026-07-24 17:40:00,32.7,57.2,10.0,3,156.3,13.0
2026-07-24 17:45:00,37.0,50.4,8.0,3,88.0,7.3
2026-07-24 17:50:00,34.5,53.3,10.0,2,146.1,12.2
2026-07-24 17:55:00,36.7,54.0,8.0,2,5.0,0.4
2026-07-24 18:00:00,33.7,53.1,6.0,3,10.5,0.9
2026-07-24 18:05:00,36.4,48.0,8.0,3,151.7,12.6
2026-07-24 18:10:00,35.5,58.3,7.0,3,133.5,11.1
2026-07-24 18:15:00,30.7,62.3,5.0,3,156.6,13.0
2026-07-24 18:20:00,35.8,56.7,4.0,3,203.6,17.0
2026-07-24 18:25:00,34.6,51.7,6.0,3,267.5,22.3
2026-07-24 18:30:00,37.6,51.3,7.0,3,113.5,9.5
2026-07-24 18:35:00,35.8,50.0,6.0,3,82.5,6.9
2026-07-24 18:40:00,36.4,52.6,5.0,2,161.2,13.4
2026-07-24 18:45:00,33.9,54.6,6.0,3,95.8,8.0
2026-07-24 18:50:00,33.8,52.7,7.0,3,75.4,6.3
2026-07-24 18:55:00,35.1,55.6,8.0,3,58.4,4.9
2026-07-24 19:00:00,34.0,55.3,5.0,3,108.1,9.0
2026-07-24 19:05:00,36.3,57.1,6.0,3,10.0,0.8
2026-07-24 19:10:00,34.3,55.7,6.0,3,180.4,15.0
2026-07-24 19:15:00,32.8,51.4,5.0,3,138.0,11.5
2026-07-24 19:20:00,33.4,52.4,5.0,3,240.2,20.0
2026-07-24 19:25:00,35.8,58.6,6.0,3,31.0,2.6
2026-07-24 19:30:00,34.3,54.7,5.0,3,233.2,19.4
2026-07-24 19:35:00,34.2,56.2,5.0,3,190.2,15.8
2026-07-24 19:40:00,36.0,53.5,5.0,3,23.2,1.9
2026-07-24 19:45:00,33.3,59.9,5.0,3,10.6,0.9
2026-07-24 19:50:00,31.5,54.4,5.0,3,136.3,11.5
2026-07-24 19:55:00,33.3,59.7,5.0,3,158.1,13.2
2026-07-24 20:00:00,34.3,58.8,5.0,3,176.2,14.7
2026-07-24 20:05:00,33.6,56.9,4.0,3,51.5,4.3
2026-07-24 20:10:00,31.7,59.7,6.0,3,318.0,26.5
2026-07-24 20:15:00,35.4,54.3,6.0,3,10.0,0.8
2026-07-24 20:20:00,34.1,52.9,5.0,3,209.6,17.5
2026-07-24 20:25:00,34.5,57.2,6.0,3,10.0,0.8
2026-07-24 20:30:00,34.5,56.5,5.0,3,38.0,3.2
2026-07-24 20:35:00,32.1,59.0,6.0,2,5.0,0.4
2026-07-24 20:40:00,34.3,57.2,5.0,3,184.8,15.4
2026-07-24 20:45:00,35.2,54.0,5.0,2,26.0,2.2
2026-07-24 20:50:00,35.5,58.1,6.0,3,260.7,21.7
2026-07-24 20:55:00,34.9,55.6,5.0,2,152.8,12.7
2026-07-24 21:00:00,34.1,57.9,5.0,3,205.5,17.1
2026-07-24 21:05:00,30.8,59.4,5.0,3,92.6,7.7
2026-07-24 21:10:00,33.3,59.6,5.0,3,10.0,0.9
2026-07-24 21:15:00,31.9,59.1,5.0,3,219.0,18.2
2026-07-24 21:20:00,35.2,55.8,6.0,3,91.4,7.6
2026-07-24 21:25:00,35.0,58.4,4.0,3,234.5,19.5
2026-07-24 21:30:00,31.9,55.6,5.0,3,207.9,17.4
2026-07-24 21:35:00,33.3,57.1,5.0,3,153.6,12.8
2026-07-24 21:40:00,33.7,56.1,4.0,3,35.8,3.0
2026-07-24 21:45:00,34.7,57.1,4.0,3,41.1,3.4
2026-07-24 21:50:00,30.8,60.5,5.0,3,160.3,13.4
2026-07-24 21:55:00,30.1,60.5,6.0,3,121.4,10.1
2026-07-24 22:00:00,32.7,57.1,5.0,3,273.9,22.8
2026-07-24 22:05:00,28.9,61.9,5.0,3,162.2,13.5
2026-07-24 22:10:00,32.9,58.9,5.0,3,154.8,12.9
2026-07-24 22:15:00,33.5,57.4,4.0,3,245.2,20.4
2026-07-24 22:20:00,34.4,59.0,4.0,3,52.8,4.4
2026-07-24 22:25:00,31.7,60.5,4.0,3,155.0,12.9
2026-07-24 22:30:00,32.9,58.3,6.0,3,34.0,2.8
2026-07-24 22:35:00,33.6,53.2,5.0,3,188.2,15.7
2026-07-24 22:40:00,30.9,59.7,5.0,3,248.6,20.7
2026-07-24 22:45:00,34.0,58.5,5.0,3,126.4,10.5
2026-07-24 22:50:00,33.0,57.7,4.0,3,10.0,0.8
2026-07-24 22:55:00,31.8,59.9,5.0,3,198.8,16.6
2026-07-24 23:00:00,32.7,59.5,4.0,3,242.8,20.2
2026-07-24 23:05:00,32.1,60.5,5.0,3,44.4,3.7
2026-07-24 23:10:00,33.8,61.3,4.0,3,51.0,4.2
2026-07-24 23:15:00,31.7,61.6,5.0,3,196.1,16.3
2026-07-24 23:20:00,32.8,57.8,4.0,3,28.6,2.3
2026-07-24 23:25:00,31.2,58.2,5.0,3,11.8,1.0
2026-07-24 23:30:00,30.7,61.6,4.0,3,30.7,2.6
2026-07-24 23:35:00,32.7,61.6,5.0,3,70.5,5.9
2026-07-24 23:40:00,30.7,58.5,4.0,3,175.7,14.6
2026-07-24 23:45:00,33.9,58.8,4.0,3,124.0,10.3
2026-07-24 23:50:00,33.5,62.9,4.0,3,194.1,16.2
2026-07-24 23:55:00,31.0,60.4,4.0,3,160.5,13.4
2026-07-25 00:00:00,32.3,63.4,4.0,3,229.0,19.1
2026-07-25 00:05:00,31.1,59.6,4.0,3,202.5,16.9
2026-07-25 00:10:00,30.0,60.7,4.0,3,12.6,1.0
2026-07-25 00:15:00,31.3,59.6,4.0,3,79.6,6.7
2026-07-25 00:20:00,32.0,58.3,5.0,3,222.6,18.5
2026-07-25 00:25:00,32.7,57.2,4.0,3,145.8,12.2
2026-07-25 00:30:00,32.2,59.6,4.0,3,63.9,5.3
2026-07-25 00:35:00,33.2,59.3,4.0,3,77.1,6.4
2026-07-25 00:40:00,30.8,60.0,4.0,3,186.5,15.5
2026-07-25 00:45:00,31.6,59.7,4.0,3,77.6,6.5
2026-07-25 00:50:00,34.1,60.5,4.0,3,209.8,17.5
2026-07-25 00:55:00,29.6,63.3,4.0,3,91.5,7.6
2026-07-25 01:00:00,31.0,60.4,4.0,3,240.4,20.0
2026-07-25 01:05:00,30.4,62.4,5.0,3,212.0,17.7
2026-07-25 01:10:00,31.2,57.8,4.0,3,58.8,4.8
2026-07-25 01:15:00,31.0,61.3,6.0,3,176.8,14.7
2026-07-25 01:20:00,31.9,59.6,5.0,3,10.0,0.8
2026-07-25 01:25:00,31.6,59.5,4.0,3,113.1,9.5
2026-07-25 01:30:00,30.2,62.0,4.0,3,106.0,8.8
2026-07-25 01:35:00,30.8,60.9,6.0,3,10.0,0.7
2026-07-25 01:40:00,31.4,58.1,5.0,3,10.0,0.8
2026-07-25 01:45:00,32.0,62.4,5.0,3,211.6,17.6
2026-07-25 01:50:00,33.6,59.1,4.0,3,102.6,8.5
2026-07-25 01:55:00,32.0,58.9,4.0,3,119.4,10.1
2026-07-25 02:00:00,29.8,58.4,4.0,3,79.7,6.6
2026-07-25 02:05:00,30.8,55.3,5.0,3,216.5,18.0
2026-07-25 02:10:00,31.1,65.5,5.0,3,10.0,0.8
2026-07-25 02:15:00,30.3,61.5,4.0,3,179.5,15.0
2026-07-25 02:20:00,31.4,62.1,4.0,3,279.2,23.3
2026-07-25 02:25:00,28.3,62.6,4.0,3,34.4,2.9
2026-07-25 02:30:00,31.5,59.4,4.0,2,86.3,7.2
2026-07-25 02:35:00,30.4,61.2,4.0,3,20.0,1.7
2026-07-25 02:40:00,30.8,61.8,4.0,3,139.2,11.6
2026-07-25 02:45:00,32.5,58.8,4.0,3,162.4,13.5
2026-07-25 02:50:00,29.5,60.9,4.0,3,10.0,0.8
2026-07-25 02:55:00,31.2,58.3,5.0,3,73.7,6.1
2026-07-25 03:00:00,31.2,60.0,4.0,3,238.7,19.9
2026-07-25 03:05:00,30.6,57.0,4.0,3,273.5,22.8
2026-07-25 03:10:00,28.7,62.3,4.0,3,90.7,7.6
2026-07-25 03:15:00,31.8,58.9,5.0,3,116.7,9.7
2026-07-25 03:20:00,30.2,62.8,4.0,3,133.2,11.1
2026-07-25 03:25:00,29.9,65.9,4.0,3,10.0,0.8
2026-07-25 03:30:00,30.1,60.9,4.0,3,38.8,3.2
2026-07-25 03:35:00,30.0,62.3,4.0,3,100.7,8.4
2026-07-25 03:40:00,29.2,59.0,4.0,3,311.4,25.9
2026-07-25 03:45:00,30.6,62.0,4.0,3,142.4,11.9
2026-07-25 03:50:00,29.8,60.3,5.0,3,233.5,19.5
2026-07-25 03:55:00,31.1,59.7,4.0,3,88.4,7.5
2026-07-25 04:00:00,30.8,62.2,4.0,2,5.0,0.4
2026-07-25 04:05:00,31.9,60.4,5.0,3,144.6,12.0
2026-07-25 04:10:00,30.0,58.6,4.0,3,20.5,1.7
2026-07-25 04:15:00,29.4,65.5,4.0,3,10.0,0.8
2026-07-25 04:20:00,28.7,64.5,5.0,3,10.0,0.8
2026-07-25 04:25:00,32.5,61.3,4.0,3,65.6,5.5
2026-07-25 04:30:00,30.9,64.6,4.0,3,95.9,8.0
2026-07-25 04:35:00,29.5,67.4,4.0,3,47.9,4.0
2026-07-25 04:40:00,32.0,55.2,6.0,3,10.0,0.8
2026-07-25 04:45:00,31.7,60.5,5.0,3,161.9,13.5
2026-07-25 04:50:00,28.8,60.3,4.0,3,25.0,2.1
2026-07-25 04:55:00,29.4,66.8,4.0,3,100.6,8.4
2026-07-25 05:00:00,30.0,65.6,6.0,3,32.3,2.7
2026-07-25 05:05:00,29.1,66.1,7.0,3,185.1,15.4
2026-07-25 05:10:00,30.0,61.7,7.0,3,10.0,0.8
2026-07-25 05:15:00,30.8,62.4,4.0,3,175.6,14.6
2026-07-25 05:20:00,28.8,63.3,6.0,3,55.5,4.6
2026-07-25 05:25:00,30.4,62.0,5.0,3,65.3,5.4
2026-07-25 05:30:00,31.2,60.5,4.0,3,97.4,8.1
2026-07-25 05:35:00,30.5,57.6,4.0,3,87.5,7.3
2026-07-25 05:40:00,30.0,60.9,5.0,3,216.4,18.0
2026-07-25 05:45:00,29.5,68.1,5.0,3,150.5,12.5
2026-07-25 05:50:00,30.9,61.0,4.0,2,155.1,12.9
2026-07-25 05:55:00,29.0,64.5,6.0,3,210.7,17.6
2026-07-25 06:00:00,30.1,62.5,6.0,3,137.1,11.4
2026-07-25 06:05:00,29.9,62.0,6.0,3,81.2,6.9
2026-07-25 06:10:00,30.9,61.4,5.0,0,7.1,0.5
2026-07-25 06:15:00,29.3,62.9,6.0,1,54.3,4.5
2026-07-25 06:20:00,29.4,59.0,4.0,3,82.7,6.9
2026-07-25 06:25:00,28.7,66.3,6.0,3,10.0,0.9
2026-07-25 06:30:00,30.2,65.6,5.0,3,260.1,21.6
2026-07-25 06:35:00,29.5,61.1,5.0,3,81.4,6.9
2026-07-25 06:40:00,29.1,63.2,5.0,3,10.0,0.8
2026-07-25 06:45:00,29.1,67.1,4.0,2,5.0,0.4
2026-07-25 06:50:00,30.3,60.7,6.0,3,10.0,0.8
2026-07-25 06:55:00,28.8,65.3,5.0,1,56.4,4.7
2026-07-25 07:00:00,28.3,71.0,7.0,0,8.5,0.7
2026-07-25 07:05:00,30.4,63.5,7.0,0,3.5,0.3
2026-07-25 07:10:00,29.3,63.8,5.0,0,6.0,0.5
2026-07-25 07:15:00,30.5,63.9,5.0,0,3.5,0.3
2026-07-25 07:20:00,29.0,66.0,4.0,0,4.0,0.3
2026-07-25 07:25:00,29.4,61.9,7.0,3,10.0,0.8
2026-07-25 07:30:00,29.6,59.0,6.0,3,29.1,2.4
2026-07-25 07:35:00,31.0,62.5,6.0,3,141.5,11.8
2026-07-25 07:40:00,30.9,63.0,5.0,1,74.9,6.2
2026-07-25 07:45:00,30.7,60.8,4.0,1,47.7,4.0
2026-07-25 07:50:00,28.7,68.5,7.0,0,6.4,0.6
2026-07-25 07:55:00,28.3,68.6,8.0,0,5.7,0.5
2026-07-25 08:00:00,30.2,64.1,9.0,0,3.9,0.3
2026-07-25 08:05:00,30.9,60.5,6.0,3,10.0,0.8
2026-07-25 08:10:00,30.6,56.6,7.0,0,4.6,0.4
2026-07-25 08:15:00,29.3,63.1,8.0,0,7.4,0.6
2026-07-25 08:20:00,30.1,58.0,6.0,0,5.7,0.5
2026-07-25 08:25:00,30.2,56.6,10.0,0,5.5,0.5
2026-07-25 08:30:00,29.5,64.8,9.0,3,208.6,17.4
2026-07-25 08:35:00,29.5,66.1,12.0,3,37.1,3.1
2026-07-25 08:40:00,29.4,58.7,7.0,0,7.5,0.6
2026-07-25 08:45:00,28.4,64.3,4.0,0,7.1,0.6
2026-07-25 08:50:00,28.6,64.6,6.0,0,4.7,0.4
2026-07-25 08:55:00,28.5,64.1,5.0,0,6.7,0.6
2026-07-25 09:00:00,28.1,62.2,7.0,1,43.1,3.6
2026-07-25 09:05:00,30.1,65.6,9.0,3,73.4,6.1
2026-07-25 09:10:00,29.9,59.5,5.0,0,5.0,0.4
2026-07-25 09:15:00,30.7,56.8,5.0,3,85.9,7.2
2026-07-25 09:20:00,31.3,57.3,5.0,0,5.7,0.5
2026-07-25 09:25:00,31.4,61.6,10.0,0,3.5,0.3
2026-07-25 09:30:00,31.5,59.7,5.0,1,65.9,5.5
2026-07-25 09:35:00,29.1,62.1,7.0,0,4.4,0.4
2026-07-25 09:40:00,28.3,66.4,10.0,1,111.4,9.3
2026-07-25 09:45:00,30.9,62.0,7.0,0,5.8,0.5
2026-07-25 09:50:00,31.4,54.9,4.0,3,10.0,0.9
2026-07-25 09:55:00,31.6,61.4,5.0,0,3.5,0.4
2026-07-25 10:00:00,31.4,63.4,5.0,0,4.8,0.4
2026-07-25 10:05:00,28.6,64.3,4.0,1,69.0,5.8
2026-07-25 10:10:00,31.3,60.4,6.0,0,3.5,0.3
2026-07-25 10:15:00,31.5,64.8,4.0,0,6.9,0.6
2026-07-25 10:20:00,32.3,58.0,7.0,0,8.3,0.7
2026-07-25 10:25:00,32.5,58.9,6.0,3,155.5,13.0
2026-07-25 10:30:00,31.9,60.8,5.0,0,3.5,0.3
2026-07-25 10:35:00,30.2,62.5,4.0,0,3.5,0.3
2026-07-25 10:40:00,29.7,62.5,8.0,0,6.6,0.5
2026-07-25 10:45:00,31.5,60.8,5.0,1,63.3,5.2
2026-07-25 10:50:00,30.0,66.1,8.0,1,74.5,6.2
2026-07-25 10:55:00,32.6,60.9,6.0,0,6.0,0.5
2026-07-25 11:00:00,30.5,61.8,8.0,0,6.4,0.5
2026-07-25 11:05:00,33.0,56.0,7.0,0,6.9,0.7
2026-07-25 11:10:00,32.7,56.8,6.0,0,5.8,0.5
2026-07-25 11:15:00,32.1,61.8,5.0,0,8.2,0.7
2026-07-25 11:20:00,31.3,56.9,8.0,0,8.5,0.7
2026-07-25 11:25:00,30.1,68.3,6.0,1,141.1,11.8
2026-07-25 11:30:00,31.8,59.9,5.0,3,10.0,0.8
2026-07-25 11:35:00,31.8,56.6,6.0,3,228.0,19.0
2026-07-25 11:40:00,33.6,57.6,6.0,0,9.3,0.8
2026-07-25 11:45:00,31.5,58.5,7.0,0,9.6,0.8
2026-07-25 11:50:00,32.8,57.4,4.0,3,10.0,0.8
2026-07-25 11:55:00,30.9,57.7,10.0,1,17.8,1.5
2026-07-25 12:00:00,33.9,56.1,7.0,0,4.1,0.3
2026-07-25 12:05:00,30.9,56.1,6.0,3,89.1,7.4
2026-07-25 12:10:00,35.7,52.4,7.0,0,7.6,0.6
2026-07-25 12:15:00,33.2,55.7,4.0,0,5.9,0.5
2026-07-25 12:20:00,30.2,61.2,6.0,0,3.5,0.3
2026-07-25 12:25:00,32.6,56.8,7.0,0,6.5,0.5
2026-07-25 12:30:00,32.4,59.1,6.0,0,4.1,0.3
2026-07-25 12:35:00,32.6,60.9,7.0,0,5.5,0.5
2026-07-25 12:40:00,33.0,59.0,7.0,1,97.2,8.1
2026-07-25 12:45:00,32.6,62.0,5.0,3,32.1,2.7
2026-07-25 12:50:00,32.5,57.6,8.0,3,188.6,15.7
2026-07-25 12:55:00,32.1,60.3,6.0,0,3.5,0.3
2026-07-25 13:00:00,35.0,55.6,8.0,3,10.0,0.9
2026-07-25 13:05:00,35.4,57.0,7.0,0,8.1,0.7
2026-07-25 13:10:00,33.7,54.8,6.0,2,86.1,7.2
2026-07-25 13:15:00,34.0,58.3,5.0,0,3.7,0.3
2026-07-25 13:20:00,32.7,56.1,6.0,1,105.4,8.8
2026-07-25 13:25:00,34.1,54.6,7.0,0,4.0,0.3
2026-07-25 13:30:00,34.3,54.8,6.0,3,216.0,17.9
2026-07-25 13:35:00,33.8,57.7,6.0,1,57.1,4.8
2026-07-25 13:40:00,34.5,52.6,7.0,1,124.0,10.3
2026-07-25 13:45:00,34.4,53.1,6.0,0,7.8,0.6
2026-07-25 13:50:00,32.8,56.4,5.0,0,6.0,0.5
2026-07-25 13:55:00,35.4,54.1,8.0,0,9.1,0.8
2026-07-25 14:00:00,34.5,53.1,7.0,2,261.8,21.8
2026-07-25 14:05:00,37.2,52.8,6.0,1,110.1,9.2
2026-07-25 14:10:00,35.4,53.4,6.0,3,281.6,23.5
2026-07-25 14:15:00,37.6,53.3,7.0,1,105.2,8.8
2026-07-25 14:20:00,36.4,53.3,6.0,1,10.0,0.8
2026-07-25 14:25:00,35.1,58.8,7.0,3,10.0,0.8
2026-07-25 14:30:00,33.7,56.6,6.0,2,106.4,8.9
2026-07-25 14:35:00,33.8,53.2,7.0,2,72.8,6.1
2026-07-25 14:40:00,35.5,53.7,6.0,1,39.3,3.3
2026-07-25 14:45:00,35.0,54.8,7.0,2,94.4,7.9
2026-07-25 14:50:00,33.9,53.9,7.0,2,14.8,1.2
2026-07-25 14:55:00,36.0,57.2,6.0,2,113.5,9.5
2026-07-25 15:00:00,35.7,53.2,8.0,6,124.9,10.4
2026-07-25 15:05:00,36.8,51.2,8.0,2,269.2,22.4
2026-07-25 15:10:00,34.3,55.8,7.0,2,66.8,5.6
2026-07-25 15:15:00,37.0,50.4,6.0,2,36.7,3.1
2026-07-25 15:20:00,36.3,55.3,5.0,2,137.0,11.4
2026-07-25 15:25:00,37.2,53.8,8.0,2,158.1,13.2
2026-07-25 15:30:00,36.9,52.8,5.0,3,10.0,0.8
2026-07-25 15:35:00,35.5,55.4,7.0,3,68.6,5.7
2026-07-25 15:40:00,35.4,53.1,5.0,3,105.5,8.8
2026-07-25 15:45:00,38.0,48.0,8.0,2,108.1,9.0
2026-07-25 15:50:00,35.2,53.7,8.0,2,75.9,6.3
2026-07-25 15:55:00,36.6,51.7,7.0,2,143.3,11.9
2026-07-25 16:00:00,35.6,49.1,9.0,2,5.0,0.4
2026-07-25 16:05:00,33.3,53.8,8.0,2,61.9,5.2
2026-07-25 16:10:00,34.3,52.3,7.0,3,73.0,6.1
2026-07-25 16:15:00,36.8,50.0,5.0,2,5.0,0.4
2026-07-25 16:20:00,37.2,55.1,9.0,3,68.2,5.7
2026-07-25 16:25:00,36.8,53.6,6.0,2,91.6,7.6
2026-07-25 16:30:00,37.9,53.5,11.0,3,153.5,12.8
2026-07-25 16:35:00,36.7,53.8,6.0,2,83.3,6.9
2026-07-25 16:40:00,35.0,56.9,9.0,2,182.0,15.2
2026-07-25 16:45:00,37.0,52.3,10.0,6,136.9,11.4
2026-07-25 16:50:00,36.4,56.4,6.0,2,33.4,2.8
2026-07-25 16:55:00,35.3,51.2,7.0,2,181.0,15.2
2026-07-25 17:00:00,37.1,51.8,8.0,6,184.8,15.3
2026-07-25 17:05:00,36.4,49.9,14.0,2,83.7,7.0
2026-07-25 17:10:00,35.2,57.6,8.0,3,124.4,10.4
2026-07-25 17:15:00,35.9,54.5,6.0,2,149.9,12.5
2026-07-25 17:20:00,38.7,53.6,10.0,2,160.2,13.3
2026-07-25 17:25:00,38.7,48.0,6.0,2,103.7,8.6
2026-07-25 17:30:00,36.6,50.9,8.0,3,10.0,0.8
2026-07-25 17:35:00,36.3,48.0,7.0,2,121.4,10.1
2026-07-25 17:40:00,33.7,56.8,10.0,2,55.1,4.6
2026-07-25 17:45:00,39.3,48.4,7.0,2,193.5,16.1
2026-07-25 17:50:00,38.1,53.0,7.0,3,29.2,2.4
2026-07-25 17:55:00,37.6,51.5,11.0,2,310.2,25.8
2026-07-25 18:00:00,31.3,52.6,6.0,3,210.4,17.5
2026-07-25 18:05:00,35.3,49.5,6.0,3,107.8,9.0
2026-07-25 18:10:00,35.0,54.5,4.0,3,90.3,7.5
2026-07-25 18:15:00,36.4,54.1,7.0,3,10.0,0.8
2026-07-25 18:20:00,34.5,48.9,5.0,3,159.9,13.3
2026-07-25 18:25:00,34.8,54.3,6.0,3,94.0,7.8
2026-07-25 18:30:00,36.3,50.2,4.0,3,93.9,7.8
2026-07-25 18:35:00,33.9,52.5,6.0,3,181.6,15.1
2026-07-25 18:40:00,34.2,53.4,6.0,2,5.0,0.4
2026-07-25 18:45:00,35.6,54.0,6.0,2,105.3,8.8
2026-07-25 18:50:00,37.6,49.6,5.0,3,10.0,0.8
2026-07-25 18:55:00,36.6,48.0,8.0,3,198.9,16.6
2026-07-25 19:00:00,36.1,53.7,5.0,3,122.2,10.2
2026-07-25 19:05:00,34.7,54.2,6.0,3,197.5,16.5
2026-07-25 19:10:00,36.7,50.5,6.0,3,70.6,5.9
2026-07-25 19:15:00,32.2,57.3,5.0,3,208.6,17.4
2026-07-25 19:20:00,37.4,51.1,6.0,3,10.0,0.7
2026-07-25 19:25:00,37.6,51.7,5.0,3,10.0,0.8
2026-07-25 19:30:00,35.2,53.9,6.0,3,14.4,1.2
2026-07-25 19:35:00,35.8,54.1,5.0,3,29.0,2.4
2026-07-25 19:40:00,34.6,55.1,5.0,3,192.5,16.0
2026-07-25 19:45:00,34.3,57.4,5.0,3,10.0,0.8
2026-07-25 19:50:00,33.8,59.7,5.0,3,174.3,14.5
2026-07-25 19:55:00,34.6,55.1,5.0,3,94.1,7.8
2026-07-25 20:00:00,34.8,54.4,5.0,3,10.0,0.8
2026-07-25 20:05:00,34.6,52.9,5.0,3,250.0,20.8
2026-07-25 20:10:00,36.8,55.0,6.0,3,10.0,0.8
2026-07-25 20:15:00,34.2,54.4,5.0,3,174.8,14.6
2026-07-25 20:20:00,31.9,63.6,5.0,3,211.5,17.6
2026-07-25 20:25:00,36.3,59.9,5.0,3,10.0,0.8
2026-07-25 20:30:00,32.3,57.8,5.0,3,10.0,0.8
2026-07-25 20:35:00,33.2,53.8,5.0,3,214.6,17.9
2026-07-25 20:40:00,34.4,57.5,6.0,3,111.1,9.2
2026-07-25 20:45:00,34.6,60.3,5.0,3,154.6,12.9
2026-07-25 20:50:00,32.0,55.8,5.0,3,102.5,8.5
2026-07-25 20:55:00,33.0,61.5,5.0,3,164.7,13.7
2026-07-25 21:00:00,31.2,56.0,4.0,2,77.5,6.5
2026-07-25 21:05:00,34.4,53.9,4.0,3,10.0,0.8
2026-07-25 21:10:00,35.2,56.5,6.0,3,161.8,13.5
2026-07-25 21:15:00,31.6,61.1,4.0,3,81.8,6.8
2026-07-25 21:20:00,34.9,56.1,5.0,3,78.0,6.5
2026-07-25 21:25:00,34.8,57.1,6.0,2,134.8,11.2
2026-07-25 21:30:00,32.5,60.5,5.0,2,5.0,0.5
2026-07-25 21:35:00,30.5,62.5,4.0,3,10.0,0.8
2026-07-25 21:40:00,31.8,57.8,4.0,3,10.0,0.8
2026-07-25 21:45:00,32.5,56.7,5.0,3,84.1,7.0
2026-07-25 21:50:00,35.7,57.5,4.0,3,204.6,17.1
2026-07-25 21:55:00,33.3,58.5,5.0,3,114.2,9.5
2026-07-25 22:00:00,31.3,60.9,4.0,3,10.9,0.9
2026-07-25 22:05:00,33.0,56.9,5.0,3,81.2,6.8
2026-07-25 22:10:00,30.9,61.3,5.0,3,72.2,6.0
2026-07-25 22:15:00,33.5,55.7,5.0,3,24.1,2.0
2026-07-25 22:20:00,31.3,60.2,4.0,3,133.4,11.1
2026-07-25 22:25:00,31.5,59.8,4.0,3,11.5,1.0
2026-07-25 22:30:00,33.3,58.1,5.0,3,36.5,3.0
2026-07-25 22:35:00,35.3,57.6,4.0,3,10.0,0.8
2026-07-25 22:40:00,36.0,53.5,6.0,3,30.1,2.6
2026-07-25 22:45:00,31.2,61.1,5.0,3,232.0,19.3
2026-07-25 22:50:00,31.9,59.2,5.0,2,17.7,1.5
2026-07-25 22:55:00,33.5,56.2,4.0,3,34.8,2.9
2026-07-25 23:00:00,34.7,56.7,4.0,3,54.8,4.6
2026-07-25 23:05:00,28.5,65.0,4.0,3,167.5,14.0
2026-07-25 23:10:00,32.7,59.7,5.0,3,188.7,15.7
2026-07-25 23:15:00,31.6,59.9,6.0,3,52.7,4.4
2026-07-25 23:20:00,28.9,60.3,6.0,3,207.8,17.3
2026-07-25 23:25:00,30.0,63.0,4.0,3,10.9,0.9
2026-07-25 23:30:00,31.5,62.0,5.0,3,157.3,13.1
2026-07-25 23:35:00,32.6,61.1,5.0,3,91.0,7.7
2026-07-25 23:40:00,34.4,58.8,4.0,3,135.6,11.3
2026-07-25 23:45:00,33.2,60.7,5.0,3,150.8,12.6
2026-07-25 23:50:00,34.3,57.7,4.0,3,91.7,7.6
2026-07-25 23:55:00,32.6,60.2,5.0,3,143.8,11.9
2026-07-26 00:00:00,31.3,60.6,4.0,3,166.7,13.9
2026-07-26 00:05:00,31.9,60.5,5.0,3,10.0,0.8
2026-07-26 00:10:00,33.0,56.8,5.0,3,20.8,1.7
2026-07-26 00:15:00,33.4,61.6,4.0,3,178.3,14.9
2026-07-26 00:20:00,32.0,62.3,5.0,3,10.0,0.8
2026-07-26 00:25:00,31.0,59.3,4.0,3,10.0,0.9
2026-07-26 00:30:00,32.6,60.4,4.0,3,233.9,19.5
2026-07-26 00:35:00,32.7,57.5,4.0,3,65.4,5.4
2026-07-26 00:40:00,33.7,58.9,4.0,3,115.8,9.6
2026-07-26 00:45:00,31.3,57.6,4.0,3,134.3,11.2
2026-07-26 00:50:00,31.3,60.2,4.0,3,138.3,11.5
2026-07-26 00:55:00,33.1,58.5,5.0,3,53.6,4.5
2026-07-26 01:00:00,31.1,62.7,4.0,3,67.5,5.6
2026-07-26 01:05:00,31.1,63.6,4.0,3,287.9,24.0
2026-07-26 01:10:00,32.6,61.7,4.0,3,10.0,0.8
2026-07-26 01:15:00,30.2,63.9,4.0,2,234.6,19.5
2026-07-26 01:20:00,33.4,57.9,5.0,3,37.8,3.1
2026-07-26 01:25:00,30.9,61.7,5.0,3,10.0,0.8
2026-07-26 01:30:00,32.3,59.8,4.0,3,81.2,6.8
2026-07-26 01:35:00,31.4,58.3,5.0,3,17.2,1.4
2026-07-26 01:40:00,31.7,61.9,4.0,3,210.3,17.5
2026-07-26 01:45:00,31.2,61.8,4.0,3,238.3,19.9
2026-07-26 01:50:00,32.3,60.4,4.0,3,95.3,7.9
2026-07-26 01:55:00,31.2,56.7,4.0,3,10.0,0.8
2026-07-26 02:00:00,30.4,62.9,4.0,3,258.9,21.6
2026-07-26 02:05:00,33.0,60.3,5.0,3,31.6,2.6
2026-07-26 02:10:00,31.0,60.8,5.0,3,117.8,9.8
2026-07-26 02:15:00,30.3,60.7,4.0,3,130.6,10.9
2026-07-26 02:20:00,29.3,60.1,4.0,3,11.8,0.9
2026-07-26 02:25:00,33.1,54.3,4.0,3,61.2,5.1
2026-07-26 02:30:00,30.4,62.1,4.0,3,261.2,21.8
2026-07-26 02:35:00,33.3,56.9,4.0,3,122.2,10.2
2026-07-26 02:40:00,31.5,59.5,4.0,3,141.4,11.8
2026-07-26 02:45:00,31.2,64.2,4.0,3,169.8,14.2
2026-07-26 02:50:00,31.2,57.6,4.0,3,135.8,11.2
2026-07-26 02:55:00,33.5,56.3,4.0,3,187.0,15.6
2026-07-26 03:00:00,28.2,69.1,4.0,3,146.0,12.2
2026-07-26 03:05:00,30.8,60.1,4.0,3,86.6,7.2
2026-07-26 03:10:00,30.3,61.8,4.0,3,376.4,31.4
2026-07-26 03:15:00,30.3,61.3,5.0,3,46.7,4.0
2026-07-26 03:20:00,30.7,62.7,4.0,3,64.9,5.4
2026-07-26 03:25:00,30.3,56.8,5.0,3,220.9,18.4
2026-07-26 03:30:00,30.7,60.6,5.0,2,214.2,17.9
2026-07-26 03:35:00,30.5,61.5,4.0,3,168.5,14.0
2026-07-26 03:40:00,29.2,61.1,4.0,2,5.0,0.3
2026-07-26 03:45:00,30.9,61.5,5.0,3,63.3,5.3
2026-07-26 03:50:00,31.3,62.0,4.0,3,56.7,4.7
2026-07-26 03:55:00,30.0,63.3,4.0,3,99.6,8.3
2026-07-26 04:00:00,32.3,63.0,4.0,3,127.5,10.6
2026-07-26 04:05:00,31.8,58.1,5.0,3,100.2,8.4
2026-07-26 04:10:00,31.2,61.6,5.0,3,54.5,4.5
2026-07-26 04:15:00,31.2,61.5,5.0,3,159.9,13.3
2026-07-26 04:20:00,30.4,61.1,5.0,3,106.1,8.8
2026-07-26 04:25:00,31.5,62.7,5.0,3,178.1,14.8
2026-07-26 04:30:00,32.0,59.6,5.0,3,113.9,9.6
2026-07-26 04:35:00,31.2,57.2,4.0,3,10.0,0.8
2026-07-26 04:40:00,29.8,64.7,5.0,3,144.3,12.0
2026-07-26 04:45:00,30.3,60.5,5.0,3,187.4,15.7
2026-07-26 04:50:00,31.0,59.8,4.0,3,136.5,11.4
2026-07-26 04:55:00,31.2,59.6,4.0,3,10.0,0.8
2026-07-26 05:00:00,30.2,63.8,5.0,2,253.8,21.2
2026-07-26 05:05:00,29.7,65.3,5.0,3,127.5,10.6
2026-07-26 05:10:00,31.7,59.5,5.0,3,61.0,5.1
2026-07-26 05:15:00,29.2,63.4,6.0,3,107.8,9.0
2026-07-26 05:20:00,29.4,59.2,6.0,2,42.0,3.5
2026-07-26 05:25:00,29.0,62.7,5.0,2,165.3,13.8
2026-07-26 05:30:00,29.4,61.5,5.0,3,146.2,12.2
2026-07-26 05:35:00,31.4,61.0,4.0,3,81.3,6.8
2026-07-26 05:40:00,31.4,60.1,7.0,3,158.4,13.2
2026-07-26 05:45:00,30.2,60.4,5.0,3,145.2,12.1
2026-07-26 05:50:00,30.7,61.8,5.0,3,134.1,11.2
2026-07-26 05:55:00,30.2,62.1,6.0,3,71.4,6.0
2026-07-26 06:00:00,28.9,59.3,4.0,3,190.8,15.9
2026-07-26 06:05:00,32.0,61.8,6.0,3,232.7,19.4
2026-07-26 06:10:00,31.2,62.8,5.0,3,102.3,8.5
2026-07-26 06:15:00,30.3,61.7,5.0,2,91.5,7.6
2026-07-26 06:20:00,29.2,64.6,5.0,3,61.4,5.1
2026-07-26 06:25:00,29.8,62.3,4.0,3,68.4,5.7
2026-07-26 06:30:00,29.3,60.5,5.0,3,173.9,14.5
2026-07-26 06:35:00,30.0,67.0,6.0,3,113.1,9.5
2026-07-26 06:40:00,30.2,63.9,5.0,3,83.5,7.0
2026-07-26 06:45:00,29.6,65.2,8.0,3,39.4,3.3
2026-07-26 06:50:00,28.6,64.3,5.0,3,139.0,11.7
2026-07-26 06:55:00,31.9,62.0,4.0,1,33.0,2.8
2026-07-26 07:00:00,29.8,59.6,5.0,1,99.8,8.3
2026-07-26 07:05:00,30.1,61.8,4.0,0,7.3,0.6
2026-07-26 07:10:00,29.1,65.7,7.0,3,158.5,13.2
2026-07-26 07:15:00,27.8,64.4,7.0,0,7.7,0.6
2026-07-26 07:20:00,29.5,65.5,7.0,1,108.3,9.0
2026-07-26 07:25:00,29.2,64.5,4.0,0,3.5,0.3
2026-07-26 07:30:00,30.3,62.6,4.0,1,52.9,4.4
2026-07-26 07:35:00,30.6,59.9,6.0,2,120.5,10.0
2026-07-26 07:40:00,30.4,62.9,5.0,3,98.1,8.2
2026-07-26 07:45:00,30.6,66.3,4.0,3,128.7,10.7
2026-07-26 07:50:00,31.5,60.7,4.0,0,6.2,0.5
2026-07-26 07:55:00,30.0,63.9,8.0,1,53.0,4.4
2026-07-26 08:00:00,30.7,63.2,5.0,0,9.2,0.9
2026-07-26 08:05:00,30.0,59.8,8.0,3,148.3,12.4
2026-07-26 08:10:00,27.3,66.2,7.0,0,3.5,0.3
2026-07-26 08:15:00,29.3,63.2,5.0,0,5.5,0.5
2026-07-26 08:20:00,28.5,59.7,6.0,3,185.6,15.5
2026-07-26 08:25:00,29.7,64.9,4.0,0,5.3,0.4
2026-07-26 08:30:00,28.6,62.4,9.0,1,171.6,14.3
2026-07-26 08:35:00,30.1,64.0,4.0,0,6.0,0.5
2026-07-26 08:40:00,30.5,59.9,7.0,0,7.0,0.6
2026-07-26 08:45:00,30.8,66.2,5.0,0,5.8,0.5
2026-07-26 08:50:00,31.3,59.9,4.0,0,9.6,0.8
2026-07-26 08:55:00,27.6,70.7,8.0,1,74.7,6.2
2026-07-26 09:00:00,28.7,64.1,5.0,0,3.5,0.3
2026-07-26 09:05:00,33.3,57.4,4.0,0,3.5,0.3
2026-07-26 09:10:00,31.1,64.7,7.0,0,5.0,0.3
2026-07-26 09:15:00,30.3,59.9,5.0,3,27.4,2.3
2026-07-26 09:20:00,30.1,62.6,7.0,1,87.0,7.2
2026-07-26 09:25:00,30.0,63.9,8.0,0,8.1,0.7
2026-07-26 09:30:00,27.9,66.7,7.0,0,5.2,0.4
2026-07-26 09:35:00,29.2,63.9,8.0,0,4.7,0.4
2026-07-26 09:40:00,29.9,62.5,4.0,0,3.5,0.3
2026-07-26 09:45:00,29.2,65.8,8.0,0,4.9,0.4
2026-07-26 09:50:00,29.4,63.9,6.0,0,4.4,0.4
2026-07-26 09:55:00,32.9,60.5,4.0,0,5.2,0.3
2026-07-26 10:00:00,30.7,62.6,4.0,0,5.2,0.4
2026-07-26 10:05:00,31.3,62.4,6.0,3,41.7,3.5
2026-07-26 10:10:00,31.3,63.4,5.0,0,6.9,0.6
2026-07-26 10:15:00,31.7,59.7,5.0,0,4.6,0.4
2026-07-26 10:20:00,30.5,64.4,7.0,0,3.8,0.3
2026-07-26 10:25:00,32.4,59.1,8.0,0,5.5,0.5
2026-07-26 10:30:00,31.5,57.6,5.0,0,5.5,0.4
2026-07-26 10:35:00,29.5,62.6,6.0,3,69.1,5.8
2026-07-26 10:40:00,30.9,59.9,5.0,0,3.5,0.3
2026-07-26 10:45:00,30.8,62.4,5.0,3,107.0,8.9
2026-07-26 10:50:00,30.8,61.0,5.0,0,6.2,0.4
2026-07-26 10:55:00,31.6,60.8,8.0,0,3.5,0.3
2026-07-26 11:00:00,33.2,60.2,6.0,3,63.6,5.3
2026-07-26 11:05:00,33.0,61.7,6.0,1,53.8,4.5
2026-07-26 11:10:00,32.8,59.1,5.0,1,129.0,10.8
2026-07-26 11:15:00,32.5,61.5,6.0,0,6.8,0.7
2026-07-26 11:20:00,30.1,62.1,5.0,0,4.4,0.4
2026-07-26 11:25:00,33.3,53.9,9.0,0,3.5,0.3
2026-07-26 11:30:00,33.0,55.3,6.0,0,11.0,0.9
2026-07-26 11:35:00,31.4,60.1,6.0,1,84.9,7.1
2026-07-26 11:40:00,32.8,60.3,6.0,3,79.7,6.6
2026-07-26 11:45:00,33.2,57.3,8.0,3,167.7,14.0
2026-07-26 11:50:00,33.7,59.9,6.0,0,5.7,0.5
2026-07-26 11:55:00,33.0,62.5,5.0,0,7.6,0.6
2026-07-26 12:00:00,33.9,54.5,7.0,3,10.0,0.8
2026-07-26 12:05:00,34.6,60.9,7.0,0,5.4,0.4
2026-07-26 12:10:00,33.1,53.9,8.0,0,8.1,0.7
2026-07-26 12:15:00,34.0,61.2,7.0,0,7.0,0.6
2026-07-26 12:20:00,32.8,58.3,7.0,0,4.9,0.4
2026-07-26 12:25:00,34.7,54.9,8.0,0,7.4,0.6
2026-07-26 12:30:00,31.7,60.1,4.0,0,7.9,0.8
2026-07-26 12:35:00,34.4,53.9,6.0,1,73.8,6.1
2026-07-26 12:40:00,33.5,61.1,5.0,1,75.8,6.3
2026-07-26 12:45:00,34.6,53.9,6.0,0,4.7,0.4
2026-07-26 12:50:00,32.6,57.3,7.0,0,5.5,0.5
2026-07-26 12:55:00,33.6,53.7,8.0,0,9.7,0.8
2026-07-26 13:00:00,34.2,54.0,5.0,1,45.3,3.9
2026-07-26 13:05:00,34.6,53.4,5.0,1,19.8,1.6
2026-07-26 13:10:00,32.9,56.0,5.0,0,5.9,0.5
2026-07-26 13:15:00,34.9,54.3,6.0,1,65.4,5.4
2026-07-26 13:20:00,32.0,56.5,5.0,1,139.7,11.6
2026-07-26 13:25:00,33.4,61.3,8.0,0,7.7,0.6
2026-07-26 13:30:00,32.3,58.5,7.0,3,34.8,2.9
2026-07-26 13:35:00,35.1,55.4,5.0,3,44.2,3.7
2026-07-26 13:40:00,34.6,57.5,6.0,0,7.2,0.6
2026-07-26 13:45:00,34.7,60.4,6.0,1,51.2,4.3
2026-07-26 13:50:00,35.8,55.7,6.0,0,7.7,0.6
2026-07-26 13:55:00,33.8,55.9,5.0,3,214.3,18.0
2026-07-26 14:00:00,35.8,51.2,5.0,0,7.5,0.6
2026-07-26 14:05:00,35.0,55.6,6.0,1,115.7,9.6
2026-07-26 14:10:00,34.8,57.5,7.0,3,111.1,9.3
2026-07-26 14:15:00,36.8,53.0,5.0,1,46.3,3.9
2026-07-26 14:20:00,37.9,51.5,7.0,5,118.7,9.9
2026-07-26 14:25:00,34.3,56.1,7.0,3,124.2,10.4
2026-07-26 14:30:00,36.1,49.0,6.0,3,30.7,2.6
2026-07-26 14:35:00,35.3,54.8,7.0,1,10.0,0.8
2026-07-26 14:40:00,35.4,56.0,6.0,1,40.0,3.3
2026-07-26 14:45:00,35.2,54.4,5.0,3,61.0,5.1
2026-07-26 14:50:00,34.4,58.2,6.0,2,112.3,9.3
2026-07-26 14:55:00,29.8,63.7,6.0,3,10.0,0.8
2026-07-26 15:00:00,37.8,50.4,8.0,2,175.5,14.6
2026-07-26 15:05:00,34.8,55.8,7.0,3,108.9,9.1
2026-07-26 15:10:00,35.4,54.3,7.0,3,44.6,3.7
2026-07-26 15:15:00,35.4,49.7,6.0,2,61.8,5.1
2026-07-26 15:20:00,34.7,54.6,7.0,2,247.5,20.6
2026-07-26 15:25:00,36.1,51.1,6.0,3,10.0,0.8
2026-07-26 15:30:00,35.7,54.1,8.0,2,188.6,15.7
2026-07-26 15:35:00,34.7,56.5,7.0,2,74.5,6.2
2026-07-26 15:40:00,35.9,53.1,6.0,6,174.0,14.4
2026-07-26 15:45:00,35.7,51.9,8.0,3,130.2,10.8
2026-07-26 15:50:00,37.0,52.9,6.0,3,21.4,1.7
2026-07-26 15:55:00,33.9,61.2,7.0,3,111.9,9.3
2026-07-26 16:00:00,35.1,49.3,6.0,2,106.0,8.8
2026-07-26 16:05:00,37.4,52.4,8.0,3,128.4,10.7
2026-07-26 16:10:00,35.3,52.8,9.0,2,112.3,9.4
2026-07-26 16:15:00,34.9,53.5,7.0,2,71.2,5.9
2026-07-26 16:20:00,35.4,53.7,6.0,2,76.6,6.4
2026-07-26 16:25:00,36.1,52.4,6.0,3,347.4,28.9
2026-07-26 16:30:00,36.1,54.6,8.0,2,165.5,13.8
2026-07-26 16:35:00,36.0,52.8,11.0,2,149.0,12.4
2026-07-26 16:40:00,34.7,49.7,9.0,3,68.8,5.7
2026-07-26 16:45:00,37.4,54.8,10.0,3,120.0,10.0
2026-07-26 16:50:00,38.3,53.5,6.0,2,60.9,5.1
2026-07-26 16:55:00,33.4,54.7,9.0,3,98.9,8.2
2026-07-26 17:00:00,33.6,56.0,11.0,3,35.9,3.0
2026-07-26 17:05:00,38.1,54.3,9.0,3,121.0,10.2
2026-07-26 17:10:00,39.1,52.7,7.0,2,108.2,9.0
2026-07-26 17:15:00,32.6,60.8,11.0,2,24.1,2.0
2026-07-26 17:20:00,37.8,52.3,7.0,2,235.4,19.6
2026-07-26 17:25:00,39.3,51.7,10.0,2,161.9,13.5
2026-07-26 17:30:00,34.8,58.5,7.0,3,170.9,14.2
2026-07-26 17:35:00,39.2,48.7,6.0,3,151.1,12.6
2026-07-26 17:40:00,36.0,54.4,7.0,3,164.0,13.7
2026-07-26 17:45:00,36.9,48.0,13.0,3,33.2,2.8
2026-07-26 17:50:00,35.1,49.8,5.0,3,109.7,9.1
2026-07-26 17:55:00,38.1,52.3,11.0,3,10.0,0.8
2026-07-26 18:00:00,36.8,54.1,7.0,3,10.0,0.8
2026-07-26 18:05:00,38.3,49.7,6.0,3,252.7,21.2
2026-07-26 18:10:00,37.9,49.5,5.0,3,113.1,9.4
2026-07-26 18:15:00,35.3,53.0,4.0,3,158.7,13.2
2026-07-26 18:20:00,40.7,48.6,8.0,3,159.0,13.2
2026-07-26 18:25:00,37.7,48.0,4.0,3,100.6,8.4
2026-07-26 18:30:00,36.3,54.2,4.0,3,220.5,18.4
2026-07-26 18:35:00,33.6,55.9,6.0,3,91.0,7.6
2026-07-26 18:40:00,32.7,57.5,4.0,3,10.0,0.8
2026-07-26 18:45:00,32.9,56.3,6.0,4,70.1,5.8
2026-07-26 18:50:00,33.7,52.0,4.0,2,95.2,7.9
2026-07-26 18:55:00,37.7,48.4,5.0,2,115.3,9.6
2026-07-26 19:00:00,35.4,57.7,5.0,3,118.6,9.9
2026-07-26 19:05:00,33.9,54.5,5.0,3,185.7,15.5
2026-07-26 19:10:00,34.6,57.0,6.0,3,10.0,0.9
2026-07-26 19:15:00,34.4,52.9,5.0,3,78.4,6.5
2026-07-26 19:20:00,35.8,53.7,5.0,3,200.9,16.7
2026-07-26 19:25:00,33.5,55.4,5.0,3,181.3,15.1
2026-07-26 19:30:00,35.2,53.8,6.0,3,91.7,7.6
2026-07-26 19:35:00,35.2,53.7,5.0,3,35.4,2.8
2026-07-26 19:40:00,33.6,59.7,5.0,3,102.5,8.5
2026-07-26 19:45:00,36.9,56.9,5.0,3,124.5,10.3
2026-07-26 19:50:00,34.3,56.1,5.0,3,168.3,14.0
2026-07-26 19:55:00,33.4,55.6,6.0,3,90.4,7.5
2026-07-26 20:00:00,35.3,52.4,5.0,3,239.8,20.0
2026-07-26 20:05:00,34.2,53.4,5.0,3,123.5,10.3
2026-07-26 20:10:00,34.7,58.8,5.0,3,72.0,6.0
2026-07-26 20:15:00,32.5,55.0,6.0,3,54.2,4.5
2026-07-26 20:20:00,35.3,54.2,5.0,3,27.6,2.3
2026-07-26 20:25:00,37.2,53.5,6.0,3,192.9,16.1
2026-07-26 20:30:00,32.3,52.8,5.0,3,85.3,7.1
2026-07-26 20:35:00,34.6,53.2,5.0,3,10.0,0.8
2026-07-26 20:40:00,33.0,54.7,6.0,3,68.6,5.8
2026-07-26 20:45:00,38.0,51.0,5.0,3,211.1,17.6
2026-07-26 20:50:00,35.9,55.1,5.0,2,164.9,13.7
2026-07-26 20:55:00,34.5,58.1,5.0,3,62.3,5.2
2026-07-26 21:00:00,31.7,57.8,4.0,3,10.0,0.8
2026-07-26 21:05:00,32.1,57.8,5.0,3,60.9,5.1
2026-07-26 21:10:00,34.7,56.2,5.0,3,154.6,12.9
2026-07-26 21:15:00,31.5,57.7,4.0,3,81.1,6.8
2026-07-26 21:20:00,31.6,60.0,4.0,3,20.3,1.7
2026-07-26 21:25:00,33.6,58.2,5.0,3,153.8,12.8
2026-07-26 21:30:00,33.7,52.1,4.0,3,203.8,17.0
2026-07-26 21:35:00,34.1,58.1,4.0,3,230.9,19.2
2026-07-26 21:40:00,32.9,58.2,4.0,3,120.2,10.0
2026-07-26 21:45:00,34.9,56.7,4.0,3,86.8,7.2
2026-07-26 21:50:00,32.3,60.8,5.0,3,140.5,11.8
2026-07-26 21:55:00,34.5,53.2,6.0,3,212.9,17.7
2026-07-26 22:00:00,33.2,55.6,4.0,3,193.8,16.2
2026-07-26 22:05:00,33.7,57.4,5.0,3,96.0,8.0
2026-07-26 22:10:00,34.6,52.3,4.0,3,18.9,1.6
2026-07-26 22:15:00,32.2,58.5,5.0,3,124.1,10.3
2026-07-26 22:20:00,31.9,60.8,4.0,3,101.6,8.5
2026-07-26 22:25:00,30.4,61.3,5.0,3,142.7,11.9
2026-07-26 22:30:00,29.9,61.2,4.0,3,10.0,0.8
2026-07-26 22:35:00,32.6,58.1,4.0,2,59.6,5.0
2026-07-26 22:40:00,32.7,57.6,5.0,3,45.0,3.8
2026-07-26 22:45:00,31.3,58.8,5.0,3,180.2,15.0
2026-07-26 22:50:00,31.6,59.9,5.0,3,119.3,9.9
2026-07-26 22:55:00,35.1,53.3,4.0,3,10.0,0.8
2026-07-26 23:00:00,34.2,61.2,4.0,3,218.0,18.3
2026-07-26 23:05:00,30.3,60.1,4.0,3,77.0,6.4
2026-07-26 23:10:00,31.8,61.2,4.0,3,136.4,11.4
2026-07-26 23:15:00,33.4,59.5,5.0,3,60.1,5.0
2026-07-26 23:20:00,31.5,58.8,5.0,3,126.9,10.6
2026-07-26 23:25:00,31.1,62.7,5.0,3,218.2,18.2
2026-07-26 23:30:00,32.0,61.8,4.0,3,218.7,18.2
2026-07-26 23:35:00,34.6,56.4,5.0,3,239.1,19.9
2026-07-26 23:40:00,34.8,58.5,4.0,3,61.0,5.2
2026-07-26 23:45:00,31.3,60.9,4.0,3,159.9,13.3
2026-07-26 23:50:00,33.5,56.3,4.0,3,10.0,0.8
2026-07-26 23:55:00,32.6,56.7,4.0,3,131.7,11.0
2026-07-27 00:00:00,30.8,59.9,4.0,3,265.9,22.2
2026-07-27 00:05:00,31.7,58.5,4.0,2,100.4,8.4
2026-07-27 00:10:00,30.5,59.8,5.0,3,10.0,0.8
2026-07-27 00:15:00,33.6,57.0,5.0,3,29.9,2.5
2026-07-27 00:20:00,34.0,58.3,4.0,3,90.5,7.5
2026-07-27 00:25:00,31.6,59.1,5.0,3,81.8,6.8
2026-07-27 00:30:00,31.3,62.2,4.0,3,175.9,14.7
2026-07-27 00:35:00,33.4,59.2,5.0,3,170.0,14.2
2026-07-27 00:40:00,33.6,59.9,5.0,3,10.0,0.8
2026-07-27 00:45:00,30.7,58.7,4.0,3,11.6,1.0
2026-07-27 00:50:00,31.9,59.3,6.0,3,90.0,7.5
2026-07-27 00:55:00,32.0,60.3,5.0,3,53.3,4.4
2026-07-27 01:00:00,30.7,62.0,5.0,3,135.7,11.3
2026-07-27 01:05:00,31.8,58.7,4.0,3,139.9,11.7
2026-07-27 01:10:00,30.8,60.3,5.0,3,10.0,0.8
2026-07-27 01:15:00,30.9,60.3,5.0,3,76.5,6.4
2026-07-27 01:20:00,31.3,60.0,5.0,3,29.2,2.4
2026-07-27 01:25:00,30.1,65.7,4.0,3,114.5,9.5
2026-07-27 01:30:00,29.5,63.4,5.0,3,163.2,13.6
2026-07-27 01:35:00,32.3,59.3,4.0,3,85.9,7.2
2026-07-27 01:40:00,30.8,59.0,4.0,3,10.0,0.8
2026-07-27 01:45:00,33.4,55.7,5.0,3,220.8,18.4
2026-07-27 01:50:00,33.2,57.7,5.0,3,35.5,3.0
2026-07-27 01:55:00,31.0,62.8,5.0,3,58.6,4.9
2026-07-27 02:00:00,33.6,56.5,4.0,3,10.0,0.8
2026-07-27 02:05:00,32.0,59.0,4.0,3,151.8,12.6
2026-07-27 02:10:00,30.2,60.3,5.0,3,106.4,8.9
2026-07-27 02:15:00,28.1,61.0,5.0,3,148.2,12.2
2026-07-27 02:20:00,31.7,60.9,5.0,3,33.9,2.8
2026-07-27 02:25:00,31.0,60.3,5.0,3,162.2,13.5
2026-07-27 02:30:00,31.4,61.3,4.0,3,229.6,19.1
2026-07-27 02:35:00,30.7,61.7,4.0,3,10.0,0.8
2026-07-27 02:40:00,29.7,60.5,4.0,3,144.1,12.0
2026-07-27 02:45:00,30.5,62.2,4.0,3,10.0,0.8
2026-07-27 02:50:00,31.8,56.6,4.0,3,144.7,12.0
2026-07-27 02:55:00,30.6,62.0,5.0,3,199.2,16.6
2026-07-27 03:00:00,30.1,61.9,4.0,3,13.9,1.3
2026-07-27 03:05:00,28.9,67.6,4.0,3,33.7,2.8
2026-07-27 03:10:00,30.6,59.1,4.0,3,117.0,9.8
2026-07-27 03:15:00,29.3,60.1,4.0,3,103.6,8.6
2026-07-27 03:20:00,31.4,58.9,4.0,3,10.0,0.8
2026-07-27 03:25:00,29.7,64.1,4.0,3,55.0,4.6
2026-07-27 03:30:00,30.2,55.1,5.0,3,37.1,3.1
2026-07-27 03:35:00,32.7,59.9,4.0,3,84.9,7.1
2026-07-27 03:40:00,30.2,61.3,4.0,3,259.4,21.6
2026-07-27 03:45:00,30.0,59.4,4.0,3,118.8,9.9
2026-07-27 03:50:00,31.1,59.5,5.0,2,155.8,13.0
2026-07-27 03:55:00,28.6,62.6,4.0,3,10.4,0.9
2026-07-27 04:00:00,31.6,56.4,5.0,2,6.9,0.6
2026-07-27 04:05:00,31.3,55.1,4.0,3,128.9,10.7
2026-07-27 04:10:00,30.8,62.9,5.0,3,82.3,6.9
2026-07-27 04:15:00,26.8,66.5,4.0,3,231.6,19.3
2026-07-27 04:20:00,30.0,61.3,6.0,3,65.8,5.5
2026-07-27 04:25:00,29.0,66.3,5.0,3,78.3,6.5
2026-07-27 04:30:00,31.5,59.9,5.0,3,202.9,16.9
2026-07-27 04:35:00,31.4,55.9,4.0,3,30.4,2.5
2026-07-27 04:40:00,30.7,62.9,5.0,2,143.7,12.0
2026-07-27 04:45:00,29.0,68.0,4.0,2,295.4,24.6
2026-07-27 04:50:00,31.9,60.4,5.0,3,10.0,0.8
2026-07-27 04:55:00,30.0,60.1,4.0,3,128.9,10.6
2026-07-27 05:00:00,31.8,56.6,4.0,3,119.9,10.0
2026-07-27 05:05:00,30.4,60.0,5.0,3,10.0,0.8
2026-07-27 05:10:00,30.6,61.8,5.0,2,5.0,0.4
2026-07-27 05:15:00,29.7,66.0,4.0,3,10.0,0.8
2026-07-27 05:20:00,31.5,58.6,6.0,3,133.3,11.1
2026-07-27 05:25:00,30.7,60.1,6.0,3,132.7,11.1
2026-07-27 05:30:00,31.5,62.3,4.0,3,152.6,12.7
2026-07-27 05:35:00,30.3,61.2,7.0,3,193.7,16.1
2026-07-27 05:40:00,30.1,66.0,5.0,2,171.6,14.3
2026-07-27 05:45:00,30.7,61.2,5.0,3,113.8,9.5
2026-07-27 05:50:00,31.5,62.6,5.0,3,91.4,7.6
2026-07-27 05:55:00,31.1,61.6,5.0,3,168.2,14.0
2026-07-27 06:00:00,30.0,64.1,5.0,0,3.5,0.3
2026-07-27 06:05:00,28.2,65.1,4.0,0,4.4,0.4
2026-07-27 06:10:00,30.6,61.5,5.0,0,4.9,0.4
2026-07-27 06:15:00,28.6,65.7,6.0,1,10.0,0.8
2026-07-27 06:20:00,29.9,64.4,6.0,3,114.0,9.6
2026-07-27 06:25:00,29.8,64.0,6.0,0,6.1,0.5
2026-07-27 06:30:00,28.6,61.3,5.0,0,3.7,0.3
2026-07-27 06:35:00,30.2,62.9,5.0,3,10.0,0.8
2026-07-27 06:40:00,31.9,58.4,5.0,2,5.0,0.4
2026-07-27 06:45:00,29.6,62.2,6.0,2,5.0,0.4
2026-07-27 06:50:00,30.6,62.7,5.0,0,5.3,0.4
2026-07-27 06:55:00,32.0,63.0,5.0,1,101.0,8.4
2026-07-27 07:00:00,30.5,61.2,6.0,0,3.5,0.3
2026-07-27 07:05:00,28.8,69.1,4.0,3,125.5,10.5
2026-07-27 07:10:00,29.8,60.2,6.0,0,3.5,0.2
2026-07-27 07:15:00,30.0,65.5,5.0,0,10.9,0.9
2026-07-27 07:20:00,31.1,61.9,9.0,2,69.5,5.8
2026-07-27 07:25:00,30.8,61.8,5.0,3,162.3,13.4
2026-07-27 07:30:00,26.4,71.0,5.0,0,4.6,0.4
2026-07-27 07:35:00,28.6,63.2,7.0,0,8.0,0.7
2026-07-27 07:40:00,29.4,66.5,6.0,0,7.3,0.5
2026-07-27 07:45:00,28.4,64.5,7.0,1,10.0,0.9
2026-07-27 07:50:00,26.0,67.1,5.0,0,4.7,0.4
2026-07-27 07:55:00,28.7,61.4,4.0,0,8.6,0.7
2026-07-27 08:00:00,29.4,67.2,12.0,0,3.7,0.3
2026-07-27 08:05:00,28.8,67.1,7.0,0,5.3,0.4
2026-07-27 08:10:00,28.3,63.9,7.0,1,69.0,5.8
2026-07-27 08:15:00,29.4,64.7,8.0,1,29.0,2.4
2026-07-27 08:20:00,29.8,63.1,4.0,3,24.9,2.1
2026-07-27 08:25:00,28.9,63.3,5.0,1,35.2,2.9
2026-07-27 08:30:00,30.9,63.5,4.0,3,255.6,21.3
2026-07-27 08:35:00,29.4,61.9,7.0,0,6.7,0.5
2026-07-27 08:40:00,28.4,59.7,4.0,3,77.1,6.3
2026-07-27 08:45:00,28.1,66.0,8.0,3,199.5,16.5
2026-07-27 08:50:00,29.1,64.0,9.0,0,5.6,0.5
2026-07-27 08:55:00,30.6,60.2,9.0,0,5.2,0.4
2026-07-27 09:00:00,29.1,61.8,7.0,3,18.5,1.5
2026-07-27 09:05:00,30.6,57.9,7.0,0,3.5,0.3
2026-07-27 09:10:00,30.1,61.6,6.0,0,7.0,0.6
2026-07-27 09:15:00,32.2,57.1,7.0,3,177.7,14.8
2026-07-27 09:20:00,30.4,64.3,6.0,0,7.3,0.6
2026-07-27 09:25:00,29.2,65.0,4.0,0,4.5,0.3
2026-07-27 09:30:00,30.8,60.2,5.0,3,226.0,18.8
2026-07-27 09:35:00,30.8,62.6,8.0,0,7.4,0.6
2026-07-27 09:40:00,29.5,63.1,4.0,0,6.0,0.5
2026-07-27 09:45:00,28.7,63.9,4.0,0,7.7,0.6
2026-07-27 09:50:00,30.6,61.5,6.0,0,7.1,0.6
2026-07-27 09:55:00,30.0,66.8,4.0,3,34.6,2.9
2026-07-27 10:00:00,29.2,65.2,7.0,3,130.6,10.9
2026-07-27 10:05:00,31.2,60.4,7.0,0,4.9,0.4
2026-07-27 10:10:00,30.2,64.4,7.0,0,9.7,0.8
2026-07-27 10:15:00,29.2,65.7,6.0,1,106.7,8.9
2026-07-27 10:20:00,30.6,62.4,5.0,0,3.7,0.3
2026-07-27 10:25:00,32.4,58.7,5.0,1,59.4,4.9
2026-07-27 10:30:00,32.3,58.7,7.0,3,84.1,7.0
2026-07-27 10:35:00,32.0,57.6,7.0,0,3.5,0.3
2026-07-27 10:40:00,31.3,61.3,5.0,0,3.5,0.3
2026-07-27 10:45:00,31.6,59.2,5.0,0,6.4,0.6
2026-07-27 10:50:00,31.1,60.2,6.0,0,3.5,0.3
2026-07-27 10:55:00,29.7,64.5,6.0,0,4.2,0.4
2026-07-27 11:00:00,31.4,64.6,7.0,0,7.7,0.6
2026-07-27 11:05:00,31.7,61.0,7.0,0,3.5,0.3
2026-07-27 11:10:00,33.9,56.5,6.0,0,5.0,0.4
2026-07-27 11:15:00,33.6,57.1,8.0,1,63.6,5.3
2026-07-27 11:20:00,31.2,63.6,6.0,0,5.3,0.4
2026-07-27 11:25:00,32.5,59.8,6.0,0,3.5,0.3
2026-07-27 11:30:00,32.0,60.1,7.0,3,14.7,1.2
2026-07-27 11:35:00,32.2,60.0,7.0,0,6.0,0.5
2026-07-27 11:40:00,31.8,56.5,8.0,0,5.1,0.4
2026-07-27 11:45:00,33.9,57.7,6.0,0,6.7,0.6
2026-07-27 11:50:00,32.4,56.9,6.0,0,5.4,0.4
2026-07-27 11:55:00,32.6,59.7,5.0,3,114.9,9.7
2026-07-27 12:00:00,33.7,55.2,8.0,0,4.5,0.4
2026-07-27 12:05:00,32.3,60.7,5.0,0,6.2,0.5
2026-07-27 12:10:00,33.6,56.8,4.0,0,8.0,0.7
2026-07-27 12:15:00,34.6,52.7,6.0,0,8.3,0.7
2026-07-27 12:20:00,35.1,54.1,5.0,0,6.7,0.6
2026-07-27 12:25:00,32.2,64.9,4.0,0,7.1,0.6
2026-07-27 12:30:00,31.7,54.4,5.0,0,4.2,0.4
2026-07-27 12:35:00,33.5,57.7,7.0,0,5.0,0.4
2026-07-27 12:40:00,34.7,52.9,7.0,0,6.4,0.6
2026-07-27 12:45:00,33.8,60.3,7.0,0,6.0,0.5
2026-07-27 12:50:00,34.2,58.3,8.0,0,6.7,0.6
2026-07-27 12:55:00,31.9,60.3,5.0,0,8.4,0.6
2026-07-27 13:00:00,33.4,59.6,5.0,1,60.6,5.0
2026-07-27 13:05:00,31.6,60.7,7.0,3,76.5,6.4
2026-07-27 13:10:00,33.9,56.4,6.0,3,81.8,6.7
2026-07-27 13:15:00,31.6,58.5,5.0,3,10.0,0.8
2026-07-27 13:20:00,35.6,52.7,6.0,0,5.3,0.4
2026-07-27 13:25:00,35.9,52.0,7.0,0,3.5,0.3
2026-07-27 13:30:00,34.2,55.9,6.0,1,46.1,3.8
2026-07-27 13:35:00,32.3,54.0,7.0,3,180.3,15.0
2026-07-27 13:40:00,34.5,58.1,5.0,3,68.1,5.8
2026-07-27 13:45:00,36.2,57.8,5.0,0,3.7,0.3
2026-07-27 13:50:00,34.6,54.1,5.0,3,79.0,6.6
2026-07-27 13:55:00,35.4,57.1,7.0,0,5.9,0.5
2026-07-27 14:00:00,34.1,55.5,7.0,0,4.8,0.3
2026-07-27 14:05:00,33.6,55.0,6.0,3,13.0,1.1
2026-07-27 14:10:00,34.7,54.2,7.0,3,199.9,16.7
2026-07-27 14:15:00,32.1,58.4,6.0,3,10.0,0.8
2026-07-27 14:20:00,38.1,49.4,6.0,2,141.5,11.8
2026-07-27 14:25:00,35.0,56.2,5.0,0,3.5,0.3
2026-07-27 14:30:00,36.1,52.2,6.0,0,5.4,0.4
2026-07-27 14:35:00,34.2,53.1,7.0,0,4.0,0.3
2026-07-27 14:40:00,32.6,57.5,7.0,1,26.8,2.2
2026-07-27 14:45:00,36.9,50.9,7.0,1,10.0,0.8
2026-07-27 14:50:00,33.2,56.1,7.0,1,83.4,7.0
2026-07-27 14:55:00,35.3,54.3,7.0,3,10.0,0.7
2026-07-27 15:00:00,36.3,50.2,6.0,2,144.4,12.0
2026-07-27 15:05:00,35.8,56.9,8.0,2,91.0,7.5
2026-07-27 15:10:00,34.6,56.9,7.0,2,16.7,1.4
2026-07-27 15:15:00,35.5,52.7,7.0,3,117.3,9.8
2026-07-27 15:20:00,34.4,55.3,6.0,2,89.0,7.4
2026-07-27 15:25:00,36.8,54.0,7.0,2,5.0,0.4
2026-07-27 15:30:00,36.5,53.4,8.0,2,165.7,13.8
2026-07-27 15:35:00,35.6,58.1,5.0,2,69.5,5.8
2026-07-27 15:40:00,34.9,54.2,8.0,3,61.3,5.1
2026-07-27 15:45:00,38.6,53.2,5.0,2,186.4,15.5
2026-07-27 15:50:00,33.9,52.9,6.0,3,160.2,13.3
2026-07-27 15:55:00,33.6,53.6,7.0,3,241.5,20.1
2026-07-27 16:00:00,36.1,57.1,10.0,2,24.2,2.0
2026-07-27 16:05:00,35.8,52.5,8.0,2,142.0,11.7
2026-07-27 16:10:00,37.9,48.6,8.0,6,88.9,7.4
2026-07-27 16:15:00,37.2,51.9,6.0,6,178.6,14.9
2026-07-27 16:20:00,36.3,55.9,8.0,2,5.0,0.4
2026-07-27 16:25:00,37.0,50.5,8.0,2,205.2,17.1
2026-07-27 16:30:00,36.9,52.3,10.0,2,134.4,11.2
2026-07-27 16:35:00,39.4,48.0,7.0,2,71.7,6.0
2026-07-27 16:40:00,36.6,51.6,7.0,2,66.0,5.5
2026-07-27 16:45:00,35.2,56.5,9.0,3,218.0,18.1
2026-07-27 16:50:00,36.5,51.0,7.0,2,75.5,6.3
2026-07-27 16:55:00,32.3,54.4,8.0,3,189.2,15.8
2026-07-27 17:00:00,36.2,50.8,10.0,3,24.7,2.1
2026-07-27 17:05:00,38.2,49.1,7.0,2,99.9,8.3
2026-07-27 17:10:00,37.4,53.8,4.0,2,5.0,0.4
2026-07-27 17:15:00,36.8,53.4,11.0,3,197.0,16.4
2026-07-27 17:20:00,37.5,53.2,9.0,3,65.0,5.4
2026-07-27 17:25:00,38.3,50.8,5.0,2,74.2,6.2
2026-07-27 17:30:00,38.8,48.4,10.0,3,10.0,0.8
2026-07-27 17:35:00,37.1,49.8,14.0,3,152.8,12.7
2026-07-27 17:40:00,35.7,54.8,11.0,2,75.8,6.3
2026-07-27 17:45:00,32.2,61.9,14.0,3,67.0,5.6
2026-07-27 17:50:00,38.0,48.4,5.0,2,179.4,14.9
2026-07-27 17:55:00,37.2,49.0,9.0,2,59.4,4.9
2026-07-27 18:00:00,35.6,50.6,6.0,4,69.4,5.8
2026-07-27 18:05:00,34.1,57.6,6.0,3,91.1,7.6
2026-07-27 18:10:00,37.0,52.0,5.0,3,164.4,13.7
2026-07-27 18:15:00,34.9,55.9,4.0,3,173.5,14.5
2026-07-27 18:20:00,35.2,52.7,8.0,3,78.1,6.5
2026-07-27 18:25:00,35.2,55.8,4.0,3,117.0,9.8
2026-07-27 18:30:00,36.1,52.3,7.0,3,186.2,15.5
2026-07-27 18:35:00,33.3,52.0,6.0,3,41.3,3.3
2026-07-27 18:40:00,36.3,55.4,6.0,3,10.0,0.8
2026-07-27 18:45:00,34.1,55.2,6.0,3,61.8,5.2
2026-07-27 18:50:00,34.1,54.5,6.0,3,76.4,6.4
2026-07-27 18:55:00,36.8,53.1,7.0,3,93.4,7.8
2026-07-27 19:00:00,33.3,53.4,6.0,3,304.1,25.3
2026-07-27 19:05:00,35.9,54.6,5.0,3,41.0,3.4
2026-07-27 19:10:00,34.8,53.6,5.0,3,90.4,7.5
2026-07-27 19:15:00,32.4,57.4,5.0,3,29.1,2.4
2026-07-27 19:20:00,36.6,55.4,6.0,3,125.7,10.5
2026-07-27 19:25:00,35.1,56.1,5.0,3,151.0,12.6
2026-07-27 19:30:00,35.2,54.1,5.0,3,170.7,14.2
2026-07-27 19:35:00,36.1,53.2,5.0,2,19.6,1.6
2026-07-27 19:40:00,36.7,48.0,5.0,3,127.2,10.6
2026-07-27 19:45:00,35.0,52.8,5.0,3,113.3,9.4
2026-07-27 19:50:00,35.5,54.5,5.0,3,10.0,0.8
2026-07-27 19:55:00,35.2,52.7,6.0,2,94.7,7.9
2026-07-27 20:00:00,33.6,54.1,5.0,3,168.0,14.0
2026-07-27 20:05:00,31.8,59.8,4.0,3,226.0,18.8
2026-07-27 20:10:00,34.4,58.8,6.0,3,36.1,3.0
2026-07-27 20:15:00,36.0,52.9,6.0,3,28.8,2.4
2026-07-27 20:20:00,34.9,57.4,6.0,3,10.0,0.8
2026-07-27 20:25:00,32.6,59.5,5.0,3,159.5,13.3
2026-07-27 20:30:00,35.6,52.8,6.0,3,10.0,0.8
2026-07-27 20:35:00,33.6,55.4,6.0,3,94.0,7.9
2026-07-27 20:40:00,31.1,63.3,7.0,3,10.0,0.8
2026-07-27 20:45:00,35.5,52.6,6.0,3,141.6,11.8
2026-07-27 20:50:00,32.7,56.6,6.0,3,66.8,5.6
2026-07-27 20:55:00,36.6,57.9,5.0,3,123.8,10.3
2026-07-27 21:00:00,35.2,54.8,4.0,3,29.7,2.5
2026-07-27 21:05:00,33.2,60.3,5.0,3,42.3,3.5
2026-07-27 21:10:00,34.2,54.9,5.0,3,54.6,4.6
2026-07-27 21:15:00,37.1,54.5,4.0,3,30.2,2.5
2026-07-27 21:20:00,35.0,58.2,5.0,3,25.8,2.2
2026-07-27 21:25:00,33.8,56.3,5.0,3,10.0,0.8
2026-07-27 21:30:00,37.8,53.8,4.0,2,145.6,12.2
2026-07-27 21:35:00,33.7,58.7,5.0,3,146.5,12.2
2026-07-27 21:40:00,34.4,54.9,4.0,3,131.4,11.0
2026-07-27 21:45:00,32.1,63.0,5.0,3,67.8,5.6
2026-07-27 21:50:00,31.0,61.7,4.0,3,171.4,14.2
2026-07-27 21:55:00,33.1,57.1,5.0,3,235.0,19.6
2026-07-27 22:00:00,32.9,57.8,5.0,3,42.7,3.6
2026-07-27 22:05:00,33.3,61.5,4.0,3,123.5,10.3
2026-07-27 22:10:00,30.7,59.6,4.0,3,123.5,10.3
2026-07-27 22:15:00,33.8,56.6,4.0,3,48.6,4.0
2026-07-27 22:20:00,31.6,61.6,4.0,3,10.0,0.8
2026-07-27 22:25:00,33.7,54.9,4.0,3,320.6,26.7
2026-07-27 22:30:00,34.2,56.9,5.0,3,135.2,11.4
2026-07-27 22:35:00,32.2,59.1,4.0,3,107.7,9.0
2026-07-27 22:40:00,31.4,58.3,5.0,3,133.7,11.2
2026-07-27 22:45:00,35.1,53.3,4.0,3,318.4,26.6
2026-07-27 22:50:00,34.1,57.3,4.0,3,85.9,7.3
2026-07-27 22:55:00,33.0,59.5,4.0,2,107.4,9.0
2026-07-27 23:00:00,35.3,57.3,4.0,3,109.3,9.1
2026-07-27 23:05:00,32.7,58.0,5.0,3,110.3,9.2
2026-07-27 23:10:00,31.4,62.4,4.0,3,201.0,16.8
2026-07-27 23:15:00,30.7,61.7,5.0,3,128.8,10.7
2026-07-27 23:20:00,32.4,59.4,6.0,3,10.0,0.8
2026-07-27 23:25:00,34.0,60.5,4.0,3,10.0,0.8
2026-07-27 23:30:00,35.1,58.8,4.0,3,196.1,16.3
2026-07-27 23:35:00,32.6,62.6,4.0,3,126.8,10.6
2026-07-27 23:40:00,34.8,59.6,4.0,3,75.7,6.3
2026-07-27 23:45:00,32.2,58.0,4.0,3,35.3,2.9
2026-07-27 23:50:00,31.1,59.7,5.0,2,104.6,8.7
2026-07-27 23:55:00,30.2,60.3,4.0,3,258.7,21.6
2026-07-28 00:00:00,31.4,61.0,5.0,3,125.3,10.4
2026-07-28 00:05:00,30.4,60.9,5.0,3,150.9,12.6
2026-07-28 00:10:00,34.5,56.5,5.0,3,176.9,14.7
2026-07-28 00:15:00,32.6,60.4,5.0,3,142.7,11.9
2026-07-28 00:20:00,31.9,61.6,4.0,3,65.8,5.4
2026-07-28 00:25:00,34.2,58.2,5.0,3,87.3,7.3
2026-07-28 00:30:00,30.4,61.6,5.0,3,161.9,13.5
2026-07-28 00:35:00,31.9,58.8,5.0,2,103.6,8.6
2026-07-28 00:40:00,34.5,57.4,5.0,3,183.1,15.3
2026-07-28 00:45:00,31.9,59.5,5.0,3,198.1,16.5
2026-07-28 00:50:00,35.1,58.4,4.0,3,34.8,2.9
2026-07-28 00:55:00,33.0,59.7,6.0,3,121.1,10.1
2026-07-28 01:00:00,32.6,58.2,4.0,3,34.1,2.8
2026-07-28 01:05:00,32.6,58.2,4.0,3,94.4,7.9
2026-07-28 01:10:00,31.4,57.0,4.0,3,82.5,6.9
2026-07-28 01:15:00,30.9,63.7,4.0,3,104.3,8.7
2026-07-28 01:20:00,31.3,56.9,5.0,3,186.2,15.5
2026-07-28 01:25:00,30.5,62.2,4.0,3,30.2,2.5
2026-07-28 01:30:00,31.3,60.5,4.0,3,277.6,23.1
2026-07-28 01:35:00,31.4,59.9,4.0,3,214.9,17.9
2026-07-28 01:40:00,32.9,58.4,5.0,3,10.0,0.8
2026-07-28 01:45:00,31.9,58.6,4.0,3,132.1,11.0
2026-07-28 01:50:00,33.5,58.7,5.0,3,10.0,0.8
2026-07-28 01:55:00,29.4,60.7,4.0,3,135.4,11.3
2026-07-28 02:00:00,29.5,63.9,4.0,3,10.0,0.8
2026-07-28 02:05:00,30.5,60.0,5.0,3,206.0,17.2
2026-07-28 02:10:00,32.6,57.4,4.0,2,87.5,7.3
2026-07-28 02:15:00,30.8,60.2,4.0,3,210.0,17.5
2026-07-28 02:20:00,29.2,63.2,4.0,3,62.6,5.1
2026-07-28 02:25:00,30.6,62.7,4.0,3,119.2,10.0
2026-07-28 02:30:00,29.5,63.0,4.0,3,10.0,0.8
2026-07-28 02:35:00,29.3,65.7,4.0,3,54.8,4.6
2026-07-28 02:40:00,33.1,60.2,4.0,3,89.3,7.4
2026-07-28 02:45:00,30.5,62.4,5.0,3,10.0,0.8
2026-07-28 02:50:00,31.1,62.4,4.0,3,246.9,20.6
2026-07-28 02:55:00,30.8,66.0,4.0,3,115.1,9.6
2026-07-28 03:00:00,30.2,58.5,4.0,3,212.6,17.7
2026-07-28 03:05:00,29.5,65.6,5.0,3,87.1,7.3
2026-07-28 03:10:00,30.1,65.7,5.0,3,41.5,3.5
2026-07-28 03:15:00,30.8,61.9,4.0,3,111.7,9.3
2026-07-28 03:20:00,31.9,63.7,5.0,3,186.7,15.6
2026-07-28 03:25:00,31.4,64.2,4.0,3,43.4,3.7
2026-07-28 03:30:00,29.1,62.8,5.0,3,125.5,10.5
2026-07-28 03:35:00,31.4,59.3,4.0,3,51.0,4.2
2026-07-28 03:40:00,30.9,62.0,4.0,3,10.0,0.8
2026-07-28 03:45:00,29.8,61.0,5.0,3,71.1,5.9
2026-07-28 03:50:00,30.6,67.7,4.0,2,56.3,4.6
2026-07-28 03:55:00,31.0,62.5,4.0,3,114.1,9.6
2026-07-28 04:00:00,30.3,62.0,4.0,3,103.0,8.6
2026-07-28 04:05:00,30.7,57.5,6.0,3,77.6,6.5
2026-07-28 04:10:00,29.3,64.2,5.0,3,110.9,9.2
2026-07-28 04:15:00,32.3,55.3,5.0,3,45.8,3.8
2026-07-28 04:20:00,28.2,67.5,6.0,3,146.3,12.2
2026-07-28 04:25:00,30.8,54.5,4.0,3,63.3,5.4
2026-07-28 04:30:00,30.6,64.9,4.0,3,174.6,14.6
2026-07-28 04:35:00,30.9,59.7,5.0,3,10.0,0.8
2026-07-28 04:40:00,29.5,58.8,6.0,3,109.9,9.2
2026-07-28 04:45:00,31.5,59.7,5.0,3,145.4,12.1
2026-07-28 04:50:00,30.1,62.2,5.0,3,212.0,17.7
2026-07-28 04:55:00,29.0,63.9,4.0,3,55.1,4.6
2026-07-28 05:00:00,29.1,66.9,6.0,3,205.0,17.1
2026-07-28 05:05:00,30.2,63.1,4.0,3,140.4,11.7
2026-07-28 05:10:00,28.6,66.5,5.0,3,253.9,21.2
2026-07-28 05:15:00,31.8,59.2,5.0,3,10.0,0.8
2026-07-28 05:20:00,31.1,61.7,5.0,3,122.5,10.2
2026-07-28 05:25:00,31.8,57.0,4.0,3,98.4,8.2
2026-07-28 05:30:00,31.7,60.4,4.0,3,115.9,9.7
2026-07-28 05:35:00,29.8,61.3,5.0,3,178.2,14.8
2026-07-28 05:40:00,29.3,66.5,6.0,3,224.1,18.7
2026-07-28 05:45:00,27.6,66.5,6.0,3,130.4,10.9
2026-07-28 05:50:00,29.7,64.4,5.0,3,10.0,0.8
2026-07-28 05:55:00,31.7,60.4,5.0,3,68.1,5.7
2026-07-28 06:00:00,29.1,67.7,6.0,3,379.1,31.6
2026-07-28 06:05:00,29.6,60.2,6.0,3,17.4,1.4
2026-07-28 06:10:00,29.3,63.5,5.0,1,79.5,6.6
2026-07-28 06:15:00,30.2,60.4,5.0,3,117.2,9.8
2026-07-28 06:20:00,31.0,57.0,5.0,3,165.5,13.9
2026-07-28 06:25:00,28.4,63.1,6.0,3,189.1,15.8
2026-07-28 06:30:00,28.6,67.2,4.0,0,6.7,0.6
2026-07-28 06:35:00,31.2,60.8,5.0,1,120.0,10.0
2026-07-28 06:40:00,30.5,61.5,6.0,3,48.2,4.0
2026-07-28 06:45:00,29.6,64.8,4.0,1,84.4,7.0
2026-07-28 06:50:00,31.4,60.7,6.0,3,228.4,19.1
2026-07-28 06:55:00,28.6,66.1,6.0,3,208.8,17.4
2026-07-28 07:00:00,30.5,62.6,4.0,3,139.9,11.7
2026-07-28 07:05:00,29.4,64.8,5.0,0,8.5,0.7
2026-07-28 07:10:00,30.1,61.3,5.0,0,7.8,0.6
2026-07-28 07:15:00,26.8,70.0,4.0,0,3.6,0.3
2026-07-28 07:20:00,29.1,61.0,5.0,0,4.3,0.4
2026-07-28 07:25:00,30.2,62.1,5.0,0,3.5,0.3
2026-07-28 07:30:00,29.4,66.1,6.0,1,43.5,3.6
2026-07-28 07:35:00,30.8,61.0,7.0,1,57.4,4.8
2026-07-28 07:40:00,30.8,60.3,6.0,3,20.7,1.6
2026-07-28 07:45:00,28.4,70.5,4.0,0,7.7,0.6
2026-07-28 07:50:00,30.3,65.5,6.0,1,92.5,7.7
2026-07-28 07:55:00,28.3,65.5,6.0,0,5.8,0.5
2026-07-28 08:00:00,29.4,61.1,4.0,0,8.7,0.7
2026-07-28 08:05:00,30.1,57.5,9.0,0,6.7,0.6
2026-07-28 08:10:00,28.4,66.6,7.0,0,4.6,0.4
2026-07-28 08:15:00,30.2,65.3,7.0,0,3.5,0.3
2026-07-28 08:20:00,28.7,65.4,4.0,0,6.1,0.5
2026-07-28 08:25:00,28.7,60.4,10.0,0,9.7,0.8
2026-07-28 08:30:00,30.1,62.7,7.0,0,7.2,0.6
2026-07-28 08:35:00,28.4,63.7,8.0,3,51.9,4.3
2026-07-28 08:40:00,28.3,65.4,4.0,0,5.2,0.4
2026-07-28 08:45:00,30.5,66.4,7.0,0,7.2,0.6
2026-07-28 08:50:00,29.4,65.3,7.0,0,7.0,0.6
2026-07-28 08:55:00,27.7,67.3,6.0,0,8.0,0.7
2026-07-28 09:00:00,30.8,61.3,4.0,3,42.8,3.6
2026-07-28 09:05:00,29.5,64.3,6.0,0,3.8,0.3
2026-07-28 09:10:00,28.4,63.3,5.0,3,79.6,6.6
2026-07-28 09:15:00,27.1,68.3,5.0,3,222.1,18.5
2026-07-28 09:20:00,30.9,60.8,8.0,1,117.9,9.8
2026-07-28 09:25:00,29.0,62.1,6.0,0,6.4,0.5
2026-07-28 09:30:00,28.5,66.8,6.0,0,3.5,0.3
2026-07-28 09:35:00,30.6,56.3,4.0,0,3.5,0.3
2026-07-28 09:40:00,30.8,60.1,6.0,3,126.6,10.5
2026-07-28 09:45:00,29.0,65.6,6.0,3,155.5,13.0
2026-07-28 09:50:00,30.9,64.2,5.0,0,6.9,0.6
2026-07-28 09:55:00,32.2,60.4,8.0,0,8.0,0.7
2026-07-28 10:00:00,32.4,57.9,7.0,0,5.5,0.5
2026-07-28 10:05:00,32.2,59.6,5.0,0,5.3,0.4
2026-07-28 10:10:00,31.2,61.7,7.0,1,45.8,3.8
2026-07-28 10:15:00,30.4,65.6,4.0,3,114.6,9.5
2026-07-28 10:20:00,30.8,63.6,7.0,0,6.2,0.5
2026-07-28 10:25:00,31.4,62.8,7.0,3,234.9,19.6
2026-07-28 10:30:00,29.5,63.5,5.0,3,10.0,0.8
2026-07-28 10:35:00,30.0,60.3,6.0,1,118.2,9.8
2026-07-28 10:40:00,29.3,60.5,6.0,3,10.0,0.8
2026-07-28 10:45:00,31.2,60.4,10.0,0,7.8,0.6
2026-07-28 10:50:00,31.0,62.9,9.0,3,96.3,8.0
2026-07-28 10:55:00,30.1,61.4,7.0,0,7.3,0.6
2026-07-28 11:00:00,33.2,59.2,5.0,1,61.5,5.1
2026-07-28 11:05:00,31.2,59.0,6.0,3,98.5,8.2
2026-07-28 11:10:00,31.6,58.7,8.0,0,6.2,0.5
2026-07-28 11:15:00,33.2,61.2,4.0,0,6.9,0.6
2026-07-28 11:20:00,33.4,59.3,4.0,0,7.1,0.6
2026-07-28 11:25:00,31.5,59.7,4.0,0,3.5,0.3
2026-07-28 11:30:00,32.6,56.7,7.0,0,6.6,0.5
2026-07-28 11:35:00,31.5,62.7,7.0,1,33.3,2.8
2026-07-28 11:40:00,32.1,61.6,7.0,3,95.9,8.0
2026-07-28 11:45:00,32.5,60.4,8.0,0,3.5,0.3
2026-07-28 11:50:00,32.9,57.8,6.0,1,34.4,2.9
2026-07-28 11:55:00,32.7,55.9,6.0,0,7.7,0.6
2026-07-28 12:00:00,33.7,57.0,7.0,0,7.2,0.5
2026-07-28 12:05:00,32.2,62.9,9.0,0,5.6,0.5
2026-07-28 12:10:00,33.8,54.6,7.0,3,38.9,3.2
2026-07-28 12:15:00,34.0,56.7,6.0,0,5.1,0.4
2026-07-28 12:20:00,34.1,60.5,7.0,3,10.0,0.8
2026-07-28 12:25:00,32.6,58.0,8.0,3,90.2,7.5
2026-07-28 12:30:00,34.4,55.6,6.0,3,67.2,5.6
2026-07-28 12:35:00,31.9,56.4,6.0,0,7.8,0.6
2026-07-28 12:40:00,32.9,59.8,6.0,0,6.0,0.5
2026-07-28 12:45:00,33.1,56.1,8.0,0,6.0,0.5
2026-07-28 12:50:00,32.0,55.8,5.0,0,6.2,0.5
2026-07-28 12:55:00,33.0,55.7,7.0,3,120.3,10.0
2026-07-28 13:00:00,34.3,56.3,5.0,1,51.4,4.3
2026-07-28 13:05:00,31.9,55.4,6.0,0,6.3,0.5
2026-07-28 13:10:00,33.6,53.3,6.0,0,7.8,0.6
2026-07-28 13:15:00,32.0,60.8,8.0,0,3.5,0.3
2026-07-28 13:20:00,36.3,52.4,7.0,0,5.3,0.4
2026-07-28 13:25:00,34.2,53.5,6.0,0,3.5,0.2
2026-07-28 13:30:00,34.2,55.1,6.0,0,6.3,0.5
2026-07-28 13:35:00,34.3,60.3,5.0,0,4.2,0.3
2026-07-28 13:40:00,34.7,58.4,5.0,0,5.8,0.5
2026-07-28 13:45:00,35.1,54.2,8.0,0,4.0,0.3
2026-07-28 13:50:00,32.2,61.2,5.0,0,3.9,0.2
2026-07-28 13:55:00,35.5,54.2,8.0,0,4.6,0.4
2026-07-28 14:00:00,36.5,48.7,6.0,0,5.7,0.5
2026-07-28 14:05:00,34.7,50.4,6.0,0,6.9,0.6
2026-07-28 14:10:00,34.6,53.1,6.0,3,160.4,13.4
2026-07-28 14:15:00,30.3,56.5,7.0,1,64.5,5.4
2026-07-28 14:20:00,33.0,57.8,6.0,1,120.3,10.0
2026-07-28 14:25:00,35.5,52.9,7.0,1,155.7,13.0
2026-07-28 14:30:00,36.5,54.0,6.0,1,54.8,4.6
2026-07-28 14:35:00,35.8,54.9,7.0,3,202.9,16.9
2026-07-28 14:40:00,34.7,56.8,6.0,3,172.3,14.4
2026-07-28 14:45:00,37.5,49.6,6.0,2,38.7,3.2
2026-07-28 14:50:00,36.2,54.6,7.0,1,10.0,0.8
2026-07-28 14:55:00,34.2,53.4,5.0,3,97.8,8.1
2026-07-28 15:00:00,38.6,52.1,8.0,2,102.1,8.5
2026-07-28 15:05:00,34.1,58.3,7.0,3,140.0,11.7
2026-07-28 15:10:00,33.6,57.8,6.0,3,10.0,0.8
2026-07-28 15:15:00,35.0,54.2,7.0,3,26.4,2.2
2026-07-28 15:20:00,34.6,56.3,6.0,2,125.3,10.4
2026-07-28 15:25:00,35.1,51.1,7.0,2,105.1,8.8
2026-07-28 15:30:00,36.7,48.9,7.0,2,5.0,0.4
2026-07-28 15:35:00,35.6,55.0,8.0,2,172.5,14.4
2026-07-28 15:40:00,35.6,56.8,7.0,6,188.6,15.7
2026-07-28 15:45:00,35.7,51.1,6.0,2,5.0,0.4
2026-07-28 15:50:00,32.4,57.6,7.0,2,5.0,0.5
2026-07-28 15:55:00,33.5,57.3,8.0,2,18.4,1.5
2026-07-28 16:00:00,35.6,52.3,5.0,2,66.6,5.5
2026-07-28 16:05:00,34.9,53.7,6.0,2,91.2,7.6
2026-07-28 16:10:00,35.8,54.9,11.0,2,176.2,14.7
2026-07-28 16:15:00,38.3,51.1,7.0,2,177.4,14.8
2026-07-28 16:20:00,36.0,53.6,7.0,2,5.0,0.4
2026-07-28 16:25:00,34.2,53.0,8.0,3,250.5,20.9
2026-07-28 16:30:00,34.9,54.4,7.0,3,192.1,16.0
2026-07-28 16:35:00,38.7,49.5,5.0,2,5.0,0.4
2026-07-28 16:40:00,38.5,49.9,6.0,6,183.8,15.3
2026-07-28 16:45:00,37.0,51.0,7.0,2,183.6,15.3
2026-07-28 16:50:00,33.8,55.6,7.0,2,86.2,7.2
2026-07-28 16:55:00,36.6,50.7,7.0,2,19.8,1.6
2026-07-28 17:00:00,36.9,52.3,5.0,2,145.4,12.1
2026-07-28 17:05:00,36.3,51.9,7.0,3,10.0,0.8
2026-07-28 17:10:00,35.2,51.5,11.0,3,39.1,3.3
2026-07-28 17:15:00,35.6,48.2,7.0,2,187.8,15.6
2026-07-28 17:20:00,35.1,56.9,8.0,3,263.5,22.0
2026-07-28 17:25:00,34.2,57.3,12.0,3,32.9,2.7
2026-07-28 17:30:00,38.7,48.0,7.0,2,132.5,11.0
2026-07-28 17:35:00,37.8,53.1,14.0,2,39.7,3.3
2026-07-28 17:40:00,35.7,50.7,11.0,6,183.1,15.3
2026-07-28 17:45:00,36.9,51.4,9.0,2,5.0,0.4
2026-07-28 17:50:00,36.9,50.7,8.0,3,10.0,0.8
2026-07-28 17:55:00,40.4,48.0,12.0,3,55.7,4.6
2026-07-28 18:00:00,36.8,54.1,5.0,3,58.0,4.8
2026-07-28 18:05:00,36.7,51.4,5.0,3,202.1,16.8
2026-07-28 18:10:00,35.3,53.1,8.0,3,177.7,14.8
2026-07-28 18:15:00,34.5,56.9,5.0,3,60.9,5.1
2026-07-28 18:20:00,37.6,51.7,5.0,2,140.5,11.7
2026-07-28 18:25:00,36.4,51.2,5.0,3,98.1,8.3
2026-07-28 18:30:00,33.8,56.3,4.0,3,129.8,10.8
2026-07-28 18:35:00,36.0,55.9,7.0,3,168.2,14.0
2026-07-28 18:40:00,36.7,55.3,6.0,3,71.8,6.0
2026-07-28 18:45:00,31.6,54.5,7.0,3,130.5,10.9
2026-07-28 18:50:00,33.6,52.4,6.0,3,230.7,19.2
2026-07-28 18:55:00,35.9,56.0,5.0,3,92.1,7.7
2026-07-28 19:00:00,32.0,57.6,5.0,3,117.2,9.8
2026-07-28 19:05:00,32.2,52.9,6.0,3,158.6,13.2
2026-07-28 19:10:00,34.3,53.8,5.0,3,54.7,4.6
2026-07-28 19:15:00,35.3,53.3,5.0,3,27.2,2.3
2026-07-28 19:20:00,35.4,53.5,5.0,3,139.7,11.6
2026-07-28 19:25:00,36.8,54.3,5.0,3,156.2,13.0
2026-07-28 19:30:00,34.7,52.9,5.0,3,97.8,8.1
2026-07-28 19:35:00,34.1,57.9,5.0,3,49.0,4.1
2026-07-28 19:40:00,32.8,57.9,5.0,3,64.0,5.3
2026-07-28 19:45:00,34.1,52.8,6.0,3,127.9,10.7
2026-07-28 19:50:00,35.6,53.3,5.0,3,10.0,0.8
2026-07-28 19:55:00,35.7,55.0,5.0,3,197.1,16.4
2026-07-28 20:00:00,34.4,56.2,5.0,3,242.7,20.1
2026-07-28 20:05:00,34.8,56.5,5.0,3,10.0,0.8
2026-07-28 20:10:00,35.8,53.4,5.0,3,153.9,12.8
2026-07-28 20:15:00,34.1,57.6,5.0,3,174.8,14.6
2026-07-28 20:20:00,36.0,53.6,6.0,3,181.8,15.2
2026-07-28 20:25:00,33.0,62.9,6.0,3,10.0,0.8
2026-07-28 20:30:00,33.9,53.8,5.0,3,76.5,6.4
2026-07-28 20:35:00,33.3,62.9,5.0,3,55.0,4.6
2026-07-28 20:40:00,35.1,53.4,5.0,3,83.6,7.0
2026-07-28 20:45:00,32.6,60.6,5.0,3,10.0,0.8
2026-07-28 20:50:00,33.6,58.6,5.0,3,256.8,21.4
2026-07-28 20:55:00,31.4,57.3,5.0,3,143.4,12.0
2026-07-28 21:00:00,34.3,57.9,4.0,2,90.2,7.5
2026-07-28 21:05:00,35.3,54.9,5.0,3,15.5,1.3
2026-07-28 21:10:00,34.8,56.8,4.0,3,56.5,4.7
2026-07-28 21:15:00,34.6,56.8,4.0,3,228.3,19.0
2026-07-28 21:20:00,34.7,55.7,4.0,3,96.2,8.0
2026-07-28 21:25:00,34.5,55.7,5.0,3,217.5,18.1
2026-07-28 21:30:00,34.3,57.4,4.0,3,164.5,13.7
2026-07-28 21:35:00,34.4,54.9,4.0,3,10.0,0.8
2026-07-28 21:40:00,32.5,56.7,5.0,3,17.9,1.5
2026-07-28 21:45:00,33.1,59.6,4.0,3,10.0,0.8
2026-07-28 21:50:00,33.5,58.3,5.0,3,146.0,12.2
2026-07-28 21:55:00,32.9,55.5,6.0,3,272.8,22.8
2026-07-28 22:00:00,30.5,58.6,4.0,3,120.2,10.0
2026-07-28 22:05:00,30.9,56.0,4.0,2,34.5,2.9
2026-07-28 22:10:00,33.1,59.8,5.0,3,95.6,8.0
2026-07-28 22:15:00,34.1,58.5,4.0,3,152.3,12.6
2026-07-28 22:20:00,32.8,56.3,4.0,3,98.4,8.2
2026-07-28 22:25:00,36.8,56.0,4.0,3,75.3,6.3
2026-07-28 22:30:00,31.4,63.4,5.0,3,122.0,10.2
2026-07-28 22:35:00,33.4,54.9,4.0,3,171.8,14.3
2026-07-28 22:40:00,34.6,55.6,5.0,3,60.2,5.0
2026-07-28 22:45:00,34.3,54.0,6.0,3,17.1,1.4
2026-07-28 22:50:00,33.7,59.4,4.0,3,188.4,15.7
2026-07-28 22:55:00,34.3,56.8,5.0,3,10.0,0.8
2026-07-28 23:00:00,32.6,59.3,4.0,3,10.0,0.9
2026-07-28 23:05:00,35.6,58.5,4.0,3,105.8,8.8
2026-07-28 23:10:00,34.9,57.7,5.0,3,183.1,15.4
2026-07-28 23:15:00,30.9,60.2,5.0,3,122.8,10.2
2026-07-28 23:20:00,33.1,60.0,5.0,3,54.6,4.5
2026-07-28 23:25:00,29.6,60.7,5.0,3,176.0,14.7
2026-07-28 23:30:00,35.3,57.6,4.0,3,35.9,3.0
2026-07-28 23:35:00,32.9,59.5,5.0,3,163.5,13.6
2026-07-28 23:40:00,35.0,58.6,4.0,3,65.2,5.4
2026-07-28 23:45:00,32.3,60.9,4.0,3,10.0,0.8
2026-07-28 23:50:00,29.1,62.7,4.0,3,167.6,14.0
2026-07-28 23:55:00,37.4,54.9,4.0,3,243.9,20.3
2026-07-29 00:00:00,32.3,61.8,4.0,3,69.8,5.8
2026-07-29 00:05:00,30.9,61.0,4.0,3,192.4,16.1
2026-07-29 00:10:00,33.6,58.4,5.0,3,10.0,0.8
2026-07-29 00:15:00,34.7,56.7,5.0,3,10.0,0.8
2026-07-29 00:20:00,31.9,62.9,4.0,3,18.0,1.5
2026-07-29 00:25:00,32.0,63.4,4.0,3,89.4,7.4
2026-07-29 00:30:00,32.5,62.3,4.0,3,145.7,12.1
2026-07-29 00:35:00,30.8,61.2,5.0,3,10.0,0.8
2026-07-29 00:40:00,31.3,61.1,4.0,3,20.9,1.7
2026-07-29 00:45:00,34.4,60.3,5.0,3,174.3,14.5
2026-07-29 00:50:00,32.0,59.7,4.0,3,27.9,2.3
2026-07-29 00:55:00,31.1,61.5,5.0,3,223.9,18.7
2026-07-29 01:00:00,31.1,61.1,4.0,3,37.9,3.2
2026-07-29 01:05:00,32.5,62.2,4.0,3,204.1,17.0
2026-07-29 01:10:00,29.7,65.0,5.0,3,173.5,14.5
2026-07-29 01:15:00,31.7,59.7,4.0,3,109.1,9.1
2026-07-29 01:20:00,33.8,59.8,4.0,2,5.0,0.4
2026-07-29 01:25:00,33.4,57.8,5.0,3,121.2,10.1
2026-07-29 01:30:00,32.0,58.6,4.0,3,113.2,9.4
2026-07-29 01:35:00,32.7,58.2,6.0,3,201.5,16.8
2026-07-29 01:40:00,32.7,58.9,4.0,3,10.0,0.8
2026-07-29 01:45:00,31.4,59.0,4.0,3,72.2,6.0
2026-07-29 01:50:00,32.3,58.3,4.0,3,118.7,9.9
2026-07-29 01:55:00,33.1,55.7,4.0,2,117.4,9.8
2026-07-29 02:00:00,29.6,61.0,4.0,3,208.2,17.3
2026-07-29 02:05:00,31.7,60.4,5.0,2,57.0,4.8
2026-07-29 02:10:00,31.4,62.8,4.0,2,112.9,9.4
2026-07-29 02:15:00,31.1,62.9,4.0,3,51.7,4.3
2026-07-29 02:20:00,31.0,61.9,5.0,3,10.0,0.8
2026-07-29 02:25:00,31.3,56.8,4.0,3,10.0,0.8
2026-07-29 02:30:00,31.4,58.2,5.0,3,108.4,9.0
2026-07-29 02:35:00,32.3,58.4,4.0,3,10.0,0.8
2026-07-29 02:40:00,31.6,62.3,4.0,2,171.0,14.2
2026-07-29 02:45:00,30.8,59.8,5.0,3,81.5,6.8
2026-07-29 02:50:00,30.1,59.3,4.0,3,10.0,0.8
2026-07-29 02:55:00,30.5,65.1,4.0,3,70.5,5.9
2026-07-29 03:00:00,30.8,59.1,4.0,3,274.1,22.8
2026-07-29 03:05:00,29.8,59.8,4.0,3,213.9,17.8
2026-07-29 03:10:00,31.5,60.3,4.0,3,100.7,8.4
2026-07-29 03:15:00,31.0,60.4,4.0,3,77.8,6.5
2026-07-29 03:20:00,31.7,58.2,5.0,3,23.6,2.0
2026-07-29 03:25:00,29.9,62.3,4.0,3,151.2,12.6
2026-07-29 03:30:00,29.7,60.4,4.0,3,70.5,6.0
2026-07-29 03:35:00,31.7,58.2,4.0,2,46.9,3.9
2026-07-29 03:40:00,30.7,61.0,4.0,3,220.6,18.4
2026-07-29 03:45:00,30.3,56.8,4.0,3,112.2,9.4
2026-07-29 03:50:00,31.3,62.4,4.0,3,115.9,9.7
2026-07-29 03:55:00,31.2,56.9,4.0,3,10.0,0.8
2026-07-29 04:00:00,29.0,61.7,6.0,3,51.6,4.3
2026-07-29 04:05:00,31.8,61.8,4.0,3,266.2,22.2
2026-07-29 04:10:00,29.9,64.0,5.0,3,10.0,0.8
2026-07-29 04:15:00,32.1,58.9,4.0,3,79.7,6.6
2026-07-29 04:20:00,29.0,59.7,4.0,3,81.6,6.8
2026-07-29 04:25:00,30.7,59.6,4.0,3,124.0,10.3
2026-07-29 04:30:00,30.2,61.5,4.0,3,135.6,11.2
2026-07-29 04:35:00,28.3,64.9,5.0,3,53.3,4.4
2026-07-29 04:40:00,31.0,63.6,4.0,3,177.3,14.8
2026-07-29 04:45:00,28.3,70.5,5.0,3,46.0,3.8
2026-07-29 04:50:00,30.1,63.8,4.0,3,151.3,12.6
2026-07-29 04:55:00,31.5,58.4,4.0,3,10.0,0.8
2026-07-29 05:00:00,29.7,65.6,4.0,2,265.3,22.1
2026-07-29 05:05:00,29.4,62.3,5.0,2,91.3,7.6
2026-07-29 05:10:00,31.0,55.5,6.0,3,32.6,2.7
2026-07-29 05:15:00,30.0,60.0,4.0,3,10.0,0.8
2026-07-29 05:20:00,29.9,57.8,4.0,2,158.8,13.2
2026-07-29 05:25:00,31.4,59.5,6.0,3,123.7,10.3
2026-07-29 05:30:00,29.2,63.5,6.0,3,127.4,10.6
2026-07-29 05:35:00,29.8,59.5,6.0,3,64.4,5.4
2026-07-29 05:40:00,31.0,59.2,5.0,3,123.3,10.3
2026-07-29 05:45:00,29.1,61.0,6.0,3,10.0,0.8
2026-07-29 05:50:00,31.9,59.3,5.0,3,208.6,17.4
2026-07-29 05:55:00,30.0,60.8,4.0,2,58.8,4.9
2026-07-29 06:00:00,30.8,63.5,4.0,3,178.6,14.9
2026-07-29 06:05:00,30.8,61.8,5.0,3,17.1,1.4
2026-07-29 06:10:00,29.8,66.2,6.0,3,10.0,0.8
2026-07-29 06:15:00,29.5,62.5,5.0,3,56.6,4.6
2026-07-29 06:20:00,29.9,67.1,6.0,2,145.5,12.1
2026-07-29 06:25:00,30.6,61.8,5.0,3,120.1,10.0
2026-07-29 06:30:00,29.1,63.0,6.0,3,110.3,9.3
2026-07-29 06:35:00,28.9,69.2,6.0,3,10.0,0.8
2026-07-29 06:40:00,31.3,57.0,6.0,3,62.6,5.2
2026-07-29 06:45:00,29.3,62.6,6.0,2,29.6,2.5
2026-07-29 06:50:00,30.3,58.9,7.0,2,151.1,12.5
2026-07-29 06:55:00,29.8,59.3,5.0,3,129.1,10.8
2026-07-29 07:00:00,29.4,58.5,7.0,0,4.0,0.3
2026-07-29 07:05:00,31.1,62.4,6.0,0,5.8,0.5
2026-07-29 07:10:00,29.5,60.1,4.0,3,64.5,5.4
2026-07-29 07:15:00,29.2,63.2,7.0,3,109.1,9.1
2026-07-29 07:20:00,29.3,65.8,4.0,0,6.3,0.5
2026-07-29 07:25:00,29.0,65.2,5.0,3,187.4,15.6
2026-07-29 07:30:00,28.8,65.4,7.0,0,4.5,0.4
2026-07-29 07:35:00,29.0,67.0,5.0,1,36.7,3.1
2026-07-29 07:40:00,31.4,64.3,5.0,0,6.3,0.5
2026-07-29 07:45:00,30.3,59.1,6.0,0,3.5,0.3
2026-07-29 07:50:00,29.2,64.9,4.0,0,3.7,0.3
2026-07-29 07:55:00,30.6,61.0,5.0,0,7.6,0.6
2026-07-29 08:00:00,27.7,65.6,6.0,0,3.5,0.3
2026-07-29 08:05:00,31.0,57.4,8.0,0,4.8,0.4
2026-07-29 08:10:00,30.9,59.9,9.0,0,5.6,0.5
2026-07-29 08:15:00,31.9,58.6,4.0,0,6.0,0.6
2026-07-29 08:20:00,30.6,65.0,6.0,1,50.6,4.2
2026-07-29 08:25:00,29.9,59.9,5.0,0,6.1,0.5
2026-07-29 08:30:00,30.9,55.4,6.0,0,5.1,0.4
2026-07-29 08:35:00,28.7,64.4,10.0,0,4.7,0.4
2026-07-29 08:40:00,29.0,61.0,7.0,3,45.3,3.8
2026-07-29 08:45:00,29.4,63.1,5.0,3,179.4,14.9
2026-07-29 08:50:00,31.0,62.6,4.0,3,97.0,8.1
2026-07-29 08:55:00,28.5,64.5,8.0,0,3.8,0.3
2026-07-29 09:00:00,29.0,63.1,5.0,3,89.9,7.5
2026-07-29 09:05:00,30.3,61.8,5.0,0,8.6,0.7
2026-07-29 09:10:00,30.8,63.4,7.0,0,7.0,0.6
2026-07-29 09:15:00,29.3,60.9,7.0,3,10.0,0.8
2026-07-29 09:20:00,30.8,63.1,6.0,0,6.1,0.5
2026-07-29 09:25:00,31.5,57.9,5.0,0,5.4,0.4
2026-07-29 09:30:00,31.4,61.9,9.0,3,170.1,14.2
2026-07-29 09:35:00,30.4,58.3,7.0,0,4.3,0.4
2026-07-29 09:40:00,29.9,64.0,8.0,0,5.4,0.4
2026-07-29 09:45:00,32.0,59.3,6.0,0,3.6,0.3
2026-07-29 09:50:00,30.0,62.8,5.0,0,8.2,0.7
2026-07-29 09:55:00,31.1,63.2,5.0,1,78.5,6.5
2026-07-29 10:00:00,33.2,56.5,4.0,0,3.7,0.3
2026-07-29 10:05:00,32.0,59.9,6.0,0,3.5,0.3
2026-07-29 10:10:00,29.9,63.5,5.0,0,11.4,1.0
2026-07-29 10:15:00,29.6,62.6,6.0,3,274.7,22.9
2026-07-29 10:20:00,30.7,63.3,6.0,3,11.1,0.9
2026-07-29 10:25:00,31.8,61.0,6.0,0,5.2,0.4
2026-07-29 10:30:00,31.5,59.4,5.0,1,10.0,0.8
2026-07-29 10:35:00,33.5,60.7,5.0,3,20.7,1.7
2026-07-29 10:40:00,31.5,61.9,4.0,1,115.8,9.6
2026-07-29 10:45:00,30.6,60.0,6.0,3,239.8,20.0
2026-07-29 10:50:00,29.7,61.2,6.0,1,21.9,1.8
2026-07-29 10:55:00,32.4,58.9,4.0,0,3.8,0.3
2026-07-29 11:00:00,32.5,59.9,8.0,0,7.0,0.6
2026-07-29 11:05:00,30.8,56.2,7.0,0,3.5,0.3
2026-07-29 11:10:00,32.5,57.0,5.0,0,4.1,0.3
2026-07-29 11:15:00,31.4,59.2,6.0,0,7.1,0.6
2026-07-29 11:20:00,32.0,56.2,6.0,3,160.4,13.4
2026-07-29 11:25:00,32.5,56.4,6.0,3,44.3,3.7
2026-07-29 11:30:00,31.5,60.7,6.0,0,9.8,0.8
2026-07-29 11:35:00,31.9,58.6,7.0,1,79.8,6.5
2026-07-29 11:40:00,31.6,59.3,8.0,1,59.2,4.8
2026-07-29 11:45:00,31.7,56.8,7.0,0,7.5,0.6
2026-07-29 11:50:00,31.4,60.0,7.0,3,252.4,21.0
2026-07-29 11:55:00,31.9,56.2,8.0,3,64.5,5.4
2026-07-29 12:00:00,32.5,62.5,5.0,3,107.4,9.0
2026-07-29 12:05:00,34.2,60.6,5.0,0,7.0,0.7
2026-07-29 12:10:00,33.7,55.8,7.0,0,8.3,0.7
2026-07-29 12:15:00,34.8,52.5,4.0,0,4.9,0.4
2026-07-29 12:20:00,35.6,56.2,5.0,1,33.0,2.8
2026-07-29 12:25:00,34.3,57.5,9.0,0,3.5,0.3
2026-07-29 12:30:00,34.0,61.2,4.0,1,129.5,10.8
2026-07-29 12:35:00,34.3,61.4,7.0,3,134.7,11.3
2026-07-29 12:40:00,34.0,51.5,4.0,0,4.1,0.3
2026-07-29 12:45:00,33.6,60.1,7.0,3,171.9,14.3
2026-07-29 12:50:00,33.5,56.8,9.0,0,8.2,0.7
2026-07-29 12:55:00,32.4,60.4,5.0,3,143.8,12.0
2026-07-29 13:00:00,35.1,56.5,4.0,0,3.5,0.3
2026-07-29 13:05:00,34.1,58.0,6.0,0,5.2,0.4
2026-07-29 13:10:00,35.8,56.0,6.0,0,5.6,0.5
2026-07-29 13:15:00,35.2,52.9,6.0,3,286.6,23.9
2026-07-29 13:20:00,33.4,54.7,6.0,0,6.3,0.5
2026-07-29 13:25:00,35.6,56.8,7.0,1,43.5,3.6
2026-07-29 13:30:00,31.2,58.4,7.0,0,6.7,0.6
2026-07-29 13:35:00,36.4,57.3,6.0,0,6.8,0.6
2026-07-29 13:40:00,32.6,56.5,6.0,1,19.3,1.6
2026-07-29 13:45:00,34.7,54.1,6.0,0,11.4,1.0
2026-07-29 13:50:00,34.6,54.8,6.0,0,7.0,0.7
2026-07-29 13:55:00,35.4,50.0,6.0,1,90.7,7.6
2026-07-29 14:00:00,34.4,51.8,7.0,3,225.8,18.8
2026-07-29 14:05:00,31.8,60.7,6.0,0,8.4,0.7
2026-07-29 14:10:00,34.4,51.3,6.0,1,107.3,9.0
2026-07-29 14:15:00,34.6,61.3,6.0,2,294.2,24.5
2026-07-29 14:20:00,32.0,58.1,6.0,3,243.2,20.3
2026-07-29 14:25:00,35.0,52.3,7.0,2,15.2,1.2
2026-07-29 14:30:00,33.4,57.7,7.0,1,55.6,4.6
2026-07-29 14:35:00,35.8,48.0,7.0,1,73.9,6.2
2026-07-29 14:40:00,34.5,54.6,6.0,1,111.3,9.3
2026-07-29 14:45:00,37.7,51.1,6.0,2,5.0,0.4
2026-07-29 14:50:00,34.5,52.3,7.0,1,55.0,4.5
2026-07-29 14:55:00,35.5,52.7,7.0,2,52.4,4.5
2026-07-29 15:00:00,35.4,57.5,9.0,2,123.2,10.3
2026-07-29 15:05:00,33.5,56.7,7.0,2,107.0,8.9
2026-07-29 15:10:00,35.5,55.0,6.0,2,67.1,5.6
2026-07-29 15:15:00,36.8,50.9,7.0,3,46.8,3.9
2026-07-29 15:20:00,36.6,49.9,6.0,3,133.5,11.1
2026-07-29 15:25:00,35.3,53.8,6.0,2,183.8,15.3
2026-07-29 15:30:00,33.7,50.7,7.0,6,184.0,15.3
2026-07-29 15:35:00,36.6,50.4,7.0,2,64.7,5.4
2026-07-29 15:40:00,36.3,50.4,8.0,2,168.7,14.1
2026-07-29 15:45:00,36.9,48.0,8.0,2,70.5,5.9
2026-07-29 15:50:00,35.4,55.6,8.0,3,253.2,21.1
2026-07-29 15:55:00,33.4,56.1,7.0,2,30.0,2.4
2026-07-29 16:00:00,37.1,50.7,9.0,2,109.2,9.0
2026-07-29 16:05:00,36.3,54.5,9.0,2,113.3,9.4
2026-07-29 16:10:00,38.4,48.0,10.0,3,70.1,5.9
2026-07-29 16:15:00,36.3,49.9,7.0,3,70.8,5.9
2026-07-29 16:20:00,36.2,55.7,8.0,3,186.2,15.5
2026-07-29 16:25:00,36.9,57.6,7.0,2,245.5,20.5
2026-07-29 16:30:00,35.4,55.5,12.0,2,133.4,11.1
2026-07-29 16:35:00,35.3,55.2,8.0,3,146.2,12.2
2026-07-29 16:40:00,36.1,51.9,10.0,2,121.7,10.1
2026-07-29 16:45:00,34.9,53.2,8.0,2,109.0,9.1
2026-07-29 16:50:00,35.9,54.0,9.0,2,56.1,4.7
2026-07-29 16:55:00,39.2,53.1,8.0,2,81.0,6.8
2026-07-29 17:00:00,38.2,52.0,11.0,2,59.1,4.9
2026-07-29 17:05:00,36.9,54.9,9.0,2,110.4,9.2
2026-07-29 17:10:00,39.1,48.0,13.0,3,103.3,8.6
2026-07-29 17:15:00,34.9,56.2,9.0,2,5.0,0.3
2026-07-29 17:20:00,40.8,48.0,7.0,2,5.0,0.4
2026-07-29 17:25:00,35.5,54.2,10.0,3,129.0,10.8
2026-07-29 17:30:00,39.9,50.6,8.0,2,41.1,3.4
2026-07-29 17:35:00,39.9,48.0,6.0,2,32.3,2.7
2026-07-29 17:40:00,33.3,53.4,9.0,2,122.6,10.2
2026-07-29 17:45:00,39.0,50.9,7.0,2,55.2,4.6
2026-07-29 17:50:00,35.9,52.9,8.0,2,140.9,11.7
2026-07-29 17:55:00,35.4,54.3,9.0,3,10.0,0.8
2026-07-29 18:00:00,36.3,54.7,4.0,3,75.5,6.3
2026-07-29 18:05:00,33.6,59.4,5.0,3,30.3,2.6
2026-07-29 18:10:00,36.2,54.8,7.0,3,246.1,20.5
2026-07-29 18:15:00,33.7,57.2,6.0,3,89.3,7.3
2026-07-29 18:20:00,35.7,52.2,4.0,3,112.4,9.4
2026-07-29 18:25:00,37.7,50.4,6.0,3,201.9,16.8
2026-07-29 18:30:00,36.0,54.5,7.0,3,241.6,20.1
2026-07-29 18:35:00,34.7,53.7,6.0,3,128.5,10.7
2026-07-29 18:40:00,36.3,54.1,6.0,3,30.1,2.5
2026-07-29 18:45:00,32.9,54.4,5.0,3,56.7,4.6
2026-07-29 18:50:00,33.9,60.7,7.0,2,49.6,4.1
2026-07-29 18:55:00,34.6,55.3,5.0,3,130.9,10.9
2026-07-29 19:00:00,35.8,54.0,5.0,3,133.4,11.2
2026-07-29 19:05:00,35.3,53.2,5.0,3,33.8,2.8
2026-07-29 19:10:00,35.5,58.5,6.0,3,10.0,0.8
2026-07-29 19:15:00,34.7,52.2,5.0,2,270.9,22.6
2026-07-29 19:20:00,33.7,54.6,5.0,3,10.0,0.8
2026-07-29 19:25:00,36.8,54.5,6.0,2,78.6,6.5
2026-07-29 19:30:00,33.8,56.7,5.0,3,10.0,0.8
2026-07-29 19:35:00,35.3,53.0,5.0,3,85.7,7.1
2026-07-29 19:40:00,34.6,53.9,6.0,3,77.0,6.4
2026-07-29 19:45:00,35.5,53.4,5.0,3,10.0,0.8
2026-07-29 19:50:00,33.9,56.2,5.0,3,83.5,7.0
2026-07-29 19:55:00,36.2,56.9,6.0,3,251.7,21.0
2026-07-29 20:00:00,36.1,55.6,5.0,3,136.3,11.3
2026-07-29 20:05:00,35.5,57.1,5.0,3,281.2,23.4
2026-07-29 20:10:00,34.4,55.2,4.0,3,105.4,8.8
2026-07-29 20:15:00,33.5,58.1,5.0,3,102.7,8.6
2026-07-29 20:20:00,38.1,49.0,5.0,3,129.9,10.8
2026-07-29 20:25:00,32.7,58.2,5.0,3,265.2,22.1
2026-07-29 20:30:00,35.4,55.3,5.0,3,243.4,20.3
2026-07-29 20:35:00,34.6,59.7,5.0,3,171.7,14.3
2026-07-29 20:40:00,34.1,59.7,5.0,2,130.1,10.8
2026-07-29 20:45:00,34.4,55.5,5.0,3,142.6,11.8
2026-07-29 20:50:00,33.4,55.4,5.0,3,29.5,2.5
2026-07-29 20:55:00,34.7,54.1,7.0,3,10.0,0.8
2026-07-29 21:00:00,34.0,56.4,6.0,3,65.7,5.5
2026-07-29 21:05:00,37.5,56.3,5.0,3,239.7,20.0
2026-07-29 21:10:00,35.1,56.8,4.0,3,262.2,21.7
2026-07-29 21:15:00,34.3,57.7,4.0,3,10.0,0.8
2026-07-29 21:20:00,34.4,58.2,5.0,3,223.8,18.6
2026-07-29 21:25:00,36.3,53.1,4.0,3,265.8,22.2
2026-07-29 21:30:00,32.1,57.4,5.0,3,214.9,17.9
2026-07-29 21:35:00,33.3,58.6,5.0,3,65.1,5.4
2026-07-29 21:40:00,30.7,58.5,5.0,2,49.1,4.0
2026-07-29 21:45:00,34.4,53.7,4.0,3,177.3,14.8
2026-07-29 21:50:00,34.8,54.2,5.0,3,10.0,0.8
2026-07-29 21:55:00,32.1,60.7,5.0,3,10.0,0.8
2026-07-29 22:00:00,35.0,55.7,4.0,3,325.1,27.2
2026-07-29 22:05:00,31.8,59.7,5.0,2,66.0,5.5
2026-07-29 22:10:00,32.4,56.8,4.0,3,65.1,5.4
2026-07-29 22:15:00,33.1,58.8,5.0,3,10.0,0.8
2026-07-29 22:20:00,35.2,55.7,5.0,3,73.9,6.2
2026-07-29 22:25:00,31.6,60.3,4.0,3,269.4,22.4
2026-07-29 22:30:00,33.3,57.0,4.0,3,207.7,17.3
2026-07-29 22:35:00,34.0,58.2,4.0,3,46.8,3.9
2026-07-29 22:40:00,33.7,56.6,5.0,3,99.5,8.3
2026-07-29 22:45:00,33.8,57.3,5.0,3,149.3,12.4
2026-07-29 22:50:00,34.0,56.8,4.0,3,165.2,13.8
2026-07-29 22:55:00,32.1,59.1,4.0,3,150.6,12.5
2026-07-29 23:00:00,35.8,58.5,4.0,3,22.6,1.9
2026-07-29 23:05:00,32.4,59.2,4.0,3,85.9,7.3
2026-07-29 23:10:00,32.2,59.9,4.0,3,10.0,0.8
2026-07-29 23:15:00,35.1,58.7,4.0,3,190.3,15.9
2026-07-29 23:20:00,31.5,61.3,4.0,3,98.0,8.2
2026-07-29 23:25:00,33.2,59.4,4.0,3,135.9,11.3
2026-07-29 23:30:00,31.3,59.3,4.0,3,47.8,4.0
2026-07-29 23:35:00,37.3,57.3,6.0,3,162.7,13.6
2026-07-29 23:40:00,36.9,58.4,4.0,3,165.8,13.8
2026-07-29 23:45:00,32.4,58.0,5.0,3,10.0,0.8
2026-07-29 23:50:00,33.6,57.3,4.0,3,176.3,14.7
2026-07-29 23:55:00,32.6,58.9,5.0,3,10.0,0.8
2026-07-30 00:00:00,31.7,60.0,4.0,3,46.6,3.8
2026-07-30 00:05:00,32.3,56.8,4.0,3,187.5,15.6
2026-07-30 00:10:00,32.1,60.8,5.0,3,49.4,4.1
2026-07-30 00:15:00,30.2,61.2,4.0,3,117.1,9.8
2026-07-30 00:20:00,32.5,56.4,5.0,3,98.6,8.2
2026-07-30 00:25:00,32.1,58.4,4.0,3,10.0,0.8
2026-07-30 00:30:00,32.5,59.3,4.0,3,231.2,19.3
2026-07-30 00:35:00,32.0,57.6,4.0,3,232.4,19.4
2026-07-30 00:40:00,31.7,61.7,6.0,3,147.7,12.3
2026-07-30 00:45:00,33.2,59.4,4.0,3,80.5,6.7
2026-07-30 00:50:00,32.8,60.4,4.0,2,132.3,10.9
2026-07-30 00:55:00,33.9,57.1,5.0,3,115.4,9.6
2026-07-30 01:00:00,31.9,60.4,5.0,3,224.8,18.7
2026-07-30 01:05:00,31.3,59.4,6.0,3,61.4,5.1
2026-07-30 01:10:00,32.0,59.2,5.0,2,99.7,8.3
2026-07-30 01:15:00,29.6,63.3,4.0,3,69.5,5.8
2026-07-30 01:20:00,33.4,57.6,5.0,3,87.6,7.3
2026-07-30 01:25:00,31.7,61.3,4.0,3,10.0,0.7
2026-07-30 01:30:00,33.5,57.9,5.0,3,168.8,14.1
2026-07-30 01:35:00,30.7,60.5,4.0,3,124.5,10.4
2026-07-30 01:40:00,30.4,63.1,5.0,3,180.6,15.0
2026-07-30 01:45:00,31.8,61.6,6.0,3,66.2,5.5
2026-07-30 01:50:00,31.8,60.0,4.0,3,10.0,0.7
2026-07-30 01:55:00,31.8,62.1,5.0,3,119.8,10.0
2026-07-30 02:00:00,31.2,60.0,5.0,2,156.5,13.0
2026-07-30 02:05:00,30.3,61.6,5.0,3,10.0,0.8
2026-07-30 02:10:00,29.3,63.4,4.0,3,158.1,13.2
2026-07-30 02:15:00,31.3,60.1,4.0,3,165.6,13.8
2026-07-30 02:20:00,29.6,62.2,4.0,3,296.1,24.6
2026-07-30 02:25:00,29.4,61.6,4.0,3,231.6,19.3
2026-07-30 02:30:00,30.6,59.1,4.0,3,132.0,11.0
2026-07-30 02:35:00,31.5,60.4,4.0,3,85.5,7.1
2026-07-30 02:40:00,33.2,60.5,5.0,3,185.7,15.5
2026-07-30 02:45:00,32.1,61.2,4.0,3,134.7,11.3
2026-07-30 02:50:00,32.6,59.4,4.0,3,66.7,5.6
2026-07-30 02:55:00,31.7,62.8,4.0,3,10.0,0.8
2026-07-30 03:00:00,30.9,60.8,4.0,3,310.3,26.0
2026-07-30 03:05:00,33.1,54.8,4.0,3,202.0,16.8
2026-07-30 03:10:00,29.1,62.8,4.0,3,164.7,13.7
2026-07-30 03:15:00,30.1,61.9,4.0,3,113.3,9.4
2026-07-30 03:20:00,30.2,60.6,4.0,2,179.1,14.9
2026-07-30 03:25:00,31.4,61.4,4.0,3,275.2,22.9
2026-07-30 03:30:00,29.5,65.2,4.0,3,186.2,15.5
2026-07-30 03:35:00,31.3,55.9,4.0,3,10.0,0.8
2026-07-30 03:40:00,31.1,60.0,4.0,3,85.4,7.1
2026-07-30 03:45:00,31.4,52.9,4.0,3,174.5,14.5
2026-07-30 03:50:00,31.3,59.9,4.0,3,214.2,17.8
2026-07-30 03:55:00,32.1,58.5,5.0,3,82.1,6.8
2026-07-30 04:00:00,30.3,66.5,5.0,3,242.4,20.2
2026-07-30 04:05:00,30.9,64.6,5.0,3,10.0,0.8
2026-07-30 04:10:00,29.6,65.5,4.0,3,85.1,7.1
2026-07-30 04:15:00,29.3,61.1,6.0,3,88.8,7.4
2026-07-30 04:20:00,32.2,55.9,5.0,3,191.5,16.0
2026-07-30 04:25:00,29.5,60.4,5.0,3,222.6,18.5
2026-07-30 04:30:00,31.0,64.6,4.0,3,220.4,18.4
2026-07-30 04:35:00,30.9,58.4,4.0,3,10.0,0.8
2026-07-30 04:40:00,31.6,58.6,5.0,3,120.4,10.0
2026-07-30 04:45:00,28.6,62.4,5.0,3,10.0,0.9
2026-07-30 04:50:00,31.3,56.8,4.0,3,111.2,9.2
2026-07-30 04:55:00,30.3,62.7,6.0,3,254.4,21.2
2026-07-30 05:00:00,29.6,63.5,4.0,3,286.0,23.8
2026-07-30 05:05:00,30.0,57.9,4.0,3,150.1,12.5
2026-07-30 05:10:00,31.2,57.9,4.0,3,133.4,11.1
2026-07-30 05:15:00,30.9,61.7,6.0,3,92.6,7.7
2026-07-30 05:20:00,30.1,62.3,5.0,3,105.9,8.8
2026-07-30 05:25:00,29.1,63.2,5.0,3,235.9,19.7
2026-07-30 05:30:00,29.2,65.1,6.0,3,31.6,2.6
2026-07-30 05:35:00,30.9,58.1,5.0,3,84.0,6.9
2026-07-30 05:40:00,29.0,62.9,4.0,3,109.0,9.1
2026-07-30 05:45:00,30.1,63.5,6.0,3,44.9,3.7
2026-07-30 05:50:00,32.7,56.9,5.0,3,151.6,12.6
2026-07-30 05:55:00,30.6,62.3,5.0,3,243.4,20.3
2026-07-30 06:00:00,30.6,59.5,5.0,1,53.3,4.5
2026-07-30 06:05:00,29.0,62.6,4.0,1,102.9,8.6
2026-07-30 06:10:00,28.8,61.0,6.0,3,162.3,13.5
2026-07-30 06:15:00,30.7,57.5,4.0,1,58.0,4.9
2026-07-30 06:20:00,29.7,62.2,5.0,3,44.9,3.7
2026-07-30 06:25:00,31.0,62.0,7.0,3,40.4,3.4
2026-07-30 06:30:00,30.1,62.3,6.0,3,10.0,0.8
2026-07-30 06:35:00,33.2,60.1,5.0,2,260.5,21.7
2026-07-30 06:40:00,29.5,62.7,4.0,3,96.1,8.0
2026-07-30 06:45:00,30.3,58.0,5.0,2,155.9,13.0
2026-07-30 06:50:00,29.2,64.6,5.0,3,32.4,2.6
2026-07-30 06:55:00,31.0,59.0,6.0,1,28.0,2.3
2026-07-30 07:00:00,30.1,62.7,5.0,0,5.6,0.5
2026-07-30 07:05:00,28.6,59.2,5.0,1,64.9,5.4
2026-07-30 07:10:00,29.3,63.0,5.0,3,126.9,10.6
2026-07-30 07:15:00,31.2,62.4,5.0,0,9.5,0.8
2026-07-30 07:20:00,31.0,62.4,6.0,1,18.9,1.6
2026-07-30 07:25:00,28.1,64.9,8.0,0,4.0,0.3
2026-07-30 07:30:00,29.1,63.8,5.0,3,43.8,3.6
2026-07-30 07:35:00,31.6,58.9,4.0,1,61.9,5.2
2026-07-30 07:40:00,29.5,62.6,5.0,3,10.0,0.8
2026-07-30 07:45:00,29.8,64.4,4.0,2,102.8,8.6
2026-07-30 07:50:00,30.8,59.5,9.0,0,7.5,0.6
2026-07-30 07:55:00,28.2,63.7,8.0,1,111.6,9.3
2026-07-30 08:00:00,28.5,61.0,9.0,0,5.3,0.4
2026-07-30 08:05:00,29.2,65.3,8.0,0,7.5,0.6
2026-07-30 08:10:00,30.9,60.4,6.0,0,6.6,0.5
2026-07-30 08:15:00,30.7,58.4,6.0,0,8.1,0.7
2026-07-30 08:20:00,30.3,64.0,6.0,3,10.0,0.8
2026-07-30 08:25:00,29.4,63.2,11.0,0,6.5,0.5
2026-07-30 08:30:00,30.8,59.4,6.0,3,160.3,13.4
2026-07-30 08:35:00,29.4,65.4,5.0,3,10.0,0.8
2026-07-30 08:40:00,30.2,61.3,6.0,0,5.4,0.4
2026-07-30 08:45:00,30.5,57.9,7.0,0,7.5,0.6
2026-07-30 08:50:00,31.4,62.6,4.0,0,3.9,0.3
2026-07-30 08:55:00,29.5,61.1,7.0,0,3.5,0.3
2026-07-30 09:00:00,29.7,70.2,4.0,0,3.5,0.3
2026-07-30 09:05:00,31.5,59.1,9.0,0,9.2,0.8
2026-07-30 09:10:00,31.6,55.2,4.0,0,6.0,0.5
2026-07-30 09:15:00,29.5,67.4,5.0,0,6.5,0.5
2026-07-30 09:20:00,28.9,64.0,4.0,3,148.7,12.4
2026-07-30 09:25:00,31.5,60.8,9.0,3,47.7,4.0
2026-07-30 09:30:00,28.3,66.0,6.0,0,4.8,0.4
2026-07-30 09:35:00,28.2,61.9,10.0,3,128.0,10.7
2026-07-30 09:40:00,29.8,57.6,10.0,0,6.2,0.5
2026-07-30 09:45:00,30.1,67.0,8.0,1,10.0,0.8
2026-07-30 09:50:00,28.8,60.5,4.0,0,4.1,0.3
2026-07-30 09:55:00,30.2,66.1,7.0,0,5.5,0.5
2026-07-30 10:00:00,31.3,62.0,8.0,0,3.5,0.3
2026-07-30 10:05:00,30.4,62.4,7.0,0,3.5,0.3
2026-07-30 10:10:00,33.3,57.1,6.0,0,3.5,0.3
2026-07-30 10:15:00,31.5,65.6,7.0,0,3.8,0.3
2026-07-30 10:20:00,32.3,57.9,7.0,0,8.3,0.7
2026-07-30 10:25:00,29.3,62.1,4.0,1,63.0,5.2
2026-07-30 10:30:00,29.3,65.0,5.0,0,10.6,0.9
2026-07-30 10:35:00,31.5,59.0,7.0,1,93.7,7.8
